id,imdb_id,title,original_title,release_date,popularity,vote_average,vote_count,genre_ids,original_language,budget,revenue,runtime,production_companies,director,cast
559,tt0413300,Spider-Man 3,Spider-Man 3,2007-05-01,34.5636,6.483,15776,"[28, 12, 878]",en,258000000,894983373,139,"Laura Ziskin Productions, Marvel Studios, Columbia Pictures",Sam Raimi,"Tobey Maguire, Kirsten Dunst, James Franco, Thomas Haden Church, Topher Grace"
675,tt0373889,Harry Potter and the Order of the Phoenix,Harry Potter and the Order of the Phoenix,2007-07-08,31.8101,7.673,21227,"[12, 14]",en,150000000,938212738,138,"Warner Bros. Pictures, Heyday Films",David Yates,"Daniel Radcliffe, Rupert Grint, Emma Watson, Imelda Staunton, Helena Bonham Carter"
285,tt0449088,Pirates of the Caribbean: At World's End,Pirates of the Caribbean: At World's End,2007-05-19,29.5452,7.277,15824,"[12, 14, 28]",en,300000000,961691209,169,"Jerry Bruckheimer Films, Second Mate Productions, Walt Disney Pictures",Gore Verbinski,"Johnny Depp, Geoffrey Rush, Orlando Bloom, Keira Knightley, Jack Davenport"
2062,tt0382932,Ratatouille,Ratatouille,2007-06-28,27.4089,7.846,18935,"[16, 35, 10751, 14]",en,150000000,623726000,111,Pixar,Brad Bird,"Patton Oswalt, Ian Holm, Lou Romano, Brian Dennehy, Peter Sohn"
810,tt0413267,Shrek the Third,Shrek the Third,2007-05-17,21.9353,6.314,9989,"[14, 12, 16, 35, 10751]",en,160000000,808310187,93,"DreamWorks Animation, Pacific Data Images",Chris Miller,"Mike Myers, Eddie Murphy, Cameron Diaz, Antonio Banderas, Julie Andrews"
6977,tt0477348,No Country for Old Men,No Country for Old Men,2007-11-09,21.5387,7.95,13767,"[80, 53, 37]",en,25000000,171627166,122,"Miramax, Paramount Vantage, Scott Rudin Productions, Mike Zoss Productions","Joel Coen, Ethan Coen","Javier Bardem, Tommy Lee Jones, Josh Brolin, Woody Harrelson, Kelly Macdonald"
1562,tt0463854,28 Weeks Later,28 Weeks Later,2007-04-26,20.3979,6.592,5851,"[27, 53, 878]",en,15000000,72304846,99,"DNA Films, Figment Films, UK Film Council, Fox Atomic, Koan, Sogecine, Dune Entertainment",Juan Carlos Fresnadillo,"Robert Carlyle, Rose Byrne, Jeremy Renner, Harold Perrineau, Catherine McCormack"
1949,tt0443706,Zodiac,Zodiac,2007-03-02,19.5025,7.531,11889,"[80, 9648, 53]",en,65000000,84785914,157,"Paramount Pictures, Warner Bros. Pictures, Phoenix Pictures",David Fincher,"Jake Gyllenhaal, Mark Ruffalo, Anthony Edwards, Robert Downey Jr., Chloë Sevigny"
4517,tt0414055,Elizabeth: The Golden Age,Elizabeth: The Golden Age,2007-09-09,19.3821,6.706,1342,"[18, 36, 10749]",en,55000000,74237563,114,"Universal Pictures, StudioCanal, Working Title, Motion Picture ETA Produktionsgesellschaft",Shekhar Kapur,"Cate Blanchett, Laurence Fox, Clive Owen, Geoffrey Rush, Tom Hollander"
6479,tt0480249,I Am Legend,I Am Legend,2007-12-12,18.4299,7.223,17305,"[18, 878, 53]",en,150000000,585410052,101,"Village Roadshow Pictures, Weed Road Pictures, Overbrook Entertainment, Warner Bros. Pictures, Heyday Films, Original Film",Francis Lawrence,"Will Smith, Alice Braga, Charlie Tahan, Dash Mihok, Salli Richardson-Whitfield"
5559,tt0389790,Bee Movie,Bee Movie,2007-10-28,18.2708,6.053,5421,"[10751, 16, 12, 35]",en,150000000,287594577,91,"Columbus 81 Productions, DreamWorks Animation","Simon J. Smith, Steve Hickner","Jerry Seinfeld, Renée Zellweger, Matthew Broderick, Patrick Warburton, John Goodman"
1250,tt0259324,Ghost Rider,Ghost Rider,2007-01-15,17.8107,5.621,6651,"[53, 28, 14]",en,110000000,228738393,114,"Crystal Sky Pictures, Relativity Media, Columbia Pictures, Marvel Studios, Canarsie",Mark Steven Johnson,"Nicolas Cage, Eva Mendes, Sam Elliott, Wes Bentley, Peter Fonda"
6477,tt0952640,Alvin and the Chipmunks,Alvin and the Chipmunks,2007-12-13,17.4656,5.8,4827,"[35, 10751, 14, 16]",en,60000000,361366633,92,"Fox 2000 Pictures, Regency Enterprises, Bagdasarian Productions, Dune Entertainment, 20th Century Fox",Tim Hill,"Jason Lee, David Cross, Cameron Richardson, Jane Lynch, Justin Long"
7485,tt0822854,Shooter,Shooter,2007-03-22,17.2064,7.129,5621,"[18, 28, 53]",en,61000000,95700000,124,"Paramount Pictures, di Bonaventura Pictures, Grosvenor Park Impact Productions",Antoine Fuqua,"Mark Wahlberg, Michael Peña, Danny Glover, Kate Mara, Elias Koteas"
1265,tt0398808,Bridge to Terabithia,Bridge to Terabithia,2007-02-15,16.89,7.352,5466,"[12, 18, 10751]",en,60000000,137587063,95,"Lauren Levine Productions Inc., Walden Media, Hal Lieberman Company",Gábor Csupó,"Josh Hutcherson, AnnaSophia Robb, Zooey Deschanel, Robert Patrick, Bailee Madison"
4982,tt0765429,American Gangster,American Gangster,2007-11-02,16.8595,7.595,6233,"[18, 80]",en,100000000,269755430,157,"Film Rites, Imagine Entertainment, Universal Pictures, Relativity Media, Scott Free Productions",Ridley Scott,"Denzel Washington, Russell Crowe, Josh Brolin, Chiwetel Ejiofor, Cuba Gooding Jr."
1271,tt0416449,300,300,2007-03-07,16.8242,7.208,15089,"[28, 12, 10752]",en,65000000,456082343,117,"Virtual Studios, Legendary Pictures, Hollywood Gang Productions, Atmosphere Entertainment MM, Warner Bros. Pictures",Zack Snyder,"Gerard Butler, Lena Headey, Dominic West, David Wenham, Vincent Regan"
35,tt0462538,The Simpsons Movie,The Simpsons Movie,2007-07-25,16.6179,7.024,8724,"[16, 35, 10751]",en,75000000,527068851,87,"Gracie Films, 20th Century Fox",David Silverman,"Dan Castellaneta, Julie Kavner, Nancy Cartwright, Yeardley Smith, Hank Azaria"
5876,tt0884328,The Mist,The Mist,2007-11-21,16.5875,6.954,6084,"[27, 878, 53]",en,18000000,57470220,126,"Darkwoods Productions, Dimension Films",Frank Darabont,"Thomas Jane, Laurie Holden, Toby Jones, Marcia Gay Harden, Andre Braugher"
8363,tt0829482,Superbad,Superbad,2007-08-17,15.9372,7.3,8362,[35],en,20000000,170800000,113,"Columbia Pictures, Apatow Productions",Greg Mottola,"Jonah Hill, Michael Cera, Christopher Mintz-Plasse, Bill Hader, Seth Rogen"
5915,tt0758758,Into the Wild,Into the Wild,2007-09-21,15.179,7.795,10336,"[12, 18]",en,15000000,56255142,148,"River Road Entertainment, Paramount Vantage, Linson Entertainment, Square One C.I.H., Into the Wild",Sean Penn,"Emile Hirsch, Marcia Gay Harden, William Hurt, Jena Malone, Brian H. Dierker"
7345,tt0469494,There Will Be Blood,There Will Be Blood,2007-12-26,16.1133,8.063,7699,[18],en,25000000,77208711,158,"Paramount Vantage, Miramax, JoAnne Sellar Productions, Ghoulardi Film Company",Paul Thomas Anderson,"Daniel Day-Lewis, Paul Dano, Kevin J. O'Connor, Ciarán Hinds, Dillon Freasier"
4588,tt0808357,"Lust, Caution",色‧戒,2007-09-24,13.2534,7.3,841,"[28, 18, 10749, 53]",zh,15000000,67100000,158,"River Road Entertainment, Haishang Films, Focus Features, Sil-Metropole Organisation, Shanghai Film Group, Edko Films",Ang Lee,"Tang Wei, Tony Leung Chiu-wai, Leehom Wang, Joan Chen, Tou Tsung-hua"
4347,tt0783233,Atonement,Atonement,2007-02-27,14.3401,7.631,4836,"[18, 10749]",en,30000000,131016624,123,"Universal Pictures, StudioCanal, Relativity Media, Working Title",Joe Wright,"James McAvoy, Keira Knightley, Saoirse Ronan, Romola Garai, Vanessa Redgrave"
298,tt0496806,Ocean's Thirteen,Ocean's Thirteen,2007-06-05,14.9147,6.731,7077,"[80, 53]",en,85000000,311312624,122,"Warner Bros. Pictures, Village Roadshow Pictures, Jerry Weintraub Productions, Section Eight",Steven Soderbergh,"George Clooney, Brad Pitt, Al Pacino, Matt Damon, Don Cheadle"
1267,tt0396555,Meet the Robinsons,Meet the Robinsons,2007-03-23,14.3028,6.947,3233,"[16, 35, 10751, 878, 12]",en,150000000,169332978,95,Walt Disney Animation Studios,Stephen J. Anderson,"Daniel Hansen, Jordan Fry, Wesley Singerman, Matthew Josten, Stephen J. Anderson"
4638,tt0425112,Hot Fuzz,Hot Fuzz,2007-02-14,13.6197,7.57,8601,"[80, 28, 35]",en,12000000,80600000,121,"Big Talk Studios, StudioCanal, Working Title, Ingenious Media",Edgar Wright,"Simon Pegg, Nick Frost, Jim Broadbent, Paddy Considine, Rafe Spall"
4523,tt0461770,Enchanted,Enchanted,2007-11-20,14.2713,6.849,5820,"[35, 10751, 14, 10749]",en,85000000,340487652,107,"Walt Disney Pictures, Josephson Entertainment, Andalasia Productions, Right Coast",Kevin Lima,"Amy Adams, Patrick Dempsey, James Marsden, Timothy Spall, Idina Menzel"
5174,tt0293564,Rush Hour 3,Rush Hour 3,2007-08-08,14.2971,6.501,3850,"[28, 35, 80]",en,140000000,258097122,90,"New Line Cinema, Roger Birnbaum Productions, Arthur Sarkissian Productions, Unlike Film Productions, JCST",Brett Ratner,"Jackie Chan, Chris Tucker, Hiroyuki Sanada, Max von Sydow, Yvan Attal"
1571,tt0337978,Live Free or Die Hard,Live Free or Die Hard,2007-06-20,14.4753,6.642,6512,"[28, 53]",en,110000000,383531464,128,"Dune Entertainment, Cheyenne Enterprises, Wintergreen Productions, 20th Century Fox, Ingenious Film Partners",Len Wiseman,"Bruce Willis, Timothy Olyphant, Justin Long, Cliff Curtis, Mary Elizabeth Winstead"
1268,tt0453451,Mr. Bean's Holiday,Mr. Bean's Holiday,2007-03-22,11.8646,6.402,3216,"[10751, 35]",en,25000000,232225908,90,"Tiger Aspect, Working Title, StudioCanal, Motion Picture Alpha Produktions, Universal Pictures",Steve Bendelack,"Rowan Atkinson, Willem Dafoe, Maxim Baldry, Karel Roden, Emma de Caunes"
6637,tt0465234,National Treasure: Book of Secrets,National Treasure: Book of Secrets,2007-12-19,14.0858,6.382,5675,"[28, 12, 9648]",en,130000000,459200000,124,"Walt Disney Pictures, Jerry Bruckheimer Films, Saturn Films, Junction Entertainment",Jon Turteltaub,"Nicolas Cage, Diane Kruger, Justin Bartha, Ed Harris, Jon Voight"
1991,tt1028528,Death Proof,Death Proof,2007-05-22,12.4827,6.839,5795,"[28, 53]",en,25000000,31126421,113,"Dimension Films, Troublemaker Studios, Rodriguez International Pictures",Quentin Tarantino,"Kurt Russell, Zoë Bell, Rosario Dawson, Vanessa Ferlito, Sydney Tamiia Poitier"
14324,tt0437954,Virgin Territory,Virgin Territory,2007-12-17,12.1572,5.0,387,"[12, 28, 35, 10749]",en,38000000,5410749,93,"Zephyr Films, Carthago Films, DDL Cinematografica, Red Lion, Ingenious Media, Quinta Communications",David Leland,"Hayden Christensen, Mischa Barton, Kate Groombridge, Rosalind Halstead, Tim Roth"
2698,tt0413099,Evan Almighty,Evan Almighty,2007-06-09,11.3649,5.59,4657,"[14, 35, 10751]",en,175000000,174440724,96,"Universal Pictures, Spyglass Entertainment, Relativity Media, Shady Acres Entertainment, Original Film",Tom Shadyac,"Steve Carell, Morgan Freeman, Lauren Graham, Johnny Simmons, Graham Phillips"
4513,tt0389722,30 Days of Night,30 Days of Night,2007-10-17,12.5107,6.44,3170,"[27, 53]",en,30000000,80276156,113,"HorrorFlix, Columbia Pictures, Ghost House Pictures, Dark Horse Entertainment, Mandate International",David Slade,"Josh Hartnett, Melissa George, Danny Huston, Ben Foster, Mark Boone Junior"
4858,tt0427392,The Invasion,The Invasion,2007-08-17,12.2606,6.077,1809,"[27, 9648, 878, 53]",en,80000000,40170558,99,"Village Roadshow Pictures, Silver Pictures, Vertigo Entertainment",Oliver Hirschbiegel,"Nicole Kidman, Daniel Craig, Jackson Bond, Jeremy Northam, Jeffrey Wright"
2252,tt0765443,Eastern Promises,Eastern Promises,2007-09-14,11.8938,7.348,3837,"[53, 80, 9648]",en,51500000,56106607,100,"Focus Features, BBC Film, Kudos, Serendipity Point Films, Scion Films, Corus Entertainment, Shine Pictures, Astral Media, Téléfilm Canada",David Cronenberg,"Viggo Mortensen, Naomi Watts, Vincent Cassel, Armin Mueller-Stahl, Sinéad Cusack"
9408,tt0423294,Surf's Up,Surf's Up,2007-06-08,11.9538,6.525,2829,"[16, 35, 10751]",en,85000000,149000000,85,"Columbia Pictures, Sony Pictures Animation","Ash Brannon, Chris Buck","Shia LaBeouf, Jeff Bridges, Zooey Deschanel, Jon Heder, James Woods"
1979,tt0486576,Fantastic Four: Rise of the Silver Surfer,Fantastic Four: Rise of the Silver Surfer,2007-06-13,12.3783,5.636,8581,"[878, 12, 28]",en,130000000,301913131,92,"1492 Pictures, Bernd Eichinger Productions, 20th Century Fox, Constantin Film, Marvel Studios, Ingenious Film Partners",Tim Story,"Ioan Gruffudd, Jessica Alba, Chris Evans, Michael Chiklis, Julian McMahon"
14001,tt0455760,Dead Silence,Dead Silence,2007-03-16,11.0263,6.5,2513,[27],en,20000000,22382047,89,"Evolution Entertainment, Universal Pictures, Twisted Pictures",James Wan,"Ryan Kwanten, Amber Valletta, Donnie Wahlberg, Bob Gunton, Laura Regan"
13186,tt0804555,Wrong Turn 2: Dead End,Wrong Turn 2: Dead End,2007-08-25,10.7549,6.178,1612,"[27, 53]",en,4000000,0,97,"20th Century Fox, Summit Entertainment, Constantin Film",Joe Lynch,"Erica Leerhsen, Henry Rollins, Texas Battle, Aleksa Palladino, Daniella Alonso"
1992,tt1077258,Planet Terror,Planet Terror,2007-04-06,10.659,6.69,3963,"[27, 28, 53]",en,23000000,11446172,105,"Dimension Films, Troublemaker Studios, Rodriguez International Pictures",Robert Rodriguez,"Rose McGowan, Freddy Rodríguez, Marley Shelton, Josh Brolin, Jeff Fahey"
4964,tt0478311,Knocked Up,Knocked Up,2007-06-01,10.4935,6.305,4422,"[35, 10749, 18]",en,30000000,219900000,129,"Apatow Productions, Universal Pictures",Judd Apatow,"Seth Rogen, Katherine Heigl, Paul Rudd, Leslie Mann, Jason Segel"
2270,tt0486655,Stardust,Stardust,2007-08-10,10.4507,7.294,4577,"[12, 14, 10749, 10751]",en,70000000,137500000,127,"Paramount Pictures, Marv, Vaughn Productions, di Bonaventura Pictures, Ingenious Media",Matthew Vaughn,"Charlie Cox, Claire Danes, Michelle Pfeiffer, Mark Strong, Jason Flemyng"
2268,tt0385752,The Golden Compass,The Golden Compass,2007-12-04,10.4408,6.1,4933,"[12, 14]",en,180000000,372234864,113,"Depth of Field, New Line Cinema, Scholastic Productions, Ingenious Media",Chris Weitz,"Dakota Blue Richards, Nicole Kidman, Daniel Craig, Ben Walker, Freddie Highmore"
2503,tt0440963,The Bourne Ultimatum,The Bourne Ultimatum,2007-08-03,10.4078,7.4,8595,"[28, 18, 9648, 53]",en,70000000,442824138,115,"Universal Pictures, The Kennedy/Marshall Company, Ludlum Entertainment, Bourne Again",Paul Greengrass,"Matt Damon, Julia Stiles, David Strathairn, Scott Glenn, Paddy Considine"
440,tt0758730,Aliens vs Predator: Requiem,Aliens vs Predator: Requiem,2007-12-25,10.2076,5.159,3434,"[28, 878, 53, 27]",en,40000000,130290885,94,"Dune Entertainment, Davis Entertainment, 20th Century Fox, Brandywine Productions","Colin Strause, Greg Strause","David Paetkau, Sam Trammell, Steven Pasquale, Reiko Aylesworth, John Ortiz"
1272,tt0448134,Sunshine,Sunshine,2007-04-05,10.1869,6.973,4423,"[878, 53]",en,50000000,34800000,108,"Ingenious Media, Moving Picture Company, UK Film Council, DNA Films",Danny Boyle,"Cillian Murphy, Rose Byrne, Chris Evans, Michelle Yeoh, Cliff Curtis"
5176,tt0381849,3:10 to Yuma,3:10 to Yuma,2007-09-06,9.9902,7.2,4180,[37],en,55000000,70000000,122,"Lionsgate, Tree Line Films, Relativity Media, Yuma",James Mangold,"Russell Crowe, Christian Bale, Peter Fonda, Gretchen Mol, Ben Foster"
7350,tt0825232,The Bucket List,The Bucket List,2007-12-25,9.6892,7.192,4219,"[18, 35]",en,45000000,175400000,97,"Two Ton Films, Zadan / Meron Productions, Reiner / Greisman Productions",Rob Reiner,"Jack Nicholson, Morgan Freeman, Sean Hayes, Beverly Todd, Alfonso Freeman"
3021,tt0450385,1408,1408,2007-06-22,9.5202,6.693,5067,"[27, 9648]",en,25000000,133000000,104,"Dimension Films, di Bonaventura Pictures",Mikael Håfström,"John Cusack, Samuel L. Jackson, Mary McCormack, Jasmine Jessica Anthony, Tony Shalhoub"
6145,tt0488120,Fracture,Fracture,2007-04-19,9.469,7.257,4446,[53],en,10000000,91354215,113,"M7 Filmproduktion, New Line Cinema, Castle Rock Entertainment, Weinstock Productions",Gregory Hoblit,"Anthony Hopkins, Ryan Gosling, David Strathairn, Rosamund Pike, Embeth Davidtz"
4771,tt0452623,Gone Baby Gone,Gone Baby Gone,2007-09-18,9.3716,7.305,4314,"[80, 18, 9648]",en,19000000,34600000,113,"Miramax, The Ladd Company",Ben Affleck,"Casey Affleck, Michelle Monaghan, Morgan Freeman, Ed Harris, John Ashton"
13680,tt0492956,The Game Plan,The Game Plan,2007-09-28,9.2765,6.512,2246,"[35, 10751]",en,22000000,147880543,110,"Monkey Dance Productions, Walt Disney Pictures, Mayhem Pictures",Andy Fickman,"Dwayne Johnson, Madison Pettis, Kyra Sedgwick, Roselyn Sánchez, Morris Chestnut"
13161,tt0490086,Big Stan,Big Stan,2007-11-03,9.2255,6.653,1104,"[35, 80]",en,7500000,8742330,109,"Crystal Sky Pictures, From Out of Nowhere Productions, Silver Nitrate, Chicago Entertainment Partners",Rob Schneider,"Rob Schneider, David Carradine, Jennifer Morrison, Scott Wilson, Tsuyoshi Abe"
13885,tt0408236,Sweeney Todd: The Demon Barber of Fleet Street,Sweeney Todd: The Demon Barber of Fleet Street,2007-12-21,9.1837,7.176,6484,"[18, 27]",en,50000000,153384272,116,"DreamWorks Pictures, Warner Bros. Pictures, The Zanuck Company, Dombey Street Productions, Parkes+MacDonald Production",Tim Burton,"Johnny Depp, Helena Bonham Carter, Alan Rickman, Timothy Spall, Sacha Baron Cohen"
8329,tt1038988,[REC],[REC],2007-11-23,9.0954,7.238,5012,"[27, 9648]",es,1500000,32511655,78,Castelao Productions,"Jaume Balagueró, Paco Plaza","Manuela Velasco, Pablo Rosso, Javier Coromina, Ferrán Terraza, Martha Carbonell"
2082,tt0373883,Halloween,Halloween,2007-08-31,8.9571,6.239,2630,[27],en,15000000,80460948,110,"Dimension Films, Nightfall Productions, Spectacle Entertainment Group, Trancas International Films",Rob Zombie,"Scout Taylor-Compton, Malcolm McDowell, Tyler Mane, Brad Dourif, Sheri Moon Zombie"
6023,tt0431308,P.S. I Love You,P.S. I Love You,2007-11-15,8.9292,7.173,3542,"[18, 10749]",en,30000000,156835339,126,"Wendy Finerman Productions, Alcon Entertainment, Warner Bros. Pictures, Summit Entertainment, Grosvenor Park Productions",Richard LaGravenese,"Hilary Swank, Gerard Butler, Lisa Kudrow, Harry Connick Jr., Gina Gershon"
3563,tt0762107,I Now Pronounce You Chuck & Larry,I Now Pronounce You Chuck & Larry,2007-07-12,8.8701,6.096,2599,"[35, 10749]",en,85000000,187134117,115,"Universal Pictures, Relativity Media, Happy Madison Productions, Shady Acres Entertainment",Dennis Dugan,"Adam Sandler, Kevin James, Jessica Biel, Dan Aykroyd, Ving Rhames"
7347,tt0861739,Elite Squad,Tropa de Elite,2007-10-05,8.8659,8.063,2810,"[18, 28, 80]",pt,4000000,14759148,115,"Universal Pictures do Brasil, The Weinstein Company, Zazen Produções, Estúdios Mega, Quanta Centro de Produções Cinematográficas, Costa Films, Posto 9, Feijão Filmes, Petrobras",José Padilha,"Wagner Moura, André Ramiro, Caio Junqueira, Milhem Cortaz, Fernanda Machado"
9757,tt0477051,Norbit,Norbit,2007-02-08,8.7262,5.736,2702,[35],en,10000000,159814490,102,"Davis Entertainment, DreamWorks Pictures",Brian Robbins,"Eddie Murphy, Thandiwe Newton, Terry Crews, Clifton Powell, Lester Speight"
13363,tt0756683,The Man from Earth,The Man from Earth,2007-06-10,8.6674,7.625,3041,"[878, 18]",en,200000,0,87,Falling Sky Entertainment,Richard Schenkman,"David Lee Smith, Tony Todd, John Billingsley, Ellen Crawford, Annika Peterson"
16119,tt0465940,Cinderella III: A Twist in Time,Cinderella III: A Twist in Time,2007-02-06,8.6267,6.6,1354,"[16, 10749, 10751, 14]",en,0,0,74,DisneyToon Studios,Frank Nissen,"Jennifer Hale, Christopher Daniel Barnes, Susanne Blakeslee, Tress MacNeille, Russi Taylor"
7326,tt0467406,Juno,Juno,2007-12-05,8.5818,7.064,7814,"[35, 18, 10749]",en,7500000,232372681,96,"Mandate Pictures, Mr. Mudd, Fox Searchlight Pictures",Jason Reitman,"Elliot Page, Michael Cera, Jennifer Garner, Jason Bateman, J.K. Simmons"
3594,tt0481369,The Number 23,The Number 23,2007-02-23,8.5709,6.4,3625,"[53, 9648, 80, 18]",en,30000000,77677553,97,"Firm Films, New Line Cinema, Contrafilm",Joel Schumacher,"Jim Carrey, Virginia Madsen, Logan Lerman, Danny Huston, Lynn Collins"
30112,tt0949489,Lost in Beijing,苹果,2007-11-08,8.4511,6.529,68,"[10749, 18]",zh,0,5095696,112,"Laurel Films, The French Connection",Li Yu,"Fan Bingbing, Tony Leung Ka-fai, Elaine Jin Yan-Ling, Tong Dawei, Chloe Maayan"
1738,tt0435705,Next,Next,2007-04-25,8.4237,6.142,3382,"[28, 878, 53]",en,70000000,76066841,96,"Virtual Studios, Revolution Studios, Saturn Films, Broken Road Productions, Initial Entertainment Group",Lee Tamahori,"Nicolas Cage, Julianne Moore, Jessica Biel, Thomas Kretschmann, Jim Beaver"
8277,tt0974959,American Pie Presents: Beta House,American Pie Presents: Beta House,2007-12-06,8.3732,5.6,2067,[35],en,10000000,18610260,89,"Rogue Pictures, Neo Art & Logic",Andrew Waller,"John White, Jake Siegel, Steve Talley, Christopher McDonald, Eugene Levy"
1022356,tt0839788,Déjà vu,Déjà vu,2007-10-16,8.3636,0.0,0,"[9648, 878]",fr,0,0,0,,François Vautier,"Raphaël Tilliette, Garance Le Guillermic, Alex Descas, François Caron, Daniel Bilong"
1646,tt0463998,Freedom Writers,Freedom Writers,2007-01-05,8.2507,7.93,2490,"[80, 18]",en,21000000,43095175,123,"Double Feature Films, Jersey Films, Kernos",Richard LaGravenese,"Hilary Swank, Patrick Dempsey, Scott Glenn, Imelda Staunton, April Hernandez Castillo"
9955,tt0445934,Blades of Glory,Blades of Glory,2007-03-30,8.2033,6.125,1985,[35],en,53000000,118200000,93,"DreamWorks Pictures, MTV Films, Red Hour, Smart Entertainment","Will Speck, Josh Gordon","Will Ferrell, Jon Heder, Will Arnett, Amy Poehler, Jenna Fischer"
1691,tt0498353,Hostel: Part II,Hostel: Part II,2007-06-07,8.1872,5.86,2277,[27],en,10200000,35728183,93,"Next Entertainment, Screen Gems, Lionsgate, Raw Nerve, International Production Company",Eli Roth,"Lauren German, Heather Matarazzo, Bijou Phillips, Vera Jordanova, Jay Hernandez"
17202,tt0906108,Why Did I Get Married?,Why Did I Get Married?,2007-10-12,8.1713,6.554,177,"[35, 18]",en,15000000,55862886,113,Lions Gate Films,Tyler Perry,"Tyler Perry, Sharon Leal, Janet Jackson, Malik Yoba, Jill Scott"
9038,tt0408839,The Heartbreak Kid,The Heartbreak Kid,2007-10-05,8.123,5.754,1806,"[35, 10749]",en,60000000,128453183,116,"Conundrum Entertainment, Davis Entertainment, DreamWorks Pictures, Radar Pictures","Peter Farrelly, Bobby Farrelly","Ben Stiller, Malin Akerman, Michelle Monaghan, Jerry Stiller, Rob Corddry"
6538,tt0472062,Charlie Wilson's War,Charlie Wilson's War,2007-12-19,8.0779,6.542,1709,"[35, 18, 36]",en,75000000,119483446,102,"Universal Pictures, Relativity Media, Participant, Playtone, MP Munich Pape Filmproductions",Mike Nichols,"Tom Hanks, Julia Roberts, Philip Seymour Hoffman, Amy Adams, Emily Blunt"
13394,tt0897387,Shrek the Halls,Shrek the Halls,2007-11-28,8.0683,6.383,938,"[12, 16, 35, 14, 10751]",en,60000000,0,28,"DreamWorks Animation, Pacific Data Images",Gary Trousdale,"Mike Myers, Eddie Murphy, Cameron Diaz, Antonio Banderas, Cody Cameron"
10431,tt0499556,War,War,2007-08-24,8.0287,6.415,2119,"[28, 80, 53]",en,25000000,40452643,103,"Lionsgate, Mosaic Media Group, Fierce Entertainment, Current Entertainment, Rogue Films",Philip G. Atwell,"Jet Li, Jason Statham, John Lone, Devon Aoki, Luis Guzmán"
1620,tt0465494,Hitman,Hitman,2007-11-21,7.8351,6.175,3764,"[28, 53, 18]",en,24000000,101276318,89,"EuropaCorp, Charles Gordon Productions, Adrian Askarieh Productions",Xavier Gens,"Timothy Olyphant, Dougray Scott, Olga Kurylenko, Robert Knepper, Ulrich Thomsen"
8271,tt0486822,Disturbia,Disturbia,2007-03-27,7.8292,6.694,4214,"[53, 18, 9648]",en,20000000,117760134,105,"The Montecito Picture Company, DreamWorks Pictures, Cold Spring Productions",D.J. Caruso,"Shia LaBeouf, Sarah Roemer, Carrie-Anne Moss, David Morse, Aaron Yoo"
9760,tt0799949,Epic Movie,Epic Movie,2007-01-25,7.8239,3.865,1739,"[35, 12, 14]",en,20000000,87238158,85,"Regency Enterprises, New Regency Pictures, Paul Schiff Productions, 20th Century Fox","Jason Friedberg, Aaron Seltzer","Kal Penn, Adam Campbell, Jennifer Coolidge, Jayma Mays, Faune Chambers Watkins"
2001,tt0498399,We Own the Night,We Own the Night,2007-10-12,7.8089,6.7,1565,"[18, 80, 53]",en,21000000,55033767,118,"2929 Productions, Nick Wechsler Productions",James Gray,"Joaquin Phoenix, Mark Wahlberg, Eva Mendes, Robert Duvall, Alex Veadov"
663,tt0890870,Saw IV,Saw IV,2007-10-25,7.7851,6.2,4226,"[27, 53, 80]",en,10000000,139352653,93,Twisted Pictures,Darren Lynn Bousman,"Tobin Bell, Costas Mandylor, Scott Patterson, Betsy Russell, Lyriq Bent"
4512,tt0443680,The Assassination of Jesse James by the Coward Robert Ford,The Assassination of Jesse James by the Coward Robert Ford,2007-09-20,7.7726,7.064,2872,"[18, 37]",en,30000000,14711793,160,"Plan B Entertainment, Virtual Studios, Scott Free Productions, Alberta Film Entertainment, Warner Bros. Pictures",Andrew Dominik,"Brad Pitt, Casey Affleck, Sam Rockwell, Paul Schneider, Jeremy Renner"
14139,tt0480669,Timecrimes,Los cronocrímenes,2007-11-01,7.7668,7.0,1526,"[878, 53]",es,2600000,553198,93,"Arsénico Producciones, Zip Films, Fine Productions, Karbo Vantas Entertainment, Basque Films",Nacho Vigalondo,"Karra Elejalde, Candela Fernández, Bárbara Goenaga, Nacho Vigalondo, Juan Inciarte"
4566,tt0465538,Michael Clayton,Michael Clayton,2007-09-28,7.5325,6.8,2061,"[18, 53, 80]",en,25000000,92991835,120,"Castle Rock Entertainment, Mirage Enterprises, Section Eight, Samuels Media",Tony Gilroy,"George Clooney, Tom Wilkinson, Tilda Swinton, Sydney Pollack, Michael O'Keefe"
3638,tt0481141,No Reservations,No Reservations,2007-06-15,7.5198,6.699,1537,"[35, 10749, 18]",en,28000000,92601050,104,"Castle Rock Entertainment, Storefront Pictures, Village Roadshow Pictures, WV Films III",Scott Hicks,"Catherine Zeta-Jones, Aaron Eckhart, Abigail Breslin, Patricia Clarkson, Jenny Wade"
10030,tt0452625,Good Luck Chuck,Good Luck Chuck,2007-09-21,7.4918,5.9,1725,"[35, 10749]",en,25000000,59768495,96,"Milestone Entertainment, Lionsgate, Karz Entertainment",Mark Helfrich,"Dane Cook, Jessica Alba, Dan Fogler, Ellia English, Lonny Ross"
23202,tt0862856,Trick 'r Treat,Trick 'r Treat,2007-12-09,7.4858,6.99,2136,"[27, 14, 35]",en,12000000,27909,82,"Legendary Pictures, Bad Hat Harry Productions, Little Sam Films, Warner Bros. Pictures",Michael Dougherty,"Brian Cox, Quinn Lord, Anna Paquin, Dylan Baker, Leslie Bibb"
52795,tt1260351,Doraemon: Nobita's New Great Adventure Into the Underworld - The Seven Magic Users,映画ドラえもん のび太の新魔界大冒険 〜7人の魔法使い〜,2007-03-10,7.4119,7.2,93,"[10751, 12, 16, 878, 14]",ja,0,32787846,112,"Shin-Ei Animation, Fujiko Productions, Shogakukan, TV Asahi, ADK, Shogakukan Production",Yukiyo Teramoto,"Wasabi Mizuta, Megumi Oohara, Yumi Kakazu, Subaru Kimura, Tomokazu Seki"
13252,tt0896798,Cleaner,Cleaner,2007-09-11,7.3625,6.095,968,"[80, 53, 9648]",en,25000000,5796630,88,"Nu Image, Anonymous Content, Millennium Media, Hygenic Productions, MWP Productions",Renny Harlin,"Samuel L. Jackson, Ed Harris, Eva Mendes, Luis Guzmán, Keke Palmer"
4141,tt0465602,Shoot 'Em Up,Shoot 'Em Up,2007-07-26,7.3599,6.503,2188,"[28, 53, 35, 80]",en,39000000,26800000,86,"New Line Cinema, Don Murphy Productions",Michael Davis,"Clive Owen, Paul Giamatti, Monica Bellucci, Stephen McHattie, Greg Bryk"
23827,tt1179904,Paranormal Activity,Paranormal Activity,2007-09-14,7.198,6.059,5574,"[27, 9648]",en,15000,193355800,86,"Blumhouse Productions, Solana Films, Paramount Pictures",Oren Peli,"Katie Featherston, Micah Sloat, Mark Fredrichs, Amber Armstrong, Ashley Palmer"
13283,tt1092053,Barbie as the Island Princess,Barbie as the Island Princess,2007-09-17,7.1581,7.3,788,"[16, 10751]",en,0,0,85,"Rainmaker Entertainment, Mattel",Greg Richardson,"Kelly Sheridan, Melissa Lyons, Alessandro Juliani, Christopher Gaze, Steve Marvel"
5123,tt0426931,August Rush,August Rush,2007-11-21,7.0189,7.43,2894,"[10751, 18, 10402]",en,25000000,66122026,114,"Warner Bros. Pictures, Odyssey Entertainment, Southpaw Entertainment, CJ Entertainment",Kirsten Sheridan,"Freddie Highmore, Keri Russell, Jonathan Rhys Meyers, Terrence Howard, Robin Williams"
4413,tt0476964,The Brave One,The Brave One,2007-09-12,7.0082,6.6,1125,"[80, 18, 53]",en,70000000,69766619,122,"Village Roadshow Pictures, Silver Pictures, Warner Bros. Pictures",Neil Jordan,"Jodie Foster, Terrence Howard, Nicky Katt, Naveen Andrews, Mary Steenburgen"
2310,tt0442933,Beowulf,Beowulf,2007-11-05,6.9586,5.925,3155,"[12, 28, 16]",en,160000000,195735876,115,"Shangri-La Entertainment, ImageMovers",Robert Zemeckis,"Ray Winstone, Angelina Jolie, Anthony Hopkins, John Malkovich, Robin Wright"
9703,tt0462396,The Last Legion,The Last Legion,2007-04-19,6.8902,5.625,868,"[28, 12, 14, 10752]",en,67000000,25303038,102,"The De Laurentiis Company, Quinta Communications, Zephyr Films, Nimar Studios, Ingenious Media, D.D.L., Carthago Films, Koliba Production & Services, Empire Productions",Doug Lefler,"Colin Firth, Ben Kingsley, Aishwarya Rai Bachchan, Peter Mullan, Kevin McKidd"
1273,tt0453556,TMNT,TMNT,2007-03-23,6.8817,6.212,1271,"[12, 16, 35, 10751]",en,34000000,95608995,87,"Imagi Animation Studios, Mirage Studios",Kevin Munroe,"Chris Evans, Sarah Michelle Gellar, Patrick Stewart, Mako, Zhang Ziyi"
9793,tt0800069,The Hills Have Eyes 2,The Hills Have Eyes 2,2007-03-22,7.5039,5.586,1672,[27],en,15000000,37697773,89,"Fox Atomic, Craven-Maddalena Films, Dune Entertainment",Martin Weisz,"Michael McMillian, Jessica Stroup, Jacob Vargas, Flex Alexander, Michael Bailey Smith"
4169,tt0401997,Breach,Breach,2007-02-12,7.7006,6.637,692,"[18, 53, 80, 36]",en,23000000,41000000,110,"Universal Pictures, Sidney Kimmel Entertainment, Outlaw Productions, Metro-Goldwyn-Mayer, Intermedia",Billy Ray,"Chris Cooper, Ryan Phillippe, Laura Linney, Caroline Dhavernas, Gary Cole"
15137,tt0923811,Evangelion: 1.0 You Are (Not) Alone,ヱヴァンゲリヲン新劇場版：序,2007-09-01,7.2387,7.599,1130,"[16, 878, 28, 18]",ja,7000000,20121073,101,khara,"Masayuki, Kazuya Tsurumaki, Hideaki Anno","Megumi Ogata, Megumi Hayashibara, Kotono Mitsuishi, Yuriko Yamaguchi, Akira Ishida"
7183,tt0457433,Perfect Stranger,Perfect Stranger,2007-04-11,7.38,5.827,1066,"[53, 80, 9648]",en,60795000,73090611,109,Revolution Studios,James Foley,"Halle Berry, Bruce Willis, Giovanni Ribisi, Richard Portnow, Gary Dourdan"
2977,tt0416508,Becoming Jane,Becoming Jane,2007-03-02,7.8716,7.309,1282,"[10749, 18]",en,16500000,39380831,120,"Ecosse Films, 2 Entertain, Scion Films, BBC Film, Blueprint Pictures, Fís Éireann/Screen Ireland, HanWay Films, UK Film Council",Julian Jarrold,"Anne Hathaway, James McAvoy, Julie Walters, James Cromwell, Maggie Smith"
1858,tt0418279,Transformers,Transformers,2007-06-27,7.2634,6.847,12529,"[12, 878, 28]",en,150000000,709709780,144,"DreamWorks Pictures, di Bonaventura Pictures, DeSanto/Murphy Productions, Paramount Pictures",Michael Bay,"Shia LaBeouf, Megan Fox, Mark Ryan, Peter Cullen, Hugo Weaving"
11199,tt0486946,Wild Hogs,Wild Hogs,2007-03-02,7.4997,5.971,2514,"[28, 12, 35]",en,60000000,253625427,100,"Touchstone Pictures, Wild Hogs Productions",Walt Becker,"Tim Allen, John Travolta, Martin Lawrence, William H. Macy, Ray Liotta"
3489,tt0411061,88 Minutes,88 Minutes,2007-02-14,6.4728,5.777,1220,"[53, 9648]",en,30000000,32593385,108,"Brightlight Pictures, Family Room Entertainment, Randall Emmett/George Furla Productions, Millennium Media, Nu Image Entertainment",Jon Avnet,"Al Pacino, Alicia Witt, Leelee Sobieski, Amy Brenneman, William Forsythe"
3432,tt0780571,Mr. Brooks,Mr. Brooks,2007-05-31,7.3512,6.921,1942,"[80, 53]",en,20000000,48443734,120,"Relativity Media, Tig Productions, Eden Rock Media, Metro-Goldwyn-Mayer, Element Films International",Bruce A. Evans,"Kevin Costner, Demi Moore, Dane Cook, William Hurt, Marg Helgenberger"
1287729,,Незримое,Незримое,2007-01-01,6.2375,0.0,0,[99],ru,0,0,0,,Pavel Medvedev,
7979,tt0419887,The Kite Runner,The Kite Runner,2007-12-14,6.6547,7.33,1282,[18],en,20000000,73276047,128,"Wonderland Films, Sidney Kimmel Entertainment, Participant, Parkes+MacDonald Production, China Film Co-Production, Beijing Happy Pictures Cultural Communications Co., Kite Runner Holdings, Ebeling Group, Neal Street Productions, DreamWorks Pictures, Mandate International",Marc Forster,"Khalid Abdalla, Homayoun Ershadi, Shaun Toub, Atossa Leoni, Saïd Taghmaoui"
1931,tt0775539,Stomp the Yard,Stomp the Yard,2007-05-16,6.2444,7.158,558,"[18, 10402]",en,13000000,75511123,114,"Screen Gems, Rainforest Entertainment",Sylvain White,"Columbus Short, Meagan Good, Ne-Yo, Darrin Henson, Brian J. White"
7972,tt0292963,Before the Devil Knows You're Dead,Before the Devil Knows You're Dead,2007-09-26,7.1403,7.109,1802,"[80, 18, 53]",en,18000000,25005257,117,"Michael Cerenzie Productions, Capitol Films, Linsefilm, Unity Productions, Funky Buddha Productions, Entertainment Film Distributors",Sidney Lumet,"Philip Seymour Hoffman, Ethan Hawke, Albert Finney, Marisa Tomei, Aleksa Palladino"
4538,tt0838221,The Darjeeling Limited,The Darjeeling Limited,2007-09-07,6.1242,7.141,4087,"[12, 18, 35]",en,16000000,24377151,91,"Fox Searchlight Pictures, Collage, American Empirical Pictures",Wes Anderson,"Owen Wilson, Adrien Brody, Jason Schwartzman, Amara Karan, Wallace Wolodarsky"
10107,tt0476995,Firehouse Dog,Firehouse Dog,2007-04-04,6.4135,6.224,210,"[10751, 35]",en,0,17384424,111,"Regency Enterprises, C.O.R.E. Digital Pictures, Doghouse Productions, New Regency Pictures",Todd Holland,"Josh Hutcherson, Bruce Greenwood, Bill Nunn, Scotch Ellis Loring, Teddy Sears"
9952,tt0462504,Rescue Dawn,Rescue Dawn,2007-06-23,6.7459,6.951,1479,"[12, 18, 10752]",en,10000000,7177143,125,"Top Gun Productions, Thema Production, Gibraltar Films",Werner Herzog,"Christian Bale, Steve Zahn, Toby Huss, François Chau, Marshall Bell"
7211,tt0480242,Dan in Real Life,Dan in Real Life,2007-10-26,6.1476,6.581,1394,"[35, 10749, 18]",en,25000000,68474305,98,"Touchstone Pictures, Focus Features, Jon Shestack Productions",Peter Hedges,"Steve Carell, Juliette Binoche, Dane Cook, John Mahoney, Emily Blunt"
8398,tt0455960,The Hitcher,The Hitcher,2007-01-19,6.3821,5.904,1025,"[80, 27, 53]",en,10000000,25400000,84,"Intrepid Pictures, Platinum Dunes, Rogue Pictures, Focus Features",Dave Meyers,"Sean Bean, Sophia Bush, Zachary Knighton, Neal McDonough, Kyle Davis"
315189,,Lilly,Lilly,2007-01-01,5.2942,0.0,0,[16],en,0,0,6,,Jodie Mack,
11172,tt0758766,Music and Lyrics,Music and Lyrics,2007-02-09,6.9726,6.45,1842,"[35, 10402, 10749]",en,40000000,145896422,104,"Castle Rock Entertainment, Village Roadshow Pictures, Reserve Room, Flower Films",Marc Lawrence,"Drew Barrymore, Hugh Grant, Brad Garrett, Haley Bennett, Brooke Tansley"
38142,tt0983213,5 Centimeters per Second,秒速5センチメートル,2007-03-03,5.9422,7.3,2214,"[16, 10749, 18]",ja,5000000,548192,63,CoMix Wave Films,Makoto Shinkai,"Kenji Mizuhashi, Yoshimi Kondou, Satomi Hanamura, Risa Mizuno, Ayaka Onoue"
6537,tt0464141,The Orphanage,El orfanato,2007-05-20,5.9209,7.231,3205,"[27, 18, 53]",es,3400000,78638987,105,"Rodar y Rodar, Telecinco Cinema",J. A. Bayona,"Belén Rueda, Fernando Cayo, Roger Príncep, Mabel Rivera, Montserrat Carulla"
215150,tt1121984,Épuration,Épuration,2007-10-15,5.8863,3.1,5,"[18, 36]",fr,0,0,0,,Jean-Louis Lorenzi,"Cristiana Réali, André Marcon, Marie Matheron, Frédéric Pierrot, Sophie Aubry"
2355,tt0490204,Reign Over Me,Reign Over Me,2007-03-22,5.8797,7.221,1248,[18],en,20000000,22222308,124,"Columbia Pictures, Sunlight Productions, Relativity Media, Mr. Madison",Mike Binder,"Adam Sandler, Don Cheadle, Jada Pinkett Smith, Liv Tyler, Saffron Burrows"
20982,tt0988982,Naruto Shippuden the Movie,劇場版 NARUTO -ナルト- 疾風伝,2007-08-04,5.8526,7.412,1078,"[16, 28, 14]",ja,0,13219807,94,"Pierrot, TV Tokyo, Aniplex, dentsu",Hajime Kamegaki,"Junko Takeuchi, Chie Nakamura, Yōichi Masukawa, Koichi Tochika, Ayumi Fujimura"
13022,tt0479528,Rogue,Rogue,2007-11-08,5.8106,6.301,791,"[28, 27, 53]",en,20000000,4600000,99,"Dimension Films, Village Roadshow Pictures, Emu Creek Pictures",Greg McLean,"Radha Mitchell, Michael Vartan, Sam Worthington, Caroline Brazier, Stephen Curry"
62302,tt1111431,Wieża,Wieża,2007-05-25,5.7467,3.0,3,"[18, 10749]",pl,0,0,96,"Akili Films, Polski Instytut Sztuki Filmowej, Telewizja Polska",Agnieszka Trzos,"Agnieszka Warchulska, Robert Gonera, Agata Stawarz, Mariusz Zaniewski"
2976,tt0427327,Hairspray,Hairspray,2007-07-19,5.732,6.665,2674,"[35, 10749, 18]",en,75000000,90450008,116,"New Line Cinema, Zadan / Meron Productions, Ingenious Film Partners",Adam Shankman,"Nikki Blonsky, John Travolta, Michelle Pfeiffer, Christopher Walken, Amanda Bynes"
328688,tt6449008,Orang Minyak,Orang Minyak,2007-11-15,5.7243,0.0,0,"[53, 27]",ms,0,0,98,INFOHIBUR PRODUCTION SDN. BHD.,"C.K. Karan, Jamal Maarif","Sharifah Sofia, Jobot Maheran, Fizz Fairuz, Fauzi Nawawi, Sidek Hussain"
14943,tt1016290,Crows Zero,クローズZERO,2007-10-26,5.7243,7.107,401,"[28, 35, 80]",ja,0,22036607,130,"Happinet Pictures, TOHO, Akita Shoten, Tristone Entertainment, CBC, MBS, TBS, Happinet",Takashi Miike,"Shun Oguri, Kyosuke Yabe, Meisa Kuroki, Takayuki Yamada, Kenichi Endo"
12225,tt0460740,Cashback,Cashback,2007-01-17,5.7242,6.956,1447,"[18, 35, 10749]",en,0,2300000,102,"Left Turn Films, Lipsync Productions, Ugly Duckling Films",Sean Ellis,"Sean Biggerstaff, Emilia Fox, Shaun Evans, Michael Dixon, Michelle Ryan"
51482,tt3355694,Death Note Relight 1: Visions of a God,DEATH NOTE リライト ～幻視する神～,2007-08-31,5.6788,7.868,404,"[10770, 80, 18, 14, 53, 16]",ja,0,0,131,Madhouse,Tetsuro Araki,"Mamoru Miyano, Shido Nakamura, Kappei Yamaguchi, Aya Hirano, Naoya Uchida"
13249,tt0479537,Seraphim Falls,Seraphim Falls,2007-01-26,5.6648,6.4,648,"[37, 28, 18]",en,18000000,1220058,115,"Icon Productions, Samuel Goldwyn Films, Destination Films",David Von Ancken,"Liam Neeson, Pierce Brosnan, Michael Wincott, Xander Berkeley, Ed Lauter"
13483,tt0211933,Awake,Awake,2007-11-28,5.6247,6.595,1617,"[53, 80, 9648]",en,86000000,14373825,84,"The Weinstein Company, Open City Films, GreeneStreet Films",Joby Harold,"Hayden Christensen, Jessica Alba, Terrence Howard, Lena Olin, Christopher McDonald"
4349,tt0431197,The Kingdom,The Kingdom,2007-08-22,5.5711,6.75,1884,"[53, 28, 18]",en,70000000,86658558,110,"Universal Pictures, Forward Pass, Relativity Media, FilmWorks, MDBF Zweite Filmgesellschaft",Peter Berg,"Jamie Foxx, Jennifer Garner, Chris Cooper, Jason Bateman, Ali Suliman"
14636,tt0443473,The Condemned,The Condemned,2007-04-27,5.5615,6.097,903,"[28, 53]",en,20000000,8600000,114,"Condemned Productions, Sidestreet Entertainment, WWE Studios, Colossal Entertainment, New Wave Entertainment, Lionsgate",Scott Wiper,"Steve Austin, Vinnie Jones, Robert Mammone, Tory Mussett, Madeleine West"
14392,tt0913968,The Warlords,投名狀,2007-12-12,5.5557,6.8,381,"[28, 18, 36]",zh,40000000,0,126,"Applause Pictures, Media Asia Films, Beijing Jinyinma Movie & TV Culture Co., Stellar Mega Films, Chengtian Entertainment, Morgan & Chan Films, Talent Aid International, Bona Film Group, China Film Group Corporation, Kantana Studios",Peter Chan Ho-Sun,"Jet Li, Andy Lau, Takeshi Kaneshiro, Xu Jinglei, Wei Zongwan"
6973,tt0478134,In the Valley of Elah,In the Valley of Elah,2007-09-14,5.5156,6.78,1132,"[36, 18, 53, 80, 9648]",en,23000000,29541790,124,"Warner Independent Pictures, NALA Films, Summit Entertainment, Samuels Media, Blackfriars Bridge Films",Paul Haggis,"Tommy Lee Jones, Charlize Theron, Susan Sarandon, Frances Fisher, James Franco"
4723,tt0405336,Southland Tales,Southland Tales,2007-11-14,5.487,5.253,636,"[878, 53, 35]",en,17000000,374743,145,"Cherry Road Films, Darko Entertainment, MHF Zweite Academy Film, Inferno Distribution, Wild Bunch, Eden Roc Productions, Persistent Entertainment",Richard Kelly,"Dwayne Johnson, Seann William Scott, Sarah Michelle Gellar, Mandy Moore, Justin Timberlake"
10172,tt0422774,Are We Done Yet?,Are We Done Yet?,2007-04-04,5.4491,5.843,700,"[10751, 35]",en,0,58400000,92,"Revolution Dream Productions, Revolution Studios, Cube Vision, RKO Pictures",Steve Carr,"Ice Cube, Nia Long, John C. McGinley, Aleisha Allen, Philip Bolden"
2284,tt0457419,Mr. Magorium's Wonder Emporium,Mr. Magorium's Wonder Emporium,2007-11-16,5.3744,6.255,1343,"[10751, 14, 35]",en,65000000,69500000,93,"Ontario Media Development Corporation, Mandate Pictures, Walden Media, FilmColony, Gang of Two Productions",Zach Helm,"Dustin Hoffman, Natalie Portman, Jason Bateman, Zach Mills, Jonathan Potts"
46169,tt1017465,Twitches Too,Twitches Too,2007-10-12,5.477,6.7,371,"[18, 10751, 14, 10770]",en,0,0,83,"Disney Channel, Walt Disney Television",Stuart Gillard,"Tia Mowry, Tamera Mowry-Housley, Kristen Wilson, Patrick Fabian, Pat Kelly"
1988,tt0829459,A Mighty Heart,A Mighty Heart,2007-06-22,6.3723,6.388,358,"[18, 53, 36]",en,16000000,18928871,108,"Plan B Entertainment, Revolution Films, Paramount Vantage",Michael Winterbottom,"Angelina Jolie, Dan Futterman, Irrfan Khan, Archie Panjabi, Denis O'Hare"
4283,tt0772193,Primeval,Primeval,2007-01-12,5.2773,6.154,482,"[12, 27, 28]",en,0,15291277,93,"Hollywood Pictures, Sarah James Productions, Film Africa Worldwide, Pariah",Michael Katleman,"Dominic Purcell, Brooke Langton, Orlando Jones, Jürgen Prochnow, Gideon Emery"
10074,tt0787475,Hot Rod,Hot Rod,2007-08-03,5.986,6.411,1141,"[35, 28]",en,25000000,14353654,88,"Paramount Pictures, Broadway Video, Michaels-Goldwyn, The Lonely Island",Akiva Schaffer,"Andy Samberg, Isla Fisher, Jorma Taccone, Bill Hader, Danny McBride"
15356,tt0830558,The Girl Next Door,The Girl Next Door,2007-07-19,5.4417,6.662,810,"[53, 80, 18, 27]",en,0,0,91,"Modernciné, Modern Girl Productions",Gregory Wilson,"Blythe Auffarth, Daniel Manche, Michael Zegen, Catherine Mary Stewart, Grant Show"
12435,tt0489237,The Nanny Diaries,The Nanny Diaries,2007-08-24,7.0415,6.393,1264,"[35, 18, 10749]",en,20000000,47817020,105,"The Weinstein Company, FilmColony","Shari Springer Berman, Robert Pulcini","Scarlett Johansson, Laura Linney, Alicia Keys, Chris Evans, Donna Murphy"
4515,tt0891527,Lions for Lambs,Lions for Lambs,2007-10-22,5.6167,6.006,868,"[28, 12, 18, 36]",en,35000000,64811540,92,"Wildwood Enterprises, Andell Entertainment, Brat Na Pont Productions, United Artists",Robert Redford,"Meryl Streep, Tom Cruise, Robert Redford, Andrew Garfield, Michael Peña"
11835,tt0804461,Death Sentence,Death Sentence,2007-08-31,5.9736,6.811,1308,"[28, 80, 18, 53]",en,20000000,16974459,105,"Baldwin Entertainment Group, 20th Century Fox, Hyde Park Entertainment",James Wan,"Kevin Bacon, Garrett Hedlund, Kelly Preston, Jordan Garrett, John Goodman"
9785,tt0435670,The Invisible,The Invisible,2007-04-27,5.9394,6.366,605,"[14, 53, 9648]",en,30000000,26810113,102,"Spyglass Entertainment, Hollywood Pictures, Birnbaum/Barber Productions, Macari/Edelstein, Limbo Productions, Sonet Film",David S. Goyer,"Justin Chatwin, Margarita Levieva, Marcia Gay Harden, Alex O'Loughlin, Michelle Harrison"
10294,tt0452702,Vacancy,Vacancy,2007-04-20,5.3458,6.274,1702,"[27, 53]",en,19000000,35300645,85,"Screen Gems, Hal Lieberman Company",Nimród Antal,"Kate Beckinsale, Luke Wilson, Frank Whaley, Ethan Embry, Scott G. Anderson"
13168,tt0780608,Smiley Face,Smiley Face,2007-11-16,5.5899,6.086,347,[35],en,0,179381,85,"Desperate Pictures, Anonymous Content, First Look Pictures",Gregg Araki,"Anna Faris, John Krasinski, Adam Brody, Jane Lynch, Roscoe Lee Browne"
13195,tt0780516,Flawless,Flawless,2007-09-01,5.9155,6.75,647,"[80, 18, 53]",en,20000000,6819587,108,"Magnolia Pictures, Pierce/Williams Entertainment, Zero Gravity Management, Delux Productions, Film Fund Luxembourg, Future Films",Michael Radford,"Demi Moore, Michael Caine, Lambert Wilson, Nathaniel Parker, Shaughan Seymour"
1683,tt0444682,The Reaping,The Reaping,2007-04-04,5.5142,5.774,915,[27],en,40000000,62771059,99,"Dark Castle Entertainment, Chime Films, Eyetronics, Village Roadshow Pictures, Warner Bros. Pictures",Stephen Hopkins,"Hilary Swank, David Morrissey, Idris Elba, AnnaSophia Robb, Stephen Rea"
14144,tt0462244,Daddy Day Camp,Daddy Day Camp,2007-08-08,5.5833,4.896,517,"[10751, 35]",en,6000000,18197398,89,"Revolution Studios, Blue Star Entertainment",Fred Savage,"Cuba Gooding Jr., Tamala Jones, Paul Rae, Lochlyn Munro, Richard Gant"
128607,tt1299382,Sacred Heart,Sagrado Corazón,2007-01-01,4.8158,5.0,1,[28],en,0,0,0,,Cesar Salgado Alemán,"Daniel Cisneros Renero, Claudia Galindo Leon, Octavio Goyri, Hazael Hernandez, Félix Lozano"
581429,tt1205076,The Reich's Orchestra,Das Reichsorchester,2007-11-01,4.7458,6.5,4,"[10402, 99]",de,0,0,93,"Eikon Media, RBB",Enrique Sánchez Lansch,"Andreas Hoppe, Wilhelm Furtwängler"
2959,tt0762114,License to Wed,License to Wed,2007-07-04,5.8579,5.692,947,[35],en,35000000,69307224,91,"Village Roadshow Pictures, Robert Simonds Productions, Phoenix Pictures, Underground Films, Proposal Productions, Warner Bros. Pictures",Ken Kwapis,"Mandy Moore, John Krasinski, Robin Williams, Eric Christian Olsen, Christine Taylor"
13649,tt0810900,High School Musical 2,High School Musical 2,2007-08-17,5.9545,6.501,3919,"[35, 10751, 10770]",en,7000000,0,111,"First Street Films, Salty Pictures, Disney Channel",Kenny Ortega,"Zac Efron, Vanessa Hudgens, Ashley French, Lucas Grabeel, Corbin Bleu"
6615,tt0805564,Lars and the Real Girl,Lars and the Real Girl,2007-10-12,7.3796,7.206,2168,"[18, 10749]",en,12000000,11293663,107,"Sidney Kimmel Entertainment, Lars Productions",Craig Gillespie,"Ryan Gosling, Emily Mortimer, Paul Schneider, R.D. Reid, Kelli Garner"
3902,tt0368794,I'm Not There,I'm Not There,2007-10-01,5.5509,6.494,798,"[18, 10402]",en,20000000,4001121,135,"Endgame Entertainment, Killer Films, John Wells Productions, John Goldwyn Productions, VIP Medienfonds 4, Rising Star Productions, Grey Water Park Productions",Todd Haynes,"Christian Bale, Cate Blanchett, Marcus Carl Franklin, Richard Gere, Heath Ledger"
7508,tt0986264,Like Stars on Earth,तारे ज़मीन पर,2007-12-21,6.5239,7.996,1408,[18],hi,2600000,28430000,162,"Aamir Khan Productions, PVR Inox Pictures, UTV Motion Pictures",Aamir Khan,"Darsheel Safary, Aamir Khan, Tisca Chopra, Vipin Sharma, Tanay Chheda"
2196,tt0795368,Death at a Funeral,Death at a Funeral,2007-08-17,6.6042,6.921,1975,"[35, 18]",en,9000000,46789413,91,"Target Media Entertainment, VIP Medienfonds 2, VIP 1 Medienfonds, Parabolic Pictures, Sidney Kimmel Entertainment, Stable Way Entertainment",Frank Oz,"Matthew Macfadyen, Peter Dinklage, Ewen Bremner, Keeley Hawes, Andy Nyman"
15071,tt0770806,The Contractor,The Contractor,2007-05-11,4.9908,5.5,208,"[28, 12, 18, 53]",en,0,0,105,"April Productions, Chaintron, RMA Productions, Destination Films, Sony Pictures Home Entertainment",Josef Rusnak,"Wesley Snipes, Eliza Bennett, Lena Headey, Ralph Brown, Charles Dance"
138402,tt0876095,The Blueberry War,Blåbärskriget,2007-10-26,4.6371,4.5,2,[35],sv,0,0,101,"Film Form, AP Mañana",Lars-Göran Pettersson,"Pjotr Giro, Radoslaw Smuzny, Göran Forsmark, Anitta Suikkari, Marie Kühler"
1534,tt0446013,Pathfinder,Pathfinder,2007-01-11,5.3887,5.669,812,"[12, 28]",en,45000000,30800000,99,"Dune Entertainment, Phoenix Pictures, Major Studio Partners, 20th Century Fox",Marcus Nispel,"Karl Urban, Moon Bloodgood, Nicole Muñoz, Clancy Brown, Jay Tavare"
9966,tt0425430,The Messengers,The Messengers,2007-02-02,5.8123,5.745,888,"[9648, 53, 27]",en,16000000,55060212,90,"Screen Gems, Ghost House Pictures, Columbia Pictures, Blue Star Pictures, Scarecrow Productions, Mandate Pictures","Oxide Pang Chun, Danny Pang Phat","Kristen Stewart, Dylan McDermott, Penelope Ann Miller, John Corbett, Dustin Milligan"
1950,tt0338216,Lucky You,Lucky You,2007-05-01,5.1022,5.676,293,"[18, 10749]",en,55000000,8461686,124,"Lonely Film Productions, Village Roadshow Pictures, Deuce Three Productions, Di Novi Pictures, Warner Bros. Pictures",Curtis Hanson,"Eric Bana, Drew Barrymore, Robert Duvall, Debra Messing, Jean Smart"
54318,tt0760329,The Water Horse,The Water Horse,2007-12-25,5.0785,6.551,1177,"[10751, 12, 14]",en,40000000,103967384,112,"Revolution Studios, Walden Media, Beacon Pictures, Ecosse Films",Jay Russell,"Alex Etel, Emily Watson, Ben Chaplin, David Morrissey, Priyanka Xi"
29826,tt1003009,The Legend of the Nahuala,La Leyenda de la Nahuala,2007-10-31,5.1596,7.984,254,"[10751, 14, 16, 27]",es,975000,4000000,84,"Animex Producciones, FIDECINE, Instituto Mexicano de Cinematografía",Ricardo Arnaiz,"Fabrizio Santini, Martha Higareda, Andrés Bustamante, Jesús Ochoa, Rafael Inclán"
417046,tt1056415,Avrupalı,Avrupalı,2007-10-12,4.9428,6.0,2,[35],tr,0,986,107,,Ulaş Ak,"Cem Davran, Yasemin Kozanoğlu, Sema Öztürk, Aydemir Akbaş, Murat Soydan"
4688,tt0445922,Across the Universe,Across the Universe,2007-09-14,5.8465,7.112,1480,"[18, 10749, 14]",en,45000000,29625761,133,"Revolution Studios, Team Todd, Gross Entertainment, Sound Films",Julie Taymor,"Evan Rachel Wood, Jim Sturgess, Joe Anderson, Dana Fuchs, Martin Luther"
12246,tt0416044,Mongol: The Rise of Genghis Khan,Монгол,2007-09-20,4.862,6.8,806,"[36, 10752, 28]",ru,18000000,26527510,125,"Andreevsky Flag Film Company, Kinofabrika, Eurasia Film Production, X Filme Creative Pool, CTB Film Company, Salon Films, Cinetools Film",Sergei Bodrov,"Tadanobu Asano, Sun Honglei, Khulan Chuluun, Baasanjav Mijid, Amadu Mamadakov"
15302,tt1059955,The Pixar Story,The Pixar Story,2007-08-28,5.6088,7.54,249,[99],en,0,0,87,Leslie Iwerks Productions,Leslie Iwerks,"Stacy Keach, Edwin Catmull, Steve Jobs, John Lasseter, William Reeves"
13008,tt0802948,An American Crime,An American Crime,2007-07-27,5.4148,7.312,791,"[80, 18, 27]",en,2000000,0,97,"First Look International, Killer Films, John Wells Productions",Tommy O'Haver,"Catherine Keener, Elliot Page, James Franco, Bradley Whitford, Ari Graynor"
17101,tt1148261,Bleach the Movie: The DiamondDust Rebellion,劇場版 BLEACH The DiamondDust Rebellion もう一つの氷輪丸,2007-12-22,5.3372,6.8,204,"[28, 16, 53]",ja,0,6916899,95,Pierrot,Noriyuki Abe,"Masakazu Morita, Romi Park, Akira Ishida, Fumiko Orikasa, Kentaro Ito"
318883,tt3822726,A Village Romance,Falusi románc,2007-11-27,4.7696,4.0,1,[99],hu,0,0,50,,Kriszta Bódis,Kriszta Bódis
2335,tt0804540,Taxi 4,Taxi 4,2007-02-10,5.3298,5.614,1377,"[28, 35, 80]",fr,17500000,65114802,91,"EuropaCorp, ARP Sélection, TF1 Films Production, Apipoulaï Prod",Gérard Krawczyk,"Samy Naceri, Frédéric Diefenthal, Bernard Farcy, Emma Wiklund, Édouard Montoute"
719870,tt3454604,Les misérables,Les misérables,2007-01-01,4.1383,0.0,0,[18],ar,0,0,112,,"Gadalla Gubara, Sara Gubara",Gamal Hassan
410604,tt1161640,Divine Émilie,Divine Émilie,2007-12-29,4.5991,2.0,2,"[18, 36]",fr,0,0,90,,Arnaud Sélignac,"Léa Drucker, Àstrid Bergès-Frisbey, Thierry Frémont, Aurore Clément, Philippe Lefebvre"
13980,tt1121794,Sword of the Stranger,ストレンヂア -無皇刃譚-,2007-09-29,4.9361,7.585,488,"[28, 16, 36]",ja,0,0,103,BONES,Masahiro Ando,"Tomoya Nagase, Yuri Chinen, Koichi Yamadera, Akio Otsuka, Unsho Ishizuka"
599371,tt6022134,Anneler Günü,Anneler Günü,2007-05-09,4.4079,0.0,0,[],tr,0,0,0,,Nazif Tunç,"Hülya Koçyiğit, Deniz Gökçer, İsmail Düvenci, Birsen Menekşeli, Nihat Nikerel"
9963,tt0477071,Premonition,Premonition,2007-02-08,6.3476,6.291,1726,"[53, 18, 9648]",en,20000000,84297309,96,"TriStar Pictures, Hyde Park Entertainment, Offspring Entertainment, Metro-Goldwyn-Mayer",Mennan Yapo,"Sandra Bullock, Julian McMahon, Courtney Taylor Burness, Shyann McClure, Nia Long"
453121,,Quiéreme,Quiéreme,2007-04-20,4.4334,9.0,1,[18],es,0,0,0,,Beda Docampo Feijóo,"Darío Grandinetti, Ariadna Gil, Cristina Valdivielso, Juan Echanove, Kira Miró"
1407,tt0450188,La Vie en Rose,La Môme,2007-02-14,5.9187,7.366,1772,"[10402, 18]",fr,25000000,86274793,140,"TF1 International, Légende Films, Okko Production, Songbird Pictures, TF1 Films Production",Olivier Dahan,"Marion Cotillard, Sylvie Testud, Pascal Greggory, Emmanuelle Seigner, Jean-Paul Rouve"
2013,tt0401383,The Diving Bell and the Butterfly,Le Scaphandre et le Papillon,2007-05-23,5.2332,7.576,1316,"[18, 36]",fr,14000020,19777647,112,"Pathé Renn Productions, France 3 Cinéma, The Kennedy/Marshall Company",Julian Schnabel,"Mathieu Amalric, Emmanuelle Seigner, Marie-Josée Croze, Anne Consigny, Patrick Chesnais"
76633,,Isenseven: Übermovie,Isenseven: Übermovie,2007-01-01,4.2565,0.0,0,[],en,0,0,0,,,"Andre Tröltzsch, Basti Kuhn, Marco Smolla, Peter König, Chris Patsch"
13641,tt0485851,The Air I Breathe,The Air I Breathe,2007-02-07,5.4713,6.293,414,"[18, 53, 80]",en,0,0,95,"NALA Films, Paul Schiff Productions",Jieho Lee,"Brendan Fraser, Andy Garcia, Kevin Bacon, Sarah Michelle Gellar, Clark Gregg"
14424,tt0497972,Sex and Death 101,Sex and Death 101,2007-06-15,4.9805,6.156,318,"[35, 10749, 18]",en,0,0,117,"Avenue Pictures, Sandbar Pictures",Daniel Waters,"Simon Baker, Winona Ryder, Leslie Bibb, Mindy Cohn, Julie Bowen"
16962,tt1007920,Barbie Fairytopia: Magic of the Rainbow,Barbie Fairytopia: Magic of the Rainbow,2007-03-13,5.7794,6.888,474,"[16, 10751, 14, 10749]",en,0,0,75,Mattel,William Lau,"Kelly Sheridan, Lee Tockar, Kathleen Barr, Christopher Gaze, Tabitha St. Germain"
12994,tt0810988,The Nines,The Nines,2007-01-21,4.501,5.962,487,"[18, 14, 9648, 53]",en,0,0,100,"Jinks/Cohen Company, Destination Films",John August,"Ryan Reynolds, Melissa McCarthy, Hope Davis, Elle Fanning, David Denman"
408051,tt5446264,Pasión cibernética,Pasión cibernética,2007-04-02,4.1105,0.0,0,[18],es,0,0,29,"Trebol Pictures, Acuarela Productions","Noland Otero, Raúl García","Pedro Telémaco, Kisha Tikina Burgos, Tita Guerrero, José Eugenio Hernández, Jose Caro"
13019,tt0913445,Young People Fucking,Young People Fucking,2007-09-05,4.4047,5.846,250,"[35, 18, 10749]",en,1500000,0,90,Copperheart Entertainment,Martin Gero,"Aaron Abrams, Carly Pope, Kristin Booth, Josh Dean, Sonja Bennett"
2312,tt0460780,In the Name of the King: A Dungeon Siege Tale,In the Name of the King: A Dungeon Siege Tale,2007-11-29,6.4184,4.784,958,"[12, 14]",en,60000000,13097915,127,"Boll Kino Beteiligungs GmbH & Co. KG, Brightlight Pictures, Herold Productions",Uwe Boll,"Jason Statham, Ray Liotta, Leelee Sobieski, John Rhys-Davies, Burt Reynolds"
10760,tt0815244,Sydney White,Sydney White,2007-09-21,4.7417,6.46,1126,[35],en,16500000,13620075,108,Morgan Creek Entertainment,Joe Nussbaum,"Amanda Bynes, Sara Paxton, Matt Long, Jeremy Howard, Danny Strong"
451176,,Décimo Segundo,Décimo Segundo,2007-01-01,3.9562,0.0,0,[],pt,0,0,0,,Leonardo Lacca,"Irandhir Santos, Rita Carelli"
6589,tt0467110,Underdog,Underdog,2007-08-03,4.9348,5.554,782,"[10751, 28, 12, 35, 14, 878]",en,25000000,65270477,84,"Walt Disney Pictures, Classic Media, Have No Fear Productions, Spyglass Entertainment, Maverick Films",Frederik Du Chau,"Jason Lee, Peter Dinklage, Jim Belushi, Patrick Warburton, Alex Neuberger"
7942,tt0425413,Run Fatboy Run,Run Fatboy Run,2007-09-06,4.7172,6.198,767,"[35, 10749]",en,10000000,33478921,100,"Material Entertainment, Beech Hill Films, Gold Circle Films, Entertainment Film Distributors",David Schwimmer,"Simon Pegg, Thandiwe Newton, Hank Azaria, Dylan Moran, Harish Patel"
14125,tt0374563,Captivity,Captivity,2007-03-01,4.6542,4.86,477,"[80, 27, 53]",en,17000000,10921200,85,"Captivity Productions, Foresight Unlimited, RAMCO",Roland Joffé,"Elisha Cuthbert, Daniel Gillies, Pruitt Taylor Vince, Laz Alonso, Chrysta Olson"
7985,tt0472160,Penelope,Penelope,2007-11-17,4.6703,6.747,1509,"[14, 35, 10749]",en,15000000,21156270,104,"Summit Entertainment, Tatira-Hiller Productions, Type A Films, Grosvenor Park Productions",Mark Palansky,"Christina Ricci, James McAvoy, Catherine O'Hara, Peter Dinklage, Richard E. Grant"
7797,tt0481797,Youth Without Youth,Youth Without Youth,2007-10-26,4.7005,6.121,248,"[14, 18, 9648]",en,1000000,2624759,125,"American Zoetrope, SRG Atelier, Pricel, BiM Distribuzione",Francis Ford Coppola,"Tim Roth, Alexandra Maria Lara, Bruno Ganz, André Hennicke, Marcel Iureș"
5125,tt0804522,Rendition,Rendition,2007-09-07,5.5708,6.421,764,"[18, 53]",en,27500000,24748670,120,"Anonymous Content, Level 1 Entertainment, MID Foundation",Gavin Hood,"Reese Witherspoon, Jake Gyllenhaal, Meryl Streep, Alan Arkin, Peter Sarsgaard"
401248,tt1400319,All Our Variant Futures,All Our Variant Futures,2007-12-03,3.4555,8.0,1,[99],en,0,0,29,,Charles de Lauzirika,
5375,tt0486583,Fred Claus,Fred Claus,2007-11-09,6.4785,5.854,939,"[28, 35, 18]",en,100000000,97800000,115,"Jessie Nelson Productions, Silver Pictures, David Dobkin Productions, Warner Bros. Pictures",David Dobkin,"Vince Vaughn, Paul Giamatti, John Michael Higgins, Miranda Richardson, Rachel Weisz"
1763871,tt1050733,Operación Patakón,Operación Patakón,2007-02-22,4.4032,0.0,0,"[28, 35]",es,0,0,0,Nekerman Films,Tito Nekerman,"Sergio Carlo, Antonio Melenciano, Carlos Lozano, Andrea Peña, Frank Perozo"
6575,tt0841046,Walk Hard: The Dewey Cox Story,Walk Hard: The Dewey Cox Story,2007-12-21,4.721,6.593,786,"[35, 10402]",en,35000000,18317151,96,"Apatow Productions, Columbia Pictures, Relativity Media, Nominated Films, GH Three",Jake Kasdan,"John C. Reilly, Jenna Fischer, Raymond J. Barry, Kristen Wiig, Tim Meadows"
28953,tt0902456,Silent Vengeance,Silent Vengeance,2007-05-01,3.7909,0.0,0,[27],en,0,0,90,,Matt Spease,"Brian Ramme, Maghan Torrence, Matt Spease, Daisy Owings, Lilith Stabs"
5723,tt0907657,Once,Once,2007-03-23,4.523,7.42,1504,"[18, 10402, 10749]",en,160000,20710513,85,"Samson Films, Summit Entertainment, RTÉ, Fís Éireann/Screen Ireland",John Carney,"Glen Hansard, Markéta Irglová, Hugh Walsh, Gerard Hendrick, Alaistair Foley"
1722535,,Timber Falls,Timber Falls,2007-07-27,4.2412,0.0,0,"[27, 53]",en,2600000,680299,0,"Rifkin-Eberts Productions, Ascendant Pictures, A-Mark Entertainment, FilmTiger",,"Josh Randall, Brianna Brown, Nick Searcy, Beth Broderick, Sascha Rosemann"
14223,tt0486051,Wind Chill,Wind Chill,2007-05-18,4.4704,5.82,572,"[18, 27, 53]",en,6000000,285060,91,"TriStar Pictures, Blueprint Pictures, Section Eight",Gregory Jacobs,"Emily Blunt, Ashton Holmes, Martin Donovan, Ned Bellamy, Ian A. Wallace"
1257,tt0490084,Because I Said So,Because I Said So,2007-02-02,4.4571,5.854,685,"[10749, 35]",en,0,69485490,102,"Gold Circle Films, Universal Pictures, Mandate International",Michael Lehmann,"Diane Keaton, Mandy Moore, Gabriel Macht, Tom Everett Scott, Lauren Graham"
176957,tt4325550,Silêncio,Silêncio,2007-03-13,3.7781,2.0,1,[16],pt,0,0,7,,Irina Calado,Teresa Sobral
145264,tt0997267,Levande föda,Levande föda,2007-01-01,4.1762,8.0,2,[27],sv,0,0,135,SVT Drama,Maria Hedman,"Liselott Berg, Fanny Carlsson, Lena Dahlén, Mia Höglund, Maria Hörnelius"
24696,tt1114698,Tom and Jerry: A Nutcracker Tale,Tom and Jerry: A Nutcracker Tale,2007-10-02,4.5637,6.83,174,"[16, 35, 10751]",en,0,0,46,"Turner Entertainment Co., Warner Bros. Animation","Spike Brandt, Tony Cervone","Kathleen Barr, Garry Chalk, Ian James Corlett, Trevor Devall, Richard Newman"
470459,tt0797095,El árbol,El árbol,2007-02-01,3.5002,0.0,0,"[10751, 18]",es,0,0,65,Tercera Orilla Cine,Gustavo Fontán,"Julio Fontán, María Merlino, Gustavo Fontán, Federico Fontán"
25961,tt1226251,Pokémon: The Rise of Darkrai,劇場版ポケットモンスター ダイヤモンド&パール ディアルガVSパルキアVSダークライ,2007-07-14,4.2965,6.958,325,"[10751, 12, 16, 14, 28, 878]",ja,0,42496749,95,"Pikachu Project, TV Tokyo, The Pokémon Company, Shogakukan, Media Factory, TakaraTomy, jeki, OLM, Shogakukan Production",Kunihiko Yuyama,"Rica Matsumoto, Ikue Otani, Yuji Ueda, Megumi Toyoguchi, Megumi Hayashibara"
13312,tt0856288,Inside,À l'intérieur,2007-06-13,4.3955,6.746,965,[27],fr,3000000,792184,83,"La Fabrique de Films, BR Films","Julien Maury, Alexandre Bustillo","Alysson Paradis, Béatrice Dalle, Nathalie Roussel, François-Régis Marchasson, Jean-Baptiste Tabourin"
14624,tt0482629,The Ultimate Gift,The Ultimate Gift,2007-03-09,5.4281,7.716,551,"[10749, 18, 10751]",en,9000000,3438735,114,"The Ultimate Gift LLC, Dean River Productions, LIFE(n), Stanford Financial Group",Michael O. Sajbel,"Drew Fuller, Abigail Breslin, James Garner, Bill Cobbs, Ali Hillis"
21647,tt1556214,Sex Is Zero 2,색즉시공 시즌 2,2007-12-12,4.0558,5.6,71,"[10749, 35]",ko,0,0,115,"CJ Entertainment, Doosaboo Film",Yoon Tae-yoon,"Im Chang-jung, Song Ji-hyo, Choi Sung-kook, Shin Yi, Lee Sang-yun"
847672,tt1135025,Fracas,Fracas,2007-01-01,3.1804,0.0,0,[],en,0,0,4,,Eduardo Menz,
32579,tt0796307,Under the Same Moon,La misma luna,2007-07-27,4.1988,7.963,369,[18],es,0,23311391,106,"Creando Films, Potomak Films, FIDECINE",Patricia Riggen,"Adrian Alonso, Kate del Castillo, Eugenio Derbez, Maya Zapata, Carmen Salinas"
13159,tt0791304,Georgia Rule,Georgia Rule,2007-05-10,4.192,5.96,492,"[18, 35, 10749]",en,20000000,25000167,113,Morgan Creek Entertainment,Garry Marshall,"Jane Fonda, Lindsay Lohan, Felicity Huffman, Dermot Mulroney, Cary Elwes"
16177,tt0948532,Killer Babes,Moordwijven,2007-12-20,4.1568,5.4,30,[35],nl,0,0,100,"Parachute Pictures, Tom de Mol Productions",Dick Maas,"Bracha van Doesburgh, Hadewych Minis, Sanne Wallis de Vries, Kees Boot, Hans Kesting"
670263,tt1210055,Six,Enam,2007-11-15,4.145,1.0,1,[27],id,0,0,97,PT Makna Cerita Media,Stephen Odang,"Winnie Yanthi, David Saragih, Duran Valentino, Yunita Labaika, Sasya Veruska"
13025,tt0848557,Diary of the Dead,Diary of the Dead,2007-05-26,4.1441,5.53,925,"[27, 14, 878, 53]",en,2000000,5540941,96,"Artfire Films, Romero-Grunwald Productions, Voltage Pictures",George A. Romero,"Michelle Morgan, Joshua Close, Shawn Roberts, Amy Lalonde, Joe Dinicol"
337550,tt0814106,Flatland,Flatland,2007-01-14,4.1171,5.8,18,"[16, 878]",en,0,0,36,Flat World Productions,"Jeffrey Travis, Dano Johnson","Martin Sheen, Kristen Bell, Tony Hale, Joe Estevez, Michael York"
7737,tt0432021,Resident Evil: Extinction,Resident Evil: Extinction,2007-09-20,4.1126,6.3,4720,"[27, 28, 878]",en,45000000,147717833,94,"Screen Gems, Impact Pictures, Davis Films, Constantin Film",Russell Mulcahy,"Milla Jovovich, Oded Fehr, Ali Larter, Iain Glen, Ashanti"
10253,tt0372873,Dragon Wars: D-War,디 워,2007-08-01,4.1058,4.58,485,"[14, 18, 27, 28, 53, 878]",ko,32000000,75108998,90,"Younggu-Art Movies, Showbox, Zero Nine Entertainment, Nintendo Entertainment",Shim Hyung-rae,"Jason Behr, Amanda Brooks, Robert Forster, Craig Robinson, Aimee Garcia"
313766,tt0482914,Le Bénévole,Le Bénévole,2007-05-16,4.0755,3.75,4,[],fr,0,0,85,"Pathé, Mocky Delicious Products (MDP)",Jean-Pierre Mocky,"Michel Serrault, Bruno Solo, Bernard Farcy, Jean-Claude Dreyfus, Yvan Le Bolloc'h"
1085085,,"Lóa, A Loner's Dream",Lóa,2007-01-01,4.0713,0.0,0,[18],is,0,0,11,,Giil Taws,"Arnbjörg Hlíf Valsdóttir, Atli Rafn Sigurðsson, Sveinn Geirsson, Maríanna Clara Luthersdóttir, Margrét Dagmar Loftsdóttir"
38410,tt1010271,The Poughkeepsie Tapes,The Poughkeepsie Tapes,2007-04-27,4.0661,6.541,810,"[27, 9648, 80, 53]",en,200000,180000,81,"Metro-Goldwyn-Mayer, Brothers Dowdle Productions, Poughkeepsie Films, Orion Pictures",John Erick Dowdle,"Stacy Chbosky, Ben Messmer, Lou George, Ivar Brogger, Michael Lawson"
5951,tt0866437,The Jane Austen Book Club,The Jane Austen Book Club,2007-09-09,4.0634,6.496,402,"[35, 10749]",en,6000000,7163566,106,"Mockingbird Pictures, John Calley Productions",Robin Swicord,"Kathy Baker, Maria Bello, Emily Blunt, Amy Brenneman, Hugh Dancy"
12526,tt0470705,Bug,Bug,2007-02-21,4.0596,6.1,642,"[18, 27, 53]",en,4000000,8095658,98,"LIFT Productions, DMK Mediafonds International, Inferno Distribution",William Friedkin,"Ashley Judd, Michael Shannon, Harry Connick Jr., Lynn Collins, Brían F. O'Byrne"
177205,tt0978398,Suicídio Encomendado,Suicídio Encomendado,2007-03-14,4.0336,7.0,2,[35],pt,0,0,90,,Artur Serra Araújo,"João Fino, José Wallenstein, Eloy Monteiro, Neuza Teixeira, Luís Lucas"
218642,tt1118558,Apnée,Apnée,2007-06-01,4.0112,7.0,2,[16],en,0,0,4,Autour de Minuit,Claude Chabot,"Jean-Louis Crinon, Laurent Lebras, Natacha Debels, Nicolas Sauvaige"
13250,tt0489664,Butterfly on a Wheel,Butterfly on a Wheel,2007-07-27,3.9933,6.426,580,"[80, 18, 53]",en,20000000,7650000,95,"Icon Productions, Irish Dreamtime, Infinity Features, Butterfly Productions, Chum Television",Mike Barker,"Pierce Brosnan, Maria Bello, Gerard Butler, Emma Karwandy, Claudette Mink"
13474,tt0804516,P2,P2,2007-11-09,3.9888,6.225,956,"[27, 53]",en,3500000,7766240,98,"Summit Entertainment, Aja / Levasseur Productions",Franck Khalfoun,"Rachel Nichols, Wes Bentley, Simon Reynolds, Philip Akin, Miranda Edwards"
400377,tt1058508,The Borinqueneers,Los Borinqueños,2007-06-07,3.9824,0.0,0,[99],es,0,0,78,El Pozo Productions,Noemi Figueroa Soulet,David Ortiz Angleró
39206,tt1146290,Detective Conan: Jolly Roger in the Deep Azure,名探偵コナン 紺碧の棺 （ジョリー・ロジャー）,2007-04-21,3.9788,6.542,155,"[16, 12]",ja,0,22053994,110,"TMS Entertainment, TOHO",Yasuichiro Yamamoto,"Minami Takayama, Kappei Yamaguchi, Wakana Yamazaki, Naoko Matsui, Akira Kamiya"
13640,tt0934706,Superman: Doomsday,Superman: Doomsday,2007-09-18,3.9652,6.725,720,"[28, 16, 878]",en,3500000,0,75,"DC, Warner Bros. Animation","Lauren Montgomery, Bruce Timm, Brandon Vietti","Adam Baldwin, Anne Heche, James Marsters, John DiMaggio, Swoosie Kurtz"
14830,tt0910865,Doctor Strange,Doctor Strange,2007-08-14,4.2828,6.741,357,"[28, 16, 14, 878]",en,0,0,76,"MLG Productions 4, Lionsgate, Marvel Studios","Jay Oliva, Dick Sebast, Patrick Archibald","Bryce Johnson, Paul Nakauchi, Kevin Michael Richardson, Michael Yama, Susan Spano"
35854,tt0992911,Flash Point,導火線,2007-07-26,3.6864,7.0,383,[28],cn,8000000,6177725,88,"Mandarin Films, China Film Co-Production, Beijing Enlight Pictures, Bona Film Group, Kantana Studios",Wilson Yip,"Donnie Yen, Louis Koo, Collin Chou, Ray Lui, Fan Bingbing"
114372,tt1135522,Fist of the North Star: Legend of Raoh - Chapter of Fierce Fighting,真救世主伝説 北斗の拳 ラオウ伝 激闘の章,2007-04-28,4.2411,6.5,82,"[28, 16, 12, 10749]",ja,0,0,95,"TMS Entertainment, DesperaDo",Toshiki Hirano,"Hiroshi Abe, Takashi Ukaji, Yuriko Ishida, Nobuaki Kakuda, Ko Shibasaki"
4787,tt0795493,Cassandra's Dream,Cassandra's Dream,2007-10-31,4.3594,6.313,854,"[80, 18, 53]",en,15000000,22687639,108,"Virtual Studios, Iberville Productions, Wild Bunch",Woody Allen,"Colin Farrell, Ewan McGregor, Hayley Atwell, Sally Hawkins, Tom Wilkinson"
13647,tt0903135,The Invincible Iron Man,The Invincible Iron Man,2007-01-23,3.9117,6.135,274,"[12, 16, 28, 14, 878]",en,0,0,83,"MLG Productions 3, Marvel Studios, Lionsgate, Marvel Entertainment","Frank Paur, Jay Oliva, Patrick Archibald","Marc Worden, Gwendoline Yeo, John McCook, Fred Tatasciore, Elisa Gabrielli"
9815,tt0473360,Goal II: Living the Dream,Goal II: Living the Dream,2007-02-09,4.4209,5.955,715,[18],en,10000000,7864905,115,"Impala, Milkshake Films, Lawrence Bender Productions, Scion Films",Jaume Collet-Serra,"Kuno Becker, Stephen Dillane, Anna Friel, Alessandro Nivola, Elizabeth Peña"
409957,tt1127349,Su mercé,Su mercé,2007-01-01,3.4809,5.0,3,[],en,0,0,49,,Isabel Muñoz,
13525,tt0428579,Suburban Girl,Suburban Girl,2007-04-27,4.2514,5.5,166,"[35, 18, 10749]",en,0,0,97,OddLot Entertainment,Marc Klein,"Sarah Michelle Gellar, Alec Baldwin, Maggie Grace, James Naughton, Vanessa Branch"
10425,tt0473188,The Death and Life of Bobby Z,The Death and Life of Bobby Z,2007-07-23,3.7629,6.2,413,"[18, 28, 53, 80]",en,22000000,413454,97,"Eclectic Pictures, Millennium Media",John Herzfeld,"Paul Walker, Laurence Fishburne, Olivia Wilde, Jason Lewis, Michael Bowen"
10748,tt0964587,St Trinian's,St Trinian's,2007-12-21,4.2673,5.926,508,"[35, 10751]",en,14000000,29066483,101,"Ealing Studios, Fragile Films, Entertainment Film Distributors, UK Film Council","Barnaby Thompson, Oliver Parker","Talulah Riley, Rupert Everett, Gemma Arterton, Colin Firth, Lena Headey"
5353,tt0455782,The Hunting Party,The Hunting Party,2007-09-03,4.0386,6.477,364,"[28, 12, 53, 18]",en,15000000,7600000,101,Intermedia Films,Richard Shepard,"Richard Gere, Terrence Howard, Jesse Eisenberg, Dylan Baker, Mark Ivanir"
13910,tt0472071,Death Defying Acts,Death Defying Acts,2007-09-13,4.4276,5.9,287,"[18, 10749]",en,20000000,8380329,97,"BBC Film, Australian Film Finance Corporation, Myriad Pictures, Zephyr Films, MacGowan Films",Gillian Armstrong,"Catherine Zeta-Jones, Guy Pearce, Timothy Spall, Saoirse Ronan, Malcolm Shields"
9750,tt0424823,Balls of Fury,Balls of Fury,2007-08-29,4.2708,5.32,619,"[35, 80]",en,0,41098065,90,"Rogue Pictures, Intrepid Pictures, Spyglass Entertainment, Rogue Films",Robert Ben Garant,"Dan Fogler, Christopher Walken, George López, Maggie Q, James Hong"
489725,tt2569470,North Dragon,Põhjakonn,2007-11-24,3.5695,4.0,1,[16],et,0,0,13,Nukufilm,Riho Unt,"Robert Annus, Riina Maidre, Lee Trei, Anne Paluver, Andres Oja"
130442,tt1094621,The Beloved,L'aimée,2007-01-04,3.7054,5.8,8,[99],en,0,0,70,Why Not Productions,Arnaud Desplechin,"Arnaud Desplechin, Robert Desplechin, Fabrice Desplechin, Joseph Desplechin, David Desplechin"
14313,tt0800027,Feast of Love,Feast of Love,2007-09-28,4.4338,6.199,271,"[10749, 18]",en,0,3504875,101,"Revelations Entertainment, Lakeshore Entertainment, Metro-Goldwyn-Mayer, GreeneStreet Films",Robert Benton,"Morgan Freeman, Greg Kinnear, Radha Mitchell, Billy Burke, Selma Blair"
4629,tt0465436,December Boys,December Boys,2007-09-14,4.2002,6.035,216,"[18, 10749]",en,4000000,1200000,105,"Becker Entertainment, Village Roadshow Pictures",Rod Hardy,"Daniel Radcliffe, Lee Cormie, Christian Byers, James Fraser, Jack Thompson"
2011,tt0808417,Persepolis,Persepolis,2007-06-27,4.1431,7.878,2244,"[16, 18]",fr,7300000,22783990,95,"Société des Producteurs de L'Angoa, Sony Pictures Classics, PROCIREP, Soficinéma, France 3 Cinéma, Diaphana Films, Sofica EuropaCorp, Celluloid Dreams, The Kennedy/Marshall Company, La Région Île-de-France, Fondation GAN pour le Cinéma, 2.4.7. Films, French Connection Animations, CNC","Vincent Paronnaud, Marjane Satrapi","Chiara Mastroianni, Danielle Darrieux, Catherine Deneuve, Simon Abkarian, Gabrielle Lopes Benites"
414843,tt0991004,Brave Dance,Brava Dança,2007-03-08,3.0567,9.0,2,[99],pt,0,0,79,"Nervo, Filmes do Tejo, A Ventura Humana","José Francisco Pinheiro, Jorge Pereirinha Pires","Paulo Pedro Gonçalves, Carlos Maria Trindade, Pedro Ayres Magalhães, Rui Pregal da Cunha, António José Almeida"
7249,tt0471711,Futurama: Bender's Big Score,Futurama: Bender's Big Score,2007-11-27,4.1852,7.379,788,"[16, 35, 878, 10749]",en,0,0,89,"The Curiosity Company, 20th Century Fox Television",Dwayne Carey-Hill,"Billy West, Katey Sagal, John DiMaggio, Phil LaMarr, Tress MacNeille"
16873,tt0858486,Battle for Terra,Battle for Terra,2007-09-06,3.7558,6.129,318,"[28, 12, 16, 878]",en,4000000,6101046,85,"MeniThings Productions, Snoot Entertainment, IM Global",Aristomenis Tsirbas,"Evan Rachel Wood, Brian Cox, James Garner, Chris Evans, Danny Glover"
14047,tt0427309,The Great Debaters,The Great Debaters,2007-12-25,3.7533,7.274,743,[18],en,15000000,30226144,126,"Marshall Production, The Weinstein Company, Harpo Films",Denzel Washington,"Denzel Whitaker, Denzel Washington, Nate Parker, Jurnee Smollett-Bell, Forest Whitaker"
1845,tt0841044,2 Days in Paris,2 Days in Paris,2007-02-09,3.7525,6.256,438,"[35, 10749]",en,0,19776159,96,"3L Filmproduktion, Polaris Film Productions, Tempête Sous Un Crâne Productions, Rezo Productions",Julie Delpy,"Julie Delpy, Adam Goldberg, Daniel Brühl, Adan Jodorowsky, Alexandre Nahon"
838365,tt10478058,Cloud,除却巫山,2007-06-27,3.7487,1.0,2,"[18, 10749]",zh,0,0,0,,,"Diana Pang Dan, Deng Jiajia"
2274,tt0484562,The Seeker: The Dark Is Rising,The Seeker: The Dark Is Rising,2007-10-05,3.7457,5.43,456,"[12, 18, 14, 10751, 53]",en,45000000,31852619,99,"Marc Platt Productions, Walden Media, 20th Century Fox",David L. Cunningham,"Alexander Ludwig, Ian McShane, Christopher Eccleston, Gregory Smith, Wendy Crewson"
15019,tt0466839,I Could Never Be Your Woman,I Could Never Be Your Woman,2007-05-11,3.7418,5.855,468,"[35, 18, 10749]",en,24000000,9576495,97,"Bauer Martinez Studios, Templar Production, Lucky 7 Productions, Formula Films, The Weinstein Company",Amy Heckerling,"Michelle Pfeiffer, Paul Rudd, Saoirse Ronan, Stacey Dash, Sarah Alexander"
2728,tt0486640,Postal,Postal,2007-10-18,3.7382,4.653,406,"[35, 28, 53]",en,15000000,146741,100,"Running With Scissors, Boll Kino Beteiligungs GmbH & Co. KG, Pitchblack Pictures, Vincent Pictures, Taurus Film, Kinostar, EuroVideo Medien GmbH, Vivendi Entertainment, Freestyle Releasing",Uwe Boll,"Zack Ward, Dave Foley, Chris Coppola, Jackie Tohn, J.K. Simmons"
17317,tt0910934,Urban Justice,Urban Justice,2007-10-21,3.7333,5.119,130,"[80, 28, 53]",en,12000000,0,96,"Hood to Hood Productions, Sony Pictures Home Entertainment, XIT Financial Group, Steamroller Productions",Don E. FauntLeRoy,"Steven Seagal, Eddie Griffin, Kirk B.R. Woller, Carmen Serano, Liezl Carstens"
13492,tt0814685,Frontier(s),Frontière(s),2007-07-01,3.7323,6.192,829,"[18, 27, 28, 53]",fr,3000000,0,108,"Chemin Vert, Cartel Productions, EuropaCorp, Pacific Films, BR Films",Xavier Gens,"Samuel Le Bihan, Chems Dahmani, Karina Testa, Aurélien Wiik, Patrick Ligardes"
14148,tt0473356,The Flock,The Flock,2007-08-04,3.724,5.652,288,"[80, 18, 9648, 53]",en,35000000,7155358,105,"Lucky 50 Productions, Double Nickel Entertainment, Templar Production, Bauer Martinez Studios, Gibraltar Films, Basic Pictures",Andrew Lau Wai-Keung,"Richard Gere, Claire Danes, KaDee Strickland, Ray Wise, Russell Sams"
280500,,North & South,North & South,2007-01-01,3.7213,0.0,0,[],en,0,0,139,,Theodore Anyanji,"Chiwetalu Agu, Patience Ozokwor, Nkiru Sylvanus, Ngozi Evuka, Ken Eric"
17097,tt0465375,After Sex,After Sex,2007-09-26,3.7213,5.496,258,"[35, 10749, 18]",en,825000,0,77,"Supino Pictures, NALA Films",Eric Amadio,"Marc Blucas, Jose Pablo Cantillo, Emmanuelle Chriqui, James DeBello, Noel Fisher"
1093836,,Unchained Beauty,Óbeisluð fegurð,2007-10-05,3.7212,0.0,0,[99],is,0,0,57,,"Hrafnhildur Gunnarsdóttir, Tina Naccache",
8079,tt1024943,Om Shanti Om,ओम शांति ओम,2007-11-07,3.7185,7.1,420,"[35, 53, 18]",hi,9100000,37707444,169,"Red Chillies Entertainment, Eros International",Farah Khan,"Shah Rukh Khan, Deepika Padukone, Arjun Rampal, Kirron Kher, Shreyas Talpade"
8270,tt0427470,The Lookout,The Lookout,2007-03-09,3.699,6.649,734,"[80, 18, 53]",en,16000000,5367030,99,"Spyglass Entertainment, Miramax",Scott Frank,"Joseph Gordon-Levitt, Jeff Daniels, Matthew Goode, Isla Fisher, Carla Gugino"
71664,tt0926174,Nosedive,Zuhanórepülés,2007-05-17,3.6819,3.333,3,[80],hu,1150000,0,0,Mega Film,Erik Novák,"Zsolt Nagy, Baranyai Vera, Levente Törköly, Dorka Gryllus, Sándor Csányi"
16657,tt0841150,Protégé,門徒,2007-02-13,3.6816,6.8,120,"[18, 53]",cn,0,0,106,"MediaCorp Raintree Pictures, Artforce International, Beijing Jinyinma Movie & TV Culture Co., Bona Film Group, China Film Group Corporation, Film Unlimited, Kantana Studios, Salon Films",Derek Yee Tung-Sing,"Andy Lau, Daniel Wu, Louis Koo, Zhang Jingchu, Anita Yuen Wing-Yee"
1240374,,Libro nero,Libro nero,2007-01-01,3.6775,0.0,0,[],fr,0,0,0,,Daniela de Felice,
13258,tt0845046,Son of Rambow,Son of Rambow,2007-01-22,3.6765,6.728,506,[35],en,4913400,10871449,95,"Celluloid Dreams, Good, ARTE France Cinéma, Network Movie, Hammer & Tongs, Reason Pictures, Paramount Vantage",Garth Jennings,"Bill Milner, Will Poulter, Jessica Hynes, Jules Sitruk, Neil Dudgeon"
293070,tt1371714,The Grain,O Grão,2007-10-25,3.6707,7.0,3,[18],pt,200000,0,88,Iluminura Filmes,Petrus Cariry,"Leuda Bandeira, Veronica Cavalcanti, Nanego Lira, Kelvya Maia, Luís Felipe Ferreira"
5708,tt0421082,Control,Control,2007-09-12,4.0774,7.503,966,[18],en,5000000,8200000,122,"NorthSee, EM Media, 3 Dogs & a Pony, IFF/CINV",Anton Corbijn,"Sam Riley, Samantha Morton, Alexandra Maria Lara, Joe Anderson, Toby Kebbell"
320456,tt0910941,The Yakiniku Movie: Bulgogi,THE 焼肉 MOVIE プルコギ,2007-05-05,3.4569,5.5,2,"[35, 18]",ja,0,0,116,,Su-yeon Gu,"Ryuhei Matsuda, Yu Yamada, Arata Iura, Ai Maeda, Kaori Momoi"
14704,tt0419704,Donkey X,Donkey Xote,2007-12-05,3.8596,5.4,85,"[10751, 12, 16]",es,18000000,7365250,84,"Lumiq Studios, Bren Entertainment, Filmax Animation, Green Publicidad y Medios",Jose Pozo,"David Fernández, Andreu Buenafuente, José Luis Gil, Sancho Gracia, Luis Posada"
17038,tt0974583,Lake Placid 2,Lake Placid 2,2007-04-28,3.8973,4.866,265,"[27, 878]",en,2500000,0,88,"Sony Pictures Home Entertainment, 20th Century Fox Home Entertainment, Sci-Fi Channel, Unified Film Organization",David Flores,"John Schneider, Sam McMurray, Sarah Lafleur, Chad Michael Collins, Alicia Ziegler"
39961,tt1139111,The Land Before Time XIII: The Wisdom of Friends,The Land Before Time XIII: The Wisdom of Friends,2007-11-27,4.715,6.121,186,"[16, 10751, 12]",en,0,0,76,Universal Animation Studios,"Jamie Mitchell, Charles Grosvenor","Cody Arens, Logan Arens, Jeff Bennett, Anndi McAfee, Aria Noelle Curzon"
2239,tt0466816,Hallam Foe,Hallam Foe,2007-08-30,3.9445,6.672,192,"[18, 35, 53]",en,8000000,2149799,95,"Film4 Productions, Ingenious Film Partners, Scottish Screen, Sigma Films",David Mackenzie,"Jamie Bell, Sophia Myles, Ciarán Hinds, Claire Forlani, Jamie Sives"
14211,tt0468536,Prey,Prey,2007-05-18,4.2735,5.807,425,"[12, 27, 53]",en,0,3643652,92,"Anant Singh Production, Videovision Entertainment, Distant Horizon, Ingenious Media",Darrell James Roodt,"Bridget Moynahan, Peter Weller, Carly Schroeder, Jamie Bartlett, Conner Dowds"
13491,tt0837106,Arn: The Knight Templar,Arn: Tempelriddaren,2007-12-25,4.4398,6.3,322,"[28, 12, 18, 10749]",sv,25000000,0,139,"YLE, DR, Telepool, TV4, SF Norge, Molinare Studios, SF Studios, Juonifilmi, Arion Communications Ltd., Sheba Films, Europa Sound Production, Film i Väst, Dagsljus Filmequipment, Tju Bang Film, TV 2",Peter Flinth,"Joakim Nätterqvist, Sofia Helin, Stellan Skarsgård, Michael Nyqvist, Mirja Turestedt"
10822,tt0379976,Savage Grace,Savage Grace,2007-07-04,3.1361,5.667,227,[18],en,4600000,1432799,97,"Montfort Producciones, Killer Films, Celluloid Dreams, ATO Pictures, 120dB Films, A Contraluz Films, Videntia Frames, John Wells Productions",Tom Kalin,"Julianne Moore, Stephen Dillane, Eddie Redmayne, Anne Reid, Elena Anaya"
20411,tt0783598,Until Death,Until Death,2007-01-19,3.8213,5.965,243,"[28, 53, 80]",en,10000000,0,106,"Nu Image, Millennium Media, Signature Entertainment, Euroimage EOOD, Absolut Film Management, M7 Productions",Simon Fellows,"Jean-Claude Van Damme, Selina Giles, Stephen Rea, William Ash, Stephen Lord"
24351,tt0783518,Flight of Fury,Flight of Fury,2007-02-20,3.8893,4.104,96,[28],en,12000000,0,98,"Steamroller Productions, Castel Film, Clubdeal",Michael Keusch,"Steven Seagal, Steve Toussaint, Angus MacInnes, Mark Bazeley, Ciera Payton"
14043,tt0479500,Nancy Drew,Nancy Drew,2007-06-15,3.8031,6.1,564,"[10751, 12, 80, 9648, 35]",en,20000000,30715465,99,"Jerry Weintraub Productions, Virtual Studios, Warner Bros. Pictures",Andrew Fleming,"Emma Roberts, Max Thieriot, Josh Flitter, Rachael Leigh Cook, Kay Panabaker"
20342,tt1037850,Secret,不能說的秘密,2007-07-27,3.3797,7.536,208,"[14, 18, 53]",zh,0,9000000,101,"Zoom Hunt, Black & White Keys Production, Edko Films, Sil-Metropole Organisation",Jay Chou,"Jay Chou, Gwei Lun-Mei, Anthony Wong Chau-Sang, Su Ming-Ming, Alice Tzeng"
38051,tt0905357,Normal,Normal,2007-09-10,4.0459,5.189,37,[18],en,2500000,0,100,"Head Gear Films, Normal Film Company, The, Raven West Films, Submission Films, Metrol Technology",Carl Bessai,"Carrie-Anne Moss, Kevin Zegers, Callum Keith Rennie, Andrew Airlie, Tygh Runyan"
19126,tt0404163,Even Money,Even Money,2007-03-13,3.5576,5.551,79,"[80, 18]",en,0,111974,113,"Yari Film Group, Three Wolves Productions, Jump Shot Productions, ApolloScreen Filmproduktion GmbH & Co. Filmproduktion KG, ApolloProScreen Filmproduktion, ApolloMedia, Bob Yari Productions",Mark Rydell,"Kim Basinger, Kelsey Grammer, Forest Whitaker, Nick Cannon, Ray Liotta"
5393,tt0308353,Happily N'Ever After,Happily N'Ever After,2007-01-05,4.3417,5.1,453,"[12, 16, 35, 10751, 14]",en,47000000,38100000,87,"Lionsgate, Vanguard Animation, Odyssey Entertainment, BAF Berlin Animation Film, BFC Berliner Film Companie",Paul Bolger,"George Carlin, Andy Dick, Sarah Michelle Gellar, Lisa Kaplan, Michael McShane"
13257,tt0419984,Mr. Woodcock,Mr. Woodcock,2007-09-14,4.6624,5.081,499,"[35, 10749]",en,22000000,33700000,87,"Landscape Entertainment, Avery Pix",Craig Gillespie,"Billy Bob Thornton, Seann William Scott, Susan Sarandon, Amy Poehler, Ethan Suplee"
13354,tt1097636,"Chill Out, Scooby-Doo!","Chill Out, Scooby-Doo!",2007-08-31,4.063,7.4,295,"[10751, 35, 16, 12, 9648]",en,0,0,73,"Hanna-Barbera Cartoons, Warner Bros. Animation, Cartoon Network Movies",Joe Sichta,"Frank Welker, Casey Kasem, Grey DeLisle, Mindy Cohn, Kim Mai Guest"
531427,tt4850236,Balloons,Balloons,2007-01-01,3.3002,0.0,0,"[16, 35]",en,0,0,1,ONF | NFB,Jonas Brandão,
639508,tt1299383,The Kidnapping,El Secuestro,2007-01-01,3.282,5.0,1,[18],es,0,0,88,,Chemi Romero,"Irán Castillo, Alejandra Adame, Valentín Trujillo Jr., Leticia Valenzuela"
324566,tt1590112,Lumières Noires,Lumières Noires,2007-02-09,3.0271,10.0,1,[99],fr,0,0,0,"Entracte Productions, France 2, (RFI) Radio France internationale",Bob Swaim,"Aimé Césaire, Edouard Glissant, René Depestre"
1919,tt0491747,Away from Her,Away from Her,2007-05-04,3.5381,7.0,249,"[18, 10749]",en,3000000,9194283,110,"Foundry Films, Capri Releasing, HanWay Films, Echo Lake Entertainment, Corus Entertainment, Pulling Focus Pictures, The Film Farm",Sarah Polley,"Gordon Pinsent, Julie Christie, Michael Murphy, Olympia Dukakis, Kristen Thomson"
80797,tt1206585,Winx Club: The Secret of the Lost Kingdom,Winx Club - Il segreto del regno perduto,2007-11-29,3.6563,7.3,242,"[14, 16, 10751]",it,0,16688332,85,"Rai Fiction, Rainbow, Brain Zoo Studios",Iginio Straffi,"Letizia Ciampa, Perla Liberatori, Ilaria Latini, Gemma Donati, Domitilla D'Amico"
324411,,Sperm Palace,Seishi Kyû,2007-01-01,3.2855,0.0,0,[],ja,0,0,14,,Kyoichi Tsuzuki,
1376788,tt1611044,Fur Fatale,Fur Fatale,2007-01-01,3.2466,0.0,0,[27],en,0,0,5,The Giallo Frogs,Lindsay Denniberg,"Brittany Morris, Kate Shults"
13243,tt0790623,Meet Bill,Meet Bill,2007-09-07,4.1633,6.055,365,"[35, 18, 10749]",en,5000000,346592,93,"Eclipse Catering, GreeneStreet Films","Melisa Wallack, Bernie Goldmann","Aaron Eckhart, Jessica Alba, Elizabeth Banks, Logan Lerman, Kristen Wiig"
19580,tt0800328,The Dukes of Hazzard: The Beginning,The Dukes of Hazzard: The Beginning,2007-03-04,3.9836,6.15,233,"[28, 12, 35, 10770]",en,5000000,0,95,"Warner Premiere, Gerber Pictures, Hollywood Media Bridge",Robert Berlinger,"Jonathan Bennett, Randy Wayne, April Scott, Joel David Moore, Harland Williams"
17925,tt0871512,Disengagement,Désengagement,2007-09-07,4.0165,4.929,14,[18],fr,0,0,115,"Agav Hafakot, AGAV Films, Agat Films & Cie / Ex Nihilo",Amos Gitai,"Juliette Binoche, Jeanne Moreau, Barbara Hendricks, Liron Levo, Hiam Abbass"
1389971,,Common Ground: Under Construction Notes,Common Ground: Under Construction Notes,2007-09-30,3.3142,10.0,1,[99],es,0,0,96,"Ollin Studio, Babel Productions Inc.","Carlos Armella, Pedro González-Rubio","Alejandro G. Iñárritu, Rodrigo Prieto, Hiam Abbass, Brad Pitt, Cate Blanchett"
15403,tt1146431,Ben 10: Secret of the Omnitrix,Ben 10: Secret of the Omnitrix,2007-08-10,3.9214,7.449,285,"[16, 878, 10751, 10770, 28, 12]",en,0,0,71,"Cartoon Network Studios, Man of Action Entertainment, Cartoon Network Movies","Scooter Tidwell, Sebastian Montes","Tara Strong, Meagan Moore, Paul Eiding, Richard McGonagle, Robert David Hall"
444813,tt2657418,Ties,Laços,2007-11-09,3.1962,8.0,1,[],pt,0,0,7,,Flávia Lacerda,"Clarice Falcão, Célio Porto, Jô Abdu"
85991,tt0499034,Echoes of Home,Heimatklänge,2007-02-13,3.5428,6.857,7,[99],de,0,0,82,,Stefan Schwietert,"Erika Stucky, Noldi Alder, Christian Zehnder"
510560,,The Gipsy Baron,Der Zigeunerbaron,2007-09-27,3.3212,0.0,0,[],de,0,0,130,,,"Peter Edelmann, Martina Serafin, Heinz Zednik, Harrie van der Plas"
45064,tt1034311,Hating Gothenburg,Hata Göteborg,2007-05-04,3.6346,6.154,13,"[18, 35]",sv,0,0,83,Green Jacket Productions,Robert Lillhonga,"Andreas Karoliussen, Nicolaj Schröder, Magnus Skog, Alexander Stocks, Melker Henningsson"
10758,tt0473308,Waitress,Waitress,2007-05-25,3.4002,6.705,585,"[18, 35, 10749]",en,1500000,22240529,105,Night & Day Pictures,Adrienne Shelly,"Keri Russell, Nathan Fillion, Andy Griffith, Cheryl Hines, Adrienne Shelly"
5857,tt0897361,I Know Who Killed Me,I Know Who Killed Me,2007-07-27,3.8823,4.4,406,"[53, 27, 9648]",en,12000000,9620399,106,"360 Pictures, TriStar Pictures, Summit Entertainment",Chris Sivertson,"Lindsay Lohan, Julia Ormond, Neal McDonough, Garcelle Beauvais, Spencer Garrett"
29362,tt0446752,Full of It,Full of It,2007-03-01,3.972,5.446,149,"[35, 10751, 18]",en,0,859513,91,"New Line Cinema, Relativity Media",Christian Charles,"Ryan Pinkston, Kate Mara, Teri Polo, Craig Kilborn, John Carroll Lynch"
14547,tt0800003,Delta Farce,Delta Farce,2007-05-11,3.7932,4.626,174,"[35, 28, 12]",en,12,0,90,"Shaler Entertainment Pictures, Lions Gate Films, Sleeping Marmots Production, Parallel Entertainment Pictures, Samwilla Productions",C.B. Harding,"Larry the Cable Guy, Bill Engvall, DJ Qualls, Christina Moore, Danny Trejo"
234738,tt6448596,Joyful Youth,Neşeli Gençlik,2007-02-09,3.0288,5.0,1,[],tr,0,0,95,,Mesut Taner,"Boran Etili, Ceyhun Fersoy, Cantuğ Candar, Selim Yakar, Hazel Atasever"
152778,tt9544102,Norwegian Seamen,Norske Sjøfolk,2007-01-01,3.2329,8.0,1,[99],no,0,0,51,Sjøfartsfilm AS,Eilert Munch Lund,"Totto Osvold, Sturla Berg-Johansen, Liv Ullmann, Eilert Munch Lund, Peter Michael Lund"
2359,tt0386032,Sicko,Sicko,2007-05-18,3.8823,7.354,809,"[99, 35, 18]",en,9000000,24538513,123,"The Weinstein Company, Dog Eat Dog Films",Michael Moore,"Michael Moore, Tony Benn, Tucker Albrizzi, Reggie Cervantes, John Graham"
1989,tt0765120,My Blueberry Nights,藍莓之夜,2007-11-28,3.543,6.4,868,"[18, 10749]",cn,10000000,21800000,95,"Block 2 Pictures, StudioCanal, Jet Tone Production",Wong Kar-Wai,"Norah Jones, Jude Law, David Strathairn, Rachel Weisz, Natalie Portman"
15986,tt0458072,Provoked,Provoked,2007-04-06,3.5432,6.7,24,[18],en,0,0,105,,Jag Mundhra,"Aishwarya Rai Bachchan, Miranda Richardson, Naveen Andrews, Nandita Das, Robbie Coltrane"
13061,tt1134859,Your Friend the Rat,Your Friend the Rat,2007-11-06,3.6878,6.783,407,"[16, 10751, 35]",en,0,0,11,Pixar,Jim Capobianco,"Patton Oswalt, Peter Sohn, Lou Romano, Jim Capobianco, John Ratzenberger"
11910,tt0765458,Hogfather,Hogfather,2007-10-12,3.6102,6.832,188,"[14, 10770]",en,9364800,0,185,"The Mob, RHI Entertainment",Vadim Jean,"David Jason, Marc Warren, Michelle Dockery, David Warner, Tony Robinson"
4250,tt0808425,Pornorama,Pornorama,2007-10-11,3.0648,5.557,35,[35],de,0,0,94,"Erfttal Film, Sommer 69 Film, Constantin Film",Marc Rothemund,"Benno Fürmann, Tom Schilling, Karoline Herfurth, Elke Winkens, Michael Gwisdek"
1037151,,Accidental Morning,Accidental Morning,2007-07-29,2.8676,0.0,0,[35],en,0,0,10,"Outside the Box Productions, HATTheatre","Nick Schapiro, Dylan Goodwin","Mike Dunn, Andrew Cothern, Sarah Woods, Casey Scallion, Jil Wilson-Robinson"
7862,tt0813547,The Counterfeiters,Die Fälscher,2007-03-22,8.2207,7.379,714,"[18, 10752]",de,6250000,20200000,98,"FilmFörderung Hamburg, Studio Babelsberg, Babelsberg Film, Magnolia Filmproduktion, ZDF, Aichholzer Film, Studio Babelsberg Motion Pictures",Stefan Ruzowitzky,"Karl Markovics, August Diehl, Devid Striesow, Martin Brambach, August Zirner"
360110,tt0830981,With a Little Patience,Türelem,2007-02-05,2.8111,7.167,15,[18],hu,0,0,14,,László Nemes,"Virág Marjai, Attila Menszátor-Héresz, Éva Kelényi, Kálmán Kovács, Endre Ferenczy"
326501,tt11162808,Sábado À Noite,Sábado À Noite,2007-01-05,3.1023,0.0,0,[99],pt,0,0,62,Alumbramento,Ivo Lopes Araújo,
1425237,tt1313089,American Boy,American Boy,2007-01-01,3.1535,0.0,0,[35],en,0,0,93,Rabi Videos,Samuel Nyamekye,"Abi Adatsi, Psalm Adjeteyfio, Morris Owusu Appiah, Nadia Buari, Emma Dickson"
286999,tt1097210,Those Three,An Seh,2007-08-16,3.2308,0.0,0,[18],fa,0,0,77,,Naghi Nemati,"Esmail Movahedi, Yousef Yazdani"
14397,tt0435528,Whisper,Whisper,2007-11-27,3.5341,6.338,327,"[27, 53]",en,12000000,5285197,94,"Universal Pictures, Gold Circle Films, H2F Entertainment, Yukon Film Incentive Program, Mandate International",Stewart Hendler,"Blake Woodruff, Josh Holloway, Sarah Wayne Callies, Michael Rooker, Julian Christopher"
383958,tt1010404,Höllenangst,Höllenangst,2007-04-07,2.9479,0.0,0,[18],de,0,0,0,,Felix Breisach,"Alexandra Henkel, Johannes Krisch, Dietmar König, Nicholas Ofczarek, Caroline Peters"
1486227,tt1085417,Girl Camp,Girl Camp,2007-09-15,3.1213,0.0,0,[35],en,0,0,0,Chubby Camp Productions,G. Lewis Heslet,"Annie Girard, Jessie McNamara, Sam Witwer, Melissa Peterman, Lance Bass"
410586,tt0954345,The Rain,Regnet,2007-01-24,3.1607,6.0,1,[],sv,0,0,28,Filmlance International,Pontus Lidberg,"Alicia Vikander, Yvan Auzely, Malin Levanon, Filip Gauffin, Giovanni Bucchieri"
8954,tt0831884,Reservation Road,Reservation Road,2007-09-13,3.5707,6.518,421,"[18, 80, 53]",en,0,1783064,102,"Nick Wechsler/Miracle Pictures, Volume One Entertainment, Miracle Pictures",Terry George,"Joaquin Phoenix, Jennifer Connelly, Elle Fanning, Sean Curley, Mark Ruffalo"
657905,tt0816231,Song of Goodbye,22才の別れ Lycoris 葉見ず花見ず物語,2007-08-18,3.1358,5.0,1,[18],ja,0,0,119,,Nobuhiko Obayashi,"Toshio Kakei, Seina Suzuki, Misa Shimizu, Yōko Minamida, Tomokazu Miura"
14396,tt0462229,Code Name: The Cleaner,Code Name: The Cleaner,2007-01-05,4.2843,5.142,275,"[28, 35, 80]",en,20000000,10337477,84,New Line Cinema,Les Mayfield,"Cedric the Entertainer, Nicollette Sheridan, Niecy Nash, Mark Dacascos, Lucy Liu"
822788,,Premrog,প্রেমরোগ,2007-05-31,2.8667,3.5,2,"[10749, 18, 28]",bn,12000,15000,179,Eskay Movies,Parthasarathi Joarddar,"Sudip Mukherjee, Meghna Haldar, Suman Bannerjee, Mrinal Mukherjee, Ashok Mukherjee"
2009,tt1032846,"4 Months, 3 Weeks and 2 Days","4 luni, 3 săptămâni și 2 zile",2007-08-24,3.5874,7.542,848,[18],ro,852510,1185783,114,"Saga Film, Mobra Films, CNC",Cristian Mungiu,"Anamaria Marinca, Laura Vasiliu, Vlad Ivanov, Alexandru Potocean, Luminița Gheorghiu"
505181,tt1018700,El Corazón,El Corazón,2007-04-01,2.4505,0.0,0,[99],es,0,0,0,,Diego García Moreno,
938674,tt6278278,Goddesses,Dhevathaigal,2007-06-01,2.8733,7.0,1,[99],ta,0,0,42,,Leena Manimekalai,
69315,tt0991178,Battlestar Galactica: Razor,Battlestar Galactica: Razor,2007-11-12,3.6639,7.175,479,"[878, 28, 18, 53, 10770]",en,0,0,88,"David Eick Productions, R&D TV, USA Cable Entertainment, Universal Television",Félix Alcalá,"Michelle Forbes, Stephanie Jacobsen, Graham Beckel, Jamie Bamber, Edward James Olmos"
39824,tt0961088,While the Children Sleep,While the Children Sleep,2007-09-16,3.4026,5.138,29,"[27, 53, 10770, 9648]",en,0,0,90,,Russell Mulcahy,"Gail O'Grady, William R. Moses, Mariana Klaveno, Madison Davenport, Tristan Lake Leabu"
11600,tt0937237,Redacted,Redacted,2007-11-16,3.4152,6.0,193,"[10752, 18]",en,5000000,782102,90,"HDNet Films, The Film Farm",Brian De Palma,"Izzy Diaz, Rob Devaney, Ty Jones, Anas Wellman, Mike Figueroa"
674354,tt1027086,Slow Mirror,Lassú tükör,2007-02-02,2.9758,8.0,1,[],hu,0,0,86,,"Ivan Buharov, Kornél Szilágyi",
3877,tt0469623,Things We Lost in the Fire,Things We Lost in the Fire,2007-09-26,3.6984,6.623,401,[18],en,16000000,2849142,113,"Neal Street Productions, DreamWorks Pictures",Susanne Bier,"Halle Berry, Benicio del Toro, David Duchovny, Alison Lohman, Omar Benson Miller"
296393,tt1068642,Caparaó,Caparaó,2007-06-08,2.9044,8.0,1,"[99, 36, 10752]",pt,0,0,77,,Flávio Frederico,
1048865,tt1117521,Indo.doc,Indo.doc,2007-01-01,3.1749,0.0,0,[],en,0,0,72,,"Leondre Campos, André Pires","Bruno Pesca, Elísio Tiuba, Leondre Campos"
73130,tt0467959,Hotel Tívoli,Hotel Tívoli,2007-05-04,2.791,4.667,3,[],en,0,0,112,,Antón Reixa,"Ginés García Millán, Luis Tosar, Adolfo Fernández, Marta Larralde, Judith Diakhate"
251277,tt0487547,Argentina Beat,Argentina Beat,2007-05-04,3.2383,10.0,1,[99],es,0,0,120,,Hernán Gaffet,"Lalo Mir, Litto Nebbia, Moris, Pipo Lernoud, Pajarito Zaguri"
59466,tt1122576,Белая стрела,Белая стрела,2007-12-16,3.0507,5.5,2,"[80, 28, 18, 10770]",ru,0,0,0,"Intra Communications, Inc",Aleksandr Burtsev,"Sergey Makhovikov, Vladislav Yurchenkevich, Aleksey Shutov, Vitaliy Kovalenko, Vladimir Artyomov"
13204,tt0817910,Hellboy Animated: Blood and Iron,Hellboy Animated: Blood and Iron,2007-03-10,2.9437,6.349,156,"[16, 14, 27, 28, 53, 878, 10770]",en,0,0,75,"IDT Entertainment, Film Roman","Tad Stones, Victor Cook","Ron Perlman, Selma Blair, Doug Jones, John Hurt, Peri Gilpin"
33932,tt0263265,Shortcut to Happiness,Shortcut to Happiness,2007-07-13,3.7378,5.588,193,"[14, 35, 18]",en,0,0,102,"Yari Film Group, El Dorado Pictures, Miracle Entertainment",Alec Baldwin,"Alec Baldwin, Jennifer Love Hewitt, Anthony Hopkins, Dan Aykroyd, Kim Cattrall"
550687,tt0466445,Déjà Vu,Främmande,2007-03-06,3.1337,8.0,2,[18],sv,0,0,82,Film Produktion,Markus Widegren,"Sandy Mansson, Michael Mansson, Christian Magdu, Robert Arlinder, Maria Plahn"
244821,tt1464533,Father Knows...,Father Knows...,2007-10-31,2.9621,3.063,8,[10749],en,0,0,76,Hornbill Films,Toby Ross,"Luke Aulwurm, Cort Donovan, Efrain Gonzalez Jr., Carl Goodkin, Jon Brockelman"
14432,tt0446463,The Secret,Si j'étais toi,2007-10-10,3.4305,6.0,84,"[18, 10749]",fr,0,0,92,EuropaCorp,Vincent Perez,"David Duchovny, Olivia Thirlby, Lili Taylor, Millie Tresierra, Trisha LaFache"
183772,,The Gloaming,The Gloaming,2007-07-03,2.961,0.0,0,[16],en,0,0,3,,Andrew Huang,
14066,tt0462023,"Romulus, My Father","Romulus, My Father",2007-05-31,2.6344,5.789,45,[18],en,0,0,104,"Australian Film Finance Corporation, Arenafilm, Madman Entertainment, Australian Film Commission, Film Victoria, New South Wales Film & Television Office",Richard Roxburgh,"Eric Bana, Franka Potente, Marton Csokas, Kodi Smit-McPhee, Russell Dykstra"
653528,tt0888817,Family Guy Presents: Blue Harvest,Family Guy Presents: Blue Harvest,2007-09-23,3.8051,7.433,142,"[16, 35, 878, 10770, 28]",en,0,0,48,"Fuzzy Door Productions, 20th Century Fox Television, Fox Television Animation","Dominic Polcino, James Purdum, Peter Shin","Seth MacFarlane, Alex Borstein, Seth Green, Mila Kunis, Mike Henry"
393512,tt1444338,Unknown Things,Unknown Things,2007-01-01,2.5211,0.0,0,[18],en,0,0,90,,Bruno Coppola,"Paul Rhys, Elsa Zylberstein, Adam Henderson, David Hayman, Saskia Reeves"
10090,tt0499554,Reno 911!: Miami,Reno 911!: Miami,2007-02-23,3.061,5.767,281,"[28, 35, 80]",en,10000000,20342161,83,"Principato-Young Entertainment, Paramount Pictures, Comedy Central Films, High Sierra Carpeting, Jersey Films, Double Feature Films, 20th Century Fox",Robert Ben Garant,"Carlos Alazraqui, Mary Birdsong, Robert Ben Garant, Kerri Kenney, Thomas Lennon"
17439,tt0469897,Diggers,Diggers,2007-04-27,2.8895,6.0,52,"[35, 18]",en,0,66517,96,"HDNet Films, Dirty Rice",Katherine Dieckmann,"Paul Rudd, Lauren Ambrose, Josh Hamilton, Ron Eldard, Ken Marino"
144946,tt0820164,Villa tranquila,Villa tranquila,2007-11-15,2.7666,0.0,0,[],es,0,0,0,,Jesús Mora,"Pablo Rivero, Raúl Medina, María Barros, Gabriela Burgos, Melina Giambastiani"
22449,tt0794350,I Just Didn't Do It,それでもボクはやってない,2007-01-20,2.9246,7.375,40,[18],ja,0,0,143,"TOHO, Altamira Pictures, Fuji Television Network",Masayuki Suō,"Ryo Kase, Asaka Seto, Koji Yakusho, Koji Yamamoto, Masako Motai"
2015,tt0817225,Secret Sunshine,밀양,2007-05-23,3.3118,7.232,244,[18],ko,2900000,11581469,143,"Cinema Service, Pinehouse Film, CJ Entertainment",Lee Chang-dong,"Jeon Do-yeon, Song Kang-ho, Jo Young-jin, Seon Jeong-yeop, Kim Young-jae"
449679,tt0857348,The Necklace,La parure,2007-03-06,2.7694,5.588,17,"[18, 35, 10770]",fr,0,0,30,"TV5 Monde, J.M. Productions, France 2, CNC",Claude Chabrol,"Cécile de France, Thomas Chabrol, Charley Fouquet, Jacques Boudet, Valérie Kéruzoré"
26836,tt0930856,The Fourth Man,Četvrti čovek,2007-02-20,2.9015,6.233,30,"[9648, 28, 53]",sr,950000,0,103,"PFI Studios, Viktorija Film, Tivoli Film Produkcio",Dejan Zečević,"Nikola Kojo, Dragan Petrović 'Pele', Marija Karan, Bogdan Diklić, Dragoslav 'Dragan' Nikolić"
6309,tt0790665,Flood,Flood,2007-08-24,3.3932,5.288,165,"[18, 28, 53]",en,0,8272729,110,"Power, Moonlighting Films, Muse Entertainment",Tony Mitchell,"Robert Carlyle, Jessalyn Gilsig, Tom Courtenay, Joanne Whalley, David Suchet"
6076,tt0960790,Rabbit Without Ears,Keinohrhasen,2007-12-01,3.2133,6.126,420,"[18, 35, 10749]",de,0,81303447,116,"Barefoot Films, Warner Bros. Film Productions Germany",Til Schweiger,"Til Schweiger, Jürgen Vogel, Nora Tschirner, Matthias Schweighöfer, Armin Rohde"
16236,tt0847182,Mansfield Park,Mansfield Park,2007-03-18,3.7219,6.067,121,"[18, 10770]",en,0,0,93,"ITV, Company Pictures, GBH",Iain B. MacDonald,"Billie Piper, Blake Ritson, Hayley Atwell, Michelle Ryan, Joseph Beattie"
11161,tt0772168,Grace Is Gone,Grace Is Gone,2007-12-07,3.1629,6.528,159,[18],en,0,0,85,"Benedek Films, Plum Pictures",Jim Strouse,"John Cusack, Alessandro Nivola, Gracie Bednarczyk, Shélan O'Keefe, Doug Dearth"
14666,tt0795361,Cougar Club,Cougar Club,2007-05-19,3.2419,3.856,52,[35],en,0,0,93,Open Sky Entertainment,Christopher Duddy,"Jason Jurman, Warren Kole, Joe Mantegna, Izabella Scorupco, Kaley Cuoco"
80288,tt1792079,Harvesting Water the Permaculture Way,Harvesting Water the Permaculture Way,2007-09-04,2.3749,6.5,2,[99],en,20000,0,80,Ecofilms Australia,Frank Gapinski,Geoff Lawton
13564,tt0827782,Return to House on Haunted Hill,Return to House on Haunted Hill,2007-10-03,3.4769,5.467,333,"[27, 53]",en,0,0,81,"Dark Castle Entertainment, Warner Premiere, BUFO",Víctor García,"Amanda Righetti, Cerina Vincent, Erik Palladino, Jeffrey Combs, Andrew Pleavin"
10759,tt0790804,The Comebacks,The Comebacks,2007-10-19,3.6621,4.8,169,[35],en,15000000,13500000,107,"Fox Atomic, 20th Century Fox",Tom Brady,"Carl Weathers, David Koechner, Melora Hardin, Matthew Lawrence, Brooke Nevin"
6639,tt0484740,Love in the Time of Cholera,Love in the Time of Cholera,2007-10-04,4.8522,6.665,422,"[18, 10749]",en,45000000,4607608,139,"New Line Cinema, Summit Entertainment, Stone Village Pictures, Grosvenor Park Productions",Mike Newell,"Javier Bardem, Giovanna Mezzogiorno, Benjamin Bratt, John Leguizamo, Fernanda Montenegro"
1029890,,Magic Radio,Magic Radio,2007-04-20,2.8819,0.0,0,[99],fr,0,0,0,"Intermezzo Films, SRG SSR, Nord-Ouest Documentaires, ARTE GEIE, RTS","Stéphanie Barbey, Luc Peter",
8272,tt0775529,The Savages,The Savages,2007-11-28,3.9214,6.915,451,"[18, 35]",en,8000000,10653221,114,"Fox Searchlight Pictures, Lone Star Film Group, This is that, Ad Hominem Enterprises, Cooper's Town, Savage Productions",Tamara Jenkins,"Laura Linney, Philip Seymour Hoffman, Philip Bosco, Peter Friedman, David Zayas"
439416,tt1086858,In the Shadow of Hollywood: Race Movies and the Birth of Black Cinema,In the Shadow of Hollywood: Race Movies and the Birth of Black Cinema,2007-09-15,2.8811,6.5,4,[99],en,0,0,59,,Brad Osborne,"Lawrence Varnado, Herb Jeffries, Ruby Dee, Jeni Le Gon, Leroy Collins"
15212,tt0844894,Species: The Awakening,Species: The Awakening,2007-10-17,3.5885,4.665,310,"[27, 878, 53]",en,3800000,0,98,"360 Pictures, Metro-Goldwyn-Mayer",Nick Lyon,"Helena Mattsson, Ben Cross, Dominic Keating, Marlene Favela, Meagen Fay"
230837,tt1987633,Rússia,Rússia,2007-01-01,3.0464,6.438,8,[99],ca,0,0,26,Andergraun Films,Albert Serra,"Lluís Serrat, Lluís Serrat Batlle"
16555,tt0778661,Daddy's Little Girls,Daddy's Little Girls,2007-02-14,3.5795,6.865,147,"[35, 18, 10749]",en,10000000,31600000,100,"Tyler Perry Studios, Reuben Cannon Productions, Lionsgate",Tyler Perry,"Gabrielle Union, Idris Elba, Louis Gossett Jr., Tasha Smith, Tracee Ellis Ross"
1421912,tt1792103,La entrega,La entrega,2007-08-01,2.4514,0.0,0,"[35, 80]",es,0,0,9,,Juan C. Dávila Santiago,"Noel Ernesto, Kathy García, Emilio Suárez, Emmanuel Díaz, Erik Rodríguez"
839782,tt1675150,Bear Island,Bear Island,2007-06-27,2.0171,8.0,2,"[99, 10770]",en,0,0,52,National Geographic,,Craig Sechler
14123,tt0804452,Bratz,Bratz,2007-08-03,3.5955,5.742,481,"[35, 10402, 10751]",en,20000000,26000000,102,"MGA Entertainment, Crystal Sky Pictures, Arad Productions, Lionsgate",Sean McNamara,"Logan Browning, Janel Parrish, Nathalia Ramos, Skyler Shaye, Chelsea Kane"
229533,tt7016044,The Raw-Chaw Girlz,Stå ut,2007-07-03,2.9674,4.0,2,[18],sv,0,0,53,Auto Images,Malin Myren,"Maja Herrström, Martina Löfstedt, Erik Svanberg, Karl Linnertorp, Anette Lindbäck"
13067,tt0419843,In the Land of Women,In the Land of Women,2007-04-20,3.2798,5.89,537,"[10749, 35, 18]",en,10000000,17562071,97,"Castle Rock Entertainment, Anonymous Content, Land Films Inc.",Jon Kasdan,"Adam Brody, Meg Ryan, Kristen Stewart, Olympia Dukakis, Makenzie Vega"
13614,tt0879843,Katyn,Katyń,2007-09-21,3.3909,6.7,287,"[18, 36, 10752]",pl,5600000,14768451,122,"Akson Studio, Telekomunikacja Polska, Telewizja Polska",Andrzej Wajda,"Andrzej Chyra, Maja Ostaszewska, Artur Żmijewski, Danuta Stenka, Jan Englert"
1495912,tt5950066,Drug Land,Drug Land,2007-10-19,2.4295,0.0,0,[],en,0,0,18,Blackdawn Cinema,Nic Holiday,"Edwin Freeman, Andrea Bordeaux, Joe Black, du'ana speights, Chris Robinson"
4170,tt0399095,Trade,Trade,2007-01-23,3.5296,7.016,321,[53],en,12000000,0,120,Centropolis Entertainment,Marco Kreuzpaintner,"Kevin Kline, Cesar Ramos, Paulina Gaitán, Alicja Bachleda-Curuś, Marco Pérez"
13059,tt0780607,The Signal,The Signal,2007-07-13,3.4256,5.927,348,"[27, 878, 53]",en,50000,249905,103,"Pop Films, Shoreline Entertainment","David Bruckner, Dan Bush, Jacob Gentry","Anessa Ramsey, Justin Welborn, AJ Bowen, Scott Poythress, Sahr Ngaujah"
404288,tt1504695,A Sheep on the Roof,Quidam dégomme,2007-10-20,2.746,5.7,3,[16],fr,0,0,7,Georges Nawrocki,Rémy Schaepman,
412599,,Mosaik mécanique,Mosaik mécanique,2007-01-01,2.6332,0.0,0,[99],en,0,0,10,,Norbert Pfaffenbichler,
1872,tt0389328,Rise: Blood Hunter,Rise: Blood Hunter,2007-04-28,3.3659,5.34,306,"[28, 12, 27, 53]",en,0,2850927,97,"Ghost House Pictures, Destination Films, Mandate Pictures, Kingsgate Films, Samuel Goldwyn Films, Mandate International",Sebastian Gutierrez,"Carla Gugino, Michael Chiklis, Samaire Armstrong, Lucy Liu, James D'Arcy"
22100,tt0472205,Watching the Detectives,Watching the Detectives,2007-05-01,3.345,6.3,200,"[35, 10749]",en,2000000,0,94,"Peace Arch Entertainment Group, Hart-Lunsford Pictures, Plum Pictures",Paul Soter,"Cillian Murphy, Lucy Liu, Jason Sudeikis, Michael Panes, Heather Burns"
10251,tt0494199,5ive Girls,5ive Girls,2007-02-07,2.976,5.509,115,"[27, 53]",en,3000000,0,95,Peace Arch Entertainment Group,Warren P. Sonoda,"Ron Perlman, Amy Lalonde, Terra Vnesa, Barbara Mamabolo, Krysta Carter"
1185613,tt1084746,Twin Rivers,Twin Rivers,2007-08-04,2.8521,0.0,0,[18],en,0,0,106,"La Rosa Productions, Two Tone Pictures",Matthew Holmes,"Matthew Holmes, Darren Holmes, Joshua Jaeger, Edwin Hodgeman, Stephen Degenaro"
305354,tt2526036,The Ghost Sonata,Spöksonaten,2007-12-25,2.6826,5.667,6,"[18, 10770]",sv,0,0,86,SVT,Ingmar Bergman,"Jan Malmsjö, Jonas Malmsjö, Elin Klinga, Gunnel Lindblom, Erland Josephson"
4351,tt0445935,Bordertown,Bordertown,2007-02-22,3.1236,6.27,372,"[80, 18, 9648, 53]",en,21000000,8329799,112,"Mosaic Media Group, El Norte Productions, Nuyorican Productions, Mobius Entertainment Ltd.",Gregory Nava,"Jennifer Lopez, Martin Sheen, Antonio Banderas, Maya Zapata, Sonia Braga"
56552,tt0486506,The Valley of Light,The Valley of Light,2007-01-28,3.3351,6.5,22,"[18, 10749, 10770]",en,0,0,97,"McGee Street Productions, Hallmark Hall of Fame Productions",Brent Shields,"Gretchen Mol, Chris Klein, Zach Mills, Jay O. Sanders, Jeff Perry"
109911,tt1052379,Love Notes,Love Notes,2007-08-20,3.1544,4.5,8,"[10402, 18, 10749]",en,0,0,90,"Perfect Stranger Productions, Ambitious Entertainment, Insight Film Studios, Lifetime",David Weaver,"Laura Leighton, Antonio Cupo, Ellie Harvie, Lorena Gale, Aaron Pearl"
5172,tt0469263,The Astronaut Farmer,The Astronaut Farmer,2007-02-23,3.5837,6.281,383,"[878, 12, 35, 18]",en,13000000,11130889,104,"Polish Brothers Construction, Warner Bros. Pictures",Michael Polish,"Billy Bob Thornton, Virginia Madsen, Max Thieriot, Jasper Polish, Logan Polish"
592305,tt9643108,Off Highway 20,国道20号線,2007-11-03,2.8847,5.0,3,[18],ja,0,0,77,"Flying Pillow Films, Kuzoku",Katsuya Tomita,"Hitoshi Ito, Tsuyoshi Takano, Rimi, Masahiko Nishimura, Shinji Murata"
14434,tt0770772,I Think I Love My Wife,I Think I Love My Wife,2007-03-07,3.1661,5.329,216,"[35, 10749]",en,11000000,13196245,94,"Fox Searchlight Pictures, UTV Motion Pictures, Zahrlo Productions",Chris Rock,"Chris Rock, Gina Torres, Kerry Washington, Steve Buscemi, Edward Herrmann"
1031323,,Mechanical Nights,Mechanical Nights,2007-01-01,2.6298,0.0,0,[],en,0,0,15,,Keja Ho Kramer,
276842,tt0997172,The Paper,The Paper,2007-04-07,3.6043,0.0,0,[99],en,250000,0,78,ITVS,Aaron Matthews,"Laura Baker, Kayur Patel, Chico Harlan, Bridget Smith"
17234,tt1179773,Summer Days with Coo,河童のクゥと夏休み,2007-07-28,3.1603,7.818,148,"[16, 14, 35, 10749, 18, 10751]",ja,0,0,138,"SKY Perfect Well Think, Sony Music Entertainment (Japan), TV Asahi, Shochiku, dentsu, Shin-Ei Animation, Dentsu Tec, Mitsui & Co.",Keiichi Hara,"Kazato Tomizawa, Takahiro Yokokawa, Naoki Tanaka, Tamaki Matsumoto, Ken'ichi Nagira"
7006,tt0496436,White Noise 2: The Light,White Noise 2: The Light,2007-01-05,3.2809,5.559,296,"[27, 53]",en,0,0,99,"Brightlight Pictures, Gold Circle Films",Patrick Lussier,"Nathan Fillion, Katee Sackhoff, Craig Fairbrass, Adrian Holmes, Kendall Cross"
24564,tt0832937,Radiant City,Radiant City,2007-05-30,3.1619,6.4,8,[99],en,0,0,93,"Burns Film Ltd., ONF | NFB","Jim Brown, Gary Burns","Daniel Jeffery, Bob Legare, Jane MacFarlane, Ashleigh Fidyk, Curt McKinstry"
38057,tt0496386,The Secret of the Magic Gourd,宝葫芦的秘密,2007-06-29,2.8574,7.274,135,"[18, 10751, 14]",zh,0,0,84,"Centro Digital Pictures, Walt Disney Pictures China, China Film Group Corporation","Frankie Chung Chi-Hang, John Chu Ka-Yan","Chen Peisi, Zhu Qilong, Zheng Jiahao, Guo Kaimin, He Qing"
13074,tt0416185,Resurrecting the Champ,Resurrecting the Champ,2007-06-14,3.6531,6.309,275,[18],en,0,0,112,"Battleplan Productions, Yari Film Group, Phoenix Pictures, Alberta Film Entertainment",Rod Lurie,"Samuel L. Jackson, Josh Hartnett, Alan Alda, Teri Hatcher, Kathryn Morris"
13054,tt0901507,Rise of the Footsoldier,Rise of the Footsoldier,2007-09-07,3.2938,6.337,243,"[28, 80, 53]",en,4000000,355345,119,"Carnaby International, Hanover Films, Splice Post",Julian Gilbey,"Ricci Harnett, Terry Stone, Craig Fairbrass, Roland Manookian, Coralie Rose"
14000,tt0497323,Anamorph,Anamorph,2007-09-21,3.2735,5.174,218,"[80, 53]",en,0,0,107,Kamala Films,Henry Miller,"Willem Dafoe, Scott Speedman, Peter Stormare, Clea DuVall, James Rebhorn"
974131,tt2353952,SEK Calw,SEK Calw,2007-03-29,2.2717,0.0,0,[80],de,0,0,0,Mania Pictures e.V.,Armin Schnürle,"Frieder Pfeiffer, Stefan Lörcher, Markus Kiefer, Valentin Hess, Cathrin Tham"
6418,tt1094249,Hotel Chevalier,Hotel Chevalier,2007-10-26,3.0558,6.892,942,"[18, 10749]",en,0,0,13,"Fox Searchlight Pictures, American Empirical Pictures, Première Heure",Wes Anderson,"Jason Schwartzman, Natalie Portman, Waris Ahluwalia, Michel Castejon"
10946,tt0393597,Earth,Earth,2007-10-10,3.2413,7.654,382,[99],en,15000000,109000000,90,"Disneynature, Gaumont, BBC Studios Natural History Unit","Alastair Fothergill, Mark Linfield","Patrick Stewart, Constantino Romero, James Earl Jones, Ken Watanabe, Ulrich Tukur"
2267,tt0768212,The Last Mimzy,The Last Mimzy,2007-02-09,3.0944,6.343,502,"[18, 878, 12]",en,0,27308918,94,"New Line Cinema, Michael Phillips Productions",Robert Shaye,"Joely Richardson, Timothy Hutton, Rainn Wilson, Michael Clarke Duncan, Kathryn Hahn"
5126,tt0415965,Martian Child,Martian Child,2007-11-02,3.5766,6.651,332,"[35, 18]",en,27000000,9400000,106,"New Line Cinema, Hannah Rachel Production Services, Meradin Zweite Productions",Menno Meyjes,"John Cusack, Bobby Coleman, Amanda Peet, Sophie Okonedo, Joan Cusack"
206831,tt1033625,Bitter Wine,Rūgtais vīns,2007-07-11,2.8677,0.0,0,"[35, 18, 10749]",lv,0,0,76,Platforma Filma,Rolands Kalnins,"Kaspars Znotiņš, Agnese Zeltiņa, Normunds Laizāns, Liene Šomase, Rēzija Kalniņa"
48453,tt0447907,The Contestant,Concursante,2007-03-16,2.8677,5.8,47,"[18, 35, 53]",es,0,0,88,"Continental Producciones, Nephilim Producciones, LAZONA",Rodrigo Cortés,"Leonardo Sbaraglia, Chete Lera, Miryam Gallego, Fernando Cayo, Myriam De Maeztu"
42979,tt1020990,Robot Chicken: Star Wars,Robot Chicken: Star Wars,2007-07-17,2.859,7.242,275,"[16, 35, 878, 28]",en,0,0,23,"Lucasfilm Ltd., Stoopid Monkey, Sony Pictures Digital, ShadowMachine",Seth Green,"Seth Green, Abraham Benrubi, Keith Ferguson, Candace Bailey, Bob Bergen"
360041,tt1087446,Five,Five,2007-05-25,2.8569,4.0,1,"[53, 27]",en,0,0,77,Unkreative Artists,Amit Tripuraneni,"Richard Thompson, Anita Crisinel, Marjan Gorgani, Andy Sophocleous, Amit Tripuraneni"
25218,tt0810945,Live!,Live!,2007-11-01,2.8551,5.5,164,"[53, 18]",en,0,0,96,"Atlas Entertainment, Mosaic Media Group",Bill Guttentag,"Eva Mendes, David Krumholtz, Rob Brown, Katie Cassidy, Jay Hernandez"
1150495,,Villa Ruvanush,Villa Ruvanush,2007-01-01,2.8533,0.0,0,[27],es,0,0,66,Fantasmia Producciones,Jorge Carlos García,"Rita Libchaber, Paola Santilli, Lautaro Herzke, Eduardo Colosimo, Nazarena ""Nachy"" Colósimo"
17456,tt0896036,BloodRayne II: Deliverance,BloodRayne II: Deliverance,2007-09-18,2.852,3.976,266,"[27, 37, 14]",en,10000000,167445,99,"Boll Kino Beteiligungs GmbH & Co. KG, Brightlight Pictures, Pitchblack Pictures, Lighthouse Pictures",Uwe Boll,"Natassia Malthe, Zack Ward, Michael Paré, Brendan Fletcher, Chris Coppola"
914721,tt0886451,Los amorosos,Los amorosos,2007-01-01,2.838,0.0,0,[18],es,0,0,0,Instituto Mexicano de Cinematografía,José Luis Solís Olivares,"Yolanda Salinas, Ernesto Gómez Cruz, Morena González, Jorge Bortolussi"
87877,tt0437150,Deadwood Park,Deadwood Park,2007-10-09,2.8373,4.364,11,"[27, 9648]",en,0,0,117,Wicked Pixel Cinema,Eric Stanze,"William Clifton, Lindsey Luscri, Bryan Lane, Jason Allen Wolfe, Ramona Midgett"
25278,tt1037116,One Piece: The Desert Princess and the Pirates: Adventure in Alabasta,劇場版ワンピース エピソードオブアラバスタ 砂漠の王女と海賊たち,2007-03-03,2.8369,6.89,173,"[28, 12, 16, 35, 14]",ja,0,7090891,90,Toei Animation,Takahiro Imamura,"Mayumi Tanaka, Kazuya Nakai, Akemi Okamura, Kappei Yamaguchi, Hiroaki Hirata"
11148,tt0995829,XXY,XXY,2007-06-14,2.8321,6.838,330,[18],es,0,2728869,86,"Pyramide Films, Historias Cinematográficas, Wanda Visión, Ministerio de Cultura, Cinéfondation, Fonds Sud Cinéma, Cine Argentino, Instituto de la Cinematografía y de las Artes Audiovisuales",Lucía Puenzo,"Inés Efrón, Martín Piroyansky, Ricardo Darín, Valeria Bertuccelli, Germán Palacios"
14753,tt0494834,Silk,Silk,2007-09-14,2.8255,5.8,225,"[18, 10749]",en,20000000,0,107,"Rhombus Media, Fandango, Bee Vine Pictures, Vice Versa Films",François Girard,"Keira Knightley, Michael Pitt, Alfred Molina, Koji Yakusho, Sei Ashina"
156557,tt2317307,Trilogy,Trilogy,2007-11-11,2.824,0.0,0,[99],en,0,0,38,Billabong,Taylor Steele,"Taj Burrow, Joel Parkinson, Andy Irons"
21501,tt0772176,Christmas Story,Joulutarina,2007-11-16,2.8219,7.199,141,"[14, 10751]",fi,0,0,83,Snapper Films,Juha Wuolijoki,"Hannu-Pekka Björkman, Otto Gustavsson, Jonas Rinne, Kari Väänänen, Minna Haapkylä"
13637,tt0906665,Sukiyaki Western Django,Sukiyaki Western Django,2007-09-15,2.8193,6.2,367,"[12, 28, 35, 37, 53]",ja,3800000,2725258,121,"Sony Music Entertainment (Japan), dentsu, Sedic, Geneon Universal Entertainment, Shogakukan, Nagoya Broadcasting Network, TV Asahi, Tokyu Recreation, A-Team",Takashi Miike,"Hideaki Ito, Koichi Sato, Yusuke Iseya, Kaori Momoi, Teruyuki Kagawa"
14236,tt1111833,Super High Me,Super High Me,2007-10-13,2.8115,5.747,176,"[99, 35]",en,600000,0,89,"Sixth Way Productions, Wabi Pictures",Michael Blieden,"Doug Benson, Sarah Silverman, Patton Oswalt, Jeff Ross, Gary Cohan"
31100,tt1010403,Hidden Camera,Hidden Camera,2007-06-01,2.8101,6.2,10,"[9648, 53, 10770]",en,0,0,88,"Drimtim Entertainment, MarVista Entertainment",Bryan Goeres,"Dean Cain, Lucía Jiménez, Arnold Vosloo, Eloisa Bennetts, Johann Benét"
46219,tt1068997,Noah's Ark,El Arca de Noe,2007-11-17,2.8093,4.913,40,"[16, 12, 10751]",es,0,6800000,88,Patagonik,Juan Pablo Buscarini,"Juan Carlos Mesa, Jorge Guinzburg, Mariana Fabbiani, Alejandro Fantino, Enrique Porcellana"
112988,tt1059919,Die Entführung,Die Entführung,2007-01-01,2.802,2.0,1,"[18, 53]",de,0,0,89,,Johannes Grieser,"Heiner Lauterbach, Claudia Michelsen, Martin Feifel, Karl Kranzkowski, Ulrich Matschoss"
123960,tt0970527,Cordoba Nights,Cordoba Nights,2007-03-13,2.8016,7.0,2,[12],en,0,0,86,,"Andrew Campbell, Lucas Campbell","Raymond Turturro, Ashleigh Holeman, Duane Whitaker, Joe Estevez"
14913,tt0900357,Boogeyman 2,Boogeyman 2,2007-10-20,2.8792,5.45,303,"[27, 53]",en,4500000,1798418,93,"Destination Films, Ghost House Pictures",Jeff Betancourt,"Danielle Savre, Matt Cohen, Chrissy Calhoun, Michael Graziadei, Mae Whitman"
13198,tt0477139,Wristcutters: A Love Story,Wristcutters: A Love Story,2007-10-19,3.4011,6.975,646,"[35, 18, 14, 10749]",en,1000000,454026,88,"No Matter Pictures, Halcyon Pictures, Super Crispy Entertainment",Goran Dukić,"Patrick Fugit, Shannyn Sossamon, Shea Whigham, Leslie Bibb, Mikal P. Lazarev"
1214633,,Mad Dad,Mad Dad,2007-08-08,2.4641,0.0,0,[],en,0,0,90,,Patrick Cutler,"Patrick Cutler, Matthew Cutler, Kelly Cutler, James Cameron"
8748,tt0494222,Eagle vs Shark,Eagle vs Shark,2007-06-15,3.2472,6.442,346,"[35, 10749]",en,0,1300000,87,"Whenua Films, Unison Films, New Zealand Film Commission",Taika Waititi,"Loren Taylor, Jemaine Clement, Joel Tobeck, Brian Sergent, Craig Hall"
157627,tt1327629,Übertragung,Übertragung,2007-11-10,2.8265,6.3,3,[],en,0,0,43,,Harun Farocki,
277635,tt2300916,Push Process,Push Process,2007-11-10,2.3626,0.0,0,[99],en,0,0,44,"1242 Productions, Oakley Productions",Justin Stephens,"Andrew Adkinson, Dallas Friday, Jack Blodgett, Keith Lyman, Aaron Rathy"
10071,tt0784972,The Brothers Solomon,The Brothers Solomon,2007-09-07,3.2667,5.029,153,[35],en,0,0,93,"Revolution Studios, Carsey-Werner Company",Bob Odenkirk,"Will Arnett, Will Forte, Kristen Wiig, Chi McBride, Lee Majors"
14016,tt0969269,Mad Detective,神探,2007-11-29,3.051,7.097,227,"[28, 80, 53]",zh,0,0,91,Milkyway Image,"Wai Ka-Fai, Johnnie To","Lau Ching-Wan, Andy On Chi-Kit, Gordon Lam Ka-Tung, Kelly Lin Hsi-Lei, Karen Lee Choi-Ling"
512306,tt1440158,Dhauli Express,ଧଉଳି ଏକ୍ସପ୍ରେସ,2007-08-04,2.7223,0.0,0,[18],or,0,0,155,,Chittaranjan Tripathy,"Sidhant Mohapatra, Samaresh Routray, Anu Choudhury, Mihir Das, Aparajita Mohanty"
9911,tt0758771,Outlaw,Outlaw,2007-03-09,2.992,5.38,167,"[28, 80, 53]",en,0,0,103,"Vertigo Films, Ingenious Media, Pathé",Nick Love,"Sean Bean, Danny Dyer, Rupert Friend, Sean Harris, Lennie James"
13251,tt0783608,The Walker,The Walker,2007-02-13,3.2709,5.281,112,"[80, 9648, 18]",en,10000000,590416,108,"Kintop Pictures, Isle of Man Film, Paul Schrader Productions, Ingenious Media, The Walk",Paul Schrader,"Woody Harrelson, Kristin Scott Thomas, Lauren Bacall, Ned Beatty, Moritz Bleibtreu"
40123,tt0962762,Genius Party,Genius Party,2007-07-07,2.8001,6.508,60,"[16, 878, 14, 28, 18, 35]",ja,0,0,102,STUDIO4℃,"Shinji Kimura, Hideki Futamura, Masaaki Yuasa, Shinichiro Watanabe, Yoji Fukuyama, Atsuko Fukushima, Shoji Kawamori","Tomoko Kaneda, Rinko Kikuchi, Taro Yabe, Yuya Yagira, Nanase Iwai"
60957,tt13449494,Bakunyuu J no Shogeki,田中瞳 爆乳Jの衝撃,2007-11-08,3.0166,6.2,4,[12],ja,0,0,70,C & H,,Hitomi Tanaka
390884,tt1186673,Crow Lake,Varnu ezeras,2007-05-09,2.6901,0.0,0,[10751],lt,0,0,61,,Inesa Kurklietyte,"Valentinas Masalskis, Tauras Čižas, Rimantė Krilavičiūtė, Emile Ribokaite, Rapolas Tamuliunas"
723499,tt5766338,Pebble,Pebble,2007-06-01,2.7049,0.0,0,[18],en,0,0,9,,Paul Maguire,"Katie McGrath, Steve Wilson, Paul-Butler Lennox, Louis Howard, Ita Fitzmahony"
9789,tt0846040,My Brother Is an Only Child,Mio fratello è figlio unico,2007-03-28,3.1831,6.725,416,"[35, 18, 36]",it,5000000,6463286,108,"Cattleya, Babe Film, Film Commission Torino Piemonte, MiC",Daniele Luchetti,"Elio Germano, Riccardo Scamarcio, Angela Finocchiaro, Massimo Popolizio, Ascanio Celestini"
61180,tt0370433,Crossing,Crossing,2007-01-01,2.6965,3.1,6,[],en,0,0,0,,Roger Evan Larry,"Sebastian Spence, Crystal Bublé, Bif Naked, Jo Bates, Warren Christie"
19528,tt0995739,Invisible Target,男兒本色,2007-07-19,2.6761,6.647,109,[28],cn,0,6599143,129,"Sil-Metropole Organisation, Universe Films Ltd., Guangzhou Ying Ming Media Co.",Benny Chan,"Nicholas Tse Ting-Fung, Yue Man-lok, Jaycee Chan, Wu Jing, Andy On Chi-Kit"
13470,tt0821638,Bury My Heart at Wounded Knee,Bury My Heart at Wounded Knee,2007-05-27,3.4589,6.496,142,"[37, 18, 36, 10770, 10752]",en,0,0,125,"Wolf Entertainment, Traveler's Rest Films, HBO Films",Yves Simoneau,"Anna Paquin, Chevez Ezaneh, August Schellenberg, Duane Howard, Aidan Quinn"
15017,tt0887719,Blonde Ambition,Blonde Ambition,2007-12-21,3.1556,4.431,131,"[35, 10749]",en,10000000,0,93,"Papa Joe Films, Millennium Media, Millennium Films",Scott Marshall,"Jessica Simpson, Luke Wilson, Rachael Leigh Cook, Penelope Ann Miller, Andy Dick"
585799,,Inhabitants,Habitat - Inhabitants,2007-01-01,2.6652,0.0,0,[],en,0,0,43,,Joe Castrucci,"Austyn Gillette, Danny Garcia, Ed Selego, Fred Gall, Kerry Getz"
13167,tt0415141,Mama's Boy,Mama's Boy,2007-12-14,3.0667,4.616,82,"[35, 18, 10749]",en,0,0,93,"Carr-Santelli, Warner Bros. Pictures",Tim Hamilton,"Jon Heder, Diane Keaton, Jeff Daniels, Anna Faris, Eli Wallach"
20223,tt0806940,Charm School,Niñas Mal,2007-03-09,2.9362,6.954,153,[35],es,0,0,102,Columbia Pictures Producciones Mexico,Fernando Sariñana,"Martha Higareda, Blanca Guerra, Camila Sodi, María Aura, Alejandra Adame"
1235158,,From the Opposite Side,Von Gegenüber,2007-01-01,2.4017,0.0,0,[99],de,0,0,38,,Clemens von Wedemeyer,
14440,tt0817228,The Tattooist,The Tattooist,2007-11-28,2.2964,5.1,61,"[27, 53]",en,3000000,0,92,"Eyeworks Touchdown, Daydream Productions, MediaCorp Raintree Pictures",Peter Burger,"Jason Behr, Mia Blake, David Fane, Robbie Magasiva, Caroline Cheong"
118285,tt2199733,Zero Woman R,ゼロ・ウーマンＲ 警視庁０課の女 欲望の代償,2007-05-26,2.658,6.4,28,"[18, 28]",ja,0,0,73,"Takeshobo, Cinema Epoch, Shintoho Pictures",Ken'ichi Fujiwara,"Atsuko Miura, Masaki Miura, Sasa Handa, Hiromitsu Kiba, Manzo Shinra"
426931,,Poseíd@s,Poseíd@s,2007-01-17,2.7855,0.0,0,"[53, 27]",es,0,0,0,Eclipse Producciones,Claudia Calderón Hedman,"Arlette Portillo, Lily Portillo, Lara Figueroa, Octavio Lemus, Carolina Collins"
18093,tt0844794,Northanger Abbey,Northanger Abbey,2007-10-24,3.2228,6.8,319,"[10749, 18, 10770]",en,0,0,93,"Irish Film Industry, Granada Television, ITV Productions",Jon Jones,"Felicity Jones, Carey Mulligan, JJ Feild, Geraldine James, Sylvestra Le Touzel"
602241,tt41820761,The sin,El pecado,2007-10-14,2.5344,4.0,1,[18],es,0,0,90,"Perú Movie, Fox Perú Producciones",Palito Ortega Matute,"Reynaldo Arenas, Danny Cabezas, Carolina Infante, Gustavo Cerrón, Charles Reategui"
428863,tt0984118,Snuff 102,Snuff 102,2007-03-01,2.9109,3.081,44,"[53, 27]",es,0,0,101,,Mariano Peralta,"Yamila Greco, Eduardo Poli, Andrea Alfonso, Silvia Paz, Rodrigo Bianco"
36108,tt0973844,To Each His Own Cinema,Chacun son cinema ou Ce petit coup au coeur quand la lumiere s'eteint et que le film commence,2007-10-31,3.2356,6.4,160,"[35, 18]",fr,0,0,100,"Elzévir Films, StudioCanal, ARTE, Office Kitano","Theo Angelopoulos, Olivier Assayas, Bille August, Jane Campion, Chen Kaige, Michael Cimino, David Cronenberg, Jean-Pierre Dardenne, Luc Dardenne, Manoel de Oliveira, Raymond Depardon, Atom Egoyan, Amos Gitai, Alejandro G. Iñárritu, Hou Hsiao-hsien, Aki Kaurismäki, Abbas Kiarostami, Takeshi Kitano, Andrei Konchalovsky, Claude Lelouch, Ken Loach, David Lynch, Nanni Moretti, Roman Polanski, Raúl Ruiz, Walter Salles, Elia Suleiman, Tsai Ming-liang, Gus Van Sant, Lars von Trier, Wim Wenders, Wong Kar-Wai, Youssef Chahine, Joel Coen, Ethan Coen, Zhang Yimou","Golshifteh Farahani, Taraneh Alidoosti, Pegah Ahangarani, Vishka Asayesh, David Cronenberg"
40009,tt0982914,Final Draft,Final Draft,2007-09-18,2.8,3.769,13,"[27, 53]",en,0,0,89,235 Films,Jonathan Dueck,"James Van Der Beek, Darryn Lucio, Tara Spencer-Nairn, Jeff Roop, Melanie Marden"
19279,tt0820466,Alien Agent,Alien Agent,2007-07-17,2.9583,4.152,46,"[28, 878]",en,0,0,95,"Fries Film Group, CITY-TV, Insight Film Studios",Jesse V. Johnson,"Mark Dacascos, Amelia Cooke, Emma Lahana, Kim Coates, Billy Zane"
13360,tt0299981,Highlander: The Source,Highlander: The Source,2007-02-06,3.1549,4.05,241,"[28, 14, 12, 10770]",en,13000000,213205,86,"Davis-Panzer Productions, Sequence Film, Lionsgate, Katana Productions, Mandala Productions, Highlander Productions, Grosvenor Park Productions, Lithuanian Film Studio",Brett Leonard,"Adrian Paul, Thekla Reuten, Cristian Solimeno, Peter Wingfield, Jim Byrnes"
155585,tt0997023,Höök - Ryssguldet,Höök - Ryssguldet,2007-01-01,2.4776,5.333,2,[],sv,0,0,0,,,"Anna Pettersson, Peter Carlberg, Freddy Åsblom, Jesper Barkselius"
296461,tt1134794,7 Kilos,7 Kilos,2007-10-16,2.3396,4.0,1,[53],en,0,0,93,,Pablo Veliz,"Cliff Weeks, Manuel Garcia, Brent Bratton, Melody Moss"
6172,tt0780568,My Führer,Mein Führer - Die wirklich wahrste Wahrheit über Adolf Hitler,2007-01-11,2.9714,5.585,118,"[10752, 35, 18]",de,0,0,89,Y Filme Directors Pool,Dani Levy,"Helge Schneider, Ulrich Mühe, Sylvester Groth, Adriana Altaras, Stefan Kurt"
24365,tt0491720,The Final Inquiry,L'inchiesta,2007-04-04,2.8581,4.818,45,"[18, 36]",it,7000000,8000000,112,"Italian International Film, Enrique Cerezo, Rai Fiction, Eurimages, Millennium Media",Giulio Base,"Daniele Liotti, Dolph Lundgren, Mónica Cruz, Hristo Shopov, Christo Jivkov"
281898,tt0988994,Hitler: The Comedy Years,Hitler: The Comedy Years,2007-05-10,2.6046,5.0,1,[99],en,0,0,48,"World of Wonder, Channel 4 Television",Jacques Peretti,"Neil McCaul, Guy Siner, Richard Gibson, Arthur Askey, Ronnie Barker"
268976,tt0828389,Exploring Love,Exploring Love,2007-10-18,2.5307,0.0,0,"[10749, 18]",en,0,0,105,Truth Spirit Films,Brent Bambic,"Matthew Pearson, Jean Paul San Pedro, Katherine Newcomer, Rob Vincent, Kelly Hughes"
18437,tt0428446,The Darwin Awards,The Darwin Awards,2007-06-25,3.375,5.5,188,"[12, 35, 10749]",en,0,309408,94,"3 Ring Circus Films, Blumhouse Productions, Icon Productions",Finn Taylor,"Joseph Fiennes, Winona Ryder, David Arquette, Juliette Lewis, Ty Burrell"
11801,tt0783767,Angel,Angel,2007-02-17,2.8258,5.5,144,"[10749, 18]",en,15000000,0,134,"Fidélité Productions, Poisson Rouge Pictures, SCOPE Invest, FOZ, Virtual Films",François Ozon,"Romola Garai, Sam Neill, Michael Fassbender, Lucy Russell, Charlotte Rampling"
496425,tt1127704,On Consignment,On Consignment,2007-11-03,2.8501,10.0,1,[28],nl,0,0,0,,"Lloyd A. Simandl, Daniela Kay","Marie Veckova, Susana Spears, Zuzana Presová, Michaela Fichtnerova"
886670,tt0826644,El toro,El toro,2007-01-01,2.6021,0.0,0,[18],es,0,0,0,"Instituto Mexicano de Cinematografía, Pakidermo Films, Consejo Para la Cultura y las Artes de Nuevo Leon (Conarte)",Patricio Serna,"Erika de la Llave, Patricio Serna, Javier Zaragoza"
2014,tt0880502,The Edge of Heaven,Auf der anderen Seite,2007-09-27,3.0232,7.234,368,[18],de,3800000,17804565,122,"Filmstiftung Nordrhein-Westfalen, Anka Film, Dorje Film, FilmFörderung Hamburg, NDR, Kulturelle Filmförderung Schleswig-Holstein, nordmedia",Fatih Akin,"Nurgül Yeşilçay, Baki Davrak, Patrycia Ziolkowska, Tuncel Kurtiz, Nursel Köse"
8319,tt0488988,Chapter 27,Chapter 27,2007-12-15,2.4426,5.432,279,"[18, 80]",en,0,187488,84,"Peace Arch Entertainment Group, Artina Films",Jarrett Schaefer,"Jared Leto, Lindsay Lohan, Judah Friedlander, Ursula Abbott, Mark Lindsay Chapman"
18874,tt0856797,Ghost in the Shell: Stand Alone Complex - Solid State Society,攻殻機動隊 STAND ALONE COMPLEX Solid State Society,2007-09-01,2.9031,7.5,292,"[16, 28, 53, 80, 878]",ja,3200000,0,105,"Production I.G, Bandai Visual, dentsu, Victor Entertainment, Nippon Television Network Corporation, Tokuma Shoten, Bandai Entertainment, Manga Entertainment",Kenji Kamiyama,"Atsuko Tanaka, Osamu Saka, Koichi Yamadera, Akio Otsuka, Yutaka Nakano"
116706,tt1024958,Drop down,Déjate caer,2007-02-01,2.7447,6.071,7,"[18, 35]",en,0,0,106,Basque Films,Jesús Ponce,"Isabel Ampudia, Xosé Bonome, Jesús Carroza, Benito Pocino, Ivan Massagué"
13538,tt0480011,Straightheads,Straightheads,2007-04-27,2.7077,5.299,127,[53],en,0,0,88,"Free Range Films, UK Film Council, Screen West Midlands, Verve Pictures, DJ Films, Film4 Productions, Ingenious Media",Dan Reed,"Gillian Anderson, Danny Dyer, Adam Rayner, Antony Byrne, Anthony Calf"
16392,tt0780595,Redline,Redline,2007-04-13,2.5962,5.098,169,"[28, 53]",en,0,0,95,Chicago Pictures,Andy Cheng,"Nathan Phillips, Nadia Bjorlin, Eddie Griffin, Tim Matheson, Jesse Johnson"
384250,tt1152283,Rhythm of Life,Ritam života,2007-12-06,2.6603,0.0,0,"[10751, 35]",bs,0,0,78,"Fima, Fart, Federalna televizija",Enver Puška,"Tarik Filipović, Nebojša Veljović, Zorana Bećić Đorđević, Jasna Diklić, Suada Ahmetašević"
13358,tt0918511,A Dennis the Menace Christmas,A Dennis the Menace Christmas,2007-11-13,3.1303,5.5,113,"[35, 10751, 14]",en,2000000,0,83,"Sneak Preview Entertainment, Valkyrie Films",Ron Oliver,"Maxwell Perry Cotton, Robert Wagner, Louise Fletcher, Isaac Durnford, Kim Schraner"
264424,tt0970187,Próxima,Próxima,2007-02-02,2.6137,5.8,5,[878],en,0,0,116,Fort Knox Audiovisual,Carlos Atanes,"Oriol Aubets, Blake Anthony Tibbetts, Manel Solás, Abel Folk, Joan Frank Charansonnet"
15250,tt0937375,This Christmas,This Christmas,2007-11-27,3.1459,6.591,148,"[35, 18, 10749]",en,13000000,0,117,"Screen Gems, Rainforest Entertainment",Preston A. Whitmore II,"Delroy Lindo, Idris Elba, Loretta Devine, Chris Brown, Keith D. Robinson"
89410,tt0986231,The Fun Park,The Fun Park,2007-10-01,2.4633,2.2,4,"[27, 80, 18]",en,215000,0,86,"BladeWalker Films, Empire Film Group",Rick Walker,"Jillian Murray, Randy Wayne, Jennifer Ferguson, Randy Colton, Trevor St. John David"
17106,tt0795439,Numb,Numb,2007-04-30,2.9364,5.9,121,"[35, 18, 10749]",en,0,0,93,,Harris Goldberg,"Matthew Perry, Lynn Collins, Kevin Pollak, Bob Gunton, Helen Shaver"
34869,tt0847880,Cargo 200,Груз 200,2007-06-14,3.1766,6.819,238,"[80, 18, 53]",ru,0,592673,89,CTB Film Company,Aleksei Balabanov,"Agniya Kuznetsova, Aleksey Poluyan, Leonid Gromov, Aleksey Serebryakov, Leonid Bichevin"
47963,tt1054675,Fanny Hill,Fanny Hill,2007-10-22,2.8205,5.793,29,[18],en,0,0,120,Sally Head Productions,James Hawes,"Rebecca Night, Alison Steadman, Hugo Speer, Joanna Miller, Emma Stansfield"
379994,tt1290073,Every Day Is a Fish Day,Høydepunkter,2007-08-01,2.4118,7.0,1,[],en,0,0,1,,Jens Lien,
1107245,,El Mensajero,El Mensajero,2007-02-27,2.5758,0.0,0,[],es,0,0,23,AFCHS Producciones,Andrés Francisco Chaves,"María José Callejas, Miguel Angel Hernandez, Ian Eliyahn, Alberto Bustamante, Eric Polini"
239515,tt1764360,Hicran Sokağı,Hicran Sokağı,2007-12-14,2.7025,1.5,2,[18],tr,0,0,134,,Safa Önal,"Türkan Şoray, Hülya Koçyiğit, Cüneyt Arkın, Selda Alkor, Selma Güneri"
968476,,Quearborn & Perversion: An Early History of Lesbian & Gay Chicago,Quearborn & Perversion: An Early History of Lesbian & Gay Chicago,2007-11-01,1.7238,0.0,0,"[99, 36]",en,0,0,109,"Chicago History Museum, Ron Pajak",Ron Pajak,"Studs Terkel, Chuck Renslow, Valerie Taylor, Marge Summit, Jim Flint"
394492,tt0934468,Dating Vietnam,Dating Vietnam,2007-07-09,2.5466,3.0,3,[18],de,0,0,88,Lifetime Entertainment,Harald Holzenleiter,"Marcel Miller, Nhung Le, Daeng Khamlao, Young-Shin Kim, Chutima Ying"
1681400,,El Luchador,El Luchador,2007-01-01,2.463,0.0,0,[],es,0,0,0,,José Carlos Huayhuaca,Juan Manuel Ochoa
1186493,tt1051263,Stolen Life,Stolen Life,2007-05-07,2.717,0.0,0,"[9648, 16, 878]",en,300,0,80,"Nanoflix, Nanoflix Productions",Jacqueline Turnure,"Claudia Black, Chris Jones, Marty Murphy, Rachel King, Lech Mackiewicz"
19213,tt0417056,Pledge This!,Pledge This!,2007-02-08,3.1152,2.902,128,[35],en,8300000,1751460,91,"Alien Nitrate, CKRush Entertainment, English Distribution LLC, Keystone Studios, World Wide Entertainment",William Heins,"Paris Hilton, Paula Garcés, Kerri Kenney, Sarah Carter, Simon Rex"
550543,tt0819798,True Miracle,Pravo čudo,2007-07-16,2.5905,5.8,4,"[9648, 18, 10749]",hr,0,0,107,"Kinorama, Hrvatska Radiotelevizija",Lukas Nola,"Rade Šerbedžija, Franjo Dijak, Barbara Nola, Ivo Gregurević, Ivana Roščić"
90301,tt1431725,Manon,Manon,2007-05-09,2.5924,8.5,2,[10402],fr,0,0,200,"Unitel Classics, Deutsche Grammophon, Staatsoper Unter den Linden","Vincent Paterson, Bernhard Fleischer, Andreas Morell","Anna Netrebko, Rolando Villazón, Alfredo Daza, Christof Fischesser, Remy Corazza"
10075,tt0397044,Blood and Chocolate,Blood and Chocolate,2007-01-26,2.4679,5.616,344,"[18, 14, 27, 10749]",en,15000000,6300000,98,"Daniel Bobker Productions, Berrick Filmproduktion, Blood & Chocolate Productions Ltd, Lakeshore Entertainment, Metro-Goldwyn-Mayer",Katja von Garnier,"Agnes Bruckner, Hugh Dancy, Katja Riemann, Olivier Martinez, Bryan Dick"
16027,tt0853267,Vampire Diary,Vampire Diary,2007-06-16,2.8416,4.217,23,"[14, 18, 27]",en,0,2000000,90,,"Phil O'Shea, Mark James","Anna Walton, Morven Macbeth, Kate Sissons, Richard Stanley, Jamie Thomas King"
930830,tt3626584,Alethea,Hakikat,2007-02-07,2.4836,6.0,1,[99],tr,0,0,40,,"Ethem Özgüven, Petra Holzer",
14158,tt1117523,Jackass 2.5,Jackass 2.5,2007-12-18,2.7688,6.127,642,"[35, 99]",en,0,0,64,"Dickhouse Productions, MTV, Paramount Pictures",Jeff Tremaine,"Johnny Knoxville, Steve-O, Bam Margera, Chris Pontius, Spike Jonze"
11408,,Kurz:Ivan,Kurz:Ivan,2007-01-01,2.2811,0.0,0,[18],en,0,0,13,,Benjamin Swiczinsky,"Denis Fink, Katja Schaefer, Stefan Bastians, Georgij Makazaria, Hannes Schindler"
17223,tt0867205,Two Tigers,Two Tigers,2007-02-14,2.4825,3.538,13,"[28, 12, 53]",en,0,0,89,,Sandro Cecca,"Selena Khoo, Jay Natelle, Andrea Osvárt, Olivier Pagès, Matt Patresi"
16516,tt0997274,Clannad: The Motion Picture,CLANNAD -クラナド-,2007-09-15,3.0846,7.239,117,"[16, 18, 10749]",ja,0,0,94,"VISUAL ARTS/Key, Toei Animation, Frontier Works",Osamu Dezaki,"Kenji Nojima, Mai Nakahara, Ryotaro Okiayu, Kikuko Inoue, Daisuke Sakaguchi"
13968,tt0805559,Jump In!,Jump In!,2007-01-12,2.705,6.368,423,"[18, 35, 10749]",en,0,0,84,"Davis Entertainment, Hop, Skip and Jump Productions, Jumping Rope Productions, Walt Disney Television, Disney Channel",Paul Hoen,"Corbin Bleu, Keke Palmer, David Reivers, Shanica Knowles, Laivan Greene"
223340,tt1524543,The Perfect Wife,Идеальная жена,2007-12-23,2.3144,8.0,1,[35],ru,0,0,94,"Star Media, Nonstop MEDIA",Vladimir Yankovsky,"Elena Biryukova, Galina Polskikh, Vladimir Nosik, Svetlana Nemolyaeva, Dmitriy Maryanov"
18633,tt0499570,Slipstream,Slipstream,2007-02-10,2.7229,4.921,101,"[14, 18]",en,0,27769,96,"Strand Releasing, Destination Films, Samson Films, Slipstream",Anthony Hopkins,"Anthony Hopkins, Stella Arroyave, Lana Antonova, Lindsay Barth, Michael Clarke Duncan"
14845,tt0375785,Gray Matters,Gray Matters,2007-02-23,2.607,5.789,133,"[35, 10749]",en,0,944479,96,"Yari Film Group, Archer Entertainment",Sue Kramer,"Heather Graham, Bridget Moynahan, Tom Cavanagh, Alan Cumming, Sissy Spacek"
405892,,Swordsman Online,Võ Lâm Truyền Kỳ,2007-02-09,2.7189,1.5,1,"[35, 18]",vi,0,0,88,Phước Sang Film,Lê Bảo Trung,"Đan Trường, Chi Bảo, Kim Thư, Hoài Linh, Tấn Beo"
4658,tt0488508,Arctic Tale,Arctic Tale,2007-06-17,2.7654,6.766,32,"[99, 10751]",en,0,1858064,86,National Geographic Films,"Sarah Robertson, Adam Ravetch",Queen Latifah
16385,tt0475355,Pride,Pride,2007-03-23,2.8666,6.7,73,[18],en,20000000,7094650,104,"Lionsgate, Fortress Features",Sunu Gonera,"Terrence Howard, Bernie Mac, Kimberly Elise, Tom Arnold, Brandon Fobbs"
13158,tt0455326,Aqua Teen Hunger Force Colon Movie Film for Theaters,Aqua Teen Hunger Force Colon Movie Film for Theaters,2007-04-13,2.6021,6.4,140,"[35, 28, 16, 12, 14, 878]",en,750000,5500000,86,"Williams Street, Radical Axis","Matt Maiellaro, Dave Willis","Dana Snyder, Carey Means, Dave Willis, Andy Merrill, Bruce Campbell"
394067,tt1018782,Shuteye Hotel,Shuteye Hotel,2007-04-25,2.1293,6.2,5,"[16, 27]",en,0,0,7,Plymptoons,Bill Plympton,"Carrie Keranen, Mike Juarez"
1070580,,Zé Barriga,Zé Barriga,2007-01-01,2.6397,0.0,0,[99],pt,0,0,0,,"Marcelo Reis, Patricia Vieira","Zé Barriga, Patricia Vieira"
31080,tt0787495,Netherbeast Incorporated,Netherbeast Incorporated,2007-03-30,2.86,4.833,18,"[27, 35]",en,0,0,89,"Ronalds Brothers Films, Apple Crate Entertainment, Hollywood Phoenix Studios",Dean Matthew Ronalds,"Steve Burns, Judd Nelson, Darrell Hammond, Dave Foley, Jason Mewes"
27947,tt1064931,Beyaz Melek,Beyaz Melek,2007-11-14,2.1844,6.195,41,[18],tr,0,0,117,,Mahsun Kırmızıgül,"Mahsun Kırmızıgül, Sarp Apak, Arif Erkin Güzelbeyoğlu, Yıldız Kenter, Erol Günaydın"
606035,tt1058003,Situation Frank,Situation Frank,2007-01-26,2.258,0.0,0,[18],sv,0,0,26,,Patrik Eklund,"Jacob Nordenson, Göran Forsmark"
9898,tt0756672,The Killing Floor,The Killing Floor,2007-05-10,2.6073,5.184,49,"[80, 53, 27]",en,0,0,94,,Gideon Raff,"Marc Blucas, Shiri Appleby, Reiko Aylesworth, Joel Leffert, Jeffrey Carlson"
67941,tt0959324,Max & Co,Max & Co,2007-09-08,2.6276,6.265,17,"[16, 12, 18]",fr,0,0,76,SAGA Production,"Samuel Guillaume, Frédéric Guillaume","Lorànt Deutsch, Virginie Efira, Patrick Bouchitey, Denis Podalydès, Sanseverino"
631138,tt2166327,Yellow Fever,Fiebre amarilla,2007-01-01,2.4933,0.0,0,[35],es,0,0,12,,Guillermo Asensio,"Joaquim Revenga, David Climent"
7992,tt0807054,It's a Free World...,It's a Free World...,2007-09-28,3.0358,6.569,131,[18],en,6000000,6645036,96,"Sixteen Films, BiM Distribuzione, EMC, Tornasol Media, SPI International, Film4 Productions",Ken Loach,"Kierston Wareing, Juliet Ellis, Lesław Żurek, Colin Caughlin, Joe Siffleet"
299156,tt2705500,Norma,Norma,2007-07-25,2.1905,9.0,1,"[10402, 18]",en,0,0,169,"Gran Teatre del Liceu, Arthaus Musik",Pietro d'Agostino,"Fiorenza Cedolins, Vincenzo La Scola, Andrea Papi, Sonia Ganassi, Begoña Alberdi"
681384,,Tomorrow Today,Tomorrow Today,2007-03-07,2.7573,0.0,0,[],en,0,0,29,,,"Clay Marzo, Mike Losness, Dane Reynolds, Bobby Martinez, Yadin Nicol"
312880,tt1141751,Corps étrangers,Corps étrangers,2007-01-01,2.4524,3.667,3,[18],fr,0,0,21,,Naël Marandin,"Li-Ting Huang, Carlos Leal"
26700,tt0836682,Nocturna,Nocturna,2007-10-11,2.8577,7.1,95,"[16, 10751, 14, 9648]",en,0,0,83,"Filmax Animation, Filmax, Anima Kids, Castelao Productions","Víctor Maldonado, Adrià García","Natalia Rodríguez, Carlos Sobera, Hélène Bizot, Imanol Arias, Philippe Peythieu"
13687,tt0791309,I Want Candy,I Want Candy,2007-03-23,2.7763,5.1,121,"[18, 35]",en,0,0,87,"BaggyJoe Productions, Thema Production, Ealing Studios, Grosvenor Park Productions",Stephen Surjik,"Tom Riley, Tom Burke, Carmen Electra, Eddie Marsan, Michelle Ryan"
415687,,Timewarp Experiment,Timewarp Experiment,2007-01-01,2.4853,8.0,1,[],en,0,0,3,,Takeshi Murata,
117845,tt0976132,Lakshmi Kalyanam,లక్ష్మి కళ్యాణం,2007-02-15,2.9879,4.0,1,"[18, 28, 10749]",en,0,0,145,,Teja,"Nandamuri Kalyanram, Kajal Aggarwal, Ajay, Sayaji Shinde, Srinivasa Reddy"
9783,tt0822858,Sublime,Sublime,2007-06-15,2.795,5.289,128,"[27, 53]",en,0,0,113,Raw Feed,Tony Krantz,"Tom Cavanagh, Kathleen York, Kat Coiro, Kyle Gallner, Shanna Collins"
1990,tt0842929,Paranoid Park,Paranoid Park,2007-07-12,2.5921,6.5,621,"[18, 80]",en,3000000,4545747,85,"Meno Film Company, MK2 Productions",Gus Van Sant,"Gabe Nevins, Dan Liu, Jake Miller, Taylor Momsen, Lauren McKinney"
4832,tt0492931,The 11th Hour,The 11th Hour,2007-08-17,2.6072,6.792,101,"[99, 18, 80]",en,0,0,95,,"Nadia Conners, Leila Conners","Leonardo DiCaprio, Kenny Ausubel, Sylvia Earle, John Trudell, Wangari Maathai"
563482,tt1443353,Leperfuck,Leperfuck,2007-08-18,2.629,4.0,4,"[35, 27, 18]",en,0,0,10,Mommy Kamikaze Secretions,Drew Tobia,"Lauren Jacquish, Toney Palumbo, Mark Riling, Lisa Noble, Patrick Connelly"
13998,tt0757361,Margot at the Wedding,Margot at the Wedding,2007-11-16,2.943,5.793,333,"[35, 18]",en,10000000,2900219,91,"Paramount Vantage, Scott Rudin Productions",Noah Baumbach,"Nicole Kidman, Jennifer Jason Leigh, Jack Black, John Turturro, Ciarán Hinds"
13650,tt0412637,Delirious,Delirious,2007-07-04,2.8375,6.39,123,"[35, 18, 10749]",en,0,659589,107,"Artina Films, Peace Arch Entertainment Group, Thema Production",Tom DiCillo,"Steve Buscemi, Michael Pitt, Alison Lohman, Gina Gershon, Elvis Costello"
10041,tt0454839,Broken,Broken,2007-04-12,2.5906,4.7,61,"[27, 53]",en,810000,0,110,Brand Mason,"Adam Mason, Simon Boyes","Eric Colvin, Nadja Brand, Abbey Stirling, Rachel Townend, Megan Van Kerro"
14650,tt0478705,Michou d'Auber,Michou d'Auber,2007-02-28,2.1944,6.431,80,"[18, 53]",fr,0,0,124,"MP Productions, TF1 Films Production, EuropaCorp",Thomas Gilou,"Gérard Depardieu, Nathalie Baye, Mathieu Amalric, Samy Seghir, Catherine Hiegel"
268890,tt5493548,Mexican Revolution,Revolución mexicana,2007-12-11,2.1934,0.0,0,"[99, 36, 10770]",es,0,0,93,Anima Films,Matías Gueilburt,
141176,tt1006971,Undead Ted,Undead Ted,2007-02-26,2.1497,7.2,3,[],en,0,0,7,,Daniel Knight,"Daniel Knight, Cassie Dart"
20069,tt0847745,Manual of Love 2,Manuale d'amore 2 (capitoli successivi),2007-01-19,2.5298,5.375,292,"[10749, 35, 18]",it,0,27833482,125,Filmauro,Giovanni Veronesi,"Carlo Verdone, Monica Bellucci, Riccardo Scamarcio, Fabio Volo, Sergio Rubini"
1922,tt0762110,Irina Palm,Irina Palm,2007-02-13,2.9427,6.918,183,[18],en,4500000,10610835,103,"Pallas Film, Samsa Film, Ipso Facto Productions, RTBF, Entre Chien et Loup, Liaison Cinématographique, Ateliers de Baere, Future Films, Canal+, Centre du Cinéma et de l'Audiovisuel de la FWB, Eurimages, Filmförderungsanstalt (FFA), Film Fund Luxembourg, Région Wallone, The Centre du Cinema et de l'Audiovisuel de la Communauté Française de Belgique, Wallimage, i2i Media Programme",Sam Garbarski,"Marianne Faithfull, Predrag 'Miki' Manojlović, Kevin Bishop, Siobhan Hewlett, Dorka Gryllus"
4556,tt0446750,Nightwatching,Nightwatching,2007-11-02,2.7283,6.177,79,"[18, 36]",en,0,0,135,"Aria Films, MEDIA Programme of the European Union, Kasander Film Company, UK Film Council, Wales Creative IP Fund, Odeon Films, Netherland Filmfund, ContentFilm International, No Equal Entertainment, Rotterdams Fonds voor de Film en Audiovisuele Media, Gremi Film, Yeti Films",Peter Greenaway,"Martin Freeman, Emily Holmes, Eva Birthistle, Jodhi May, Toby Jones"
13710,tt1024899,The Merry Widow,Enfin veuve,2007-11-01,2.5692,4.895,86,"[35, 18, 10749]",fr,0,22872698,94,Gaumont,Isabelle Mergault,"Michèle Laroque, Jacques Gamblin, Wladimir Yordanoff, Tom Morton, Valérie Mairesse"
24446,tt0938666,Holiday in Handcuffs,Holiday in Handcuffs,2007-12-09,3.2024,6.261,201,"[35, 10749, 10751, 10770]",en,0,0,90,"Alberta Film Entertainment, Hand Cuff Productions",Ron Underwood,"Melissa Joan Hart, Mario López, Timothy Bottoms, Markie Post, June Lockhart"
1703148,tt0982915,Quake,Quake,2007-03-27,2.2719,0.0,0,[],en,0,0,18,AFI,Peter Shanel,"Chase Ellison, Ian Hannin, Doug Budin, Aaron Parker Mouser, Kim Haden"
8141,tt0796375,You Kill Me,You Kill Me,2007-02-09,3.1958,6.146,312,"[35, 80, 53, 10749]",en,4000000,3748295,90,"Independent Film Group, Bi-polar Pictures, Carol Baum Productions, Code Entertainment, Dillinger Productions, Echo Lake Entertainment, Green Tulip Productions",John Dahl,"Ben Kingsley, Téa Leoni, Luke Wilson, Bill Pullman, Dennis Farina"
822413,tt1630234,Byron Chief-Moon: Grey Horse Rider,Byron Chief-Moon: Grey Horse Rider,2007-08-25,2.1908,0.0,0,[99],en,0,0,48,Mouvement Perpétuel,"Marlene Millar, Philip Szporer",Byron Chief-Moon
6022,tt0765447,Evening,Evening,2007-06-09,2.744,5.8,187,"[18, 10749]",en,0,20016753,117,"MBF Erste Filmproduktionsgesellschaft, Hart-Sharp Entertainment, Twins Financing, Focus Features",Lajos Koltai,"Claire Danes, Toni Collette, Vanessa Redgrave, Patrick Wilson, Hugh Dancy"
13177,tt0850253,Battle in Seattle,Battle in Seattle,2007-09-07,2.9174,6.306,270,"[28, 18]",en,8000000,908847,99,"Insight Film Studios, Redwood Palms Pictures, Remstar Productions",Stuart Townsend,"Martin Henderson, Michelle Rodriguez, Woody Harrelson, Charlize Theron, Jennifer Carpenter"
13391,tt0970472,Vexille,ベクシル 2077日本鎖国,2007-08-18,3.1926,6.69,182,"[16, 878]",ja,0,0,109,"Avex Entertainment, OXYBOT, CCRE, Shogakukan Production, Shogakukan, TBS, Yahoo! Japan, Shochiku",Fumihiko Sori,"Meisa Kuroki, Shosuke Tanihara, Yasuko Matsuyuki, Akio Otsuka, Romi Park"
51550,tt0997157,Hero,HERO,2007-09-08,2.5637,6.529,35,[9648],ja,0,0,130,"J-dream, TOHO, Fuji Television Network, Toho Eizo Bijutsu, Okinawa Television Broadcasting, Kagoshima Television Station, Miyazaki Telecasting, Television Oita System, Kumamoto Kenmin Televisions, Television Nagasaki, Saga Television Station, Television Nishinippon Corporation, Kochi Sun Sun Broadcasting, Ehime Broadcasting, Television Shin-Hiroshima System, Okayama Broadcasting, San-in Chuo Television Broadcasting, Kansai Television, Tokai Television Broadcasting, Fukui Television Broadcasting, Ishikawa Television Broadcasting, Toyama Television, Shizuoka Telecasting, Nagano Broadcasting System, Niigata Sogo Television, Fukushima Television Broadcasting, Sakuranbo Television Broadcasting Corporation, Akita Television, Sendai Television, Iwate Menkoi Television, Hokkaido Cultural Broadcasting",Masayuki Suzuki,"Takuya Kimura, Takako Matsu, Nene Otsuka, Hiroshi Abe, Masanobu Katsumura"
17334,tt1049405,The Other End of the Line,The Other End of the Line,2007-03-23,2.9928,6.461,193,"[35, 10749]",en,14000000,115592,106,"Brass Hat Films, Adlabs Films Ltd., Metro-Goldwyn-Mayer, Hyde Park Entertainment",James Dodson,"Jesse Metcalfe, Shriya Saran, Austin Basis, Larry Miller, Nouva Monika Wahlgren"
1489349,,Villa fidelia,Villa fidelia,2007-01-01,2.1677,0.0,0,[],fr,0,0,0,,"Pierre Villemin, Jean Villemin",
1176749,,Untitled Stories,Untitled Stories,2007-02-01,2.0057,0.0,0,[],en,0,0,11,,Margarida Paiva,Merete Nordahl
63799,tt2615576,The Scent of Life,Запах жизни,2007-06-06,2.3814,1.0,1,"[9648, 53, 80]",ru,0,0,87,,Sergei Borchukov,"Kseniya Ilyasova, Yury Chursin, Aleksandr Andrienko, Aleksandr Yatsko, Denis Yakovlev"
1411373,tt1331050,The Schoolyard,Les grands,2007-09-11,2.5782,0.0,0,[],fr,0,0,12,,Chloé Leriche,"Antoine Marcotte, Jean-Carl Boucher, Robert Naylor, Benjamin Chouinard, Marie-Ève Beauregard"
219931,tt1002581,Dormant Argentina,Argentina latente,2007-05-24,2.2608,6.6,7,[99],es,0,0,120,Cinesur,Fernando E. Solanas,
9997,tt0857376,Gabriel,Gabriel,2007-11-15,2.5942,6.01,434,"[14, 27, 28, 878]",en,200000,1395610,109,"Redline Films, HILT Productions",Shane Abbess,"Andy Whitfield, Dwaine Stevenson, Erika Heynatz, Samantha Noble, Michael Piccirilli"
1642438,tt1069001,The Mask,Maska,2007-12-16,2.6019,0.0,0,"[10770, 18]",sr,0,0,85,Radiotelevizija Beograd,Marko Novaković,"Vladislava Milosavljević, Vanja Ejdus, Sergej Trifunović, Branislav Tomašević, Goran Jevtić"
28205,tt0988108,The Class,Klass,2007-03-16,2.8242,7.457,255,[18],et,145625,4117,97,"Amrion, Eesti Televisioon",Ilmar Raag,"Vallo Kirs, Pärt Uusberg, Lauri Pedaja, Paula Solvak, Mikk Mägi"
311098,tt1084045,On the Wings of Dreams,স্বপ্নডানায়,2007-01-29,2.3128,6.0,4,[18],bn,0,0,84,Impress Telefilm,Golam Rabbany Biplob,"Mahmuduzzaman Babu, Fazlur Rahman Babu, Rokeya Prachy, Momena Chowdhury, Shamima Islam Tusty"
76438,tt1677719,Racketeer,Рэкетир,2007-11-08,2.3602,7.188,16,"[80, 18, 28]",ru,800000,0,80,Satai Film,Akan Satayev,"Sayat Isembayev, Murat Bisenbin, Asel Sagatova, Zhan Baizhanbayev, Saken Aminov"
94583,tt0815165,The Gay Bed & Breakfast of Terror,The Gay Bed & Breakfast of Terror,2007-07-13,2.7392,3.2,18,"[27, 35]",en,0,0,110,,Jaymes Thompson,"Mari Marks, Georgia Jean, Michael Soldier, Vinny Markus, Hilary Bass"
13196,tt0455805,Then She Found Me,Then She Found Me,2007-09-07,4.2335,5.638,189,"[35, 18, 10749]",en,3000000,8443998,100,"Killer Films, John Wells Productions, Blue Rider Pictures, Less is More Productions, Odyssey Entertainment",Helen Hunt,"Helen Hunt, Bette Midler, Colin Firth, Matthew Broderick, Ben Shenkman"
25434,tt0452631,The Home Song Stories,意,2007-02-09,2.6609,6.1,11,[18],en,0,0,103,"Spark Script Workshop, Film Victoria, MediaCorp Raintree Pictures, SBS Independent, Fortissimo Films, Big & Little Films Pty. Ltd., Porchlight Films, ScreenWest, Lotterywest, New South Wales Film & Television Office, Australian Film Finance Corporation",Tony Ayres,"Joan Chen, Qi Yuwu, Joel Lok, Irene Chen, Steven Vidler"
293627,tt0780158,Sun Dogs,Sun Dogs,2007-10-02,2.0989,0.0,0,[99],en,0,0,90,Palm Pictures,Andrea Stewart,
4520,tt0857265,Sleuth,Sleuth,2007-10-12,3.2816,6.275,601,"[18, 9648, 53]",en,0,342835,89,"Castle Rock Entertainment, Timnick Films, Riff Raff Film Productions, Mandate International",Kenneth Branagh,"Michael Caine, Jude Law, Harold Pinter, Carmel O'Sullivan, Kenneth Branagh"
228366,tt1099949,Ctrl Z,Ctrl Z,2007-09-01,2.4648,0.0,0,[35],en,0,0,5,,Robert Kirbyson,"Tony Hale, Zachary Levi, Emy Coligado, Javier Ronceros, Yvonne C. Ronceros"
321820,tt1230162,Pur & Friends: Live auf Schalke 2007,Pur & Friends: Live auf Schalke 2007,2007-10-26,2.3358,0.0,0,[],de,0,0,0,,,"Hartmut Engler, Christina Stürmer, John Miles, Karel Gott"
517766,,Recomposition,Recomposition,2007-01-01,2.4888,0.0,0,[],en,0,0,5,,Dan Browne,
14126,tt0449471,Catacombs,Catacombs,2007-06-01,2.9034,4.758,213,"[27, 53]",en,0,2455422,92,"Catacombs Productions, Lionsgate, Twisted Pictures","David Elliot, Tomm Coker","Shannyn Sossamon, P!nk, Mihai Stănescu, Emil Hostina, Sandi Dragoi"
30680,tt0493439,On the Doll,On the Doll,2007-10-12,2.5207,5.163,46,"[80, 18, 53]",en,0,0,102,"Doom Incorporated, Jeff Most Productions",Thomas Mignone,"Brittany Snow, Josh Janowicz, Clayne Crawford, Shanna Collins, Theresa Russell"
21935,tt0905994,The Haunting Hour: Don't Think About It,The Haunting Hour: Don't Think About It,2007-09-04,2.7138,6.8,176,"[27, 10770, 14]",en,3000000,0,87,"The Hatchery, Universal Studios Home Entertainment Family Productions",Alex Zamm,"Emily Osment, Brittany Curran, Alex Winzenread, Michelle Duffy, John Hawkinson"
15476,tt0462160,Dead Tone,Dead Tone,2007-05-16,2.3113,4.717,96,"[27, 53]",en,3000000,0,100,Hooks and Taylor Entertainment,"Brian Hooks, Deon Taylor","Rutger Hauer, Wil Horneff, Brian Hooks, Antwon Tanner, Denyce Lawton"
886667,tt0826609,El quejido,El quejido,2007-01-01,2.0426,0.0,0,"[18, 14]",es,0,0,0,Instituto Mexicano de Cinematografía,Carlos García Campillo,"Enoc Leaño, Mario Zaragoza, Ofelia Arredondo, Carlos Iván Esquivel, Iván Dario García"
1760135,tt1038092,On the Set: Spider-Man 3,On the Set: Spider-Man 3,2007-04-21,2.0539,0.0,0,[99],en,0,0,29,Sony Pictures Home Entertainment,,"Sam Raimi, Tobey Maguire, Kirsten Dunst, James Franco, Thomas Haden Church"
1395245,tt1422673,Gruesome,Gruesome,2007-10-06,2.3823,1.5,2,[27],en,0,0,8,"Bare Bones Productions, Slaughtered Lamb Productions",Gregory Lamberson,"Ryan O'Connell, Erin Brown, Dan Loughery, Jennifer Bihl, Giasone Italiano"
855062,tt1016236,The Signal,La señal,2007-05-01,2.2356,0.0,0,"[35, 18, 10770]",es,0,0,69,,"Rodrigo Moreno, Vivi Tellas","Adriana Aizemberg, Cristina Banegas, Rosario Bléfari, Oscar Felipe Chaico, Guillermo Franco"
12727,tt1148781,Der Fährmeister,Der Fährmeister,2007-06-01,2.3391,0.0,0,[],en,0,0,0,,Jörg Bruhn,"Radik Golovkov, Günter Lamprecht"
581125,tt1602488,Ekelöf's Blick - En Nordisk Diktarresa,Ekelöf's Blick - En Nordisk Diktarresa,2007-03-09,2.454,0.0,0,[99],sv,0,0,51,Athenafilm,Claus Bohm,"Katarina Frostenson, Anders Olsson, Horace Engdahl, Marika Lagercrantz, Gunnar Ekelöf"
1306157,,Inside Sudan,Inside Sudan,2007-03-04,2.4742,8.0,1,[99],en,0,0,31,VICE News,Shane Smith,"Shane Smith, Jamie James Medina"
579536,tt1515871,Mary-Koszmary,Mary-Koszmary,2007-06-06,2.275,0.0,0,[],en,0,0,11,,Yael Bartana,
335209,tt1061123,Doctor Who: Voyage of the Damned,Doctor Who: Voyage of the Damned,2007-12-25,2.8562,7.586,214,"[878, 10770, 9648, 18, 53]",en,0,0,72,BBC Cymru Wales,James Strong,"David Tennant, Kylie Minogue, Russell Tovey, Jimmy Vee, Clive Swift"
13957,tt0488380,Closing the Ring,Closing the Ring,2007-09-14,2.6355,6.176,108,"[18, 10749]",en,23000000,0,118,"CTR, Spinster, Prospero Pictures, Scion Films",Richard Attenborough,"Shirley MacLaine, Christopher Plummer, Mischa Barton, Stephen Amell, Neve Campbell"
211610,tt11123894,Verdi: Oberto,Verdi: Oberto,2007-10-16,2.5951,0.0,0,[10402],it,0,0,134,C Major Entertainment,"Pier' Alli, Tiziano Mancini","Mariana Pentcheva, Giovanni Battista Parodi, Giorgia Bertagni, Fabio Sartori, Francesca Sassu"
885395,tt1024196,Gdanski Railway Station,Dworzec Gdański,2007-03-25,2.4287,7.8,2,[99],pl,0,0,56,"Studio Largo, TVN, Polski Instytut Sztuki Filmowej, Instytut Adama Mickiewicza - Culture.pl",Maria Zmarz-Koczanowicz,"Teresa Toranska, Eva Rozenbaum, Freda Uziyel, Anna de Tusch, Andrzej Karpinski"
15117,tt2333982,Realtime,Realtime,2007-01-01,2.1897,0.0,0,[99],en,0,0,0,Level 1 Productions,Josh Berman,"Tanner Rainville, Wiley Miller, Travis Redd, Corey Vanular, Ahmet Dadali"
27606,tt0496251,Millennium Crisis,Millennium Crisis,2007-08-03,2.031,2.227,11,[878],en,0,0,84,Braidwood Films,Andrew Bellware,"Clare Stevenson, Ted Raimi, Tao Jones, Olja Hrustic, Ato Essandoh"
15066,tt0804550,Walking Tall: The Payback,Walking Tall: The Payback,2007-02-20,2.585,5.754,69,"[80, 12, 28]",en,0,0,88,"Metro-Goldwyn-Mayer, Sony Pictures Home Entertainment",Tripp Reed,"Kevin Sorbo, Yvette Nipar, A.J. Buckley, Bentley Mitchum, Marc Macaulay"
50032,tt0853153,Stuart: A Life Backwards,Stuart: A Life Backwards,2007-09-23,2.5159,7.386,232,"[18, 10770]",en,0,0,92,"BBC, HBO Films, Knifedge, Neal Street Productions",David Attwood,"Tom Hardy, Benedict Cumberbatch, Nicola Duffett, Claire-Louise Cordwell, Edna Doré"
906454,tt0452595,Bruno,Bruno,2007-04-14,2.2816,7.0,1,[35],en,26000,0,34,,Sam Goetz,"Sam Goetz, Mike Goetz, Timothy Gannon, Carla Tassara"
32583,tt0496444,Zombie Town,Zombie Town,2007-11-20,2.0309,4.976,21,[27],en,0,0,95,"Zapatos Para Todos, Edgewood Studios",Damon Lemay,"Adam Hose, Brynn Lucas, Dennis Lemoine, Phil Burke, Jayson Argento"
187949,tt1139274,Romeo's Kiss,Le baiser,2007-11-15,2.002,4.75,8,[18],fr,0,0,12,21ème Production,Julien Eger,"Florent Arnoult, Matila Malliarakis, Heloïse Adam, Didier Tournan"
14608,tt0213985,Partition,Partition,2007-02-02,2.472,6.3,34,"[18, 10749]",en,0,0,116,Khussro Films,Vic Sarin,"Jimi Mistry, Kristin Kreuk, Neve Campbell, John Light, Irrfan Khan"
5718,tt0388182,King of California,King of California,2007-01-24,2.9296,6.4,396,"[35, 18]",en,10000000,1045786,93,"Nu Image, Michael London Productions, King of California Productions, Lone Star Film Group, Millennium Media, Emmett/Furla Films",Mike Cahill,"Michael Douglas, Evan Rachel Wood, Willis Burks II, Kathleen Wilhoite, Arthur Santiago"
8875,tt0857295,Timber Falls,Timber Falls,2007-12-07,2.8721,5.648,196,"[27, 53]",en,2600000,677548,97,"Ascendant Pictures, A-Mark Entertainment, Rifkin-Eberts Productions, Film Tiger",Tony Giglio,"Josh Randall, Brianna Brown, Nick Searcy, Beth Broderick, Sascha Rosemann"
15676,tt0483756,Nobel Son,Nobel Son,2007-04-28,3.1051,6.024,143,"[35, 80, 18]",en,4000000,550782,110,Gimme Five Films,Randall Miller,"Alan Rickman, Bryan Greenberg, Shawn Hatosy, Eliza Dushku, Bill Pullman"
209184,tt1206032,Powerful Civilian,Powerful Civilian,2007-01-01,2.6084,0.0,0,[],en,0,0,75,,Andy Chukwu,"Victor Osuagwu, Sam Loco Efe, Chinedu Ikedieze, Osita Iheme"
18598,tt0469429,Her Best Move,Her Best Move,2007-03-31,2.5099,4.9,33,"[35, 18, 10751]",en,0,0,101,"Summertime Films, Her Best Move LLC",Norm Hunter,"Daryl Sabara, Leah Pipes, Lisa Darr, Jhoanna Flores, Fay Masterson"
14094,tt0991150,Christmas in Wonderland,Christmas in Wonderland,2007-12-27,2.2288,5.439,93,[35],en,0,0,95,"Insight Film Studios, Redwood Palms Pictures, Jordan Films",James Orr,"Patrick Swayze, Matthew Knight, Amy Schlagel, Tim Curry, Carmen Electra"
228399,tt1183692,Pequenas Histórias,Pequenas Histórias,2007-09-22,1.9558,6.5,2,"[35, 14, 10751]",pt,0,0,80,"Quimera Filmes, Petrobras",Helvécio Ratton,"Marieta Severo, Patricia Pillar, Paulo José, Gero Camilo, Mauricio Tizumba"
451307,,Alex & José,Alex & José,2007-04-09,2.7343,0.0,0,[99],en,0,0,3,,Cynthia Madansky,
723908,tt2496990,Nirop,निरोप,2007-12-28,2.1557,0.0,0,[18],mr,0,0,82,,Sachin Kundalkar,"Sameer Dharmadhikari, Devika Daftardar, Gauri Kulkarni, Astad Kale, Seema Deshmukh"
1549944,,Los Cazarecompensas,Los Cazarecompensas,2007-01-01,2.3827,0.0,0,[28],es,0,0,99,J.C. Films,Alonso O. Lara,"John Solis, Bernabé Melendrez, Hugo Stiglitz, Roberto Carbajal, Guadalupe Pérez"
14843,tt0829297,Ten Inch Hero,Ten Inch Hero,2007-04-25,2.9749,6.997,188,"[35, 18, 10749]",en,0,0,97,Shoreline Entertainment,David Mackay,"Elisabeth Harnois, Clea DuVall, Sean Patrick Flanery, Jensen Ackles, Danneel Ackles"
1204215,tt1047531,Szaleńcy,Szaleńcy,2007-05-25,2.348,5.0,1,[35],pl,0,0,0,Wytwórnia Pozytywna,Paweł Wendorff,"Piotr Bajor, Aleksandra Kisio, Katarzyna Trzcińska, Andrzej Nejman, Dariusz Majchrzak"
1065373,,Carne Viva,Carne Viva,2007-05-01,2.3152,0.0,0,[99],es,0,0,61,DOCA Documentalistas argentinos,Marcelo Goyeneche,Guillermo Saccomano
13534,tt0762104,How to Rob a Bank,How to Rob a Bank,2007-01-25,2.444,5.795,139,"[28, 35, 80]",en,0,0,81,Williamsburg Media Cult,Andrews Jenkins,"Nick Stahl, Erika Christensen, Gavin Rossdale, Terry Crews, David Carradine"
39158,tt0491005,Kaw,Kaw,2007-04-07,2.5225,4.567,89,"[27, 53, 878, 28]",en,0,0,93,"S.V. Scary Films 6, Kaw Productions",Sheldon Wilson,"Sean Patrick Flanery, Kristin Booth, Megan Park, Stephen McHattie, Rod Taylor"
822273,tt7866676,Jundai Gundai,ජුංඩයි ගුංඩයි,2007-11-30,1.9875,0.0,0,[35],si,0,0,95,,Sunil Soma Peiris,"Bandu Samarasinghe, Tennyson Cooray, Nilanthi Dias, Rex Kodippili, Buddhika Rambukwella"
738468,,Fallen Flags,Fallen Flags,2007-01-01,2.0743,0.0,0,[],en,0,0,8,,Amanda Dawn Christie,
36830,tt2825710,Richard Herring: Menage a Un,Richard Herring: Ménage à Un,2007-01-01,1.9723,7.375,4,[35],en,0,0,114,Go Faster Stripe,Craig Griffith,Richard Herring
13949,tt0844330,Persuasion,Persuasion,2007-04-01,2.6123,7.24,287,"[18, 10749, 10770]",en,0,0,93,"Clerkenwell Films, GBH",Adrian Shergold,"Sally Hawkins, Rupert Penry-Jones, Alice Krige, Tobias Menzies, Anthony Stewart Head"
896911,,Signé Dumas,Signé Dumas,2007-01-01,2.1524,0.0,0,[35],fr,0,0,0,,Jean-Luc Tardieu,"Francis Perrin, Thierry Frémont, Maxime Lombard"
42302,tt1054564,Blood Monkey,Blood Monkey,2007-09-24,2.6756,5.539,141,"[28, 12, 27]",en,0,0,88,"Thai Occidental Productions, Thai Occidental Productions",Robert Young,"F. Murray Abraham, Matt Ryan, Amy Manson, Freishia Bomanbehram, Matt Reeves"
80345,tt1176729,Fröhliche Weihnachten,Fröhliche Weihnachten,2007-12-19,2.2476,7.4,5,[35],de,0,0,0,Brainpool,Tobi Baumann,"Anke Engelke, Bastian Pastewka, Elton, Roger Cicero"
431077,tt1299396,El último silencio,El último silencio,2007-12-20,2.2513,5.0,1,[],es,0,0,88,,Joshua Gil,"Luis Fernando Peña, Diana Golden, Guillermo Quintanilla"
39033,tt1132161,The Houseboy,The Houseboy,2007-11-10,2.4786,4.75,16,[18],en,0,0,81,TLA Releasing,Spencer Schilly,"Nick May, Tom Merlino, Brian Patacca, Damián Fuentes, LaMar Staton"
51974,tt1085459,Miranda Regresa,Miranda Regresa,2007-11-16,1.8801,6.0,1,"[18, 36]",es,0,0,149,,Luis Alberto Lamata,"Jorge Reyes, Luis Gerónimo Abreu, Alberto Alifa, Albi De Abreu, Juvel Vielma"
816606,tt6037044,Sadi-Scream Vol. 4,Sadi-Scream Vol. 4,2007-09-28,2.1869,1.0,2,[27],ja,0,0,78,,Yatsuki Bijogiya,"Sakura Sakurada, Taro Kai"
114370,tt0456982,Fist of the North Star: The Legend of Yuria,真救世主伝説 北斗の拳 ユリア伝,2007-02-23,2.3306,6.4,43,"[28, 16, 12, 18]",ja,0,1479911,64,"TMS Entertainment, North Star Pictures",Hidehito Ueda,"Hiroshi Abe, Takashi Ukaji, Yuriko Ishida, David Ito, Chikao Ohtsuka"
50376,tt1125188,Frayed,Frayed,2007-10-17,2.4687,5.013,39,"[27, 53]",en,0,0,111,"Quantum Films Production Ltd., Lock It In Entertainment","Rob Portmann, Norbert Caoili","Tony Doupe, Aaron Blakely, Alena Dashiell, Tasha Smith-Floe, Kellee Bradley"
56295,tt1152282,Love of Siam,รักแห่งสยาม,2007-11-22,2.4063,7.333,81,"[18, 10749]",th,0,0,154,"Sahamongkolfilm, Baa-Ram-Ewe",Chookiat Sakveerakul,"Witwisit Hiranyawongkul, Mario Maurer, Chermarn Boonyasak, Sinjai Plengpanich, Songsit Roongnophakunsri"
1101536,tt0433118,Vacas gordas,Vacas gordas,2007-08-23,2.4706,10.0,1,[18],es,0,0,83,Cinemagroup,Giorgio Peretti,"Enrique Liporace, Nicolás Pauls, Pablo de Laguarigue, Claribel Medina, Pablo Alarcón"
77205,tt1113833,The Quiet Storm,Veðramót,2007-09-07,2.1307,4.0,7,[18],is,1500000,0,102,Umbi s.f.,Guðný Halldórsdóttir,"Hilmir Snær Guðnason, Atli Rafn Sigurðsson, Jörundur Ragnarsson, Þorsteinn Bachmann, Tinna Hrafnsdóttir"
421613,,El despertar,El despertar,2007-12-17,2.2789,0.0,0,"[10749, 18]",es,0,0,0,XCL-TV,Vicente Castro,"Karla Monroig, Michael Stuart, Jorge Castro, Gilda Haddock, Richard Rondon"
1505942,tt4505356,Amrutha Vani,Amrutha Vani,2007-05-18,2.129,0.0,0,"[10749, 18]",kn,0,0,131,Chathurthi Creators,B R Rajashekar,"Naveen Krishna, Radhika Kumaraswamy, Ajai Rao, Doddanna, Sadhu Kokila"
88063,tt1629282,"Godard, Love and Poetry","Godard, l'amour, la poésie",2007-01-01,2.207,7.3,3,[99],fr,0,0,53,"CinéCinéma, StudioCanal, Point du Jour",Luc Lagier,"Charles L. Bitsch, Raoul Coutard, Jean Douchet, Jean-Paul Savignac"
816360,tt6056596,Sadi-Scream Vol. 2,Sadi-Scream Vol. 2,2007-08-24,2.3918,3.667,3,[27],ja,0,0,72,,Sakata Tooru,Rina Himekawa
904393,tt1028541,Her Smile,Her Smile,2007-12-12,2.4715,0.0,0,[18],en,0,0,10,,Minji Kang,"Chrystine Yeh, Lindsay Kojima, Shine Inn, JOyce Ip, Dong Min Shin"
25827,tt0329354,Marigold,Marigold,2007-08-17,2.3128,6.093,14,"[35, 10749]",en,0,0,110,"Hyperion Pictures, Marvin Becker Films, Entertainment One India, Firewall Entertainment",Willard Carroll,"Salman Khan, Ali Larter, Nandana Sen, Shari Watson, Simone Singh"
10818,tt0869977,Water Lilies,Naissance des pieuvres,2007-05-17,2.3113,6.52,483,"[18, 10749]",fr,0,0,85,"Balthazar Productions, Lilies Films",Céline Sciamma,"Pauline Acquart, Louise Blachère, Adèle Haenel, Warren Jacquin, Christel Baras"
693455,tt1035500,Till slut,Till slut,2007-01-24,2.3109,0.0,0,[18],sv,0,0,28,Speedfilm AB,Maria Hedman,"Mina Azarian, Evin Ahmad, Axel Zuber, Sally Carlsson, Carla Abrahamsen"
14044,tt0881200,Assembly,集结号,2007-10-09,2.3109,6.9,153,"[28, 36]",zh,16000000,34786960,123,"Huayi Brothers Media Corporation, Media Asia Films, Shanghai Film Group, MK Pictures, China Film Co-Production",Feng Xiaogang,"Zhang Hanyu, Deng Chao, Yuan Wenkang, Tang Yan, Liao Fan"
18040,tt0460883,Night Skies,Night Skies,2007-01-23,2.3102,5.318,74,"[18, 27, 9648, 878, 53]",en,0,0,85,"Phantom Planet Films, Ringleader Studios, Karza Productions Inc., Night Skies Productions LLC",Roy Knyrim,"Jason Connery, A.J. Cook, George Stults, Ashley Peldon, Joseph Sikora"
54467,tt1087455,Indi,Инди,2007-05-10,2.3095,5.273,11,"[10749, 18]",ru,1200000,145000,92,"Panopticum Film Company, Triumph Film Company",Oleksandr Kirienko,"Alyona Babenko, Aleksandr Baluev, Alexandr Domogarov, Polina Kutepova, Ksenia Nikolaeva"
10247,tt0760311,He Was a Quiet Man,He Was a Quiet Man,2007-11-23,2.308,6.388,381,"[35, 18, 10749]",en,0,0,95,"Neo Art & Logic, Quiet Man Productions",Frank A. Cappello,"Christian Slater, Elisha Cuthbert, William H. Macy, Sascha Knopf, John Gulager"
1076729,tt3084244,Murder in Winter Yalta,Вбивство у зимовій Ялті,2007-09-08,2.3075,2.5,1,"[12, 80]",uk,0,0,97,"Dovzhenko Film Studios, Ministry of Culture of Ukraine",Oleksandr Muratov,"Oleh Savkin, Hryhorii Bokovenko, Olena Bondareva-Repina, Mykhailo Zhonin, Oleh Prymohenov"
567080,tt1075318,L'Étrangère,L'Étrangère,2007-08-31,2.3074,9.0,2,"[10770, 18, 10749]",fr,0,0,0,"TV3, Dune, Diagonal TV",José Pinheiro,"Anne Caillon, Gaëlle Bona, Thomas Jouannet, Annie Grégorio, Marc Cartes"
21141,tt0458480,Simon Says,Simon Says,2007-09-25,2.3067,5.018,109,"[27, 53]",en,3000000,0,87,"Blue Cactus Pictures, Darkmoon Pictures",William Dear,"Crispin Glover, Margo Harshman, Greg Cipes, Kelly Vitz, Artie Baxter"
15654,tt0816545,Kabluey,Kabluey,2007-06-25,2.3025,6.103,68,"[35, 18]",en,0,83398,86,Whitewater Films,Scott Prendergast,"Lisa Kudrow, Christine Taylor, Scott Prendergast, Conchata Ferrell, Jeffrey Dean Morgan"
33411,tt0791244,Temporary Release,Ledsaget udgang,2007-01-12,2.3013,4.3,7,"[10751, 18, 35]",da,0,0,90,Clausen Film,Erik Clausen,"Erik Clausen, Jesper Asholt, Ditte Gråbøl, Elith Nulle Nykjær, Maria Rossing"
2882,tt0792965,Hunting & Gathering,"Ensemble, c'est tout",2007-03-21,2.2983,6.499,453,"[10749, 18]",fr,0,0,97,"Hirsch, Pathé Renn Productions, TF1 Films Production",Claude Berri,"Audrey Tautou, Guillaume Canet, Laurent Stocker, Françoise Bertin, Danièle Lebrun"
21860,tt0852940,Born,Born,2007-10-17,2.2963,3.783,30,[27],en,0,0,107,Devil's Child Picture Company,Richard Friedman,"Joan Severance, Alison Brie, Kane Hodder, Denise Crosby, James T. Callahan"
1608719,tt1259761,Dear Dad,Dear Dad,2007-01-01,2.2956,0.0,0,[99],en,0,0,10,"UK Film Council, Scottish Screen, GMAC Film",Robin Haig,
59515,tt1483794,Operational activities,Оперативная разработка,2007-01-01,2.2952,0.0,0,[80],ru,0,0,90,,Viktor Tatarskiy,"Oleg Stefan, Georgi Pitskhelauri, Aleksandr Bolshakov, Oleg Chernov, Evgeniy Dyatlov"
241086,tt0951230,The Scary Guy,Scary – Furchterregend,2007-02-12,2.2938,0.0,0,[99],en,0,0,88,"Filmworks, ARTE, BR",Uli Kick,"Julie Kaufmann, Jayme Norris, Bob Wolfson, Richard Shea, Gary Lee"
143967,tt0972547,Bleeding Rose,Bleeding Rose,2007-05-15,2.2918,1.0,1,"[27, 53]",en,0,0,80,K.ALLA.Films,Kareem Bland,"Sakeena Nicole, Archie Ekong, Nicholas Vitulli, Duane Littles, Lena Diechle"
12172,tt1093824,Encounters at the End of the World,Encounters at the End of the World,2007-09-01,2.2901,7.474,304,[99],en,0,0,99,"Discovery Films, Creative Differences Productions, Discovery Communications",Werner Herzog,"Werner Herzog, Clive Oppenheimer, Scott Rowland, Stefan Pashov, Doug MacAyeal"
463005,tt1147600,Moreno,Moreno,2007-06-20,2.2885,4.125,8,[18],tl,0,0,81,,Crisaldo Pablo,"Ynez Veneracion, Ray An Dulay, Mark Dionisio, Roy Castillon"
13173,tt0811106,The Ten,The Ten,2007-08-03,2.2849,4.762,218,[35],en,5250000,785528,96,"Ascot Elite Home Entertainment, City Lights Pictures",David Wain,"Paul Rudd, Adam Brody, Jon Hamm, Winona Ryder, Ken Marino"
1874,tt0438859,Goodbye Bafana,Goodbye Bafana,2007-02-11,2.2778,6.855,165,"[36, 18]",en,30000000,0,115,"Film Afrika, X Filme Creative Pool",Bille August,"Joseph Fiennes, Dennis Haysbert, Diane Kruger, Shiloh Henderson, Patrick Lyster"
13548,tt0452592,Borderland,Borderland,2007-11-09,2.2776,5.548,260,"[80, 27, 53]",en,0,0,105,"Tau Productions, Worldwide Media Group, Tonic Films, Freedom Films, Emmett/Furla Films",Zev Berman,"Brian Presley, Rider Strong, Jake Muxworthy, Sean Astin, Beto Cuevas"
19587,tt0783515,The Education of Charlie Banks,The Education of Charlie Banks,2007-03-27,2.276,5.931,80,"[18, 53]",en,0,0,100,"Myriad Pictures, Charlie Banks, Collective Digital Studios",Fred Durst,"Jesse Eisenberg, Jason Ritter, Eva Amurri, Christopher Rodriguez Marquette, Sebastian Stan"
7861,tt0425326,Outsourced,Outsourced,2007-09-28,2.2733,6.446,175,"[35, 18, 10749]",en,0,690905,102,ShadowCatcher Entertainment,John Jeffcoat,"Josh Hamilton, Ayesha Dharker, Arjun Mathur, Larry Pine, Asif Basra"
14456,tt0492486,Shrooms,Shrooms,2007-08-16,2.2728,4.88,412,"[27, 9648]",en,0,4910682,84,"Capitol Films, Fís Éireann/Screen Ireland, Nordisk Film Denmark, Nepenthe Productions, Treasure Entertainment, Potboiler Productions, Northern Ireland Screen, Ingenious Media",Paddy Breathnach,"Lindsey Haun, Jack Huston, Max Kasch, Maya Hazen, Alice Greczyn"
102333,tt1060263,Nothing Personal,Ничего личного,2007-09-27,2.2692,0.0,0,[18],ru,0,0,94,Film Company Arsi-film,Larisa Sadilova,"Valeriy Barinov, Zoya Kaydanovskaya, Mariya Leonova, Shukhrat Irgashev, Aleksandr Klyukvin"
22672,tt0977680,Sharpshooter,Sharpshooter,2007-10-11,2.2692,4.56,25,"[10770, 28, 53]",en,0,0,89,,Armand Mastroianni,"James Remar, Mario Van Peebles, Catherine Mary Stewart, Bruce Boxleitner, Al Sapienza"
715496,,LEE ZO,LEE ZO,2007-01-01,2.2681,0.0,0,[36],ja,0,0,10,,Alimo,
940087,tt0330972,Intergalactic Combat,Intergalactic Combat,2007-06-25,2.2665,9.0,1,"[28, 878, 12]",en,0,0,90,,Ray Brady,"Gordon Alexander, Elizabeth Tan, Troy Titus-Adams, Neil Rayment, Luke Adams"
127639,tt1095408,The Inheritance,The Inheritance,2007-10-07,2.266,7.5,2,[99],en,0,0,62,,Charles Henri Belleville,"Fraser Sivewright, Tim Barrow, Imogen Toner, Tom Hardy"
27953,tt1051907,For Love and Honor,Kabadayı,2007-12-13,2.2658,7.133,124,"[28, 80, 18]",tr,0,10161213,151,"Fida Film, Filma-Cass",Ömer Vargı,"Şener Şen, Kenan İmirzalıoğlu, İsmail Hacıoğlu, Aslı Tandoğan, Rasim Öztekin"
13336,tt0884335,Chrysalis,Chrysalis,2007-06-25,2.2642,5.297,91,"[28, 53, 80, 878]",fr,12000000,0,94,"Sofica Sogécinéma 2, Gaumont, TF1 International, CinéCinéma, Canal+",Julien Leclercq,"Albert Dupontel, Marie Guillard, Marthe Keller, Mélanie Thierry, Claude Perron"
68719,tt0440971,Mad Bad,Mad Bad,2007-01-01,2.2639,7.0,2,"[28, 53]",en,0,0,93,Roll Dallas Roll Film Productions,Jon Keeyes,"Vincent Riverside, Anna Zielinski, Landon Dunning, Denton Blane Everett, Maurice Ripke"
59876,tt0969338,Girl X Girl,소녀X소녀,2007-01-25,2.2638,6.4,9,[35],ko,0,0,80,CJ Entertainment,Park Dong-hun,"Lim Seong-eon, Kwak Ji-min"
46302,tt0466766,Drive Thru,Drive Thru,2007-05-29,2.2632,5.4,152,"[27, 53, 35]",en,500000,0,82,"Lions Gate Films, Lionsgate Premiere","Brendan Cowles, Shane Kuhn","Leighton Meester, Van De La Plante, Nicholas D'Agosto, Melora Hardin, Penn Badgley"
179288,tt0972546,Blackbird,Blackbird,2007-03-12,2.2619,2.0,3,[18],en,475000,0,108,,Adam Rapp,"Gillian Jacobs, Paul Sparks, Danny Hoch, Michael Shannon, Annie Parisse"
1148943,tt1255878,Lady Margaret,Lady Margaret,2007-12-08,2.2568,0.0,0,[],fr,0,0,0,,Deborah Haywood,"Rhiiannon Lloyd Davies, Kieran Hardcastle, Michael Socha"
47317,tt3626800,Antisniper,Антиснайпер,2007-02-25,2.2547,0.0,0,[28],ru,0,0,200,Star Media,Oleksandr Berezan,"Ilya Shakunov, Irina Apeksimova, Evgeniy Ganelin, Stanislav Boklan, Heorhii Povolotskyi"
188049,tt0920452,Still Orangutans,Ainda Orangotangos,2007-06-27,2.2533,4.8,5,"[35, 18]",pt,0,0,81,Pandora,Gustavo Spolidoro,"Karine Kazue, Lindon Satoru Shimizu, Artur Pinto, Kayodê Silva, Janaína Kremer"
448054,tt1094985,Advantage Satan,Advantage Satan,2007-08-01,2.2519,5.417,12,"[27, 35]",en,0,0,11,,Sean Byrne,"Cory Derrick, Shelly Lauman, Mick Preston, Mark Leonard Winter"
845244,tt2820988,Cymbaline,Cymbaline,2007-08-24,2.2515,0.0,0,[18],en,0,0,83,,Roger A. Fratter,"Omar Shanay, Susan Semmunegus, Dana Cordella, Vera Wright, Azzurra De Sanctis"
1041582,tt0847900,Three Towers,Three Towers,2007-04-03,2.2498,0.0,0,[18],en,0,0,12,,Emily Harris,"Mario Del Pezzo, Somerled Mackay, Lino Omoboni"
1662376,,The Researcher,الباحث,2007-01-01,2.2479,0.0,0,"[35, 18]",ar,0,0,90,,Jamal Belmejdoub,"Rachid El Ouali, Hanane Ibrahimi, Abdellah Lamsabhi, Fadila Benmoussa, Fatima Ouechay"
13072,tt0283503,Brooklyn Rules,Brooklyn Rules,2007-04-30,2.2477,5.818,77,"[18, 28, 53, 80]",en,8000000,458232,99,,Michael Corrente,"Alec Baldwin, Mena Suvari, Freddie Prinze Jr., Jerry Ferrara, Scott Caan"
17469,tt0871020,The Cradle,The Cradle,2007-07-31,2.2461,4.1,14,"[27, 53]",en,0,0,107,,Tim Brown,"Lukas Haas, Emily Hampshire, Amanda Smith"
17483,tt0942384,Shelter,Shelter,2007-06-16,2.2457,7.752,512,"[18, 10749]",en,500000,142666,89,GP Pictures,Jonah Markowitz,"Brad Rowe, Trevor Wright, Tricia Pierce, Tina Holmes, Jackson Wurth"
21138,tt0817307,The Sandlot: Heading Home,The Sandlot: Heading Home,2007-05-01,2.2452,5.6,82,"[10751, 35]",en,4000000,0,96,20th Century Fox Home Entertainment,William Dear,"Danny Nucci, Keanu Pires, Chauncey Leopardi, Sarah Deakins, Cole Heppell"
80711,tt1057991,Saliva,Saliva,2007-06-06,2.2432,4.0,6,[18],pt,0,0,15,Ioiô Filmes,Esmir Filho,"Mayara Comunale, Gabriel Cavicchioli, Hellen Vasconcelos, Claudia Yahn, Paula de Mendonça Senra"
17158,tt0869152,They Wait,They Wait,2007-09-06,2.2432,5.343,67,"[27, 9648, 53]",en,0,0,89,"TVA Films, Brightlight Pictures",Ernie Barbarash,"Jaime King, Vicky Huang, Terry Chen, Cheng Pei-pei, Henry O"
13981,tt1043842,Appleseed: Ex Machina,エクスマキナ,2007-10-19,2.2386,6.502,243,"[16, 28, 53, 878]",ja,0,0,105,"Toei Animation, Digital Frontier, TYO Productions, Micott & Basara K.K., Ex Machina Film Partners, SEGA, TakaraTomy, Lion Rock Productions, Toei Company",Shinji Aramaki,"Ai Kobayashi, Koichi Yamadera, Yuji Kishi, Kong Kuwata, Shinpachi Tsuji"
1678248,tt14369574,X Factor,X Factor,2007-12-22,2.2379,8.0,2,"[10749, 18]",bn,0,0,85,,Shihab Shaheen,"Ziaul Faruq Apurba, Nowrin Hasan Khan Jenny, Rafiath Rashid Mithila, Mozeza Ashraf Monalisa, Abdullah Rana"
8269,tt0479519,Promise Me This,Завет,2007-05-26,2.2348,6.556,98,"[10749, 35]",sr,0,0,123,"France 2 Cinéma, Rasta International, Fidélité Productions",Emir Kusturica,"Marija Petronijević, Uroš Milovanović, Aleksandar Berček, Predrag Laković, Ljiljana Blagojević"
30396,tt1111831,Stash,Stash,2007-11-04,2.2345,1.55,10,[27],en,20000,0,78,,Jacob Ennis,"Karen Boles, Nathan Day, Stacey T. Gillespie, Kevin Taylor, Billy W. Blackwell"
79909,tt1417097,Schoolboy Crush,BOYS LOVE 劇場版,2007-09-01,2.2333,5.2,17,[18],ja,0,0,88,TORNADO FILM,Kotaro Terauchi,"Yoshikazu Kotani, Atsumi Kanno, Yuuki Kawakubo, Kazunori Tani"
516188,,Nif Fin,Nif Fin,2007-01-01,2.2331,0.0,0,[99],es,0,0,4,,Albert Alcoz,
16126,tt0780583,Flight of the Living Dead,Flight of the Living Dead,2007-04-06,2.2312,4.981,156,[27],en,0,344039,89,"Pacific Entertainment Group, Imageworks Entertainment International, New Line Cinema",Scott Thomas,"David Chisum, Kristen Kerr, Richard Tyson, Kevin J. O'Connor, Erick Avari"
213811,tt1134812,The Crate,The Crate,2007-07-24,2.231,2.0,1,[27],en,0,0,102,,Rakeem J.H. Lawrence,"Jim Ford, Kat Castaneda, Raymond A. Leone, Robert Rivera"
16020,tt0768183,Day Zero,Day Zero,2007-04-27,2.2308,4.826,69,[18],en,2000000,16659,92,Indalo Productions,Bryan Gunnar Cole,"Elijah Wood, Chris Klein, Ginnifer Goodwin, Ally Sheedy, Jon Bernthal"
16143,tt0790602,Nitro,Nitro,2007-06-29,2.2307,5.426,34,[28],fr,0,0,90,Cirrus Communications,Alain Desrochers,"Guillaume Lemay-Thivierge, Lucie Laurier, Martin Matte, Raymond Bouchard, Myriam Tallard"
19344,tt0323120,Loving Annabelle,Loving Annabelle,2007-05-24,2.3906,6.6,311,"[18, 10749]",en,900000,0,77,"Big Easy Pictures, Divine Light Pictures",Katherine Brooks,"Erin Kelly, Diane Gaidry, Laura Breckenridge, Michelle Horn, Gustine Fudickar"
1653628,tt1303857,Francis Ford Coppola Directs 'John Grisham's the Rainmaker',Francis Ford Coppola Directs 'John Grisham's the Rainmaker',2007-07-24,2.0764,0.0,0,[99],en,0,0,27,Paramount Players,Eleanor Coppola,"Francis Ford Coppola, Matt Damon, Claire Danes, Danny DeVito, Danny Glover"
19244,tt1086340,Mr. Untouchable,Mr. Untouchable,2007-10-25,2.1743,6.7,19,"[80, 99]",en,0,0,92,,Marc Levin,"Leroy 'Nicky' Barnes, Don Ferrarone, Thelma Grant, Carol Hawkins-Williams, Joseph Jazz Hayden"
13016,tt1166827,Zeitgeist: The Movie,Zeitgeist: The Movie,2007-06-01,2.3984,6.951,556,"[99, 36]",en,7000000,0,118,Gentle Machine Productions LLC,Peter Joseph,"Chögyam Trungpa, Jordan Maxwell, George Carlin, Bill Hicks, David Ray Griffin"
7343,tt0870090,City of Men,Cidade dos Homens,2007-08-31,2.47,7.038,306,[18],pt,0,307076,106,"Globo Filmes, O2 Filmes, 20th Century Fox Brazil, Petrobras",Paulo Morelli,"Douglas Silva, Darlan Cunha, Jonathan Haagensen, Rodrigo de Odé, Camila Monteiro"
13721,tt0871867,Half Past Dead 2,Half Past Dead 2,2007-05-11,2.6752,5.28,50,"[80, 28]",en,1500000,0,92,,Art Camacho,"Bill Goldberg, Kurupt, Tony Plana, Jack Conley, Robert Madrid"
15361,tt0469184,Shanghai Kiss,Shanghai Kiss,2007-03-17,2.1539,5.9,78,"[35, 18, 10749]",en,0,0,106,Shanghai Kid Films,"David Ren, Kip Konwiser","Ken Leung, Hayden Panettiere, Kathleen Lancaster, Joel David Moore, Summer Altice"
249527,tt0996940,Ghost Station,โกยเถอะเกย์,2007-04-05,2.4774,5.8,5,"[35, 27]",th,0,0,103,"Sahamongkolfilm, Mahagan Pictures",Yuthlert Sippapak,"Kiattisak Udomnak, Nakorn Silachai, Jarunee Boonsake, Achita Sikamana, Supassra Ruangwong"
15568,tt0441007,Gracie,Gracie,2007-06-01,2.4125,6.194,98,[18],en,9000000,2955039,97,"Ursa Major Films LLC, Elevation Filmworks",Davis Guggenheim,"Carly Schroeder, Christopher Shand, Jesse Lee Soffer, Karl Girolamo, Vasilios Mantagas"
815707,tt1024732,Si Mentiras,Si Mentiras,2007-12-31,2.0942,3.5,2,"[80, 28]",es,0,0,89,,Ignacio Rinza,"Jorge Luke, Marieta Pizaña, Magno Farwell, Alejandro Faugier, Gabriel Cosme"
72701,tt0882820,Camila Jam,Nome Próprio,2007-09-30,2.2514,6.333,24,[18],pt,0,0,120,Cinema Brasil Digital,Murilo Salles,"Leandra Leal, Juliano Cazarré, Alex Disdier, Munir Kanaan, David Katz"
276701,,He Nanny,He Nanny,2007-01-01,2.1337,0.0,0,[],en,0,0,86,,Andy Chukwu,"Nkem Owoh, Andy Chukwu, Adaora Uko, Ada Okafor, Azuka Chukwura"
15069,tt0804552,WΔZ,WΔZ,2007-05-19,2.1915,5.568,234,"[80, 18, 27, 53]",en,0,0,104,"Vertigo Films, UK Film Council, Northern Ireland Screen, Ingenious Media",Tom Shankland,"Selma Blair, Melissa George, Stellan Skarsgård, Sally Hawkins, John Sharian"
683735,,Static III,Static III,2007-11-01,2.1867,0.0,0,[],en,0,0,49,,Josh Stewart,"Pat Stiener, Tony Manfre, Jahmal Williams, Soy Panday, Danny Renaud"
19844,tt0893346,Kiss the Bride,Kiss the Bride,2007-07-23,2.2154,4.95,40,"[18, 35, 10749]",en,500000,0,100,"Here! Films, The Shadow Factory",C. Jay Cox,"Tori Spelling, Philipp Karner, James O'Shea, Amber Benson, Joanna Cassidy"
1076933,tt0986210,The 50 Greatest Television Dramas,The 50 Greatest Television Dramas,2007-02-03,2.4827,0.0,0,"[99, 10770]",en,0,0,180,"Channel 4 Television, Objective Productions","Toby Dye, Shelley Lawrence","Miriam Margolyes, David Tennant, Carey Mulligan, Russell T Davies, Kyle MacLachlan"
1247432,tt2058086,Sweat,Sweat,2007-01-02,2.217,0.0,0,[35],en,0,0,81,,Freddie Robinson Jr.,"Paul Caesar, Dave Corey, Tommy Lane, Kim Ostrenko, Kane Schirmer"
1669795,tt8942142,Hail Mary,Hail Mary,2007-05-04,1.849,0.0,0,"[10749, 35]",en,0,0,30,Wa Wa Pictures,Pete Safran,"Dave Droxler, Sara Pauley, Greg Wood, Damon Bonetti, Pete Postiglione"
824906,,The AbDADAduction,The AbDADAduction,2007-01-01,2.256,0.0,0,[10402],en,0,0,10,,Catherine Nimmo,"Alex Tigchelaar, Catherine Nimmo, Jesse Dell, Countess Christmasher, Flossie McKnight"
268806,tt1062975,Too Saved,Too Saved,2007-03-24,2.4236,0.0,0,[18],en,0,0,0,Nubia Filmworks,"Shuaib Muhammed Kedar, Shuaib Mitchell","James J. Johnson, Lolita Clayton, Annette James, Antoinette Greene-Fisher, Clarance V.M. Fletcher"
1305682,tt2210827,Mnésia,Mnésia,2007-07-05,2.1048,0.0,0,"[10751, 18, 36]",pt,0,0,0,,Oscar Raimundo dos Santos Júnior,"Luigi Cutolo, Brigida Miranda, Sandra Meyer, Gringo Starr, Marcello Trigo"
52023,tt0775544,Succubus: Hell-Bent,Succubus: Hell-Bent,2007-04-17,2.2408,4.333,30,"[27, 53]",en,1500000,0,96,"V1 Cut Productions, Panopoly Pictures, In The Light Entertainment, Bass Entertainment Pictures",Kim Bass,"Gary Busey, David Keith, Natalie Denise Sperl, Kelly Hu, Lorenzo Lamas"
700943,tt1176213,Opération Turquoise,Opération Turquoise,2007-11-19,2.139,7.0,2,"[10752, 18]",fr,0,0,0,"Cipango, Fontana, RTL-TVi, Canal+, France 2",Alain Tasma,"Bruno Todeschini, Aurélien Recoing, Frédéric Pierrot, Marc Ruchmann, Marilyne Canto"
14054,tt0453548,Snow Angels,Snow Angels,2007-03-07,2.4463,6.476,165,"[18, 10749, 80]",en,1500000,414404,106,Crossroads Films,David Gordon Green,"Kate Beckinsale, Sam Rockwell, Michael Angarano, Jeannetta Arnette, Griffin Dunne"
1295392,tt0989072,Sirenas,Sirenas,2007-03-01,1.8922,0.0,0,[],es,0,0,9,Esto No Existe Cine,Iván Fund,"Antonella Capellino, Hugo Fund, Daniela Ghirardi, Agustina Luz Nanio, Juan Pablo Schonfeld"
1307832,tt0476622,Fok Jou!,Fok Jou!,2007-01-04,1.7842,8.0,1,[18],nl,0,0,0,,Hanro Smitsman,"Rosita Wolkers, Sanguita Akkrum, Titia Hoogendoorn"
72286,tt1051905,The Story of Richard O,L'histoire de Richard O,2007-09-19,2.0497,4.136,33,[18],fr,0,0,75,"Damien Odoul Films, Wild Bunch",Damien Odoul,"Mathieu Amalric, Rhizlaine El Cohen, Stéphane Terpereau, Alexandra Sollogoub, Caroline Demangel"
59557,tt0813789,Marco Polo,Marco Polo,2007-04-06,2.2152,6.296,27,"[12, 18, 10770, 36]",en,0,0,166,RHI Entertainment,Kevin Connor,"Ian Somerhalder, BD Wong, Desiree Ann Siahaan, Brian Dennehy, Lim Kay Tong"
80663,tt1083992,Holiday Switch,Holiday Switch,2007-12-01,2.1646,4.4,18,"[35, 14, 10770]",en,0,0,88,"Once Upon a Time Production, Lifetime",Bert Kish,"Nicole Eggert, Patricia Mayen-Salazar, Bret Anthony, Brett Le Bourveau, Stefanie von Pfetten"
416213,tt5963400,The Vampyre by John W. Polidori: Images of a Nightmare,The Vampyre by John W. Polidori: Imágenes de una Pesadilla,2007-06-22,2.3768,2.5,2,[27],es,0,0,24,,"Alejandro Ballesteros, Antonio Curado","Paul Naschy, Eugenio Gómez, Belen Zaba, María Castillo, Chema G. Cabezas"
472084,tt1804514,Dinner for Wan(ne),Dinner for Wan(ne),2007-12-31,2.3679,7.0,1,"[10770, 35]",de,0,0,0,WDR,Georg Habertheuer,"Dirk Emmerich, Maewa Ferstl, Thomas Rech, Silke Volkner"
888233,,Paddington Collaboration,Paddington Collaboration,2007-04-17,2.0877,0.0,0,[],en,0,0,3,,"Anna McLauchlan, Luke Fowler",
388128,tt2713340,The Trip To Tunis,Die Tunisreise,2007-09-01,2.3965,0.0,0,[99],de,0,0,76,"Fama Film, Prisma Films",Bruno Moll,Nacer Khemir
688378,tt1166800,Antonio Pode,Antonio Pode,2007-09-16,1.9541,6.5,1,[],pt,0,0,0,,Ivan Morales Jr.,"Lourenço Mutarelli, Luiza Violin Schafer, Heitor Goldflus"
58136,tt2524862,Temptation of Eve: Her Own Technique,이브의 유혹: 그녀만의 테크닉,2007-08-20,2.0601,3.5,6,[],ko,0,0,86,Fineworks,Yoo Jae-hwan,"Kim Ji-wan, Seo Yeong, Jeon Se-hyun, Won Tae-hee, Yu Jin-a"
15378,tt0427998,The Grand,The Grand,2007-06-07,2.6183,5.833,99,[35],en,5400000,0,104,"Insomnia Media Group, IMG Film 7, Eleven Eleven Films",Zak Penn,"Woody Harrelson, Werner Herzog, Dennis Farina, David Cross, Cheryl Hines"
294479,tt0757324,Schöner Leben,Schöner Leben,2007-11-15,1.9577,0.0,0,[18],de,0,0,106,,Markus Herling,"Karin Düwel, Pasquale Aleardi, Isabella Parkinson, Max Herbrechter, Eva Mende"
22448,tt1020937,Awarapan,आवारापन,2007-06-29,2.2654,6.9,54,"[28, 18, 80]",hi,6000000,0,124,Vishesh Films,Mohit Suri,"Emraan Hashmi, Shriya Saran, Mrinalini Sharma, Salil Acharya, Purab Kohli"
1760657,tt45024004,Concealment,Concealment,2007-05-10,2.4141,0.0,0,[],en,0,0,5,,Sini Pelkki,Miia Kanerva Pelkki
155796,tt1127347,Still Life,Still Life,2007-07-20,2.1603,7.8,4,"[10749, 18]",es,0,0,15,Gafer Producciones,Gabylu Lara,"Damian Odess-Gillett, Pavlína Karpeles"
1553250,tt1148690,The Pyramid Kids,Dzieci piramidy,2007-01-01,1.9447,0.0,0,[99],pl,0,0,28,,Anna Więckowska,
1045261,tt7280922,Shameless Desires,Shameless Desires,2007-01-01,2.0602,2.0,2,[10749],en,0,0,81,MRG Entertainment,J.W. McHausen,"Jasmine Byrne, Brooke Haven, Roxy DeVille, Joe Souza, Tom Stone"
478115,tt1353037,Small Apartment,Small Apartment,2007-02-01,1.8158,3.333,3,[18],en,0,0,8,,Andrew T. Betzer,"Julia Fragias, Alexandre Marouani, Alex Wasinski"
14606,tt0783234,The Baker,The Baker,2007-02-09,2.1545,6.432,88,"[35, 80, 53]",en,0,0,86,Picture Farm,Gareth Lewis,"Damian Lewis, Kate Ashfield, Nikolaj Coster-Waldau, Michael Gambon, Dyfan Dwyfor"
1280018,tt1053975,Pozo ciego,Pozo ciego,2007-01-01,2.2504,6.0,1,"[35, 27, 53, 18]",es,0,0,87,Instituto Superior de Cine y Artes Audiovisuales de Santa Fe,"Clemar Sánchez Peretti, Cecilia Piccioni, Patricio Agusti, Diego H. Scapino, Juan Pablo Arroyo","Diego Benítez, Jerónimo García, Demián Sánchez, Gustavo Duarte, Ariel Eier Pic"
18726,tt0403407,Perfect Creature,Perfect Creature,2007-08-16,2.1911,5.305,100,"[28, 878, 18, 14, 27]",en,0,0,90,"Spice Factory, Sensible Films, Roc Media",Glenn Standring,"Dougray Scott, Saffron Burrows, Leo Gregory, Scott Wills, Stuart Wilson"
1269007,,Dan Oniroku: Season of Perversion,団鬼六　異常の季節,2007-01-04,1.9451,4.0,1,[],ja,0,0,78,,Satoshi Kaneda,"Mieko Arai, Tomohiro Okada, Seiki Chiba, Tadayuki Kawase, Mari Yamaguchi"
86758,tt0830699,Wrath of Gods,Reiði guðanna,2007-05-06,2.6406,5.0,4,[99],is,172000,0,72,,Jon Einarsson Gustafsson,"Gerard Butler, Stellan Skarsgård, Sarah Polley, Ingvar E. Sigurðsson, Ólafur Darri Ólafsson"
30975,tt0929864,Love's Unending Legacy,Love's Unending Legacy,2007-04-07,2.4395,7.2,36,"[18, 10749, 37, 10751, 10770]",en,0,0,84,"Believe Pictures, Alpine Medien Productions, Larry Levinson Productions, RHI Entertainment, Hallmark Media",Mark Griffiths,"Erin Cottrell, Holliston Coleman, Victor Browne, Hank Stratton, Braeden Lemasters"
20264,tt0989622,The Bodyguard 2,บอดี้การ์ดหน้าเหลี่ยม 2,2007-03-08,2.4213,5.7,39,"[28, 35]",th,0,0,95,"Sahamongkolfilm, Baa-Ram-Ewe, Bang Fai Film",Petchtai Wongkamlao,"Petchtai Wongkamlao, Janet Khiew, Jacqueline Apitananon, Surachai Sombatchareon, Sushin Kuan-saghaun"
39127,tt0219171,Ripley Under Ground,Ripley Under Ground,2007-10-31,2.296,5.583,66,"[18, 53]",en,0,0,96,"MACT Productions, Cinerenta, Isle of Man Film",Roger Spottiswoode,"Barry Pepper, Jacinda Barrett, Ian Hart, Claire Forlani, Alan Cumming"
597359,tt0915739,The Caper,The Caper,2007-04-03,2.0161,0.0,0,"[28, 53]",en,0,0,70,,Chris Hanaford,"Angela Jones, Antonio Fargas, Jared Santinelli, Joey Napoli, Curtis Eames"
167905,tt0999917,Ticăloșii,Ticăloșii,2007-03-15,2.1828,6.5,8,[18],ro,0,37402,87,MDV Film,Șerban Marinescu,"Ştefan Iordache, Horațiu Mălăele, Dorel Vișan, Gheorghe Dinică, Răzvan Vasilescu"
30155,tt0943326,Naked Fear,Naked Fear,2007-04-01,2.7147,5.088,74,"[27, 53]",en,0,0,104,"HDNM Entertainment, R. Sanders D., CineTel Films",Thom Eberhardt,"Joe Mantegna, Danielle De Luca, Evan Adrian, J.D. Garfield, Mel MacKaron"
461446,tt1060253,Gone Shopping,Gone Shopping,2007-07-26,2.1099,0.0,0,"[18, 35]",en,0,0,100,Kismet Film Company,Li Lin Wee,"Adrian Pang, Aaron Kao, Kym Ng, Selena Tan, Sonya Nair"
14105,tt0937347,Already Dead,Already Dead,2007-12-11,2.4589,5.595,37,"[28, 80, 18, 9648, 53]",en,0,0,93,"Havenwood Media, Turkey Ranch Productions",Joe Otting,"Ron Eldard, Til Schweiger, Patrick Kilpatrick, Marisa Coughlan, Christopher Plummer"
1269600,,@thens Blogs,@thens Blogs,2007-11-23,1.8866,0.0,0,[],el,0,0,92,,"Despoina Karvelam, Giorgos Karypidis, Alexandros Papailiou, Thanasis Skroubelos, Lena Voudouri",
14459,tt0800367,Storm Warning,Storm Warning,2007-10-19,2.2866,5.5,171,"[27, 53]",en,0,0,86,"Darclight Films, Resolution Independent, Film Victoria, Australian Film Finance Corporation",Jamie Blanks,"Nadia Farès, Robert Taylor, John Brumpton, David Lyons, Mathew Wilkinson"
220838,tt0948445,Hollow,Hollow,2007-01-22,1.7838,0.0,0,[53],en,0,0,9,,Paul Bickel,"Emma Caulfield, Rick Crawford, Joshua Israel"
56730,tt0818077,5 Lies,5 løgner,2007-08-15,2.0672,3.75,4,"[18, 35]",no,0,0,100,Via Film,Lars Daniel Krutzkoff Jacobsen,"Kim Sørensen, Henrik Rafaelsen, Charlotte Frogner, Gard B. Eidsvold, Pia Tjelta"
13079,tt0815178,The Life Before Her Eyes,The Life Before Her Eyes,2007-09-08,2.1452,6.0,304,"[53, 18, 9648]",en,8000000,0,90,2929 Productions,Vadim Perelman,"Uma Thurman, Evan Rachel Wood, Eva Amurri, Gabrielle Brennan, Brett Cullen"
188226,tt1038025,GoGo Sentai Boukenger vs. Super Sentai,轟轟戦隊ボウケンジャー VS スーパー戦隊,2007-03-31,2.1426,7.3,9,"[28, 12, 878]",ja,0,0,47,Toei Company,Katsuya Watanabe,"Mitsuomi Takahashi, Masashi Mikami, Chise Nakamura, Saito Yasuka, Haruka Suenaga"
13848,tt0758786,Stuck,Stuck,2007-05-21,2.1425,6.191,202,"[80, 53, 35, 18]",en,5000000,151449,85,Prodigy Pictures,Stuart Gordon,"Stephen Rea, Mena Suvari, Russell Hornsby, Rukiya Bernard, Carolyn Purdy-Gordon"
26114,tt0905345,Jesse Stone: Sea Change,Jesse Stone: Sea Change,2007-05-22,2.1414,6.966,116,"[18, 80, 10770, 53]",en,0,0,88,"Sony Pictures Television, Brandman Productions, TWS Productions II",Robert Harmon,"Tom Selleck, Kathy Baker, Kohl Sudduth, Rebecca Pidgeon, Sean Young"
797427,,Vento Bravo,Vento Bravo,2007-01-01,2.1399,0.0,0,[99],pt,0,0,113,,"Beatriz Thielmann, Regina Zappa","Chico Buarque, Edu Lobo, Gianfrancesco Guarnieri, Maria Bethânia, Paulo Cesar Pinheiro"
1010708,tt1034092,Zen,Zen,2007-04-12,2.139,0.0,0,"[28, 18, 27]",en,0,0,90,Chocolate Star Entertainment Group,Gary Davis,"Kit DeZolt, Vivian Kong, Chandler Landon, Gerald Favis, Asia Chao"
665615,tt1482405,Nightless Day,不夜天,2007-01-01,2.1372,1.0,2,[],zh,0,0,14,,Leon Cheo,Sunny Pang
717857,tt0826658,Off Hollywood,Off Hollywood,2007-11-29,2.137,0.0,0,[35],hu,0,0,80,,Szabolcs Hajdu,"Török-Illyés Orsolya, Domokos Szabó, Tibor Mészáros, Marcell Miklós, József Vásári"
5956,tt0808331,Joshua,Joshua,2007-01-21,2.1359,5.641,297,"[18, 53, 27]",en,0,719968,105,ATO Pictures,George Ratliff,"Sam Rockwell, Vera Farmiga, Jacob Kogan, Celia Weston, Dallas Roberts"
580567,tt0323609,The Movie,La peli,2007-05-03,2.1354,8.5,4,[18],es,0,0,120,"Motor Films, Primer Plano Film Group, Cine Argentino, Programa Ibermedia",Gustavo Postiglione,"Darío Grandinetti, Norman Briski, Carlos Resta, Noelia Campo, Natalia Oreiro"
373234,tt3517528,Český Honza,Český Honza,2007-12-19,2.1352,0.0,0,[10751],cs,0,0,0,Česká televize,,"Ivo Marták, Milena Steinmasslová, Luba Skořepová, Zdeněk Junák, Erik Pardus"
252690,tt1112728,Never Down,Never Down,2007-01-01,2.1326,0.0,0,[18],en,0,0,82,,Robert Oppel,"Robert LaSardo, Alejandra Gutierrez, Mary Kelsey, Laurel Astri, Kurt Vonnegut"
39805,tt1135781,Psycho Ward,Psycho Ward,2007-10-27,2.1323,2.714,7,"[27, 53]",en,0,0,90,Switchblade Studios,Patrick McBrearty,"Jacqueline Betts, Bobby Horvath, Liam Card, Tim Clarke, Sandy Lai"
1692003,tt1175651,Sevginator,Sevginator,2007-06-01,2.1321,0.0,0,"[35, 14]",uz,0,0,0,,Abduvohid Ganiev,"Ulug'bek Qodirov, Manzura, Murad Radzhabov, Aziz Rametov, Farruh Soipov"
13747,tt0487504,Crime Insiders,Truands,2007-01-17,2.1313,5.8,64,"[80, 53]",fr,0,0,107,"Carcharodon, La Chauve Souris, StudioCanal",Frédéric Schoendoerffer,"Benoît Magimel, Philippe Caubère, Béatrice Dalle, Olivier Marchal, Mehdi Nebbou"
871496,tt0828555,El caracol,El caracol,2007-01-01,2.1299,0.0,0,[18],es,0,0,0,Instituto Mexicano de Cinematografía,Alejandro Lugo,"Marcela Burgos, Antonio Monroy, Marco Aurelio Nava, Shakti Urrutia"
46883,tt0914382,Quiet City,Quiet City,2007-08-29,2.1291,5.8,22,"[18, 10749]",en,2500,15425,78,,Aaron Katz,"Erin Fisher, Cris Lankenau, Sarah Hellman, Joe Swanberg, Tucker Stone"
20907,tt0803052,Opium: Diary of a Madwoman,Ópium: Egy elmebeteg nő naplója,2007-03-29,2.1283,5.4,22,[18],hu,0,0,109,"EuroArts, Hunnia Filmstúdió, H2O Motion Pictures",János Szász,"Ulrich Thomsen, Kirsti Stubø, Zsolt László, Enikő Börcsök, Gyöngyvér Bognár"
1500086,tt1971541,The Bath,Mogyok,2007-01-01,2.1254,0.0,0,[18],ko,0,0,19,,Lee Mi-rang,
527523,tt1018001,On the Spot,Sur place,2007-04-13,2.1225,5.0,4,[99],fr,0,0,30,Zadig Productions,Justine Triet,
209582,tt0923671,The Day of the Dead,El día de los muertos,2007-10-31,2.1222,5.4,5,"[80, 53, 27]",en,0,0,106,,Ricardo Islas,"Lily Alejandra, Salomón Carmona, Max Da'Silva, Christina De Leon, Kris Desautels"
24200,tt0444628,Fay Grim,Fay Grim,2007-05-18,2.1219,5.551,88,"[28, 35, 53]",en,2000000,193607,118,"HDNet Films, Possible Films, This is that, Zero Fiction Film",Hal Hartley,"Parker Posey, Liam Aiken, James Urbaniak, Jeff Goldblum, D.J. Mendel"
1710464,tt1220586,Sucesión,Sucesión,2007-11-07,2.1204,0.0,0,"[53, 27]",es,0,0,37,Spock Producciones,Pablo Baltera,"Juan Armas, Milagro Armas, Francisco Baltera, Pablo Baltera, Diego Blanco"
628042,tt2195310,Temptation,Искушение,2007-08-16,2.1186,0.0,0,[18],ru,0,0,78,,Sergej Ashkenazy,"Sergey Makovetskiy, Ivan Stebunov, Yekaterina Fedulova, Ilya Iosifov, Svetlana Ivanova"
72653,tt0845463,Grendel,Grendel,2007-01-13,2.118,3.595,21,"[14, 10770]",en,0,0,82,"BUFO, Universal Television",Nick Lyon,"Chris Bruno, Marina Sirtis, Michael J. Minor, Chuck Hittinger, Alexis Kendra"
79983,tt0834938,Blood of My Blood,Padre nuestro,2007-10-05,2.1169,7.278,18,"[18, 53]",es,54166,0,110,"Panamax Films, Cinergy Pictures, Two Lane Pictures",Christopher Zalla,"Jesús Ochoa, Armando Hernández, Jorge Adrián Espíndola, Paola Mendoza, Leonardo Anzures"
76621,tt0803075,Southern Gothic,Southern Gothic,2007-04-28,2.1169,3.8,14,"[27, 14, 9648]",en,0,0,104,,Mark Young,"Yul Vazquez, William Forsythe, Jonathan Sachar, Nicole DuPort, Dani Englander"
17305,tt1000070,Billy & Mandy's Big Boogey Adventure,Billy & Mandy's Big Boogey Adventure,2007-02-14,2.1151,7.491,172,"[12, 35, 16, 10770, 14, 10751, 27]",en,0,0,80,"Cartoon Network Studios, Cartoon Network Movies","Sue Perrotto, Kris Sherwood, Matt Engstrom, Eddy Houchins, Shaun Cashman, Russell Calabrese, Phil Cummings, Gordon Kent, Michel Lyman, Christine Kolosov, Robert Alvarez, Juli Murphy","Richard Steven Horvitz, Grey DeLisle, Greg Eagles, Vanessa Marshall, Maxwell Atoms"
27896,tt0460912,Planet Raptor,Planet Raptor,2007-08-08,2.1147,4.3,12,"[878, 28]",en,0,0,87,"ApolloProScreen Filmproduktion, Castel Film",Gary Jones,"Steven Bauer, Vanessa Angel, Ted Raimi, Musetta Vander, Peter Jason"
310524,tt1077081,Elmo's Christmas Countdown,Elmo's Christmas Countdown,2007-12-23,2.1145,6.2,9,"[10751, 10770, 14, 35]",en,0,0,60,"The Gotham Group, Sesame Workshop",Gary Halvorson,"Kevin Clash, Leslie Carrara-Rudolph, Ben Stiller, Joey Mazzarino, Fran Brill"
13194,tt0465657,Highlander: The Search for Vengeance,Highlander: The Search for Vengeance,2007-06-05,2.1136,7.162,136,"[28, 16, 14, 878]",ja,0,0,86,"Imagi Animation Studios, Madhouse, Davis-Panzer Productions",Yoshiaki Kawajiri,"Alistair Abell, Debi Mae West, Nolan North, Scott McNeil, Ogie Banks"
24049,tt0479751,Sivaji: The Boss,சிவாஜி,2007-06-08,2.1117,7.086,151,"[28, 18]",ta,12000000,19000000,189,AVM Productions,Shankar,"Rajinikanth, Vivek, Suman, Shriya Saran, Manivannan"
13412,tt0907680,Walk All Over Me,Walk All Over Me,2007-09-11,2.111,5.461,51,"[80, 18, 53, 35]",en,0,0,98,"Chaos, a Film Company",Robert Cuffley,"Leelee Sobieski, Tricia Helfer, Lothaire Bluteau, Michael Eklund, Jacob Tierney"
96281,tt1252004,Lögnens pris,Lögnens pris,2007-07-11,2.11,1.0,2,"[18, 53]",sv,50,60,0,SVT Drama,Molly Hartleb,"Anna Björk, Morgan Alling, Amanda Sjöman, Johannes Albin Alfvén, Magnus Skogsberg"
24499,tt0847520,Scar,Scar,2007-05-19,2.1098,4.3,76,"[80, 27, 53]",en,0,0,84,Norman Twain Productions,Jed Weintrob,"Angela Bettis, Kirby Bliss Blanton, Devon Graye, Ben Cotton, Al Sapienza"
1016891,,Nene,Nene,2007-01-25,2.1082,0.0,0,"[10770, 18]",tr,0,0,0,,Nazif Tunç,"Fatma Günişen, Yusuf Faruk Tunç, Güngör Varlı"
14019,tt0812243,Ex Drummer,Ex Drummer,2007-01-31,2.1065,6.846,246,"[35, 80, 18, 53]",nl,3000000,231156,101,"Mercurio Cinematografica, CZAR Belgium, QUAD, Flanders Image, Vlaams Audiovisueel Fonds, MEDIA Programme of the European Union",Koen Mortier,"Dries Vanhegen, Norman Baert, Gunter Lamoot, Sam Louwyck, François Beukelaers"
11807,tt1093370,Jab We Met,जब वी मेट,2007-10-26,2.1058,7.284,341,"[18, 35, 10749]",hi,2300000,10065630,138,Shree Ashtavinayak Cine Vision,Imtiaz Ali,"Shahid Kapoor, Kareena Kapoor Khan, Tarun Arora, Dara Singh, Pavan Malhotra"
1644970,,Afro Samurai the Movie,AFRO SAMURAI 劇場版,2007-10-27,2.1056,5.5,2,"[16, 28, 18, 12]",ja,0,0,127,GONZO,Fuminori Kizaki,"Samuel L. Jackson, Kelly Hu, Ron Perlman"
39379,tt0498358,Interstate,Interstate,2007-04-26,2.1052,3.778,9,"[28, 12, 53]",en,0,0,80,Interstate Movie LLC,Marc-Andre Samson,"Shiloh Fernandez, Alexandra Ackerman, Chase Mallen, Cindy Clark, Damon R. Lira"
1238057,,Duo,Duo,2007-02-01,2.3111,0.0,0,"[10402, 99]",cn,0,0,0,,Susie Au,Eason Chan Yik-Shun
5595,tt1016301,Fermat's Room,La Habitación de Fermat,2007-10-07,2.0358,6.6,475,"[9648, 53]",es,0,0,88,"BocaBoca Producciones, Notro Films","Rodrigo Sopeña, Luis Piedrahita","Lluís Homar, Santi Millán, Alejo Sauras, Federico Luppi, Elena Ballesteros"
26641,tt0856776,Boystown,Chuecatown,2007-07-06,2.1422,5.8,33,[35],es,0,0,101,"Filmax, Canonigo Films, Castelao Productions, TV3, TVE",Juan Flahn,"Pepón Nieto, Pablo Puyol, Concha Velasco, Rosa María Sardà, Carlos Fuentes"
72849,tt1591613,Stories USA,Stories USA,2007-11-10,2.4073,3.9,15,"[18, 35]",en,0,0,90,,"David Brooks, Erik MacArthur, Paul Carafotes, Jeremy Hall, M. Eastling, Tyrone Finch, Gary Hawes","Steve Carell, James Gandolfini, Josh Hartnett, Paul Walker, Paris Hilton"
723157,,Amarás al líder sobre todas las cosas,Amarás al líder sobre todas las cosas,2007-05-29,2.1336,7.0,1,[99],es,0,0,51,Canal+ España,Jon Sistiaga,Jon Sistiaga
14896,tt1010445,Rich Kids,Rich Kids,2007-03-01,2.2341,3.281,16,[18],da,0,0,90,Regner Grasten Film,Rune Bendixen,"Simone Aagaard-Hansen, Lotte Arnsbjerg, Frederikke Cecilie Bertelsen, Søren Bregendal, Sebastian Jessen"
562683,tt1149399,Never Sleeps,Never Sleeps,2007-08-04,2.3873,0.0,0,[18],en,0,0,80,,"Philippe Fléchaire, Benoit Falize, Jérémie Boury","Philippe Fléchaire, Izabella Jo Tschig, Jo Kelly, Sveinn Ólafur Gunnarsson, Laurent Modigliani"
1710451,tt1220577,Número 8,Número 8,2007-11-06,1.9827,2.0,1,[53],es,0,0,76,C&K Films,Sergio Esquenazi,"Diego Alonso, Raúl Alberto Defrancesco, Noelia Di Laura, Valeria Goldstein, Alejandra Lapola"
57025,tt1056421,Desperadas,Desperadas,2007-12-25,2.123,0.0,0,"[35, 10749]",en,0,0,102,"Regal Multimedia, Regal Entertainment",Joel Lamangan,"Ruffa Gutierrez, Rufa Mae Quinto, Iza Calzado, Marian Rivera, Wendell Ramos"
361520,tt1350520,Yolk,Yolk,2007-02-13,2.1552,10.0,2,[18],en,0,0,14,Taxi Film Production,Stephen Lance,"Audrey O'Connor, Skye Wansey, Hamish Irvine"
275604,tt1141984,My Friends Tigger & Pooh: Super Sleuth Christmas Movie,My Friends Tigger & Pooh: Super Sleuth Christmas Movie,2007-11-12,2.384,6.045,22,"[16, 10751]",en,0,0,44,Disney Television Animation,Don MacKinnon,"Jim Cummings, Travis Oates, Peter Cullen, Chloë Grace Moretz, Dee Bradley Baker"
68663,tt0488928,Guilty Hearts,Guilty Hearts,2007-07-30,2.3438,5.8,16,"[18, 10749]",en,0,0,94,,"Savina Dellicour, George Augusto","Kathy Bates, Julie Delpy, Andrea Di Stefano, Anna Faris, Frank Gallegos"
410939,,Rocking the Nation,Dübörög a nemzeti rock,2007-06-21,1.9816,0.0,0,"[10402, 99]",hu,0,0,70,,Bori Kriza,Balázs Sziva
78633,tt5544420,Nam Naadu,நம் நாடு,2007-09-21,1.8568,5.0,1,"[28, 18]",ta,0,0,162,,AR. Suresh,"R. Sarathkumar, Karthika Mathew, Nassar, Ponvannan, Charan Raj"
563380,tt0949873,The Elephant and the Sea,大象与海,2007-05-31,1.5714,5.7,3,[18],zh,0,0,100,"Greenlight Pictures, Da Huang Pictures",Woo Ming Jin,"Berg Lee, Tan Chui Mui, Chung Kok Keong, Ng Meng-Hui"
12247,tt0952682,Shotgun Stories,Shotgun Stories,2007-10-01,2.2706,6.917,222,"[18, 53]",en,250000,168237,92,"A Lucky Old Sun Production, Muskat Filmed Properties, Upload Films",Jeff Nichols,"Michael Shannon, Douglas Ligon, Barlow Jacobs, Michael Abbott Jr., Travis Smith"
1010102,,Eye Eclipse,Eye Eclipse,2007-01-01,2.0106,10.0,1,[878],xx,0,0,3,,"João Maria Gusmão, Pedro Paiva",
8414,tt0480269,Interview,Interview,2007-07-13,2.2439,6.374,182,[18],en,0,1441846,84,"Kiss the Cactus, Column Productions, Ironworks Productions",Steve Buscemi,"Sienna Miller, Steve Buscemi, James Franco, Michael Buscemi, Tara Elders"
25999,tt1068161,Resolved,Resolved,2007-01-01,2.293,7.2,4,[99],en,0,0,91,HBO Documentary Films,Greg Whiteley,"Jane Pauley, Karl Rove, Josh Lucas, Juan Williams, Samuel Alito"
441958,,Familia,Familia,2007-01-02,1.9242,0.0,0,[99],es,0,0,52,,Enrique Castro Ríos,
14791,tt0808230,Two Worlds,Les Deux Mondes,2007-11-21,2.1507,5.099,131,"[35, 14]",fr,0,0,105,"K2 SA, uFilm, Gaumont International, Film Afrika",Daniel Cohen,"Florence Loiret Caille, Benoît Poelvoorde, Natacha Lindinger, Michel Duchaussoy, Catherine Mouchet"
555448,,Tramix,Tramix,2007-10-05,1.6881,0.0,0,[],en,0,0,4,,Marc Plas,
25493,tt1014796,The Breastford Wives,The Breastford Wives,2007-04-10,2.084,4.364,22,"[35, 18, 878, 10749]",en,0,0,79,Secret Key Motion Pictures,Jim Wynorski,"Glori-Anne Gilbert, Frankie Cullen, Taylor Wane, Frank Harper, Barbie Bennett"
18865,tt0475243,Crashing,Crashing,2007-01-23,2.3434,4.967,15,"[35, 18, 10749]",en,0,0,80,Existential Films,Gary Walkow,"Campbell Scott, Lizzy Caplan, Izabella Miko, Alex Kingston, Stephen Gyllenhaal"
55963,tt1043716,13 segundos,13 segundos,2007-01-01,1.769,5.0,1,"[18, 53]",es,0,1404294,0,,Freddy Fadel,"Daniela Alvarado, Nohely Arteaga, Norkys Batista, Jean Paul Leroux, Shannon De Lima"
858055,,Mandiyú,Mandiyú,2007-01-01,1.8445,0.0,0,[99],es,0,0,25,Siete Pueblos,"Sandro Pereyra, Victor Burgos, Leticia Cuba",
18035,tt0444672,Moving McAllister,Moving McAllister,2007-09-13,1.7963,5.131,59,"[35, 10749]",en,0,0,89,"Revel Entertainment, Camera 40 Productions",Andrew Black,"Ben Gourley, Mila Kunis, Jon Heder, Rutger Hauer, Hubbel Palmer"
41186,tt1159223,Love Now,지금 사랑하는 사람과 살고 있습니까?,2007-08-15,1.972,5.292,12,"[18, 10749]",ko,0,0,116,"Cine2000, Cinema Service, CJ Entertainment, October Pictures",Chong Yun-su,"Uhm Jung-hwa, Park Yong-woo, Lee Dong-gun, Han Chae-young, Choi Jae-won"
59298,tt1119194,The Piano Forest,ピアノの森,2007-07-21,2.193,7.06,125,"[10402, 16, 18]",ja,0,2014665,101,"Nippon Television Network Corporation, Madhouse, Sony Music Entertainment (Japan), NAS, Yomiuri Shimbun Company, Yomiuri Telecasting Corporation, VAP, Shochiku, ADK",Masayuki Kojima,"Aya Ueto, Ryunosuke Kamiki, Mayuko Fukuda, Chizuru Ikewaki, Rica Matsumoto"
792287,tt1002456,Mort prématurée,Mort prématurée,2007-12-14,2.077,0.0,0,"[10770, 80, 18, 9648]",fr,0,0,0,,José Pinheiro,"Marina Golovine, Arnaud Giovaninetti, Fernando Guillén, Philippe Bas, Pedro Gutiérrez"
674689,tt1102366,Los zetas,Los zetas,2007-01-01,2.0943,5.7,3,"[28, 80]",es,0,0,80,Jorge Aguado Bazua Producciones,Jorge Aldama,"Jorge Aldama, Julio Aldama Jr., Javier Morales, Juan Raya, Jorge Aldama Jr."
15772,tt0499375,Guru,गुरु,2007-01-12,2.122,6.9,143,"[18, 10749]",hi,4700000,31000000,166,Madras Talkies,Mani Ratnam,"Abhishek Bachchan, Aishwarya Rai Bachchan, Mithun Chakraborty, R. Madhavan, Vidya Balan"
25744,tt0891520,Carved: The Slit-Mouthed Woman,口裂け女,2007-03-16,2.0546,5.996,120,[27],ja,34600000,45900000,90,"TORNADO FILM, For-side.com, Twin, Earl Grey Film",Koji Shiraishi,"Eriko Sato, Haruhiko Kato, Chiharu Kawai, Rie Kuwana, Kazuyuki Matsuzawa"
5259,tt1032856,The Band's Visit,ביקור התזמורת,2007-09-13,1.98,7.0,180,"[35, 18]",he,0,0,83,"Bleiberg Entertainment, Sophie Dulac Productions, July August Productions",Eran Kolirin,"Sasson Gabai, Ronit Elkabetz, Saleh Bakri, Khalifa Natour, Shlomi Avraham"
131792,tt1829648,At Sea,At Sea,2007-09-07,1.7799,7.1,16,[99],en,0,0,60,"Peter Hutton, ZKM Film Institute Karlsruhe",Peter Hutton,
51885,tt0769507,The Sun Also Rises,太阳照常升起,2007-09-20,1.877,7.5,73,"[14, 18]",zh,0,0,116,"Huayi Brothers Advertising, JCE Movies, Beijing Bu Yi Le Hu Film Company, Lotus Entertainment",Jiang Wen,"Zhou Yun, Jiang Wen, Joan Chen, Anthony Wong Chau-Sang, Jaycee Chan"
13959,tt1043835,Call Girl,Call Girl,2007-12-27,2.1437,5.8,26,"[80, 18, 53]",pt,1300000,1610085,145,"MGN Filmes, Lagoa Cultural & Esportiva, Instituto do Cinema, Audiovisual e Multimédia",António-Pedro Vasconcelos,"Joaquim de Almeida, Soraia Chaves, Ivo Canelas, Nicolau Breyner, José Raposo"
9990,tt0804551,Walking Tall: Lone Justice,Walking Tall: Lone Justice,2007-09-25,2.5313,5.824,51,"[28, 53, 80, 18]",en,0,0,94,"Andrew Stevens Entertainment, Sony Pictures Home Entertainment",Tripp Reed,"Kevin Sorbo, Yvette Nipar, Elizabeth Barondes, Haley Ramm, Rodrigo De la Rosa"
23717,tt1068956,Khuda Kay Liye,خدا کے لیے,2007-07-29,2.1514,6.6,35,[18],ur,0,0,168,Shoman Productions,Shoaib Mansoor,"Shaan Shahid, Fawad Khan, Naseeruddin Shah, Iman Ali, Simi Raheal"
2010,tt1016205,The Mourning Forest,殯の森,2007-05-29,2.1935,6.76,52,[18],ja,0,0,98,"Celluloid Dreams, Visual Arts College, Kumie",Naomi Kawase,"Machiko Ono, Shigeki Uda, Makiko Watanabe, Yoichiro Saito, Kanako Masuda"
1248,tt0367959,Hannibal Rising,Hannibal Rising,2007-02-06,2.0468,6.27,2468,"[80, 53, 27]",en,75000000,82169884,121,"Quinta Communications, Ingenious Media, Delta (Young Hannibal) Ltd., DDL Cinematografica, Zephyr Films, ETIC Films",Peter Webber,"Gaspard Ulliel, Aaran Thomas, Gong Li, Dominic West, Rhys Ifans"
20714,tt0488478,12,12,2007-06-06,2.0457,6.6,427,"[80, 18, 9648]",ru,4000000,7537453,159,Studio Trite,Nikita Mikhalkov,"Sergey Makovetskiy, Nikita Mikhalkov, Sergey Garmash, Valentin Gaft, Aleksey Petrenko"
129882,tt0847510,Phantom Love,Phantom Love,2007-01-19,2.0446,5.077,13,"[18, 14]",en,0,0,87,"KNR Productions, Menkesfilm",Nina Menkes,"Marina Shoif, Juliette Marquis, Bobby Naderi"
14687,tt0901481,Eichmann,Eichmann,2007-09-22,2.0439,5.999,101,"[36, 18]",en,8000000,0,100,"Entertainment Motion Pictures, uMedia, HCC Media Group, Grand Hotel Pictures, Thema Production, uFilm",Robert Young,"Thomas Kretschmann, Troy Garity, Franka Potente, Stephen Fry, Delaine Yates"
1639465,,The Party,The Party,2007-01-01,2.0418,0.0,0,[],en,0,0,25,,Abigail Child,
564347,,Deer Girl,Niña Ciervo,2007-11-25,2.0415,0.0,0,[18],es,0,0,10,,Alejandra Ugarte,"Silvia Bascuñan, Francisca Quezada"
1155661,,Because of Love,Z miłości,2007-07-27,2.0406,0.0,0,[18],pl,0,0,88,Odyssey Films,Leszek Wosiewicz,"Jacek Rozenek, Monika Buchowiec, Grażyna Błęcka-Kolska, Jan Dravnel, Marta Chodorowska"
62527,tt0942378,Johnny Kapahala: Back on Board,Johnny Kapahala: Back on Board,2007-11-17,2.04,6.01,102,"[10751, 35, 18, 10770]",en,0,0,90,"Rubicon Films, LTD, Utica Productions, Disney Channel",Eric Bross,"Brandon Baker, Cary-Hiroyuki Tagawa, Jake T. Austin, Robyn Lively, Mary Page Keller"
644514,,Viral,Viral,2007-01-07,2.0396,0.0,0,[27],fr,0,0,10,,Frédérick Maheux,
81489,tt0884237,Carnivorous,Carnivorous,2007-10-25,2.037,2.0,8,[27],en,5000000,0,83,,Drew Maxwell,"Leah Rose, Ryan Schaufler, Adrienne Rusk, Matt Ukena, Tom Lodewyck"
61700,tt0429233,Volem rien foutre al païs,Volem rien foutre al païs,2007-03-07,2.0318,6.5,6,[99],fr,0,0,107,,"Christophe Coello, Pierre Carles, Stéphane Goxe","Pierre Carles, Christophe Coello, Stéphane Goxe"
68591,tt1068284,Snowglobe,Snowglobe,2007-12-15,2.0315,6.0,74,"[10770, 10751, 14, 878]",en,0,0,120,,Ron Lagomarsino,"Christina Milian, Josh Cooke, Erin Karpluk, Lorraine Bracco, Luciana Carro"
396621,tt5986418,Suna,Suna,2007-11-23,2.0311,5.3,3,[18],tr,0,0,0,,Engin Ayça,"Türkan Şoray, Gülsen Tuncer, Demir Karahan, Erol Mütercimler, Şükran Akın"
161527,tt0421146,Pearl Diver,Pearl Diver,2007-02-01,2.031,6.25,2,[18],en,0,0,97,Proud Cut Films,Sidney King,"Joey Honsa, Amy Jean Johnson, Emily Stoltzfus, Jeremy Glickstein, Maddie Abshire"
1732091,tt1300328,White Waters,White Waters,2007-11-01,2.0309,0.0,0,[],en,0,0,100,,Izu Ojukwu,"Fidelis Abdulrahman, B.S. Abok, Suleiman Adara, Tolu Daniel Aluko, Kalbang Afsa Clement"
20786,tt0469045,Broken,Broken,2007-10-05,2.0306,5.598,41,"[53, 18]",en,0,0,98,"FilmRise, First Look Home Entertainment, Walk on the Beach Productions",Alan White,"Heather Graham, Jeremy Sisto, Randall Batinkoff, Jake Busey, Michael A. Goorjian"
1419,tt0890888,Vollidiot,Vollidiot,2007-04-11,2.0304,4.636,70,"[35, 18]",de,0,0,102,"Goldkind Filmproduktion, Senator Film, Europool",Tobi Baumann,"Oliver Pocher, Oliver Fleischer, Tanja Wenzel, Tomas Spencer, Anke Engelke"
14735,tt0493402,Boarding Gate,Boarding Gate,2007-08-22,2.029,5.004,121,"[53, 18]",en,0,0,106,Margo Films,Olivier Assayas,"Asia Argento, Michael Madsen, Kelly Lin Hsi-Lei, Kim Gordon, Carl Ng Ka-Lung"
1227620,tt14549812,April Man,Человек апреля,2007-03-20,2.0287,0.0,0,[99],ru,0,0,39,Studio Telemost,Dmitry Lavrinenko,
276649,tt0898911,Entre caníbales,Entre caníbales,2007-01-01,2.0287,5.0,2,[],es,0,0,89,,Rodrigo González Mendoza,"Plutarco Haza, Gabriela Canudas, Roberto Sosa, Regina Orozco, Jesús Estrada"
16460,tt1059793,Garfield Gets Real,Garfield Gets Real,2007-11-16,2.0263,5.0,148,"[10751, 35, 16]",en,10000000,1726453,77,"Wonderworld Studios, 20th Century Fox Home Entertainment, Paws, Animation Picture Company, Davis Entertainment, Digiart Productions",Mark A.Z. Dippé,"Frank Welker, Rajia Baroudi, Gregg Berger, Greg Eagles, Jason Marsden"
30132,tt0487203,Cowboy,Cowboy,2007-12-05,2.026,5.889,18,[35],fr,0,0,96,"K2 SA, K-Star, K2, SCOPE Invest",Benoît Mariage,"Benoît Poelvoorde, François Damiens, Gilbert Melki, Julie Depardieu, Bouli Lanners"
15418,tt0470761,First Born,First Born,2007-03-20,2.0252,5.153,72,"[18, 27, 53]",en,0,0,95,"Alejandro Martínez, Playarte Pictures, Initial Entertainment Group",Isaac Webb,"Elisabeth Shue, Steven Mackintosh, Kathleen Chalfant, Khandi Alexander, Carolyn Gilroy"
65180,tt1163761,New Tokyo Decadence: The Slave,奴隷,2007-03-09,2.0241,6.5,13,[18],ja,0,0,60,Shintoho Pictures,Osamu Satō,"Rinako Hirasawa, Kikujiro Honda, Naoyuki Chiba, Tarō Araki, Komari Awashima"
19921,tt1415888,Ocean Voyagers,Ocean Voyagers,2007-12-17,2.0229,6.5,2,[99],en,0,0,72,Animal Planet,"Joe Kennedy, Feodor Pitcairn",Geraldine James
346365,,"Santa María de Iquique, cien años después","Santa María de Iquique, cien años después",2007-07-24,2.0225,0.0,0,[99],en,0,0,94,,Juan Pablo Minguillón,"José Saramago, Bernardo Guerrero, Hernán Rivera Letelier"
1229410,tt21443038,Berezovsky Trip,Березовский Trip,2007-02-26,2.0221,0.0,0,[99],ru,0,0,45,,"Dmitry Pishchulin, Dmitry Okhotnikov",
1742131,tt1941551,Hora Sagrada,Hora Sagrada,2007-01-01,2.0212,0.0,0,[18],pt,0,0,0,,"Nuno Soler, Ruben Sousa","João Azevedo, Diana Costa e Silva, João Lagarto, Diogo Mesquita, Francisco Sousa"
18755,tt1065106,Pigs,Pigs,2007-11-05,2.0199,4.3,67,[35],en,0,0,85,"Hill's Production Services, Bad Monkey Productions",Karl DiPelino,"Jefferson Brown, Darryn Lucio, Christopher Elliott, Melanie Marden, Tyrone Greenidge"
206033,tt0475567,Días de cine,Días de cine,2007-02-09,2.0164,3.667,6,"[35, 18]",en,0,0,96,"Telespan 2000, Estudios Picasso, LAZONA",David Serrano,"Alberto San Juan, Nathalie Poza, Miguel Rellán, Javier Gutiérrez, Andrés Lima"
535020,tt1503180,Thottal Poo Malarum,தொட்டால் பூ மலரும்,2007-08-03,2.0163,4.8,2,"[28, 10749]",ta,0,0,146,Sapphire Media & Infrastructure,P. Vasu,"Sakthi Vasu, Gowri Munjal, Rajkiran, Sukanya, Vadivelu"
92124,,Walter Röhrl - Drei Jahrzehnte Motorsport,Walter Röhrl - Drei Jahrzehnte Motorsport,2007-03-06,2.0162,8.0,2,[],de,0,0,0,,,Walter Röhrl
189484,tt1050089,Pure Coolness,Boz salkyn,2007-05-18,2.0152,5.7,3,[18],ky,0,0,99,"Aldongar Production, Oy Art Film Producing Company",Ernest Abdyjaparov,"Asem Toktobekova, Tynchtyk Abylkasymov, Siezdbek Iskenaliev, Elnura Osmonalieva, Osnura Asanalieva"
351571,tt1264899,El mourabbi,El mourabbi,2007-09-27,2.0123,0.0,0,[18],en,0,0,10,Armadillo Film,Sacha Polak,"Ismael El Tarhabi, Nassir Azaimi, Soufiune Benslur, Rachid Moufit, Mairen Aalders"
274858,tt1024919,Cold Blooded,Sang froid,2007-09-14,2.0118,3.0,4,[18],fr,0,0,90,"Les Films du Veyrier, Gloria Films, ARTE France Cinéma",Sylvie Verheyde,"Benjamin Biolay, Laura Smet, Stomy Bugsy, Alain Figlarz, Alicia Roda"
12108,tt0989603,42plus,42plus,2007-02-10,2.0118,5.0,20,[18],de,0,0,95,Dor Film-West,Sabine Derflinger,"Claudia Michelsen, Ulrich Tukur, Jacob Matschenz, Petra Morzé, Tobias Moretti"
64330,tt0870222,Surviving My Mother,Comment survivre à sa mère,2007-11-02,2.0103,4.833,12,"[18, 35]",en,0,0,95,,Émile Gaudreault,"Caroline Dhavernas, Ellen David, Colin Mochrie, Adam J. Harrington, Véronique Le Flaguais"
56555,tt0808348,Life Support,Life Support,2007-03-10,2.0103,5.6,14,"[18, 10770]",en,0,0,90,,Nelson George,"Queen Latifah, Anna Deavere Smith, Wendell Pierce, Rachel Nicks, Evan Ross"
93649,tt0991027,Reflection,Reflection,2007-03-20,2.0092,6.0,1,"[28, 53, 878]",en,0,0,91,,,"Lisa Sookhiram, James Kautz, Gerard Adimando, Cara Castronuova, Courtney-Anne Doody"
49231,tt0760157,Afghan Knights,Afghan Knights,2007-01-01,2.0085,4.1,14,"[12, 27, 18]",en,0,0,90,Paradox Pictures,Allan Harmon,"Steve Bacic, Gary Stretch, Francesco Quinn, Michael Madsen, Chris Kramer"
19029,tt0760188,When Nietzsche Wept,When Nietzsche Wept,2007-08-02,1.9049,6.11,82,"[18, 10749]",en,0,0,105,,Pinchas Perry,"Ben Cross, Armand Assante, Joanna Pacula, Jamie Elman, Andreas Beckett"
4398,tt0498525,Lissi and the Wild Emperor,Lissi und der wilde Kaiser,2007-10-24,2.5444,5.91,205,"[16, 35]",de,0,29733764,85,herbX film,Michael Herbig,"Michael Herbig, Christian Tramitz, Waldemar Kobus, Rick Kavanian, Gerd Knebel"
13723,tt0926110,Missionary Man,Missionary Man,2007-11-29,2.1281,5.2,50,"[28, 12, 53]",en,2000000,0,93,"Andrew Stevens Entertainment, Black Chrome Productions, Sony Pictures, Red Orm Productions Inc.",Dolph Lundgren,"Dolph Lundgren, Sophia Ali, Chelsea Ricketts, Matthew Tompkins, James Chalke"
404403,tt1401126,Jai Jagannath,ଜୟ ଜଗନ୍ନାଥ,2007-07-13,1.8339,10.0,1,"[36, 18, 14]",or,3500000,0,127,Mohapatra Magic Pvt. Ltd.,Sabyasachi Mohapatra,"Sritam Das, Pintu Nanda, Jyoti Mishra, Anurag Sharma, Mohini Shilalipi"
857613,tt1027021,Dark Horizon,Dark Horizon,2007-03-31,1.9573,6.0,1,"[12, 53]",en,0,0,90,,Nicholas J. Hagen,"Ryan Deal, Ryan Carty, Tooraj Ban, Hannah Kaiser, Jeff Argubright"
776534,,Antigenic Drift,Antigenic Drift,2007-01-01,2.2659,0.0,0,[],en,0,0,16,,Lewis Klahr,
212960,tt0491534,Cañitas,Cañitas,2007-03-30,2.0344,5.226,31,[27],es,0,0,88,"High Level FIlms, FIDECINE",Julio César Estrada,"Armando Hernández, Mariana Ávila, Francesca Guillén, Juan Pablo Medina, Alejandro Lago"
345390,tt2525582,Brødre,Brødre,2007-12-14,2.1689,0.0,0,[],en,0,0,0,,Joakim Søgård,"Remi Melbråten, Fredrik Skogsrud"
127437,tt0836632,Wrap Up,Abrígate,2007-11-23,1.9371,3.8,5,[18],es,0,0,90,Pol-Ka Producciones,Ramón Costafreda,"Alejandro Albaiceta, María Bouzas, Celso Bugallo, Amalia Gómez, Félix Gómez"
807975,,Al Shahada,الشهادة,2007-01-10,2.0256,0.0,0,[],ar,0,0,10,,"Mohamed Tawfik, Amr Salama","Mohamed Jamaica, Ahmad Fahmy, Amr Salama, Mohamed Alaa"
60772,tt0491166,Sportkill,Sportkill,2007-10-11,1.9221,3.75,10,"[27, 53]",en,1200000,0,90,,Craig McMahon,"Dona Wood, David C. Hayes, Matt Robinson, Kevin Moyers, Erin Del Rosso"
358708,tt4729626,Total Fury,Total Fury,2007-09-08,1.804,5.5,7,"[27, 35]",fr,0,0,13,RKSS,"François Simard, Anouk Whissell, Yoann-Karl Whissell","Anouk Whissell, Yoann-Karl Whissell, Gil Brousseau, François Simard, Daniel Duranleau"
23150,tt1155650,The Garden of Sinners: Overlooking View,劇場版「空の境界」第一章 俯瞰風景,2007-12-01,2.1382,6.731,160,"[16, 80, 28, 14, 9648]",ja,0,0,50,"ufotable, Aniplex, Kodansha, TYPE-MOON",Ei Aoki,"Maaya Sakamoto, Kenichi Suzumura, Rie Tanaka, Takako Honda, Ayumi Fujimura"
10520,tt0496328,Itty Bitty Titty Committee,Itty Bitty Titty Committee,2007-09-28,2.5251,5.528,53,[35],en,1000000,18479,87,Power Up Films,Jamie Babbit,"Melonie Díaz, Nicole Vicius, Daniel Sea, Deak Evgenikos, Lauren Mollica"
275534,tt0910574,Running Funny,Running Funny,2007-07-06,1.8375,0.0,0,[18],en,0,0,80,,Anthony Grippa,"Wendy Adele Evered, Gene Gallerano, Maximilian Osinski, Louis Zorich"
73610,tt0797014,Madrigal,Madrigal,2007-03-30,2.0149,5.25,8,"[18, 878]",es,0,0,112,ICAIC,Fernando Pérez,"Carlos Enrique Almirante, Liety Chaviano, Ana de Armas, Luis Alberto García, Carla Sánchez"
18290,tt0848542,Arranged,Arranged,2007-03-10,2.0922,6.181,36,"[18, 35, 10749]",en,0,0,90,,"Stefan C. Schaefer, Diane Crespo","Zoe Lister-Jones, Francis Benhamou, Mimi Lieber, John Rothman, Sarah Lord"
1590152,tt3556566,Psychosis,Psychosis,2007-06-01,1.9425,0.0,0,[53],en,0,0,10,Northern Film School,James Raynor,"Anthony Barnes, Stephanie Todd"
575495,tt1144931,Sexus Dei,Sexus Dei,2007-04-11,1.8206,1.0,2,[35],fr,0,0,90,,Philippe Vallois,"Yannick Rocher, Christophe Tuaillon, Philippe Vallois, Moustapha Dridi, Christophe Mourlon"
501645,,Higher Ground,Higher Ground,2007-07-01,1.5888,0.0,0,"[12, 99]",en,0,0,84,"Alstrin Films, HG Productions","Alexander Lavigne, Chris Alstrin","Mike Anderson, John Chilton, Audrey Gariepy, Phil Gruber, Shawn Huisman"
845446,,Ship of Hope,Cerību kuģis,2007-05-04,1.8288,0.0,0,[16],lv,0,0,10,Animācijas brigāde,Māris Brinkmanis,
866651,tt0473835,La consultation,La consultation,2007-03-21,2.1655,7.0,1,[99],fr,0,0,91,Arturo Mio,Helene de Crecy,Luc Perino
74132,tt0785076,Vent mauvais,Vent mauvais,2007-02-10,1.9871,4.7,15,"[53, 80, 18]",fr,0,0,92,"Gaumont, Avenue B Productions, Canal+, CinéCinéma, PROCIREP, CNC",Stéphane Allagnon,"Jonathan Zaccaï, Aure Atika, Bernard Le Coq, Florence Thomassin, Guillaume Viry"
482212,tt1018950,Zepp,Zepp,2007-01-17,1.7604,0.0,0,[18],de,0,0,45,,Moritz Laube,"Klaus Manchen, Karoline Schuch, Charly Hübner, Stephan Grossmann, Hildegard Schroedter"
70024,tt0482163,Bats: Human Harvest,Bats: Human Harvest,2007-11-10,2.324,4.7,46,[27],en,0,0,84,"Syfy, BUFO",Jamie Dixon,"Tomas Arana, David Chokachi, Michael Jace, Pollyanna McIntosh, Martin Papazian"
4656,tt1105288,Snipers Valley,Mörderischer Frieden,2007-11-10,2.1847,4.625,8,[18],de,0,0,91,,Rudolf Schweiger,"Adrian Topol, Max Riemelt, Susanne Bormann, Anatole Taubman, Peter Bongartz"
221972,tt1185234,Caregiver,Caregiver,2007-12-04,1.8976,1.6,5,"[27, 53]",en,20000,0,90,Brain Damage Films,Dennis Devine,"Osa Wallander, Rebeka Montoya, Elisa Eliot, Rachel Blaha, Kali Hawk"
1316058,,Little Helper,Помощничек,2007-01-01,1.661,0.0,0,"[35, 12]",ru,0,0,76,,Andrei Badin,"Andrei Badin, Andrey Loiko, Sergey Beryakov, Pavel Shitov, Nikolai Loiko"
22331,tt0955411,The Ten Commandments,The Ten Commandments,2007-10-19,1.9239,5.6,42,"[16, 18, 10751, 14]",en,10000000,1100000,88,"Promenade Pictures, Ten Chimneys Entertainment","John Stronach, Bill Boyce","Alfred Molina, Ben Kingsley, Elliott Gould, Christian Slater, Scott McNeil"
41044,tt0464061,I'm Reed Fish,I'm Reed Fish,2007-06-01,2.291,5.6,79,"[35, 10749, 18]",en,0,0,93,"Squared Foot Productions, ContentFilm",Zackary Adler,"Jay Baruchel, Alexis Bledel, Victor Rasuk, Schuyler Fisk, A.J. Cook"
778613,tt1080878,Yahoo Millionaire,Yahoo Millionaire,2007-01-01,1.6382,0.0,0,[18],en,0,0,64,Okija Amaka Pictures,Lancelot Oduwa Imasuen,"Uche Jombo, Rita Dominic, Fred Aresoma, Ini Ikpe, Emma Ayalogu"
46404,tt0920464,Manorama Six Feet Under,Manorama Six Feet Under,2007-09-21,1.8893,6.458,60,"[53, 80, 9648, 18]",hi,4000000,4500000,137,Shemaroo Entertainment,Navdeep Singh,"Abhay Deol, Gul Panag, Raima Sen, Vinay Pathak, Sarika"
306553,,On Sundays,On Sundays,2007-01-01,1.9913,0.0,0,[],en,0,0,15,,Dan Browne,
639047,tt1161424,A Shout into the Wind,Huuto tuuleen,2007-12-18,1.9435,0.0,0,[99],fi,0,0,55,Oktober,Katja Gauriloff,
816607,tt6064994,Sadi-Scream Vol. 5,Sadi-Scream Vol. 5,2007-10-12,1.7553,1.0,2,[27],ja,0,0,72,,Schwarzen III,Riku Shiina
306600,tt1059194,Hippies,Hippies,2007-06-12,1.6406,0.0,0,[99],en,0,0,120,Lou Reda Productions,Scott Reda,"Cary Grant, Timothy Leary, Peter Coyote, Ken Kesey, Martin A. Lee"
313660,,La Sorcière Blanche,La Sorcière Blanche,2007-12-31,2.2883,10.0,1,"[12, 99]",fr,0,0,80,Seven Doc,"Bertrand Delapierre, François Damilano","François Damilano, Philippe Batoux, Benoit Robert"
15939,tt0934949,Twins Mission,雙子神偸,2007-02-15,1.8373,5.3,39,"[28, 35, 80]",cn,0,0,103,"JCE Movies, Beijing Silver Moon Productions, Sundream Motion Pictures, Emperor Motion Pictures",Benz Kong To-Hoi,"Charlene Choi Chuek-Yin, Gillian Chung, Wu Jing, Sammo Kam-Bo Hung, Yuen Wah"
584619,tt1205918,Seamstresses,Shivachki,2007-10-12,1.7111,6.6,5,[18],bg,0,0,95,Bulgarian National Television,Lyudmil Todorov,"Aleksandra Sarchadzhieva, Elen Koleva, Violeta Markovska, Assen Blatechki, Yoana Bukovska-Davidova"
30641,tt0896816,Grizzly Rage,Grizzly Rage,2007-06-07,2.0743,4.0,47,"[28, 12, 27, 53, 10770]",en,2000000,0,86,"RHI Entertainment, Peace Arche Entertainment Group",David DeCoteau,"Tyler Hoechlin, Kate Todd, Graham Kosakoski, Brody Harms"
348273,tt1058078,Finale,Finale,2007-07-17,2.359,3.222,9,[10749],de,0,0,75,"Klaus Lemke Filmproduktion, ZDF",Klaus Lemke,"Saralisa Volm, Anneke Schwabe, Timo Jacobs, Stefan Witte, Henning Gronkowski"
37973,tt0484090,Alone,แฝด,2007-03-29,2.0679,7.168,259,"[27, 9648, 18]",th,0,9559978,90,"Dedicate Ltd., GMM Tai Hub (GTH), Phenomena Motion Pictures","Banjong Pisanthanakun, Parkpoom Wongpoom","Marsha Vadhanapanich, Witaya Wasukraipaisarn, Ratchanoo Boonchuduang, Hatairat Egereff, Rutairat Egereff"
53204,tt0462441,Amazing Journey: The Story of The Who,Amazing Journey: The Story of The Who,2007-09-14,2.1734,7.095,21,"[99, 10402]",en,0,0,119,"VH1 Rock Docs, Spitfire Pictures, Universal Pictures, Diamond Docs, Trinifold Management, MLF Productions","Murray Lerner, Parris Patton, Paul Crowder","Roger Daltrey, Pete Townshend, John Entwistle, Keith Moon, Ringo Starr"
24607,tt1714821,24 Solo,24 Solo,2007-02-09,1.9672,6.2,4,[99],en,250000,0,0,Gripped Films,Jason Berry,"Chris Eatough, Craig Gordon, John Posner, Hamish Elliott"
686878,tt1016313,Park Bench,Park Bench,2007-02-25,1.9729,1.0,2,[],en,0,0,6,,"Jim Le, Elias Benavidez",
18586,tt0496319,The Hottest State,The Hottest State,2007-06-27,2.6266,5.5,49,"[10402, 18, 10749]",en,0,137341,117,"Barracuda Films, Elixir Films, Under the Influence Productions, Entertainment Farm",Ethan Hawke,"Mark Webber, Catalina Sandino Moreno, Sonia Braga, Ethan Hawke, Josh Zuckerman"
1111247,,Transition-Space,Transition-Space,2007-02-07,1.7081,0.0,0,[],zh,0,0,103,,Wang Yang,
36113,tt0783475,Getting Home,落叶归根,2007-12-31,1.9859,7.406,64,"[18, 35]",zh,0,0,110,"Ming Productions, Filmko Pictures, Fortissimo Films",Zhang Yang,"Zhao Benshan, Qiwen Hong, Song Dandan, Liao Fan, Hu Jun"
35297,tt0839773,Daisy Diamond,Daisy Diamond,2007-11-23,1.7596,5.636,55,[18],da,0,0,94,"XX Film, Zentropa Entertainments, Sonet Film, Tju Bang Film",Simon Staho,"Noomi Rapace, Trine Dyrholm, Sofie Gråbøl, Charlotte Munck, Thure Lindhardt"
1610682,,Wild Knight: Succession Arc,荒くれKNIGHT ～襲名編～,2007-09-19,2.2043,0.0,0,[28],ja,0,0,72,,Mikio Hirota,"Yu Shirota, Misako Yasuda, Kenta Kamakari, Naoki Nokubo, Shuya Yoshimoto"
18217,tt0479199,Buried Alive,Buried Alive,2007-02-07,2.114,4.681,127,[27],en,0,1558939,94,OddLot Entertainment,Robert Kurtzman,"Leah Rachel, Erin Reese, Ivan Padilla, Tobin Bell, Terence Jay"
30398,tt0875575,Being Michael Madsen,Being Michael Madsen,2007-09-28,1.9223,5.8,11,"[99, 35]",en,0,0,84,,Michael Mongillo,"Michael Madsen, Jason Alan Smith, Doug Tompos, Kathy Searle, Davis Mikaels"
319292,tt2880512,Lovely Andrea,Lovely Andrea,2007-12-26,2.3858,8.0,1,[99],en,0,0,30,,Hito Steyerl,"Hito Steyerl, Steve Osada, Asagi Ageha, Chimuo Nureki, Matthias T. J. Grimme"
679043,tt1256490,A6/A9,A6/A9,2007-05-28,1.8539,0.0,0,[],xx,0,0,3,,Johannes Schiehsl,
433299,tt3173476,Village Destroyers,Village Destroyers,2007-01-01,1.9719,0.0,0,[],en,0,0,0,Global Update Pictures,Ugo Ugbor,"Kenneth Okonkwo, Alex Usifo, Chinedu Ikedieze, Osita Iheme, Emeka Ani"
1431843,,Navegante,Navegante,2007-09-01,1.7617,0.0,0,[16],es,0,0,0,,Jasania Velázquez Núñez,Alberto Ísola
248045,tt1006947,Edgar Allan Poe's The Raven,Edgar Allan Poe's The Raven,2007-08-27,1.9848,2.6,11,[27],en,1000000,0,81,"Rapid Heart Pictures, Here! Films",David DeCoteau,"André Velts, Brian Stokes Mitchell, Litha Booi, André Dellow, Tristan McConnell"
16204,tt0847167,The Girl in the Park,The Girl in the Park,2007-09-09,2.799,6.012,84,[18],en,0,0,109,,David Auburn,"Sigourney Weaver, Kate Bosworth, Alessandro Nivola, Keri Russell, David Rasche"
127721,tt1299392,La venganza,La venganza,2007-11-28,1.8318,1.0,2,[],en,0,0,97,,Benjamin Lopez,"Ivan Encinas, Juan Heinrich, Kim Hesser, Rick L. Lobato"
14014,tt0814130,The Hammer,The Hammer,2007-04-01,1.7341,6.17,56,[35],en,0,0,88,"Bentley Filmgroup, Eden Wurmfeld Films, Hammer The Movie",Charles Herman-Wurmfeld,"Adam Carolla, Oswaldo Castillo, Harold 'House' Moore, Christopher Darga, Jonathan Hernandez"
14414,tt0829193,Honeydripper,Honeydripper,2007-09-10,2.1605,5.864,44,"[18, 10402]",en,0,0,124,"Emerging Pictures, Anarchist's Convention Films, Rainforest Entertainment",John Sayles,"Danny Glover, LisaGay Hamilton, Yaya DaCosta, Charles S. Dutton, Vondie Curtis-Hall"
840978,tt1184345,Cielo,Cielo,2007-08-12,2.221,5.0,1,[18],es,0,0,81,,Gerardo Tort,"Paulina Gaitán, Alan Chávez, Giovanna Zacarías, Arcelia Ramírez, Guillermo Iván"
701808,tt1064205,Happenstance,Happenstance,2007-05-04,1.7976,1.0,2,"[18, 35, 10749]",en,0,0,7,,Joyce Draganosky,"Margaret Colin, Jay O. Sanders, Eisa Davis, John Driscoll"
18902,tt0874423,Zoo,Zoo,2007-01-20,2.2641,4.811,66,[99],en,0,69711,76,thinkfilm,Robinson Devor,
101198,tt0847183,That Special Summer,Kid Svensk,2007-03-09,1.9688,5.409,11,[18],sv,0,0,90,"Juonifilmi, SF Studios, SVT, Film i Väst, Tre Vänner",Nanna Huolman,"Mia Saarinen, Milka Ahlroth, Jim Rautiainen, Mari Rantasila, Agnes Sörensen"
35827,tt1018886,Dinosaurs Alive,Dinosaurs Alive,2007-03-30,2.0161,5.4,19,[99],en,0,0,40,Giant Screen Films,"David Clark, Bayley Silleck",Michael Douglas
1624823,,Total contrôle,Total contrôle,2007-01-01,1.9792,0.0,0,[99],fr,0,0,0,STUDIO NOVA (NOVAPROD OWL - NOVAPIX - NOVA EVENTS),Étienne Labroue,
1399100,tt1281844,Incunable,Incunable,2007-06-01,1.884,0.0,0,"[28, 9648, 53]",es,0,0,0,,Ignacio Rodó,"Felipe Cabezas, Òscar Masllovet"
32209,tt0765439,Daydreamer,Daydreamer,2007-01-18,1.726,4.2,10,"[18, 9648, 53]",en,0,0,90,Meyer & Associates LLC,Brahman Turner,"Aaron Paul, Arielle Kebbel, Chris L. McKenna, Caroline D'Amore, James Wellington"
18033,tt0860467,Nora Roberts' Montana Sky,Nora Roberts' Montana Sky,2007-02-05,2.1425,6.0,61,"[18, 10749, 10770]",en,0,0,96,"Stephanie Germain Productions, Lifetime, Mandalay Television",Mike Robe,"Charlotte Ross, Diane Ladd, Ashley Williams, Laura Mennell, Nathaniel Arcand"
373440,tt1037684,Αγαπώ Τη Μαμά Σου,Αγαπώ Τη Μαμά Σου,2007-05-22,1.9539,0.0,0,"[10749, 35]",el,0,0,130,Antenna TV,Harris Papadopoulos,"Charis Romas, Betty Livanou, Hristiana Matzourani, Agis Emmanouil, Vasilis Koukouras"
691712,tt1479235,Season,Estação,2007-01-01,1.7091,0.0,0,[18],pt,0,0,33,Terratreme,Luís Miguel Correia,Inês Vaz
1252107,tt1034069,Since September,Since September,2007-03-15,2.069,8.0,1,"[18, 9648]",en,0,0,31,,"Dana Buning, Christopher Zawadzki","Xander Chauncey, Belinda Hoole, Matthew Holtzclaw, Kate Clemons, John P. Kelly"
653483,,Shadow Trap,Shadow Trap,2007-01-01,1.8289,0.0,0,[],en,0,0,6,,Greg Pope,
15669,tt0449018,The Final Season,The Final Season,2007-10-12,1.7657,5.379,33,[18],en,0,0,119,,David Mickey Evans,"Sean Astin, Michael Angarano, Powers Boothe, Rachael Leigh Cook, Tom Arnold"
55914,tt0898949,Termination Point,Termination Point,2007-12-31,2.437,4.6,47,"[28, 12, 878, 53, 10770]",en,0,0,90,"CineTel Films, Eagle Pictures, Insight Film Studios",Jason Bourque,"Jason Priestley, Lou Diamond Phillips, Garwin Sanford, Gary Hudson, Stefanie von Pfetten"
1318098,tt1392898,Wind,Wind,2007-01-01,2.0495,0.0,0,[],en,0,0,5,Bent Image Lab,Chel White,"Marika White, Alec Baldwin"
345385,tt1263695,Null-Null,Null-Null,2007-09-19,1.8326,8.3,3,[],en,0,0,0,,Gaute Johnsen,"Anders Baasmo Christiansen, Silje Torp"
94503,tt1234258,Tsubasa RESERVoir CHRoNiCLE: Tokyo Revelations,ツバサ TOKYO REVELATIONS,2007-11-16,2.2773,7.1,9,"[14, 16, 28, 12, 878, 18, 10749]",ja,0,0,75,Kodansha,Akiko Honda,"Miyu Irino, Yui Makino, Tetsu Inada, Mika Kikuchi, Daisuke Namikawa"
521212,tt1370345,Wild Knight: Battle Arc,荒くれKNIGHT ～激闘編～,2007-04-28,1.5687,0.0,0,[28],ja,0,0,72,TORNADO FILM,Mikio Hirota,"Yu Shirota, Misako Yasuda, Naoki Nokubo, Yuriko Shiratori"
951822,tt1134630,Пробуждение,Пробуждение,2007-05-28,1.9479,8.0,1,[],ru,0,0,88,,Stanislav Lebedev,"Valya Zeyfer, Yuriy Kuznetsov, Era Ziganshina, Aleksandra Kulikova, Svetlana Pismichenko"
76104,tt1135944,Quantum Hoops,Quantum Hoops,2007-11-02,1.9476,8.0,1,[99],en,0,0,85,,Rick Greenwald,"Brett Bush, Jordan Carlson, Scott Davies, Roy Dow, David Duchovny"
1245808,,Lumen - The Tempest,Lumen - Буря,2007-11-23,1.9473,9.0,1,[10402],ru,0,0,0,"Никитин, CD Land Records",Vlad Savvateev,"Rustem Bulatov, Igor Mamaev, Evgeny Trishin, Denis Shakhanov"
45791,tt0829098,And When Did You Last See Your Father?,And When Did You Last See Your Father?,2007-10-05,1.9466,6.521,72,[18],en,0,92,92,"Intandem Films, Father Features, Audley Films, Comptom Investments, Film4 Productions, Number 9 Films, Tiger Aspect",Anand Tucker,"Jim Broadbent, Colin Firth, Juliet Stevenson, Gina McKee, Sarah Lancashire"
6535,tt0796368,Talk to Me,Talk to Me,2007-07-13,1.9461,6.842,136,[18],en,0,4778376,118,"The Mark Gordon Company, Pelagius Film, Sidney Kimmel Entertainment",Kasi Lemmons,"Don Cheadle, Chiwetel Ejiofor, Bruce McFee, Mike Epps, Peter MacNeill"
15581,tt0785077,Who's Your Caddy?,Who's Your Caddy?,2007-07-27,1.9453,3.4,70,[35],en,7000000,5700000,91,"Eleven Eleven Films, Kia-Jam, Rifkin-Eberts Productions, Our Stories Films, Dimension Films",Don Michael Paul,"Big Boi, Jeffrey Jones, James Avery, Tony Cox, Terry Crews"
10432,tt0475289,Hack!,Hack!,2007-07-20,1.9449,4.5,49,"[35, 27]",en,2000000,0,89,"Autumn Entertainment, Smithfield Street Productions",Matt Flynn,"Danica McKellar, Jay Kenneth Johnson, William Forsythe, Sean Kanan, Juliet Landau"
956641,tt11038586,Apple Tree,Apfelbaum,2007-05-18,1.9445,0.0,0,[16],de,0,0,4,Filmakademie Baden-Württemberg,"Julia Ocker, Moritz Schneider",
192364,tt0984122,Swami,Swami,2007-06-08,1.9431,6.5,5,[18],hi,0,0,0,Pushpa Krishna Creations,Ganesh Acharya,"Juhi Chawla Mehta, Manoj Bajpayee, Maninder, Neha Pendse, Vivek Shauq"
1166634,tt0896809,Filthy Gorgeous,Filthy Gorgeous,2007-07-06,1.943,1.667,3,"[35, 18]",en,0,0,56,,Robert Allan Ackerman,"Isabella Rossellini, Nikolaj Coster-Waldau, Eva simon, Kate Jennings Grant, Maya Stange"
14233,tt0970933,Film Noir,Film Noir,2007-03-02,1.9427,6.0,42,"[9648, 16, 80]",en,0,0,97,EasyE Films,"Risto Topaloski, D. Jud Jones","Mark Keller, Bettina Devin, Roger L. Jackson, Jeff Atik"
66733,tt0493443,Finding Rin Tin Tin,Finding Rin Tin Tin,2007-08-15,1.9426,5.694,31,"[18, 10751]",en,0,0,90,"Emmett/Furla Films, Millennium Media",Danny Lerner,"Tyler Jensen, Ben Cross, Gregory Gudgeon, Steven O'Donnell, William Hope"
25973,tt0439876,What Love Is,What Love Is,2007-03-23,1.942,5.3,34,"[10749, 35]",en,0,0,93,"Big Sky Motion Pictures, Blessed Films",Mars Callahan,"Cuba Gooding Jr., Matthew Lillard, Sean Astin, Terrence 'T.C.' Carson, Anne Heche"
15006,tt0822849,Rails & Ties,Rails & Ties,2007-09-01,1.9415,6.452,62,[18],en,0,22136,101,"Warner Bros. Pictures, Malpaso Productions",Alison Eastwood,"Kevin Bacon, Marcia Gay Harden, Miles Heizer, Marin Hinkle, Eugene Byrd"
29731,tt0825346,And Then Came Love,And Then Came Love,2007-01-01,1.9412,5.9,9,"[35, 10749]",en,0,0,90,,Richard Schenkman,"Vanessa Williams, Kevin Daniels, Eartha Kitt, Michael Boatman, Stephen Spinella"
12555,tt0284363,I Served the King of England,Obsluhoval jsem anglického krále,2007-01-11,1.9412,6.836,119,[35],cs,0,0,115,"AQS, Bioscop, In Film Praha, TV Nova, Universal Production Partners, Barrandov Studio, Magic Box Slovakia, CET 21",Jiří Menzel,"Ivan Barnev, Oldřich Kaiser, Julia Jentsch, Marián Labuda, Milan Lasica"
396801,,Isla chatarra,Isla chatarra,2007-08-30,1.9408,0.0,0,[99],es,0,0,52,RoKA Productions,Karen Rossi Coughlin,"Carlos Guilbe, Gabriel Rodríguez Fernández"
16071,tt0418586,The Cake Eaters,The Cake Eaters,2007-04-29,1.9407,5.545,144,"[18, 10749]",en,0,7820,86,"The 7th Floor, Vinyl Foote Productions",Mary Stuart Masterson,"Kristen Stewart, Aaron Stanford, Bruce Dern, Elizabeth Ashley, Jayce Bartok"
5139,tt0756648,The Fox and the Child,Le Renard et l'Enfant,2007-12-27,1.9407,6.552,364,"[12, 10751]",fr,13000000,29610210,96,"Bonne Pioche Productions, France 3 Cinéma",Luc Jacquet,"Bertille Noël-Bruneau, Isabelle Carré, Thomas Laliberté, Camille Lambert"
66616,tt0872314,Bottom Feeder,Bottom Feeder,2007-04-03,1.9401,4.519,27,"[878, 27]",en,0,0,86,"235 Films, Feeders Films",Randy Daudlin,"Tom Sizemore, Wendy Anderson, Richard Fitzpatrick, Amber Cull, Martin Roach"
66461,tt0765469,The Past,El Pasado,2007-10-26,1.9401,6.188,32,"[18, 10749]",es,0,0,114,,Héctor Babenco,"Gael García Bernal, Analía Couceyro, Mariana Anghileri, Paulo Autran, Mimí Ardú"
488233,tt1016207,Mujeres elefante,Mujeres elefante,2007-04-02,1.94,10.0,1,[18],es,0,0,71,,"Adrián Caetano, José María Muscari","Jimena Anganuzzi, Mimí Ardú, Lola Berthet, Celeste Cid, Carolina Fal"
724121,,Our Family,Our Family,2007-12-05,1.9384,0.0,0,[99],ta,0,0,55,,"K.P. Jayasankar, Anjali Monteiro",
306554,,Waterfilm,Waterfilm,2007-01-01,1.9383,0.0,0,[],en,0,0,6,,Dan Browne,
701113,,Ghar Doghanch,घर दोघांचं,2007-01-01,1.938,4.0,1,[],mr,0,0,0,,Kanchan Nayak,"Jitendra Joshi, Medha Ghadage, Jyoti Bramhe, Upendra Limaye, Sayaji Shinde"
25143,tt0851430,My Boy Jack,My Boy Jack,2007-11-11,1.9372,6.576,79,"[18, 36]",en,0,0,93,"Octagon Films, Ecosse Films, Granada International, Ingenious Broadcasting",Brian Kirk,"Daniel Radcliffe, David Haig, Kim Cattrall, Carey Mulligan, Julian Wadham"
550659,,The Container,The Container,2007-08-02,1.9371,8.0,1,[],es,0,0,0,Mervel Films,,"Marcelo Di Paolo, Sebastián García"
734433,tt3620758,Number Eight,"Nummer acht, everything is going to be alright",2007-01-01,1.9357,0.0,0,[99],nl,0,0,10,Roofvogel,Guido van der Werve,Guido van der Werve
1961,tt0489235,My Name Is Bruce,My Name Is Bruce,2007-10-01,1.9349,5.803,375,"[35, 27, 14]",en,1500000,173066,84,"Dark Horse Entertainment, Image Entertainment",Bruce Campbell,"Bruce Campbell, Taylor Sharpe, Grace Thorsen, Ted Raimi, Ellen Sandweiss"
367897,tt0976212,Roz,Ροζ,2007-02-01,1.9346,0.0,0,[18],el,0,0,85,,Alexander Voulgaris,"Alexander Voulgaris, Romanna Lobach, Argiris Thanasoulas, Angeliki Karistinou, Christina Mathea"
5592,tt0901485,A Girl Cut in Two,La Fille coupée en deux,2007-08-08,1.9345,5.91,89,"[35, 18, 53]",fr,0,0,115,"Integral Film, Alicéléo, France 2 Cinéma, Auvergne-Rhône-Alpes Cinéma",Claude Chabrol,"Ludivine Sagnier, Benoît Magimel, François Berléand, Mathilda May, Caroline Silhol"
58727,tt0452701,Undoing,Undoing,2007-12-05,1.9339,5.25,4,[53],en,0,0,90,,Chris Chan Lee,"Sung Kang, Kelly Hu, Tom Bower, Russell Wong, José Zúñiga"
11798,tt0480025,This Is England,This Is England,2007-04-27,1.9337,7.484,1462,"[18, 80]",en,2380000,8176544,102,"EM Media, UK Film Council, Screen Yorkshire, Big Arty Productions, Film4 Productions",Shane Meadows,"Thomas Turgoose, Stephen Graham, Jo Hartley, Andrew Shim, Vicky McClure"
17306,tt0840304,Ice Spiders,Ice Spiders,2007-06-09,1.9324,4.189,82,"[27, 878, 28, 12, 35, 10770]",en,2000000,0,90,"ACH, Regent Productions, Christopher Filmcapital",Tibor Takács,"Patrick Muldoon, Charles Halford, Thomas Calabro, Stephen J. Cannell, Vanessa Williams"
593610,,Herachian,Herachian,2007-03-08,1.9312,0.0,0,[],xx,0,0,0,,Friedl vom Gröller,
129662,tt1104045,Bad,Bad,2007-09-08,1.9304,8.6,19,"[18, 10751]",en,40000,0,30,Chartwell School,Vincenzo Giammanco,"Remy Thorne, Jennifer Davis, Nancy Cronig, Kyle Dietz, Kenlyn Kanouse"
1760270,tt1435484,Victory Day,День победы,2007-05-03,1.9278,0.0,0,"[18, 10752]",ru,0,0,75,FM Film Company,Fyodor Petrukhin,"Viktor Sergachyov, Dmitriy Dyuzhev, Anatoliy Kuznetsov, Seydulla Moldakhanov, Igor Volkov"
182366,tt0979866,Can,Can,2007-01-27,1.9267,3.0,3,[18],tr,0,0,84,Kuzey Production,Oğuz Eruzun,"Tuğçe Kazaz, Berke Üzrek, Nurseli İdiz, Murat Akkoyunlu, Haldun Boysan"
17320,tt0473709,The TV Set,The TV Set,2007-04-06,1.9254,6.053,95,[35],en,2000000,265198,85,Raygun Productions,Jake Kasdan,"David Duchovny, Sigourney Weaver, Ioan Gruffudd, Judy Greer, Fran Kranz"
16205,tt0816539,Jack Brooks: Monster Slayer,Jack Brooks: Monster Slayer,2007-10-09,1.9253,5.605,172,"[27, 28, 35]",en,0,0,85,"Sound Venture Productions, Brookstreet Pictures",Jon Knautz,"Trevor Matthews, Robert Englund, Daniel Kash, David Fox, Dean Hawes"
