id,imdb_id,title,original_title,release_date,popularity,vote_average,vote_count,genre_ids,original_language,budget,revenue,runtime,production_companies,director,cast
234,tt0010323,The Cabinet of Dr. Caligari,Das Cabinet des Dr. Caligari,1920-02-27,6.8922,7.932,1822,"[18, 27, 53, 80]",de,18000,8811,77,Decla Film Gesellschaft Holz & Co.,Robert Wiene,"Werner Krauss, Conrad Veidt, Friedrich Fehér, Lil Dagover, Hans Heinrich von Twardowski"
189172,tt0011273,Under the Mountains,Hegyek alján,1920-07-06,3.707,6.5,2,[],hu,0,0,58,,Béla Balogh,"Ila Lóth, Iván Petrovich, Oszkár Dénes, Soma Szarvasi, László Mihó"
175221,tt0266065,The Strangling Hand,Die Würghand,1920-03-08,3.5788,6.8,5,[18],de,0,0,67,Pax-Film,Cornelius Hintner,"Victor Kutschera, Carmen Cartellieri, Eugen Preiß, Hans Rhoden, Adolf Weisse"
2972,tt0011237,The Golem: How He Came into the World,"Der Golem, wie er in die Welt kam",1920-10-29,3.4611,7.016,248,"[14, 27]",de,0,0,85,Projektions-AG Union,"Carl Boese, Paul Wegener","Paul Wegener, Albert Steinrück, Lyda Salmonova, Ernst Deutsch, Hans Stürm"
517760,tt0011437,Manolescu's Memoirs,Manolescus Memoiren,1920-09-30,3.0167,9.0,1,"[18, 80]",de,0,0,0,Richard Oswald Produktion,Richard Oswald,"Conrad Veidt, Hedda Vernon, Clementine Plessner, Käte Oswald, Rudolf Forster"
1161003,tt0855974,Powrót,Powrót,1920-05-11,2.9208,0.0,0,[],pl,0,0,0,Sfinks,,"Janina Szyllinzanka, Kazimierz Junosza-Stepowski, Bronisława Koyałłowicz, Stanisław Knake-Zawadzki, Paweł Owerłło"
1117807,,Franeker,Franeker,1920-08-15,2.7228,0.0,0,[99],nl,0,0,7,Haghe Film,Willy Mullens,
1230345,,Delft,Delft,1920-01-01,2.7078,0.0,0,[99],xx,0,0,21,Haghe Film,Willy Mullens,
762751,tt1075067,Tanečnice,Tanečnice,1920-05-21,2.7056,0.0,0,"[10749, 18]",cs,0,0,0,Praga-film,Vladimír Majer,"Milada Haunerová, Vladimír Majer, František Beranský, Václav Plavec, Miloš Vávra"
146963,tt0011393,Deerslayer,Lederstrumpf,1920-09-14,2.6572,6.2,4,"[12, 37]",de,0,0,0,Luna-Film,Arthur Wellin,"Emil Mamelok, Herta Héden, Bela Lugosi, Gottfried Kraus, Edward Eyseneck"
1010070,tt1065500,The Poison Mood,La serpe,1920-03-01,2.6505,0.0,0,[18],en,0,0,51,"Bertini Film, Caesar Film",Roberto Roberti,"Francesca Bertini, Vittorio Bianchi, Emma Farnesi, Luigi Cigoli, Raoul Maillard"
42657,tt0011439,The Mark of Zorro,The Mark of Zorro,1920-12-05,2.625,7.169,77,"[37, 12, 18, 28, 10749]",en,0,0,107,Douglas Fairbanks Pictures,Fred Niblo,"Douglas Fairbanks, Noah Beery, Charles Hill Mailes, Claire McDowell, Marguerite De La Motte"
1117900,,Enschede,Enschede,1920-08-08,2.6134,0.0,0,[99],nl,0,0,9,Haghe Film,Willy Mullens,
794872,tt0232643,Le Silence,Le Silence,1920-09-24,2.5676,7.0,1,[18],fr,0,0,20,Le Film d'Art (Vandal et Delac),Louis Delluc,"Gabriel Signoret, Ève Francis, Ginette Darnys, Andrew Brunelle"
1117830,,Weesp,Weesp,1920-02-12,2.5409,0.0,0,[99],nl,0,0,8,Haghe Film,Willy Mullens,
668878,tt0011159,El escándalo,El escándalo,1920-01-01,2.5328,6.0,3,[18],es,0,0,0,,Alfredo B. Cuéllar,"Enrique Cantalaúba, Ana Cozzi, María Cozzi, Eduardo Martorell, Emilia Otaza"
668883,tt0011408,La llaga,La llaga,1920-01-01,2.5017,6.333,3,[],es,0,0,0,,Luis Peredo,"Gustavo Curiel, María Mercedes Ferriz, Antonio Galé, Emilia Otaza, Elena Sánchez Valenzuela"
840091,tt0011001,Bleak House,Bleak House,1920-01-15,2.4571,10.0,1,[18],en,0,0,81,Ideal Films,Maurice Elvey,"Constance Collier, Berta Gellardi, E. Vivian Reynolds, Norman Page, Clifford Heatherley"
555763,tt0201879,She Played and Paid,La Rafale,1920-04-16,2.4529,8.0,1,[],fr,0,0,0,Le Film d'art,Jacques de Baroncelli,"Fannie Ward, Jean Joffre, Jean Dax, Jean Croué, Henri Janvier"
1117834,,Medemblik,Medemblik,1920-01-01,2.4158,0.0,0,[99],nl,0,0,1,Haghe Film,Willy Mullens,
1259246,tt0011577,Pirate Gold,Pirate Gold,1920-08-15,1.8754,7.0,1,"[28, 12]",en,0,0,0,,George B. Seitz,"Marguerite Courtot, George B. Seitz, Frank Redman, William P. Burt, Joe Cuny"
1598459,tt0011444,Married Life,Married Life,1920-06-15,1.9879,9.0,1,[35],en,0,0,50,Mack Sennett Comedies,Erle C. Kenton,"Ben Turpin, Charles Murray, James Finlayson, Phyllis Haver, Heinie Conklin"
402917,tt0145661,Aylwin,Aylwin,1920-07-01,1.8227,7.0,1,[18],en,0,0,0,Hepworth,Henry Edwards,"Henry Edwards, Chrissie White, Gerald Ames, Mary Dibley, Henry Vibart"
1576047,tt0011597,The Prey,The Prey,1920-09-12,2.154,7.0,1,"[80, 18]",en,0,0,60,Vitagraph Company of America,George L. Sargent,"Alice Joyce, Henry Hallam, Jack McLean, Harry Benham, L. Rogers Lytton"
594839,tt0012551,Parted Curtains,Parted Curtains,1920-04-02,2.0616,9.0,1,[80],en,0,0,60,"Warner Bros. Pictures, National Film Corporation of America","Bertram Bracken, James C. Bradford","Henry B. Walthall, Mary Alden, William Clifford, Edward Cecil, Margaret Landis"
42657,tt0011439,The Mark of Zorro,The Mark of Zorro,1920-12-05,2.625,7.169,77,"[37, 12, 18, 28, 10749]",en,0,0,107,Douglas Fairbanks Pictures,Fred Niblo,"Douglas Fairbanks, Noah Beery, Charles Hill Mailes, Claire McDowell, Marguerite De La Motte"
290582,tt0207373,Le Carnaval des vérités,Le Carnaval des vérités,1920-06-04,2.2504,7.0,1,[18],fr,0,0,89,Gaumont,Marcel L'Herbier,"Suzanne Desprès, Paul Capellani, Jaque Catelain, Marcelle Pradot, Eugénie Nau"
627360,tt0434132,Das Küssverbot,Das Küssverbot,1920-08-24,2.0434,9.0,1,[],de,0,0,0,,Ludwig Czerny,"Hugo Döblin, Josef Reithofer, Hella Thornegg, Martha Rhema, Lotte Werkmeister"
3016,tt0011130,Dr. Jekyll and Mr. Hyde,Dr. Jekyll and Mr. Hyde,1920-03-18,2.1724,6.7,165,"[27, 878, 18]",en,0,0,79,Famous Players-Lasky Corporation,John S. Robertson,"John Barrymore, Brandon Hurst, Martha Mansfield, Charles Lane, Cecil Clovelly"
629799,tt0444701,Der Todfeind,Der Todfeind,1920-10-15,2.2701,10.0,1,"[18, 80, 9648]",de,0,0,0,Münchner Lichtspielkunst AG (Emelka),Hanna Henning,"Kurt Ehrle, Toni Zimmerer, Sadjah Gezza, Max Ruhbeck, Lilly Alexandra"
23282,tt0011541,One Week,One Week,1920-08-29,1.9547,7.8,341,[35],xx,0,0,25,Joseph M. Schenck Productions,"Buster Keaton, Edward F. Cline","Buster Keaton, Sybil Seely, Joe Roberts"
1117834,,Medemblik,Medemblik,1920-01-01,2.4158,0.0,0,[99],nl,0,0,1,Haghe Film,Willy Mullens,
1394321,tt0012694,Singing River,Singing River,1920-11-21,1.9745,10.0,1,[37],en,0,0,50,Fox Film Corporation,Charles Giblyn,"William Russell, Vola Vale, Charles King, Jack McDonald, Clark Comstock"
1580331,tt0195781,High Speed,High Speed,1920-01-17,1.8653,10.0,1,[18],en,0,0,50,Hallmark Pictures Corporation,Charles Miller,"Edward Earle, Gladys Hulette, L. Rogers Lytton, Charles Husted, Fay Evelyn"
744267,tt0011793,Trumpet Island,Trumpet Island,1920-09-01,1.971,7.5,2,[18],en,0,0,19,,Tom Terriss,"Marguerite De La Motte, Wallace MacDonald, Hallam Cooley, Josef Swickard, Arthur Hoyt"
1622387,tt0011226,Ginger Mick,Ginger Mick,1920-02-02,1.6042,8.0,1,[18],en,0,0,50,Southern Cross Feature Film Company,Raymond Longford,"Gilbert Emery, Arthur Tauchert, Lottie Lyell, Jack Tauchert, Queenie Cross"
290885,tt0011785,Treasure Island,Treasure Island,1920-01-02,2.0281,7.0,1,[12],en,0,0,76,"Maurice Tourneur Productions, Paramount-Artcraft Pictures",Maurice Tourneur,"Shirley Mason, Josie Melville, Al W. Filson, Wilton Taylor, Lon Chaney"
848229,,Два поляка,Два поляка,1920-12-31,1.7819,0.0,0,[],ru,0,0,25,,Aleksandr Razumnyj,
211464,tt0011277,Helen of Four Gates,Helen of Four Gates,1920-09-01,2.0332,5.75,4,[18],en,0,0,78,Hepworth,Cecil M. Hepworth,"Alma Taylor, James Carew, Gerald Ames, George Dewhurst, Gwynne Herbert"
926352,tt0011729,Square Shooter,Square Shooter,1920-08-08,1.7834,8.0,1,[37],en,0,0,50,Fox Film Corporation,Paul Cazeneuve,"Buck Jones, Patsy De Forest, Charles K. French, Al Fremont, Fred Starr"
1117900,,Enschede,Enschede,1920-08-08,2.6134,0.0,0,[99],nl,0,0,9,Haghe Film,Willy Mullens,
665806,tt0241694,A lélekidomár,A lélekidomár,1920-05-01,1.9122,9.0,1,[],hu,0,0,0,,Márton Garas,"Lajos Réthey, Helene von Bolváry, Jenő Törzs, Emil Fenyvessy, Oszkár Dénes"
783932,tt0258449,Belgique,Belgique,1920-01-01,1.7168,7.0,1,[],fr,0,0,0,,Paul Flon,
1607056,tt0011003,Blind Youth,Blind Youth,1920-03-15,2.1856,7.0,1,[18],en,0,0,60,"National Pictures, Select Pictures Corporation","Edward Sloman, Alfred E. Green","Walter McGrail, Leatrice Joy, Ora Carew, Claire McDowell, Josef Swickard"
433132,tt0198318,Auf den Trümmern des Paradieses,Auf den Trümmern des Paradieses,1920-10-06,1.9843,8.0,1,[12],de,0,0,0,Ustad-Film,Josef Stein,"Carl de Vogt, Meinhart Maur, Gustav Kirchberg, Dora Gerson, Cläre Lotto"
1581830,tt0011038,Burglar Proof,Burglar Proof,1920-11-21,2.2486,9.0,1,[35],en,0,0,50,Famous Players-Lasky Corporation,Maurice Campbell,"Bryant Washburn, Lois Wilson, Grace Morse, Emily Chichester, Clarence Geldart"
680329,tt0468342,Menschen,Menschen,1920-01-01,1.9648,9.0,1,[18],de,0,0,60,Grete Ly-Film GmbH,Martin Berger,"Grete Ly, Eugen Klöpfer, Ilka Grüning, Alexander Ekert, Bernhard Goetzke"
762751,tt1075067,Tanečnice,Tanečnice,1920-05-21,2.7056,0.0,0,"[10749, 18]",cs,0,0,0,Praga-film,Vladimír Majer,"Milada Haunerová, Vladimír Majer, František Beranský, Václav Plavec, Miloš Vávra"
614866,tt0011631,Risky Business,Risky Business,1920-12-31,2.2897,10.0,1,[18],en,0,0,50,Universal Film Manufacturing Company,"Harry B. Harris, Rollin S. Sturgeon","Gladys Walton, Maude Wayne, Nanine Wright, Grant McKay, Lillian Lawrence"
980377,tt0011856,The Whirlwind,The Whirlwind,1920-01-17,1.7229,7.0,1,[28],en,0,0,0,Allgood Pictures Corporation,Joseph A. Golden,"Charles Hutchison, Edith Thornton, Richard Neill, Ben Walker, Barbara Allen"
322049,tt3280858,Kampen,Kampen,1920-01-29,2.2707,0.0,0,[99],nl,0,0,14,,Willy Mullens,
1617816,tt0011103,Deep Waters,Deep Waters,1920-10-10,1.8972,8.0,1,[18],en,0,0,50,Maurice Tourneur Productions,Maurice Tourneur,"Rudolph Christians, Barbara Bedford, John Gilbert, Jack McDonald, Henry Woodward"
617312,tt0286688,"The Mistress of the World, Part VII: The Benefactress of Mankind","Die Herrin der Welt, 7. Teil - Die Wohltäterin der Menschheit",1920-01-23,1.8466,8.0,1,"[12, 18]",de,0,0,72,May-Film,Karl Gerhardt,"Mia May, Paul Hansen, Hans Mierendorff, Ernst Hofmann"
651079,tt0012541,Pagan Love,Pagan Love,1920-12-07,1.689,9.0,1,[18],en,0,0,60,Hugo Ballin Productions,Hugo Ballin,"Togo Yamamoto, Mabel Ballin, Rockliffe Fellowes, Charles Fang, Nellie Fillmore"
1117830,,Weesp,Weesp,1920-02-12,2.5409,0.0,0,[99],nl,0,0,8,Haghe Film,Willy Mullens,
1765778,tt0197881,The Silent Barrier,The Silent Barrier,1920-07-25,1.8535,0.0,0,[18],en,0,0,60,"Gibraltar Pictures, Louis Tracy Productions",William Worthington,"Sheldon Lewis, Corinne Barker, Florence Dixon, Donald Cameron, Gladys Hulette"
426099,tt0166167,God Exists,Dios existe,1920-11-01,2.1189,8.0,1,[18],es,0,0,0,Golden Sun Pictures,"Pedro Vázquez, Ramón Peón","Gloria Vergara, Marcelo Agudo, Yolanda Farrar, Alex W. René, Laura de Verdier"
1601883,tt0010949,The Adventurer,The Adventurer,1920-02-09,1.9876,8.0,1,"[12, 18, 36, 10749]",en,0,0,60,Fox Film Corporation,J. Gordon Edwards,"William Farnum, Estelle Taylor, Paul Cazeneuve, Kenneth Casey, Dorothy Drake"
1590175,tt0011696,Simple Souls,Simple Souls,1920-05-23,1.7282,8.0,1,"[18, 10749]",en,0,0,60,Jesse D. Hampton Productions,"Robert Thornby, Charles E. Kaufman","Blanche Sweet, Charles Meredith, Kate Lester, Herbert Standing, Mayme Kelso"
486037,tt0188986,Palomas rubias,Palomas rubias,1920-08-18,2.1535,7.0,1,"[35, 10749]",es,0,0,0,,José A. Ferreyra,"Modesto Insúa, Jorge Lafuente, Lidia Liss, Enrique Parigi, José Plá"
992889,tt0192430,Papà Lebonnard,Papà Lebonnard,1920-03-01,1.9504,7.0,1,[35],it,0,0,0,Celio Film,Mario Bonnard,"Ugo Piperno, Mario Caserini, Ninì Dinelli, Giovanni Schettini, Lorenzo Soderini"
811506,tt0187294,Miss Dorothy,Miss Dorothy,1920-06-01,1.9295,9.0,1,[],it,0,0,60,,Giulio Antamoro,"Carmen Boni, Romano Calò, Diana Karenne, Lia Formia"
613881,tt0011557,Passers-By,Passers-By,1920-06-20,1.9225,7.0,1,[18],en,0,0,60,J. Stuart Blackton Feature Pictures,J. Stuart Blackton,"Herbert Rawlinson, Leila Valentine, Ellen Cassidy, Pauline Coffyn, William J. Ferguson"
1404043,tt0440372,Entblätterte Blüten,Entblätterte Blüten,1920-01-01,1.9217,9.0,1,[],de,0,0,0,,Jaap Speyer,"Mia Pankau, Kurt Ehrle, Emil Rameau, Hedda Forsten, Louis Ralph"
1613107,tt0012687,Silk Hosiery,Silk Hosiery,1920-12-26,1.9167,5.0,2,[35],en,0,0,50,Thomas H. Ince Productions,Fred Niblo,"Enid Bennett, Joan Standing, Donald MacDonald, Harold Holland, Bonnie Hill"
665806,tt0241694,A lélekidomár,A lélekidomár,1920-05-01,1.9122,9.0,1,[],hu,0,0,0,,Márton Garas,"Lajos Réthey, Helene von Bolváry, Jenő Törzs, Emil Fenyvessy, Oszkár Dénes"
1390318,tt0176826,The Honeypot,The Honeypot,1920-10-30,1.9053,10.0,1,[10749],en,0,0,96,G.B. Samuelson Productions,Fred LeRoy Granville,"Peggy Hyland, Campbell Gullan, Alfred Drayton, Maidie Hope, James Lindsay"
613487,tt0011410,Locked Lips,Locked Lips,1920-04-28,1.9011,7.0,1,[18],en,0,0,50,Universal Film Manufacturing Company,William C. Dowlan,"Tsuru Aoki, Stanhope Wheatcroft, Magda Lane, Yutaka Abe"
1617816,tt0011103,Deep Waters,Deep Waters,1920-10-10,1.8972,8.0,1,[18],en,0,0,50,Maurice Tourneur Productions,Maurice Tourneur,"Rudolph Christians, Barbara Bedford, John Gilbert, Jack McDonald, Henry Woodward"
1394281,tt0187758,Broken Hearts,Broken Hearts,1920-12-01,1.8968,8.0,1,[18],en,0,0,50,Tyrad Pictures Inc.,,"Florence Hackett, Charles Eldridge, Lucille De Tar, Mabel Young, Alexander Rene"
1580127,tt0195796,Honeymoon Ranch,Honeymoon Ranch,1920-10-11,1.8927,8.0,1,"[18, 10749, 37]",en,0,0,50,Bert Lubin Pictures,Robin H. Townley,"Allene Ray, Harry McLaughlin, John Hagin, Tex O'Reilly, Margaret Davis"
913068,tt0240983,A tizennegyedik,A tizennegyedik,1920-08-30,1.8861,8.0,1,[18],hu,0,0,0,,Béla Balogh,"Iván Petrovich, Ila Lóth, Helene von Bolváry, Emil Fenyö, Géza von Bolváry"
1715142,tt0977850,Toonerville Trolley,Toonerville Trolley,1920-09-20,1.8855,0.0,0,[],en,0,0,20,"Betzwood Film Company, Associated First National Pictures",Ira M. Lowry,"Dan Mason, Wilna Wilde, Robert Maximillian, Helen Gerould Rose, Muriel Egan"
1259246,tt0011577,Pirate Gold,Pirate Gold,1920-08-15,1.8754,7.0,1,"[28, 12]",en,0,0,0,,George B. Seitz,"Marguerite Courtot, George B. Seitz, Frank Redman, William P. Burt, Joe Cuny"
614868,tt0010984,Beautifully Trimmed,Beautifully Trimmed,1920-12-31,1.8729,8.0,1,"[18, 53]",en,0,0,50,Universal Film Manufacturing Company,Marcel De Sano,"Carmel Myers, Pell Trenton, Irving Cummings, Alfred Fisher, Victory Bateman"
1580331,tt0195781,High Speed,High Speed,1920-01-17,1.8653,10.0,1,[18],en,0,0,50,Hallmark Pictures Corporation,Charles Miller,"Edward Earle, Gladys Hulette, L. Rogers Lytton, Charles Husted, Fay Evelyn"
1591463,tt0011477,Moon Madness,Moon Madness,1920-07-12,1.8553,8.0,1,[18],en,0,0,60,Haworth Studios,Colin Campbell,"Edith Storey, Sam De Grasse, Josef Swickard, Wallace MacDonald, Irene Hunt"
719476,tt0011278,Heliotrope,Heliotrope,1920-11-28,1.8541,10.0,1,[18],en,0,0,70,Cosmopolitan Productions,George D. Baker,"Wilfred Lytell, Ben Hendricks Sr., Julia Swayne Gordon, Betty Hilburn, Diana Allen"
1765778,tt0197881,The Silent Barrier,The Silent Barrier,1920-07-25,1.8535,0.0,0,[18],en,0,0,60,"Gibraltar Pictures, Louis Tracy Productions",William Worthington,"Sheldon Lewis, Corinne Barker, Florence Dixon, Donald Cameron, Gladys Hulette"
617312,tt0286688,"The Mistress of the World, Part VII: The Benefactress of Mankind","Die Herrin der Welt, 7. Teil - Die Wohltäterin der Menschheit",1920-01-23,1.8466,8.0,1,"[12, 18]",de,0,0,72,May-Film,Karl Gerhardt,"Mia May, Paul Hansen, Hans Mierendorff, Ernst Hofmann"
402796,tt0010972,Aunt Rachel,Aunt Rachel,1920-07-02,2.0109,9.0,1,"[10749, 18]",en,0,0,50,G.B. Samuelson Productions,Albert Ward,"Isobel Elsom, Haidee Wright, Lionelle Howard, James Lindsay, Tom Reynolds"
1715142,tt0977850,Toonerville Trolley,Toonerville Trolley,1920-09-20,1.8855,0.0,0,[],en,0,0,20,"Betzwood Film Company, Associated First National Pictures",Ira M. Lowry,"Dan Mason, Wilna Wilde, Robert Maximillian, Helen Gerould Rose, Muriel Egan"
1598292,tt0011858,Whispering Devils,Whispering Devils,1920-10-25,1.9933,5.0,2,[18],en,0,0,60,Harry Garson Productions,"Harry Garson, John M. Voshell","Conway Tearle, Rosemary Theby, Sam Sothern, Esther Ralston, Hal Wilson"
628413,tt0011369,Der Klosterjäger,Der Klosterjäger,1920-11-26,1.7339,9.0,1,[18],de,0,0,0,,Franz Osten,"Fritz Greiner, Thea Steinbrecher, Toni Wittels, Carl Dalmonico, Viktor Gehring"
415809,tt0011886,Wuthering Heights,Wuthering Heights,1920-07-01,1.7436,10.0,1,[18],en,0,0,90,Ideal,A.V. Bramble,"Milton Rosmer, Ann Trevor, Colette Brettel, Warwick Ward, John Lawrence Anderson"
1590225,tt0010992,Big Happiness,Big Happiness,1920-09-05,1.8298,8.0,1,[18],en,0,0,70,Dustin Farnum Productions,Colin Campbell,"Dustin Farnum, Kathryn Adams, Fred Malatesta, Violet Scram, Joseph J. Dowling"
555719,tt0201760,Marthe,Marthe,1920-01-03,1.6101,10.0,1,[18],xx,0,0,0,,Gaston Roudès,"Pierre Magnier, Paulette Duval, Berthe Jalabert, Charles De Rochefort, Charles Reschal"
1006152,tt0011026,Bride 13,Bride 13,1920-09-10,1.5701,10.0,1,"[28, 53]",en,0,0,300,Fox Film Corporation,Richard Stanton,"Marguerite Clayton, John B. O'Brien, Gretchen Hartman, W.E. Lawrence, Edward Roseman"
913068,tt0240983,A tizennegyedik,A tizennegyedik,1920-08-30,1.8861,8.0,1,[18],hu,0,0,0,,Béla Balogh,"Iván Petrovich, Ila Lóth, Helene von Bolváry, Emil Fenyö, Géza von Bolváry"
1394281,tt0187758,Broken Hearts,Broken Hearts,1920-12-01,1.8968,8.0,1,[18],en,0,0,50,Tyrad Pictures Inc.,,"Florence Hackett, Charles Eldridge, Lucille De Tar, Mabel Young, Alexander Rene"
1590559,tt0190606,Out of the Storm,Out of the Storm,1920-06-14,1.6096,9.0,1,"[80, 18]",en,0,0,50,Eminent Authors Pictures Inc,William Parke,"Barbara Castleton, John Bowers, Sidney Ainsworth, Edythe Chapman, Doris Pawn"
1441673,,mad love,mad love,1920-07-09,1.5415,0.0,0,[18],en,0,0,0,,Maurice Mariaud,"Lina Cavalieri, Henri Baudin, Louis Leubas, Laure Dietrich, Maurice Mariaud"
1610217,tt0011704,The Cobbler Prince,Skomakarprinsen,1920-02-23,1.4695,8.0,1,[35],sv,0,0,50,Palladiumfilm,Hjalmar Davidsen,"Carl Alstrup, Maja Cassel, Viking Ringheim, Oda Larsen"
1591463,tt0011477,Moon Madness,Moon Madness,1920-07-12,1.8553,8.0,1,[18],en,0,0,60,Haworth Studios,Colin Campbell,"Edith Storey, Sam De Grasse, Josef Swickard, Wallace MacDonald, Irene Hunt"
1580127,tt0195796,Honeymoon Ranch,Honeymoon Ranch,1920-10-11,1.8927,8.0,1,"[18, 10749, 37]",en,0,0,50,Bert Lubin Pictures,Robin H. Townley,"Allene Ray, Harry McLaughlin, John Hagin, Tex O'Reilly, Margaret Davis"
613487,tt0011410,Locked Lips,Locked Lips,1920-04-28,1.9011,7.0,1,[18],en,0,0,50,Universal Film Manufacturing Company,William C. Dowlan,"Tsuru Aoki, Stanhope Wheatcroft, Magda Lane, Yutaka Abe"
486040,tt1445730,Regatas en el Río Luján,Regatas en el Río Luján,1920-01-01,1.5422,0.0,0,[99],es,0,0,19,,Max Glücksmann,
1215413,tt4907824,Satans Peitsche,Satans Peitsche,1920-01-01,1.4721,0.0,0,[27],de,0,0,0,Esha-Film,Fritz Bernhardt,"Bernhard Goetzke, Heinrich Schroth, Gertrude Hoffmann, Evi Eva, Fritz Alten"
1404043,tt0440372,Entblätterte Blüten,Entblätterte Blüten,1920-01-01,1.9217,9.0,1,[],de,0,0,0,,Jaap Speyer,"Mia Pankau, Kurt Ehrle, Emil Rameau, Hedda Forsten, Louis Ralph"
614868,tt0010984,Beautifully Trimmed,Beautifully Trimmed,1920-12-31,1.8729,8.0,1,"[18, 53]",en,0,0,50,Universal Film Manufacturing Company,Marcel De Sano,"Carmel Myers, Pell Trenton, Irving Cummings, Alfred Fisher, Victory Bateman"
415809,tt0011886,Wuthering Heights,Wuthering Heights,1920-07-01,1.7436,10.0,1,[18],en,0,0,90,Ideal,A.V. Bramble,"Milton Rosmer, Ann Trevor, Colette Brettel, Warwick Ward, John Lawrence Anderson"
345211,tt0189434,Common Sense,Common Sense,1920-06-01,1.7405,10.0,1,[18],en,0,0,55,Sidney Reynolds Company,Louis Chaudet,"Ralph Lewis, Vola Vale, Helene Sullivan, William Austin, B.F. Blinn"
628413,tt0011369,Der Klosterjäger,Der Klosterjäger,1920-11-26,1.7339,9.0,1,[18],de,0,0,0,,Franz Osten,"Fritz Greiner, Thea Steinbrecher, Toni Wittels, Carl Dalmonico, Viktor Gehring"
763416,tt1100017,Mad Doctor,Šílený lékař,1920-02-13,1.7322,0.0,0,[80],cs,0,0,0,Poja Film,Drahoš Želenský,"Karel Želenský, Jaroslav Hurt, Laura Želenská, Drahoš Želenský, Alois Škrdlík"
1590175,tt0011696,Simple Souls,Simple Souls,1920-05-23,1.7282,8.0,1,"[18, 10749]",en,0,0,60,Jesse D. Hampton Productions,"Robert Thornby, Charles E. Kaufman","Blanche Sweet, Charles Meredith, Kate Lester, Herbert Standing, Mayme Kelso"
1622320,tt0258688,The Jackeroo of Coolabong,The Jackeroo of Coolabong,1920-10-16,1.7264,9.0,1,[18],en,0,0,55,Carroll-Baker Australian Productions,Wilfred Lucas,"Rex 'Snowy' Baker, Kathleen Key, Wilfred Lucas, Bernice Vere, Arthur Tauchert"
1617675,tt0011683,The Shark,The Shark,1920-01-05,1.7257,9.0,1,"[80, 18]",en,0,0,50,Fox Film Corporation,Dell Henderson,"George Walsh, Robert Broderick, William Nally, James T. Mack, Henry W. Pemberton"
980377,tt0011856,The Whirlwind,The Whirlwind,1920-01-17,1.7229,7.0,1,[28],en,0,0,0,Allgood Pictures Corporation,Joseph A. Golden,"Charles Hutchison, Edith Thornton, Richard Neill, Ben Walker, Barbara Allen"
960403,tt0221921,Double Danger,Double Danger,1920-11-13,1.7208,10.0,1,[37],en,0,0,20,Universal Film Manufacturing Company,Albert Russell,"Hoot Gibson, Dorothy Wood, Georgia Davey, Charles Newton, Jim Corey"
783932,tt0258449,Belgique,Belgique,1920-01-01,1.7168,7.0,1,[],fr,0,0,0,,Paul Flon,
668886,tt0391389,Partida ganada,Partida ganada,1920-07-10,1.7125,6.333,3,[],es,0,0,0,,Enrique Castilla,
680332,tt1058765,The Vampire,Der Vampyr,1920-01-01,1.7121,0.0,0,[27],de,0,0,60,Stranz-Film,Fred Stranz,"Uschi Elleot, Hella Moja, Else Berna, Esther Carena, Lilly Alexandra"
625197,tt0011530,An Old Fashioned Boy,An Old Fashioned Boy,1920-10-31,1.7099,7.167,3,"[35, 10749]",en,0,0,50,Thomas H. Ince Corporation,Jerome Storm,"Charles Ray, Ethel Shannon, Alfred Allen, Wade Boteler, Grace Morse"
926360,tt0011744,Sunset Sprague,Sunset Sprague,1920-10-03,1.7091,8.0,1,[37],en,0,0,50,Fox Film Corporation,"Thomas N. Heffron, Paul Cazeneuve","Buck Jones, Patsy De Forest, Henry Hebert, Gloria Payton, Edwin B. Tilton"
783571,tt10773712,The Confessor,El Confesor,1920-01-01,1.7038,6.0,2,[],es,0,0,35,,"Ricardo de Baños, Ramón de Baños",
282365,tt0011569,Petit ange,Petit ange,1920-12-24,1.6966,7.0,1,"[10751, 18]",xx,0,0,85,Films Luitz-Morat,"Pierre Régnier, Luitz-Morat","Jane Dolys, Régine Dumien, Luitz-Morat, Guyon Fils, Germaine Dermoz"
285780,tt0194226,Le penseur,Le penseur,1920-01-02,1.6894,9.0,1,[],fr,0,0,0,,Léon Poirier,"André Nox, Marguerite Madys, Jane Even, Armand Tallier, Pierre Finaly"
651079,tt0012541,Pagan Love,Pagan Love,1920-12-07,1.689,9.0,1,[18],en,0,0,60,Hugo Ballin Productions,Hugo Ballin,"Togo Yamamoto, Mabel Ballin, Rockliffe Fellowes, Charles Fang, Nellie Fillmore"
700517,tt2234120,Prinsens Kærlighed,Prinsens Kærlighed,1920-07-19,1.6887,0.0,0,[],da,0,0,0,,Martinius Nielsen,"Robert Schyberg, Henny Lauritzen, Valdemar Psilander, Gudrun Houlberg, Frederik Jacobsen"
783944,tt0011039,Burning Daylight,Burning Daylight,1920-01-01,1.6844,7.0,1,[18],en,0,0,60,"C.E. Shurtleff Inc., Metro Pictures Corporation",Edward Sloman,"Mitchell Lewis, Helen Ferguson, William V. Mong, Alfred Allen, Edward Jobson"
961182,tt0222181,Tipped Off,Tipped Off,1920-11-27,1.6827,7.0,1,[37],en,0,0,20,Universal Film Manufacturing Company,Albert Russell,"Hoot Gibson, Gertrude Olmstead, Jim Corey, Charles Newton, Jack Walters"
945726,tt0241508,Child's Heart,Gyermekszív,1920-10-25,1.6772,9.0,1,[18],hu,0,0,12,,Béla Balogh,"Gusztáv Vándory, Helene von Bolváry, Ferkó Szécsi, Gida Lázár, Miklós Papir"
961321,tt0222408,Superstition,Superstition,1920-12-04,1.6752,9.0,1,[37],en,0,0,20,Universal Film Manufacturing Company,Edward Laemmle,"Hoot Gibson, Charles Newton, Jim Corey, Dorothy Wood, Betty Keller"
433133,tt0199093,Caravan of Death,Die Todeskarawane,1920-11-16,1.6741,7.0,1,[18],de,0,0,0,,Josef Stein,"Carl de Vogt, Meinhart Maur, Erwin Baron, Gustav Kirchberg, Dora Gerson"
31509,tt0011841,Way Down East,Way Down East,1920-09-03,1.6725,7.0,118,"[18, 10749]",en,0,4500000,150,D.W. Griffith Productions,D.W. Griffith,"Lillian Gish, Richard Barthelmess, Lowell Sherman, Burr McIntosh, Kate Bruce"
1507586,tt0010721,Tarnished Reputations,Tarnished Reputations,1920-03-14,1.6714,7.0,1,[18],en,0,0,50,Perret Productions Inc.,"Alice Guy-Blaché, Herbert Blaché","Dolores Cassinelli, Alan Roscoe, Georges Deneubourg, Ned Burton"
602597,tt0145732,Curtain,Curtain,1920-09-06,1.6573,7.0,1,[18],en,0,0,60,Katherine MacDonald Pictures Corp.,James Young,"Katherine MacDonald, Edwin B. Tilton, Earl Whitlock, Charles Richman, Florence Deshon"
1610715,tt0187763,Bubbles,Bubbles,1920-05-10,1.6571,10.0,1,[35],en,0,0,50,Super Art Film Corp.,Wayne Mack,"Mary Anderson, Jack Connolly, Bert Woodruff, Adelaide Elliot, Jack Mower"
190800,tt0123283,The Suitor,The Suitor,1920-11-01,1.6524,4.875,4,"[35, 28]",en,0,0,18,,"Norman Taurog, Larry Semon","Larry Semon, Lucille Carlisle, William McCall, Al Thompson, Frank Alexander"
1762778,tt0134105,Snowbound,Snowbound,1920-04-11,1.6516,0.0,0,[99],en,0,0,0,Burton Holmes Travel Pictures,Burton Holmes,
787906,tt9740800,Die Lackstiefel,Die Lackstiefel,1920-01-01,1.6329,0.0,0,[],de,0,0,0,,Rolf Brunner,"Rolf Brunner, Ernst Ludwig, Erna Prager, Erna Pabst"
555741,tt0906603,Irène,Irène,1920-10-08,1.63,0.0,0,[],fr,0,0,0,,Marcel Dumont,
665953,tt0011832,Voices,Voices,1920-09-26,1.6173,7.0,1,[18],en,0,0,0,Victor Kremer Film Features,Chester De Vonde,"Corliss Giles, Diana Allen, Gilbert Rooney, Henry Sedley, Gladys Coburn"
555719,tt0201760,Marthe,Marthe,1920-01-03,1.6101,10.0,1,[18],xx,0,0,0,,Gaston Roudès,"Pierre Magnier, Paulette Duval, Berthe Jalabert, Charles De Rochefort, Charles Reschal"
1590559,tt0190606,Out of the Storm,Out of the Storm,1920-06-14,1.6096,9.0,1,"[80, 18]",en,0,0,50,Eminent Authors Pictures Inc,William Parke,"Barbara Castleton, John Bowers, Sidney Ainsworth, Edythe Chapman, Doris Pawn"
872947,tt0011698,Sinners,Sinners,1920-03-15,1.6079,8.0,1,"[18, 10749]",en,0,0,50,Realart Pictures Corporation,Kenneth S. Webb,"Alice Brady, Augusta Anderson, Crauford Kent, James Crane, William T. Carleton"
1622387,tt0011226,Ginger Mick,Ginger Mick,1920-02-02,1.6042,8.0,1,[18],en,0,0,50,Southern Cross Feature Film Company,Raymond Longford,"Gilbert Emery, Arthur Tauchert, Lottie Lyell, Jack Tauchert, Queenie Cross"
837289,tt0321860,The Crucifix Of Destiny,The Crucifix Of Destiny,1920-01-01,1.5979,6.5,2,[18],en,0,0,15,Pandora Productions,R. Dale Armstrong,"Wheeler Dryden, Audrey Chapman, Kitty Bradbury, Antonio Corsi"
1396361,tt0188481,Captain Swift,Captain Swift,1920-04-01,1.5917,8.0,1,[18],en,0,0,0,Vitagraph Company of America,"Tom Terriss, Chester Bennett","Earle Williams, Florence Dixon, Edward Martindel, Adelaide Prince, Downing Clarke"
175285,tt0248438,The Simp,The Simp,1920-10-23,1.5893,6.0,3,[35],en,0,0,22,"Astra Film, Mermaid Comedies","Owen Davis, Arthur Somers Roche","Lloyd Hamilton, Marvel Rea, Otto Fries, Jess Weldon"
613845,tt4213886,Maria Tudor,Maria Tudor,1920-08-08,1.5875,0.0,0,[],de,0,0,0,Ellen Richter Film,Adolf Gärtner,"Ellen Richter, Hans Adalbert Schlettow, Eduard von Winterstein, Carl Neisser, Friedrich Wilhelm Kaiser"
798026,tt0783820,Slippery Slickers,Slippery Slickers,1920-01-18,1.5873,0.0,0,[35],en,0,0,5,,,"Harry 'Snub' Pollard, Eddie Boland, Gaylord Lloyd"
668882,tt0390099,Military Honor,Honor militar,1920-01-01,1.5836,6.0,3,[10752],es,0,0,0,,Juan de Homs,"Flora Islas Chacón, José Rubio, Teté Tapia, Eduardo Urriola, Rutila Urriola"
337448,tt0011113,The Devil's Garden,The Devil's Garden,1920-11-22,1.5818,7.0,1,[18],en,0,0,66,Whitman Bennett Productions,Kenneth S. Webb,"Lionel Barrymore, Doris Rankin, H. Cooper Cliffe, May McAvoy"
175319,tt0011317,Humoresque,Humoresque,1920-05-29,1.5814,5.792,12,[18],en,0,0,71,Cosmopolitan Productions,Frank Borzage,"Gaston Glass, Vera Gordon, Alma Rubens, Dore Davidson, Bobby Connelly"
27509,tt0011565,The Penalty,The Penalty,1920-08-15,1.5769,6.941,59,"[80, 18, 53]",en,89000,0,90,"Goldwyn Pictures Corporation, Eminent Authors Pictures Inc",Wallace Worsley,"Lon Chaney, Charles Clary, Doris Pawn, James Pier Mason, Milton Ross"
1624668,tt0150549,The Figurehead,The Figurehead,1920-06-14,1.5729,9.0,1,[18],en,0,0,50,Selznick Pictures,Robert Ellis,"Eugene O'Brien, Anna Q. Nilsson, Ora Carew, Edwin Stevens, Joseph W. Girard"
633260,tt0475821,Wind,Föhn,1920-08-20,1.5708,9.0,1,[],de,0,0,83,,Hans Werckmeister,"Ilse Götzen, Julius Geisendörfer, Hugo Flink, Emil Rameau, Käthe Haack"
629192,tt2336230,En Fiasko,En Fiasko,1920-04-22,1.5706,0.0,0,[35],da,0,0,0,,Lau Lauritzen Sr.,"Rasmus Christiansen, Agnes Andersen, Johannes Ring"
1006152,tt0011026,Bride 13,Bride 13,1920-09-10,1.5701,10.0,1,"[28, 53]",en,0,0,300,Fox Film Corporation,Richard Stanton,"Marguerite Clayton, John B. O'Brien, Gretchen Hartman, W.E. Lawrence, Edward Roseman"
319030,tt0011129,Bud and Susie in Down the Mississippi,Bud and Susie in Down the Mississippi,1920-07-24,1.5701,4.667,3,"[12, 35, 16]",en,0,0,0,,Frank Moser,
1573110,tt0195858,King Spruce,King Spruce,1920-04-18,1.5681,9.0,1,[18],en,0,0,105,Dial Film Company,Roy Clements,"Mitchell Lewis, Melbourne MacDowell, Mignon Anderson, Arthur Millett, James O'Neill"
519516,tt0010478,Monika Vogelsang,Monika Vogelsang,1920-01-02,1.5615,8.0,1,[18],de,0,0,0,,Rudolf Biebrach,"Henny Porten, Paul Hartmann, Ernst Deutsch, Ilka Grüning, Wilhelm Diegelmann"
665870,tt0011425,Madame Récamier,Madame Récamier,1920-10-25,1.5582,7.0,1,[18],de,0,0,107,,Joseph Delmont,"Fern Andra, Bernd Aldor, Ferdinand von Alten, Johanna Mund, Victor Senger"
672313,tt0132533,Steuermann Holk,Steuermann Holk,1920-11-14,1.5563,8.0,1,[],de,0,0,0,,Ludwig Wolff,"Paul Wegener, Asta Nielsen, Charlotte Schultz, Hans Marr, Theodor Loos"
1590244,tt0011796,Twin Beds,Twin Beds,1920-10-31,1.5556,7.0,1,[35],en,0,0,60,Carter De Haven Productions,Lloyd Ingraham,"Carter DeHaven, Flora Parker DeHaven, William Desmond, Katharine Lewis, William Irving"
1572164,tt0152485,Smoldering Embers,Smoldering Embers,1920-02-29,1.5506,7.0,1,[18],en,0,0,50,Frank Keenan Productions,Frank Keenan,"Frank Keenan, Jay Belasco, Katherine Van Buren, Russ Powell, Graham Pettie"
1151335,tt0011185,Fishing,Fishing,1920-02-01,1.5484,7.0,1,[16],en,0,0,6,,Bud Fisher,
1140173,tt0922971,Il miracolo,Il miracolo,1920-01-01,1.5444,0.0,0,[],it,0,0,0,,Mario Camerini,"Elena Bottone, Piero Concialdi, Goffredo D'Andrea, Leda Gys"
301271,tt0346642,Sons of the Soil,Borgslægtens historie,1920-08-27,1.5443,6.333,3,[18],da,0,0,179,Nordisk Film,Gunnar Sommerfeldt,"Philip Bech, Gudrun Indriadottir, Elisabeth Jacobsen, Frederik Jacobsen, Bertel Krause"
486040,tt1445730,Regatas en el Río Luján,Regatas en el Río Luján,1920-01-01,1.5422,0.0,0,[99],es,0,0,19,,Max Glücksmann,
1441673,,mad love,mad love,1920-07-09,1.5415,0.0,0,[18],en,0,0,0,,Maurice Mariaud,"Lina Cavalieri, Henri Baudin, Louis Leubas, Laure Dietrich, Maurice Mariaud"
1210524,,The Clarinet Player,Klarinetspilleren,1920-01-01,1.5403,0.0,0,[],da,0,0,1,,Robert Storm Petersen,
665843,tt0812242,Ewiger Strom,Ewiger Strom,1920-05-01,1.5281,0.0,0,"[18, 14]",de,0,0,96,,Johannes Guter,"Werner Krauss, Marija Leiko, Heinrich Peer, F. W. Schröder-Schrom, Gerhard Tandar"
1151034,tt0289584,The Dragonfly,Trollsländan,1920-10-04,1.5254,7.0,1,[35],sv,0,0,21,Filmindustri AB Skandia,Pauline Brunius,"Palle Brunius, Kar de Mumma, Eyvor Lindberg, Frida Winnerstrand, Olof Winnerstrand"
992711,tt14928040,Twin Lizzies,Twin Lizzies,1920-06-28,1.5235,6.0,1,[35],en,0,0,10,Universal Film Manufacturing Company,Horace Davey,"Harry Keaton, Mavis Montell, Harry Russell, Henry Murdock, William Colvin"
92332,tt0011723,The Spiders: Part 2 - The Diamond Ship,"Die Spinnen, 2. Teil - Das Brillantenschiff",1920-02-06,1.5187,5.957,35,"[12, 80]",de,0,0,105,Decla Film Gesellschaft Holz & Co.,Fritz Lang,"Carl de Vogt, Ressel Orla, Georg John, Friedrich Kühne, Rudolf Lettinger"
51357,tt0011656,The Scarecrow,The Scarecrow,1920-11-07,1.5184,7.41,173,[35],en,0,0,19,"Joseph M. Schenck Productions, Metro Pictures Corporation","Edward F. Cline, Buster Keaton","Buster Keaton, Edward F. Cline, Joe Keaton, Joe Roberts, Sybil Seely"
494431,tt0444644,Hearts Are Trumps,Herztrumpf,1920-12-03,1.5179,7.0,1,[18],de,0,0,0,Gloria Film,E.A. Dupont,"Hugo Döblin, Hans Mierendorff, Adele Sandrock, Hermann Vallentin, Georg John"
941218,tt0126995,Shadow Plays,Lavinen,1920-04-20,1.5133,8.0,1,[18],da,0,0,88,Nordisk Film Denmark,Emanuel Gregers,"Jon Iversen, Bodil Ipsen, Arne Weel, Carl Lauritzen, Jonna Neiiendam"
190802,tt0276962,The Fly-Cop,The Fly-Cop,1920-03-28,1.5132,5.625,4,"[28, 35, 80]",en,0,0,13,Vitagraph Company of America,"Larry Semon, Norman Taurog, Mort Peebles","Larry Semon, Lucille Carlisle, William Hauber, Frank Alexander, Al Thompson"
175226,tt0139632,The Symbol of the Unconquered: A Story of the Ku Klux Klan,The Symbol of the Unconquered: A Story of the Ku Klux Klan,1920-11-28,1.5084,5.7,12,[18],en,0,0,59,Micheaux Picture Corporation,Oscar Micheaux,"Iris Hall, Walker Thompson, Lawrence Chenault, Mattie Wilkes, Louis Dean"
763385,,Choulostivé námluvy,Choulostivé námluvy,1920-01-01,1.5076,0.0,0,[35],cs,0,0,0,Čechoslavia,Igor Kouša,"Betty Kysilková, Marta Friedmannová, Bedřich Bozděch, Václav Srb, Robert Zdráhal"
1393304,tt0140146,Her Story,Her Story,1920-06-01,1.507,7.0,1,[18],en,0,0,0,Samuelson Film Manufacturing Company,"Alexander Butler, Allyn B. Carrick, G.B. Samuelson","Madge Titheradge, C.M. Hallard, Campbell Gullan"
665829,tt0964526,Der Meisterschuß,Der Meisterschuß,1920-01-01,1.5022,0.0,0,[],de,0,0,0,,Rolf Brunner,"Heinrich Peer, Walter Formes, Ernst Pittschau, Harald Bredow, Maria Bannier"
670649,tt0010967,The Red Peacock,Arme Violetta,1920-12-25,1.5018,10.0,1,"[18, 10749]",de,0,0,100,Projektions-AG Union,Paul L. Stein,"Pola Negri, Victor Varconi, Marga von Kierska, Paul Otto, Paul Biensfeldt"
512997,tt0310655,April Fool,April Fool,1920-11-21,1.5017,7.0,3,[35],en,0,0,19,Astra Film,Charley Chase,"Lloyd Hamilton, Bee Monson, Otto Fries, Charley Chase, Thelma Percy"
872822,tt0011352,Joselito or The Life and Death of a Matador,Joselito o La vida y muerte de un matador,1920-01-01,1.5015,8.0,1,[99],es,0,0,34,Regia Art Film,José Gaspar,José Gómez 'Gallito'
108988,tt0011588,Pollyanna,Pollyanna,1920-01-18,1.4988,6.478,23,"[35, 18, 10751]",en,0,0,58,Mary Pickford Company,Paul Powell,"Mary Pickford, Katherine Griffith, Howard Ralston, Helen Jerome Eddy, George Berrell"
545376,tt0444752,Alcohol,Alkohol,1920-01-01,1.4972,8.0,1,[18],de,0,0,96,,"E.A. Dupont, Alfred Lind","Hanni Weisse, Emil Birron, Jean Moreau, Ernst Rückert, Maria Zelenka"
1678406,tt0403656,Voorbeschikten,Voorbeschikten,1920-08-20,1.4959,7.0,1,"[18, 10749]",xx,0,0,0,,Tonny Stevens,"Jan Van Ees, Roosje Köhler van Gelder, Jan C. De Vos Jr., Tonny Stevens, Bertha de Vos von Gentner"
1184610,tt0175250,Torn Sails,Torn Sails,1920-10-01,1.4944,8.0,1,[18],en,0,0,66,Ideal Film Company,A.V. Bramble,"Milton Rosmer, Mary Odette, Geoffrey Kerr"
500528,tt0179872,L'innamorata,L'innamorata,1920-04-08,1.4909,6.5,4,"[10749, 18]",en,0,0,54,,Gennaro Righelli,"Italia Almirante-Manzini, Annibale Betrone, Alfonso Cassini, Orietta Claudi, Alberto Collo"
412253,tt0011355,Judith Trachtenberg,Judith Trachtenberg,1920-12-09,1.4894,8.0,1,"[18, 10749]",de,0,0,75,NEOS Film,Henrik Galeen,"Leontine Kühnberg, Ernst Deutsch, Leonhard Haskel, Paul Otto, Hermann Vallentin"
1624674,tt0011235,Going Some,Going Some,1920-07-19,1.4869,9.0,1,[35],en,0,0,50,Eminent Authors Pictures Inc,Harry Beaumont,"Cullen Landis, Helen Ferguson, Lillian Hall, Lillian Langdon, Kenneth Harlan"
1352896,tt0011192,Flapjacks,Flapjacks,1920-10-01,1.4869,10.0,1,"[35, 16]",en,0,0,4,,Bud Fisher,
783895,tt0011080,A Csodagyerek,A Csodagyerek,1920-01-01,1.4848,9.0,1,"[18, 80]",xx,0,0,0,,Zoltan Korda,"Tibor Lubinszky, Gyula Szöreghy, Lili Berky, Ödön Bárdi, Gyula Dezséri"
600684,tt0012427,Madame Peacock,Madame Peacock,1920-10-01,1.4824,10.0,1,[18],en,0,0,60,Nazimova Productions,Ray C. Smallwood,"Alla Nazimova, George Probert, John Steppling, William Orlamond, Rex Cherryman"
1029767,tt0440036,Der Amönenhof,Der Amönenhof,1920-02-20,1.4823,7.0,1,[18],de,0,0,84,,Uwe Jens Krafft,"Mia May, Charles Willy Kayser, Fritz Schulz, Wilhelm Diegelmann, Frida Richard"
429257,tt0465215,"Lepain, der König der Verbrecher - 3. Teil","Lepain, der König der Verbrecher - 3. Teil",1920-01-01,1.48,10.0,1,[],de,0,0,0,Althoff & Company,"Hubert Moest, Louis Ralph","Fritz Beckmann, Joel J. Edwards, Rudolf Forster, Gertrude Hoffmann, Melitta Klefer"
1753816,tt10914254,Die Mitternachtsgöttin,Die Mitternachtsgöttin,1920-01-01,1.4771,0.0,0,[],de,0,0,0,,Hanna Henning,"Paul Hartmann, Grete Hollmann"
1215413,tt4907824,Satans Peitsche,Satans Peitsche,1920-01-01,1.4721,0.0,0,[27],de,0,0,0,Esha-Film,Fritz Bernhardt,"Bernhard Goetzke, Heinrich Schroth, Gertrude Hoffmann, Evi Eva, Fritz Alten"
38705,tt0011071,Convict 13,Convict 13,1920-10-27,1.472,6.7,140,[35],en,0,0,22,"Joseph M. Schenck Productions, Metro Pictures Corporation","Edward F. Cline, Buster Keaton","Buster Keaton, Sybil Seely, Joe Roberts, Edward F. Cline, Joe Keaton"
321090,tt0011534,On Strike,On Strike,1920-01-16,1.4719,4.333,3,"[16, 35]",en,0,0,7,Bud Fisher Film Corporation,Charles R. Bowers,Bud Fisher
175302,tt1636502,Italian Love,Italian Love,1920-03-08,1.4712,4.0,1,[35],en,0,0,20,Bull's Eye,Charley Chase,"Billy West, Charley Chase, Theodore Lorch, Leo White, Jackie Condon"
988608,tt0012668,The Shadow of Lightning Ridge,The Shadow of Lightning Ridge,1920-04-03,1.4708,7.0,1,"[28, 37]",en,0,0,50,Selig-Rork Productions,Wilfred Lucas,"Rex 'Snowy' Baker, Wilfred Lucas, Agnes Vernon, King Baggot, David Edelsten"
1610217,tt0011704,The Cobbler Prince,Skomakarprinsen,1920-02-23,1.4695,8.0,1,[35],sv,0,0,50,Palladiumfilm,Hjalmar Davidsen,"Carl Alstrup, Maja Cassel, Viking Ringheim, Oda Larsen"
913075,tt0241348,A dada,A dada,1920-02-16,1.4689,9.0,1,[18],hu,0,0,0,,Oszkár Damó,"Annie Gaál, Soma Szarvasi, Anna Breznay, Viktor Costa, Gyula Szöreghy"
665841,tt0361541,Drei Nächte,Drei Nächte,1920-07-01,1.4656,10.0,1,[],de,0,0,0,,Carl Boese,"Reinhold Schünzel, Sybill Morel, Leo Selma, Otto Gebühr, Grete Hollmann"
337649,tt0011151,The Empire of Diamonds,The Empire of Diamonds,1920-12-19,1.4636,9.0,1,"[18, 80]",en,0,0,60,Léonce Perret,Léonce Perret,"Robert Elliott, Lucy Fox, Léon Mathot, Jacques Volnys, Fernand Mailly"
940857,tt0011470,Miss Nobody,Miss Nobody,1920-05-01,1.4623,5.5,2,"[12, 18]",en,0,0,50,Billie Rhodes Productions,Francis J. Grandon,"Billie Rhodes, Melbourne MacDowell, Mary Alden, Lloyd Bacon"
618770,tt0010966,Are All Men Alike?,Are All Men Alike?,1920-11-08,1.4586,7.0,1,"[10749, 35, 18]",en,0,0,60,Metro Pictures Corporation,Phil Rosen,"May Allison, Wallace MacDonald, John Elliott, Winifred Greenwood, Ruth Stonehouse"
1581833,tt0011431,The Man Who Lost Himself,The Man Who Lost Himself,1920-05-30,1.4583,9.0,1,"[80, 18]",en,0,0,50,"Faversham Productions, Selznick Pictures","Clarence G. Badger, George D. Baker","William Faversham, Hedda Hopper, Mathilde Brundage, Emily Fitzroy, Violet Reed"
472062,tt0011073,The Copperhead,The Copperhead,1920-01-25,1.4524,7.0,3,[18],en,0,0,70,Paramount Pictures,Charles Maigne,"Lionel Barrymore, William P. Carleton, Arthur Rankin, Jack Ridgeway, Doris Rankin"
1572158,tt0196706,Live Sparks,Live Sparks,1920-01-18,1.4512,10.0,1,"[35, 80, 18]",en,0,0,50,Robert Brunton Productions,Ernest C. Warde,"J. Warren Kerrigan, Mae Talbot, Roy Laidlaw, Fritzi Brunette, Clyde Benson"
282170,tt0011507,Narayana,Narayana,1920-10-22,1.4502,5.8,5,[18],fr,0,0,61,Gaumont Série Pax,Léon Poirier,"Edmond van Daële, Laurence Myrga, Marcelle Souty, Marguerite Madys, Charles Norville"
901054,tt0011107,Desert Love,Desert Love,1920-04-20,1.4496,8.0,1,[37],en,0,0,50,Fox Film Corporation,Jacques Jaccard,"Tom Mix, Francelia Billington, Eva Novak, Lester Cuneo, Charles K. French"
453014,tt0178567,Hedda Gabler,Hedda Gabler,1920-08-01,1.4396,9.0,1,[],it,0,0,0,,"Giovanni Pastrone, Gero Zambuto","Italia Almirante-Manzini, Oreste Bilancia, Diana D'Amore, Leonie Laporte, Ettore Piergiovanni"
813285,tt2410358,Scenens Børn,Scenens Børn,1920-08-09,1.4382,0.0,0,[],da,0,0,0,,Fritz Magnussen,"Cajus Bruun, Olaf Fønss, Ebba Thomsen, Robert Schmidt, Philip Bech"
555734,tt0781345,Dandy navigateur,Dandy navigateur,1920-10-22,1.4321,0.0,0,[],fr,0,0,23,,Georges Rémond,Raymond Dandy
486041,tt0201446,La baguala,La baguala,1920-01-01,1.431,0.0,1,[],es,0,0,0,,Ricardo Villarán,
614858,tt0011743,Sundown Slim,Sundown Slim,1920-10-31,1.4295,8.0,1,[37],en,0,0,50,Universal Film Manufacturing Company,Val Paul,"Harry Carey, Genevieve Blinn, Ted Brooks, Frances Conrad, J. Morris Foster"
175225,tt0011679,Sex,Sex,1920-03-29,1.4292,6.569,29,[18],en,0,0,87,J. Parker Read Jr. Productions,Fred Niblo,"Louise Glaum, Irving Cummings, Peggy Pearce, Myrtle Stedman, William Conklin"
664656,tt0011627,The Right of Way,The Right of Way,1920-02-29,1.4232,10.0,1,[18],en,0,0,69,Screen Classics Inc.,John Francis Dillon,"Bert Lytell, Gibson Gowland, Leatrice Joy, Antrim Short, Carmen Phillips"
531032,tt0011845,Christian Wahnschaffe I: Weltbrand,Weltbrand,1920-11-12,1.4214,10.0,1,[18],xx,0,0,79,,Urban Gad,"Conrad Veidt, Lillebil Ibsen, Theodor Loos, Fritz Kortner, Hermann Vallentin"
1561089,tt1117651,Yoshiwara,Yoshiwara,1920-08-23,1.4196,0.0,0,[18],de,0,0,0,,Arthur Bergen,"Lya Mara, Heinrich Schroth, Arthur Bergen, Reinhold Köstlin, Henri Peters-Arnolds"
1617266,tt0009187,His Temporary Wife,His Temporary Wife,1920-02-16,1.4158,0.0,0,[35],en,0,0,60,Joseph Levering Productions,Joseph Levering,"Rubye De Remer, Edmund Breese, Eugene Strong, Mary Boland, William T. Carleton"
617090,tt0010022,The Corsican Brothers,The Corsican Brothers,1920-02-22,1.4131,8.0,1,"[28, 12, 18, 10749]",en,0,0,0,United Picture Theatres of America Inc.,Colin Campbell,"Dustin Farnum, Winifred Kingston, Wedgwood Nowell, Will Machin, Ogden Crane"
51358,tt0011508,Neighbors,Neighbors,1920-12-12,1.4123,7.067,163,"[35, 10749]",en,0,0,18,"Joseph M. Schenck Productions, Metro Pictures Corporation","Edward F. Cline, Buster Keaton","Buster Keaton, Virginia Fox, Joe Roberts, Joe Keaton, Edward F. Cline"
1160988,tt0864341,Konsul Pomeranc,Konsul Pomeranc,1920-10-08,1.4105,0.0,0,[],pl,0,0,0,Powszechne Towarzystwo Filmowe (PETEF),Konrad Tom,"Romuald Gierasieński, Konrad Tom, Mura Kalinowska, Maria Górska, Helena Zarembina"
402794,tt0011898,As God Made Her,Zo Als Ik Ben,1920-05-13,1.4051,6.0,2,[10749],xx,0,0,119,Anglo-Hollandia Film,"Maurits Binger, B.E. Doxat-Pratt","Mary Odette, Henry Victor, Adelqui Migliar, Lola Cornero, Norman Doxat-Pratt"
555709,tt0193848,La croisade,La croisade,1920-04-09,1.4044,10.0,1,[],xx,0,0,0,,René Le Somptier,"Edmond van Daële, France Dhélia, Claude Mérelle, Sylvio De Pedrelli"
665873,tt0317924,Moriturus,Moriturus,1920-09-23,1.4029,7.0,1,"[18, 9648, 80]",de,0,0,98,,Karl Mueller-Hagens,"Max Landa, Reinhold Schünzel, Conrad Veidt, Hilde Woerner, Marga von Kierska"
872753,tt0010957,All of a Sudden Peggy,All of a Sudden Peggy,1920-02-01,1.4028,10.0,1,"[35, 10749]",en,0,0,50,"Famous Players-Lasky Corporation, Paramount Pictures",Walter Edwards,"Marguerite Clark, Jack Mulhall, Lillian Leighton, Maggie Fisher, Orral Humphrey"
413184,,Cerâmica Horizontina,Cerâmica Horizontina,1920-01-01,1.4027,0.0,0,[99],pt,0,0,20,,Igino Bonfioli,
770318,tt0012233,The Good-Bad Wife,The Good-Bad Wife,1920-10-01,1.4004,8.0,1,[18],en,0,0,70,Vera McCord Productions,"Chester De Vonde, Vera McCord","Sidney Mason, Dorothy Green, Mathilde Brundage, Albert Hackett, Erville Alderson"
433964,tt1017974,Roaming Romeo,Roaming Romeo,1920-01-01,1.4004,0.0,0,[35],en,0,0,0,Hank Mann Comedies,,Hank Mann
1398196,tt0379807,"Hello, Mars","Hello, Mars",1920-01-25,1.3978,7.0,2,"[99, 16]",en,0,0,6,,Max Fleischer,
175243,tt0248191,Moonshine,Moonshine,1920-12-26,1.3961,6.5,2,[35],en,0,0,19,Astra Film,Charley Chase,"Lloyd Hamilton, Bee Monson, Otto Fries, William White, Charley Chase"
175324,tt0907727,"For You, Poland","Dla ciebie, Polsko",1920-09-25,1.3955,5.0,2,[],pl,0,0,46,"Polfilma, Centralny Urząd Filmowy Wojska Polskiego",Antoni Bednarczyk,"Antoni Rózanski, Henryk Rydzewski, Stanisław Jasieński, Jadwiga Doliwa, Jan Karpowicz"
958220,tt0222327,Roarin' Dan,Roarin' Dan,1920-01-24,1.3951,10.0,1,[37],en,0,0,20,Universal Film Manufacturing Company,Phil Rosen,"Hoot Gibson, Ethel Shannon, Leo Pattee, Mrs. Kruge"
282241,tt0010799,Work,Travail,1920-01-16,1.3925,10.0,1,[18],fr,0,0,144,Le Film d'art,Henri Pouctal,"Léon Mathot, Huguette Duflos, Raphaël Duflos, Claude Mérelle, Juliette Clarens"
278871,tt0246495,Cinderella Cinders,Cinderella Cinders,1920-05-01,1.3906,6.667,3,[],en,0,0,22,Emerald,Frederick J Ireland,"Alice Howell, Richard Smith, Rose Burkhardt, Mattie Fitzgerald, Leo Sulky"
1039556,tt0443008,Die Fürstin Woronzoff,Die Fürstin Woronzoff,1920-10-06,1.3896,9.0,1,"[18, 80]",de,0,0,80,Ellen Richter Film,Adolf Gärtner,"Ellen Richter, Rudolf Forster, Artúr Somlay, Hugo Flink, Alexander Ekert"
86386,tt0010968,At the Villa Rose,At the Villa Rose,1920-03-01,1.3881,10.0,1,"[80, 18]",en,0,0,77,Stoll Picture Productions,Maurice Elvey,"Manora Thew, Langhorn Burton, Teddy Arundell, Norman Page"
302849,tt0010554,Pegeen,Pegeen,1920-01-01,1.3859,9.0,1,[18],en,0,0,50,Vitagraph Company of America,David Smith,"Bessie Love, Edmund Burns, Ruth Fuller Golden, Charles Spere, Juan de la Cruz"
335450,tt0011401,The Life of the Party,The Life of the Party,1920-11-21,1.3847,5.6,5,"[18, 35]",en,0,0,55,Famous Players-Lasky Corporation,Joseph Henabery,"Roscoe Arbuckle, Winifred Greenwood, Roscoe Karns, Julia Faye, Frank Campeau"
286152,tt0011619,Remodeling Her Husband,Remodeling Her Husband,1920-06-13,1.3827,4.0,3,[35],en,0,0,50,New Art Film Company,"D.W. Griffith, Lillian Gish","Dorothy Gish, James Rennie, Marie Burke, Downing Clarke, Frank Kingdon"
1115250,,An Old Empire,Een Oud Keizerrijk,1920-07-04,1.3795,0.0,0,[99],nl,0,0,11,Haghe Film,Willy Mullens,
282307,tt0011422,Lily of Life,Le Lys de la vie,1920-01-01,1.3754,7.0,1,[14],fr,0,0,80,Gaumont,"Gab Sorère, Loïe Fuller","Margery Meadows, Flora Hart, René Clair, Jean-Paul Le Tarare, Damia"
522060,tt1530485,Dynamite,Dynamite,1920-10-20,1.373,6.0,1,[35],en,0,0,20,"Mermaid Comedies, Astra Film",Gilbert Pratt,"Lloyd Hamilton, Iva Brown, Rae Berger, Joe Murphy, Lawrence A. Bowes"
614865,tt0011798,Two Kinds of Love,Two Kinds of Love,1920-12-31,1.3711,8.0,1,"[18, 10749, 37]",en,0,0,50,Universal Film Manufacturing Company,B. Reeves Eason,"George A. McDaniel, Ted Brooks, Jimsy Maye, B. Reeves Eason Jr., B. Reeves Eason"
1142159,tt0011755,Testimony,Testimony,1920-10-10,1.3658,10.0,1,[],en,0,0,65,,Guy Newall,"Ivy Duke, David Hawthorne, Mary Rorke, Barbara Everest"
505950,tt0012439,The Man Who Had Everything,The Man Who Had Everything,1920-10-17,1.3655,6.375,4,[18],en,0,0,66,Goldwyn Pictures Corporation,Alfred E. Green,"Jack Pickford, Lionel Belmore, Priscilla Bonner, Shannon Day, Alec B. Francis"
94522,tt0011741,Suds,Suds,1920-01-27,1.3636,6.556,9,"[35, 18, 10749]",en,0,0,75,Mary Pickford Company,John Francis Dillon,"Mary Pickford, Albert Austin, Harold Goodwin, Rose Dione, Darwin Karr"
682192,tt1102206,Evin hřích,Evin hřích,1920-01-01,1.3626,0.0,0,[18],cs,0,0,0,Weteb,Václav Binovec,"Suzanne Marwille, Jiří Steimar, Josef Šváb-Malostranský, Vladimír Pospíšil-Born, Běla Horská"
344958,tt1090233,Melchiad Koloman,Melchiad Koloman,1920-01-01,1.3625,4.5,2,[14],cs,0,0,42,Tatrafilm,Rudolf Liebscher,"Josef Javorčák, Rudolf Liebscher, Nina Lašková, Eduard Šimáček, Táňa Horská"
426097,tt0140500,Realidad,Realidad,1920-03-22,1.3611,9.0,1,[18],es,0,0,0,,Ramón Peón,"Pepito Fuentes Duany, Angélica Busquet"
1581836,tt0011363,The Kentucky Colonel,The Kentucky Colonel,1920-09-26,1.3586,8.0,1,[18],en,0,0,60,National Film Corporation of America,William A. Seiter,"Joseph J. Dowling, Frederick Vroom, Elinor Field, Francis McDonald, Cora Drew"
1573080,tt0011099,Deadline at Eleven,Deadline at Eleven,1920-03-15,1.3561,8.0,1,[18],en,0,0,50,Vitagraph Company of America,George Fawcett,"Corinne Griffith, Frank M. Thomas, Webster Campbell, Alice Calhoun, Maurice Costello"
309031,tt0011672,The Sea Wolf,The Sea Wolf,1920-05-15,1.3561,10.0,1,[18],en,0,0,70,Famous Players-Lasky Corporation,George Melford,"Noah Beery, James Gordon, Raymond Hatton, A. Edward Sutherland, Walter Long"
628420,tt2322582,Orchideen,Orchideen,1920-01-01,1.3559,0.0,0,[18],de,0,0,0,Münchener Film-Industrie,Gottfried Hacker,"Wilhelm Thiele, Rolf Pinegger, Adolf Satzenhofer, Lisa Lorm, Curt Schreck"
296698,tt0011058,The Circus,The Circus,1920-05-06,1.3533,7.3,10,"[16, 35]",en,0,0,4,J.R. Bray Studios,Dave Fleischer,
1270782,,The Bomb,Bomben,1920-02-09,1.3528,0.0,0,[35],sv,0,0,65,,Rune Carlsten,"Gösta Ekman, Karin Molander, Vilhelm Bryde, Lilian Rössel, Hugo Tranberg"
1117744,,The Dutch Basalt Company 'Zaandam' in Germany and Holland,Het Bedrijf der Nederlandsche Basalt Maatschappij 'Zaandam' in Duitschland en Holland,1920-02-12,1.3499,0.0,0,[99],xx,0,0,56,Haghe Film,Willy Mullens,
1590176,tt0010985,Behold My Wife,Behold My Wife,1920-10-10,1.3496,8.0,1,[18],en,0,0,70,Famous Players-Lasky Corporation,George Melford,"Mabel Julienne Scott, Milton Sills, Winter Hall, Elliott Dexter, Helen Dunbar"
1623715,tt0011489,The Mutiny of the Elsinore,The Mutiny of the Elsinore,1920-10-25,1.3467,10.0,1,"[12, 18]",en,0,0,60,C.E. Shurtleff Inc.,Edward Sloman,"Mitchell Lewis, Helen Ferguson, Noah Beery, Casson Ferguson, William V. Mong"
481518,tt0131425,Hobson's Choice,Hobson's Choice,1920-03-16,1.3425,6.667,3,"[10749, 35, 18]",en,0,0,80,Master Films,Percy Nash,"Joe Nightingale, Joan Ritz, Arthur Pitt, Joan Cockram, George Wynn"
804495,tt0011650,Ruth of the Rockies,Ruth of the Rockies,1920-08-29,1.3417,7.0,1,[37],en,0,0,225,Ruth Roland Serials,George Marshall,"Ruth Roland, Herbert Heyes, Thomas G. Lingham, Jack Rollens, Fred Burns"
566190,tt0010994,Billions,Billions,1920-12-06,1.3385,6.0,2,[35],en,0,0,60,Nazimova Productions,Ray C. Smallwood,"Alla Nazimova, Charles Bryant, William Irving, Victor Potel, John Steppling"
1601344,tt0011510,The New York Idea,The New York Idea,1920-11-27,1.3347,7.0,1,[35],en,0,0,50,Realart Pictures Corporation,Herbert Blaché,"Alice Brady, Lowell Sherman, Hedda Hopper, Edwards Davis, Emily Fitzroy"
1466760,tt0179656,Aventuras de Gregório,Aventuras de Gregório,1920-10-02,1.3347,10.0,1,[35],pt,0,0,0,,Luiz de Barros,"Manuel F. Araujo, Ernesto Begonha, Álvaro Fonseca, Yole Burlini"
808792,tt0825323,Mr. Fatima,Mr. Fatima,1920-11-14,1.3334,0.0,0,[35],en,0,0,17,Christie Film Company,Scott Sidney,"Eddie Barry, Earle Rodney, Helen Darling, Bessie De Litch"
665890,tt0011695,The Silver Horde,The Silver Horde,1920-05-09,1.3319,10.0,1,"[12, 18]",en,0,0,80,Eminent Authors Pictures Inc,Frank Lloyd,"Myrtle Stedman, Curtis Cooksey, Betty Blythe, R.D. MacLean, Neola May"
763414,tt0248456,Sněženky,Sněženky,1920-06-18,1.3311,8.0,1,[18],cs,0,0,0,Poja Film,Vladimír Slavínský,"Nina Laušmanová, Antonín Hron, Vladimír Slavínský, Přemysl Pražský, Vojtěch Záhořík"
55644,tt0010962,Anna Boleyn,Anna Boleyn,1920-12-03,1.3297,6.875,28,"[36, 18]",de,0,0,118,"Projektions-AG Union, Messter Film Berlin",Ernst Lubitsch,"Emil Jannings, Henny Porten, Paul Hartmann, Ludwig Hartau, Hedwig Pauly-Winterstein"
665872,tt0443118,Maulwürfe,Maulwürfe,1920-10-01,1.3286,7.0,1,[],de,0,0,0,,Artur Holz,"Augusta Burmeister, Walter Wolffgram, Frieda Steding, Carl Bernhardt, Alexander von Antalffy"
1115234,,Fishermen's Places on the Zuiderzee,Visschersplaatsen aan de Zuiderzee,1920-10-05,1.3282,0.0,0,[99],nl,0,0,9,Haghe Film,Willy Mullens,
53766,tt0011865,Why Change Your Wife?,Why Change Your Wife?,1920-05-21,1.3274,5.6,19,"[35, 18, 10749]",en,0,0,90,"Famous Players-Lasky Corporation, Paramount Pictures",Cecil B. DeMille,"Gloria Swanson, Thomas Meighan, Bebe Daniels, Theodore Kosloff, Sylvia Ashton"
612935,tt0011646,Rouge and Riches,Rouge and Riches,1920-02-09,1.3267,7.0,1,[18],en,0,0,60,Universal Film Manufacturing Company,Harry L. Franklin,"Mary MacLaren, Alberta Lee, Bob Walker, Wallace MacDonald, Marguerite Snow"
1170707,tt2545148,The Man Who Was Afraid,The Man Who Was Afraid,1920-08-16,1.325,0.0,0,[],en,0,0,0,African Film Productions,Joseph Albrecht,"M.A. Wetherell, Miss Jack Douglas, Dick Cruikshanks, Cecil Fillis, Florence Roberts"
1609573,tt0828026,Golgatha,Golgatha,1920-01-01,1.3233,0.0,0,[],de,0,0,0,,Peter Paul Felner,"Raoul Aslan, Maria Mayen, Alfred Schreiber, Werner Schott, Nikolaus von Lovrie"
613631,tt0011230,The Girl in the Rain,The Girl in the Rain,1920-07-17,1.3226,8.0,1,[9648],en,0,0,50,Universal Film Manufacturing Company,Rollin S. Sturgeon,"Anne Cornwall, Lloyd Bacon, Jessalyn Van Trump, Jim Farley, George Kunkel"
1102618,tt0011813,Vanishing Trails,Vanishing Trails,1920-09-10,1.3214,9.0,1,"[18, 37]",en,0,0,225,Canyon Pictures Corporation,Leon De La Mothe,"Franklyn Farnum, Mary Anderson, Duke R. Lee, Harry Lonsdale, Vester Pegg"
475333,tt0011485,Mr. Gilfil's Love Story,Mr. Gilfil's Love Story,1920-03-01,1.3213,7.0,1,[18],en,0,0,50,Ideal,A.V. Bramble,"Mary Odette, Robert Henderson-Bland, Peter Upcher, Dora De Winton, A. Harding Steerman"
1601348,tt0011057,Cinderella's Twin,Cinderella's Twin,1920-12-27,1.3206,9.0,1,[35],en,0,0,60,Metro Pictures Corporation,Dallas M. Fitzgerald,"Viola Dana, Wallace MacDonald, Ruth Stonehouse, Edward Connelly, Gertrude Short"
454778,tt8070554,The Dangers of the Fly,La mosca y sus peligros,1920-11-23,1.3187,5.4,7,[99],es,0,0,36,,"Enrique Ernesto Gunche, Eduardo Martínez de la Pera",
1599849,tt0011701,A Sister to Salome,A Sister to Salome,1920-07-12,1.317,9.0,1,[18],en,0,0,50,Fox Film Corporation,Edward LeSaint,"Gladys Brockwell, William Scott, Edwin B. Tilton, Ben Deeley"
1093403,tt0011587,Polly with a Past,Polly with a Past,1920-11-29,1.3165,6.0,2,[18],en,0,0,60,Metro Pictures Corporation,Leander De Cordova,"Ina Clare, Ralph Graves, Marie Wainwright, Harry Benham, Clifton Webb"
1252365,tt0441518,Die Tarantel,Die Tarantel,1920-09-17,1.315,8.0,1,[],de,0,0,0,,Rudolf Biebrach,"Georg H. Schnell, Maria Regler, Max Laurence, Franz Egenieff, Magnus Stifter"
928038,tt0191063,Dangerous Trails,Dangerous Trails,1920-07-01,1.3148,8.0,1,[37],en,0,0,20,,,"Rex Ray, Ben Hill, Marie Newall, Lucille Bond, George Holt"
520497,tt0011171,Family Traditions,Familjens traditioner,1920-12-06,1.314,10.0,1,[18],sv,0,0,87,SF Studios,Rune Carlsten,"Sven Bergvall, Tora Teje, Mary Johnson, Carl Browallius, Gösta Ekman"
77621,tt0011870,Within Our Gates,Within Our Gates,1920-01-12,1.3138,6.1,113,"[18, 10749, 80]",en,15000,0,74,Micheaux Book & Film Company,Oscar Micheaux,"Evelyn Preer, Flo Clements, James D. Ruffin, Jack Chenault, Charles D. Lucas"
762365,tt1072708,Jindra,Jindra,1920-05-21,1.3115,0.0,0,"[10749, 18]",cs,0,0,0,Tchéco,Oldřich Kmínek,"Nina Laušmanová, Karel Schleichert, Oldřich Kmínek"
184250,tt0011641,Romeo and Juliet in the Snow,Romeo und Julia im Schnee,1920-03-11,1.3115,6.35,10,[35],de,0,0,46,,Ernst Lubitsch,"Lotte Neumann, Gustav von Wangenheim, Jakob Tiedtke, Marga Köhler, Ernst Rückert"
639020,tt0172427,The Marble Faun,Il fauno di marmo,1920-03-01,1.311,9.0,1,[18],xx,0,0,68,Celio Film,Mario Bonnard,"Elena Sangro, Elsa D’Auro, Carlo Gualandri, Giorgio Fini"
314229,tt0011199,Forbidden Trails,Forbidden Trails,1920-05-15,1.3098,8.0,1,[37],en,0,0,50,Fox Film Corporation,Scott R. Dunlap,"Buck Jones, Winifred Westover, Stanton Heck, William Elmer, George Kunkel"
175314,tt0313851,The Cameraman,The Cameraman,1920-12-08,1.3097,8.0,1,[],en,0,0,0,,Grover Jones,Billy Franey
199960,tt0011717,The Son of Tarzan,The Son of Tarzan,1920-04-30,1.3083,5.8,5,"[28, 12]",xx,0,0,248,National Film Corporation of America,"Harry Revier, Arthur J. Flaven","Karla Schramm, Gordon Griffith, Mae Giraci, Kamuela C. Searle, P. Dempsey Tabler"
120669,tt0011474,The Mollycoddle,The Mollycoddle,1920-06-13,1.3071,6.5,5,"[12, 35, 10749]",en,0,0,86,,Victor Fleming,"Douglas Fairbanks, Ruth Renick, Wallace Beery, Paul Burns, Morris Hughes"
1549593,tt0011011,Boccaccio,Boccaccio,1920-01-30,1.3068,8.0,1,[18],de,0,0,0,Sascha-Film,Michael Curtiz,"Paul Lukas, Ica von Lenkeffy"
783941,tt0186881,Birthright,Birthright,1920-12-01,1.3048,9.0,1,[],en,0,0,50,,Edward L. Hemmer,"Flora Finch, Sidney Mason, Peter Raymond, Bessie Stinson"
1404030,tt0010998,Blackbirds,Blackbirds,1920-12-04,1.3043,10.0,1,"[80, 18]",en,0,0,50,Realart Pictures Corporation,John Francis Dillon,"Justine Johnstone, William 'Stage' Boyd, Charles K. Gerrard, Jessie Arnold, Walter Walker"
326042,tt0011617,The Merry-Go-Round,Der Reigen - Ein Werdegang,1920-02-27,1.2948,7.0,2,[18],de,0,0,98,"Richard Oswald Produktion, Decla-Bioscop, Wüst-Film",Richard Oswald,"Asta Nielsen, Conrad Veidt, Eduard von Winterstein, Irmgard Bern, Theodor Loos"
1590549,tt0011274,Held in Trust,Held in Trust,1920-08-02,1.2942,8.0,1,[10749],en,0,0,60,"Metro Pictures Corporation, Screen Classics Inc.",John Ince,"May Allison, Darrell Foss, Walter Long, John Elliott, Lawrence Grant"
1590174,tt0011598,The Price of Redemption,The Price of Redemption,1920-09-13,1.2939,7.0,1,"[12, 80, 18]",en,0,0,60,Metro Pictures Corporation,Dallas M. Fitzgerald,"Bert Lytell, Seena Owen, Cleo Madison, Landers Stevens, Edward Cecil"
1117844,,Amsterdam Squares and Streets,Amsterdamsche Pleinen en Straten,1920-02-19,1.2936,0.0,0,[99],nl,0,0,10,Haghe Film,Willy Mullens,
1018144,tt0170725,The Twelve Pound Look,The Twelve Pound Look,1920-09-10,1.2899,8.0,1,[18],en,0,0,75,,Jack Denton,"Milton Rosmer, Jessie Winter"
623886,tt0248623,Zlatá žena,Zlatá žena,1920-11-13,1.2869,9.0,1,[18],cs,0,0,0,Poja Film,Vladimír Slavínský,"Vladimír Slavínský, Zdena Kavková, Antonie Nedošinská, Karel Fiala, Anna Švarcová"
426740,tt0491981,Die drei Tänze der Mary Wilford,Die drei Tänze der Mary Wilford,1920-04-01,1.2868,9.0,1,[18],de,0,0,0,Ungo-Film Unger & Gottschalk,Robert Wiene,"Erika Glässner, Friedrich Fehér, Ludwig Hartau, Reinhold Köstlin, Hermann Vallentin"
718469,tt0011812,The Vanishing Dagger,The Vanishing Dagger,1920-06-07,1.2801,7.0,1,[12],en,0,0,360,Universal Film Manufacturing Company,"J.P. McGowan, Eddie Polo, Edward A. Kull","Eddie Polo, C. Norman Hammond, Laura Oakley, Peggy O'Day, Thelma Percy"
378191,tt0011024,The Breaking of the Drought,The Breaking of the Drought,1920-01-01,1.2703,5.667,6,[18],en,0,0,87,Golden Wattle Films,Franklyn Barrett,"Charles Beetham, Nan Taylor, Rawdon Blandford, Trilby Clark, Dunstan Webb"
911344,tt0011386,The Last Straw,The Last Straw,1920-02-14,1.2686,7.0,1,[37],en,0,0,50,Fox Film Corporation,"Charles Swickard, Denison Clift","Buck Jones, Vivian Rich, Jane Talent, Colin Kenny, Charles Le Moyne"
790101,,Sweden and Swedish Industries,Sverige Och Svenska Industrier,1920-01-01,1.2672,0.0,0,[99],en,0,0,85,AB Hasse W. Tullbergs Filmindustri,,Greta Garbo
1261650,tt0011108,Desire,Desire,1920-01-01,1.2662,7.0,1,"[14, 27]",en,0,0,0,British & Colonial Kinematograph Company,George Edwardes-Hall,"Dennis Neilson-Terry, Yvonne Arnaud, Christine Maitland, George W. Anson, Chris Walker"
958472,tt0221997,Hair Trigger Stuff,Hair Trigger Stuff,1920-03-05,1.2649,8.0,1,[37],en,0,0,20,Universal Film Manufacturing Company,B. Reeves Eason,"Hoot Gibson, Mildred Moore, George Field, Beatrice Dominguez, Tote Du Crow"
1617671,tt0011430,The Man Who Dared,The Man Who Dared,1920-08-29,1.2644,10.0,1,"[80, 18, 37]",en,0,0,50,Fox Film Corporation,Emmett J. Flynn,"William Russell, Eileen Percy, Frank Brownlee, Fred Warren, Lon Poff"
1624594,tt0145469,The Sin That Was His,The Sin That Was His,1920-12-05,1.2636,9.0,1,[18],en,0,0,60,Selznick Pictures,Hobart Henley,"William Faversham, Lucy Cotton, Pedro de Cordoba, Miss Sherman, Lule Warrenton"
175503,tt0011833,From Morning to Midnight,Von morgens bis mitternachts,1920-01-01,1.2631,6.093,27,"[80, 35]",de,0,0,72,Ilag-Film,Karlheinz Martin,"Ernst Deutsch, Erna Morena, Hans Heinrich von Twardowski, Roma Bahn, Adolf E. Licho"
1381852,tt0145762,Edgar's Little Saw,Edgar's Little Saw,1920-10-01,1.2627,10.0,1,[35],xx,0,0,21,Goldwyn Pictures Corporation,E. Mason Hopper,"Edward Peil Jr., Lucille Ricksen, Buddy Messinger, Nick Cogley, John Cossar"
283358,tt0011148,Elmo the Fearless,Elmo the Fearless,1920-01-02,1.2624,8.0,1,[28],en,0,0,280,Great Western Producing Company,J.P. McGowan,"Elmo Lincoln, Louise Lorraine, William N. Chapman, Ray Watson, Frank Ellis"
429256,tt0465216,"Lepain, der König der Verbrecher - 4. Teil","Lepain, der König der Verbrecher - 4. Teil",1920-01-01,1.2621,10.0,1,[],de,0,0,0,Althoff & Company,"Louis Ralph, Hubert Moest","Fritz Beckmann, Joel J. Edwards, Rudolf Forster, Gerda Frey, Vera Hall"
1301110,tt0011664,Der Schädel der Pharaonentochter,Der Schädel der Pharaonentochter,1920-11-11,1.2617,8.0,1,"[18, 27]",de,0,0,77,John Hagenbeck-Film GmbH,Otz Tollen,"Emil Jannings, Erna Morena, Kurt Vespermann, Bernhard Goetzke, Hermann Vallentin"
443742,tt0011568,Perpetual Motion,Perpetual Motion,1920-10-02,1.2611,6.0,4,[16],en,0,0,4,J.R. Bray Studios,"Max Fleischer, Dave Fleischer",Max Fleischer
753256,tt0011413,The Lost City,The Lost City,1920-01-02,1.2594,9.0,1,[12],en,0,0,225,Selig Polyscope Company,E.A. Martin,"Juanita Hansen, George Chesebro, Al Ferguson, Frank Clark, Hector Dion"
614655,tt0011328,In Folly's Trail,In Folly's Trail,1920-09-06,1.2592,9.0,1,[18],en,0,0,50,Universal Film Manufacturing Company,Rollin S. Sturgeon,"Carmel Myers, Thomas Holding, Arthur Clayton, George B. Williams, Viola Lind"
842167,tt0452444,The Unconventional Maida Greenwood,The Unconventional Maida Greenwood,1920-07-15,1.2586,10.0,1,[35],en,0,0,30,,Mrs. Sidney Drew,"Mrs. Sidney Drew, John Cumberland"
1338107,tt0444032,Edgar's Jonah Day,Edgar's Jonah Day,1920-05-08,1.2571,8.0,1,[35],xx,0,0,20,Goldwyn Pictures Corporation,E. Mason Hopper,"Lucille Ricksen, Buddy Messinger, Edward Peil Jr., Nick Cogley, John Cossar"
1146559,tt0012312,In the Heart of a Fool,In the Heart of a Fool,1920-10-01,1.2569,3.667,3,[],en,0,0,60,Mayflower Photoplay Company,Allan Dwan,"James Kirkwood, Anna Q. Nilsson, Mary Thurman, Philo McCullough, Ward Crane"
276697,tt0011234,Go and Get It,Go and Get It,1920-07-18,1.2567,7.5,2,"[9648, 35, 18, 27, 878]",en,0,0,70,Marshall Neilan Productions,"Marshall Neilan, Henry Roberts Symonds","Noah Beery, Pat O'Malley, Agnes Ayres, J. Barney Sherry, Bull Montana"
82576,tt0011157,Erotikon,Erotikon,1920-11-08,1.2566,5.688,40,"[10749, 18, 35]",sv,0,0,106,SF Studios,Mauritz Stiller,"Anders de Wahl, Tora Teje, Lars Hanson, Karin Molander, Elin Lagergren"
621270,tt0012696,The Sins of Rosanne,The Sins of Rosanne,1920-11-07,1.2554,7.0,1,[18],en,0,0,50,Famous Players-Lasky Corporation,Tom Forman,"Ethel Clayton, Jack Holt, Fontaine La Rue, Mabel Van Buren, Fred Malatesta"
1160998,tt0907779,"Nie damy ziemi, skąd nasz ród","Nie damy ziemi, skąd nasz ród",1920-11-20,1.2549,0.0,0,[],pl,0,0,0,Polfilma,Władysław Lenczewski,"Helena Bozewska, Tadeusz Skarżyński, Józef Janowski, Antoni Rózanski, Paweł Owerłło"
55646,tt0011742,Sumurun,Sumurun,1920-09-01,1.2548,6.078,32,"[12, 18, 10749]",de,0,0,115,Projektions-AG Union,Ernst Lubitsch,"Ernst Lubitsch, Pola Negri, Paul Wegener, Jenny Hasselqvist, Aud Egede-Nissen"
648170,tt0136206,The Woman House of Brescia,Das Frauenhaus von Brescia,1920-09-30,1.2544,8.0,1,[18],de,0,0,0,,Hubert Moest,"Hedda Vernon, Gertrude Welcker, Josef Peterhans, Joseph Klein, Eduard von Winterstein"
630559,tt0011351,Johannes Goth,Johannes Goth,1920-05-07,1.2544,10.0,1,[],de,0,0,0,,Karl Gerhardt,"Werner Krauss, Carola Toelle, Loni Nest, Claire Creutz, Josef Rehberger"
277813,tt0011211,Fresh Paint,Fresh Paint,1920-03-07,1.2533,6.0,2,[35],en,0,0,14,,"Charley Chase, Alfred J. Goulding","Harry 'Snub' Pollard, Marie Mosquini, Eddie Boland, Noah Young, Gaylord Lloyd"
1436257,tt1653249,Pardon Me,Pardon Me,1920-02-16,1.2519,0.0,0,[35],en,0,0,0,Jolly Comedies,Frank P. Donovan,"Gertrude Selby, Bobby Connelly, Patsy De Forest, Lou Marks"
470517,tt0011632,The River's End,The River's End,1920-02-22,1.2508,7.0,1,"[18, 12]",en,0,0,60,Marshall Neilan Productions,"Marshall Neilan, Victor Heerman","Lewis Stone, Marjorie Daw, Jane Novak, J. Barney Sherry, George Nichols"
623551,tt0010961,Anita,Anita,1920-03-26,1.2464,9.0,1,[27],de,0,0,58,Wiener Kunstfilm,"Jakob Fleck, Luise Fleck","Lola Urban-Kneidinger, Wilhelm Klitsch, Julius Strobl, Nora Herbert"
115515,tt0011837,The Wandering Image,Das wandernde Bild,1920-12-25,1.2432,6.118,17,"[18, 10749]",de,0,0,67,May-Film,Fritz Lang,"Mia May, Hans Marr, Rudolf Klein-Rogge, Harry Frank, Loni Nest"
1012632,tt0011864,Who's Your Servant?,Who's Your Servant?,1920-02-22,1.2419,9.0,1,[18],en,0,0,50,California Motion Picture Corporation,,"Lois Wilson, Yukio Aoyama, Andrew Robson, Albert Morrison, William Scott"
682191,tt1072709,Krasavice Kaťa,Krasavice Kaťa,1920-03-24,1.2397,0.0,0,[],cs,0,0,0,Weteb,Václav Binovec,"Suzanne Marwille, Václav Vydra, Jiří Steimar"
290884,tt0348126,Storm P Draws the Three Little Men,Storm P. Tegner de Tree Små Mænd,1920-01-02,1.2385,10.0,1,[16],da,0,0,1,,Robert Storm Petersen,Robert Storm Petersen
1581850,tt0012275,The Hidden Light,The Hidden Light,1920-11-22,1.2379,9.0,1,[18],en,0,0,50,Schomer-Ross Productions,Abraham S. Schomer,"Dolores Cassinelli, John E. Brennan, Arthur Donaldson, Ben Taggart, Walter Downing"
888345,tt0011601,The Prince Chap,The Prince Chap,1920-08-01,1.2366,7.0,1,[18],en,0,0,60,Paramount Pictures,William C. deMille,"Thomas Meighan, Kathlyn Williams, Charles Ogle, Casson Ferguson, Ann Forrest"
1115284,,De Gooise feestweek te Hilversum,De Gooise feestweek te Hilversum,1920-12-05,1.2364,0.0,0,[99],nl,0,0,0,Haghe Film,Willy Mullens,
873109,tt0011766,Thou Art the Man,Thou Art the Man,1920-04-11,1.2354,8.0,1,[18],en,0,0,50,Famous Players-Lasky Corporation,Thomas N. Heffron,"Robert Warwick, Lois Wilson, J.M. Dumont, Clarence Burton, Clarence Geldart"
1760445,tt0983876,The Jungfrau Railway,The Jungfrau Railway,1920-12-01,1.2328,0.0,0,[99],en,0,0,0,,,
1472187,tt0347275,Jernmixturen,Jernmixturen,1920-01-01,1.2328,10.0,1,"[16, 35]",da,0,0,13,,Robert Storm Petersen,
959542,tt0222248,One Law for All,One Law for All,1920-10-16,1.2327,9.0,1,[37],en,0,0,20,Universal Film Manufacturing Company,Leo D. Maloney,"Hoot Gibson, Dorothy Wood, Jim Corey, Leo D. Maloney"
455537,tt0011624,The Revenge of Tarzan,The Revenge of Tarzan,1920-05-30,1.2321,5.889,9,"[28, 12]",en,0,0,90,Weiss Brothers Artclass Pictures,"George M. Merrick, Harry Revier","Gene Pollar, Karla Schramm, Estelle Taylor, Armand Cortes, Franklin B. Coates"
3015,tt0011348,The Head of Janus,Der Janus-Kopf,1920-08-26,1.2302,9.0,1,"[27, 18]",de,0,0,107,"Lipow-Film, Decla-Bioscop",F. W. Murnau,"Conrad Veidt, Magnus Stifter, Margarete Schlegel, Willy Kaiser-Heyl, Bela Lugosi"
783914,tt0202687,A Woman Who Understood,A Woman Who Understood,1920-03-14,1.2297,3.0,3,[18],en,0,0,50,Robertson-Cole Pictures Corporation,William Parke,"Bessie Barriscale, Forrest Stanley, Dorothy Cumming, Thomas Holding, Stanton Williams"
1170705,tt2265507,Prester John,Prester John,1920-07-12,1.2286,0.0,0,[],en,0,0,0,,Dick Cruikshanks,"Ernest Groves, Masoja, Grafton Williams, Adele Fillis, Dick Cruikshanks"
943570,tt0011178,Felix O'Day,Felix O'Day,1920-09-12,1.2281,10.0,1,[18],en,0,0,50,Jesse D. Hampton Productions,Robert Thornby,"H.B. Warner, Marguerite Snow, Lillian Rich, George B. Williams, Ray Ripley"
613502,tt0011778,A Tokyo Siren,A Tokyo Siren,1920-06-14,1.2272,10.0,1,[18],en,0,0,50,Universal Film Manufacturing Company,Norman Dawn,"Tsuru Aoki, Jack Livingston, Goro Kino, Toyo Fujita, Arthur Jasmine"
451843,tt0011890,Yes or No,Yes or No,1920-06-28,1.2259,6.667,3,[18],en,0,0,72,Norma Talmadge Film Corporation,Roy William Neill,"Norma Talmadge, Frederick Burton, Lowell Sherman, Lionel Adams, Rockliffe Fellowes"
1280397,tt0010980,Baron Olson,Baron Olson,1920-01-28,1.2253,9.0,1,[35],sv,0,0,59,,Erik A. Petschler,"Erik A. Petschler, Agnes Thomé, Gucken Cederborg, Georg Blomstedt, Ernst Berglund"
926357,tt0011182,Firebrand Trevison,Firebrand Trevison,1920-09-05,1.2252,8.0,1,[37],en,0,0,50,Fox Film Corporation,Thomas N. Heffron,"Buck Jones, Winifred Westover, Martha Mattox, Stanton Heck, Frank Clark"
763158,tt1075091,Yorickova lebka,Yorickova lebka,1920-01-09,1.2234,0.0,0,[18],cs,0,0,0,Excelsior,Miloš Nový,"Miloš Nový, Eva Vrchlická, Eduard Kohout, Alexander Třebovský, Karel Kolár"
926346,tt0011724,The Spirit of Good,The Spirit of Good,1920-07-01,1.2231,8.0,1,"[18, 37]",en,0,0,50,Fox Film Corporation,Paul Cazeneuve,"Madlaine Traverse, Fred R. Stanton, Dick La Reno, Charles Smiley, Clo King"
51472,tt0010155,The Garage,The Garage,1920-01-11,1.2216,6.131,65,[35],en,0,0,22,Comique Film Company,Roscoe Arbuckle,"Roscoe Arbuckle, Buster Keaton, Molly Malone, Harry McCoy, Dan Crimmins"
221379,tt0011716,Something to Think About,Something to Think About,1920-10-16,1.2215,6.833,6,[18],en,0,0,78,Famous Players-Lasky Corporation,Cecil B. DeMille,"Elliott Dexter, Gloria Swanson, Monte Blue, Theodore Roberts, Claire McDowell"
628375,tt0456577,Opfer,Opfer,1920-01-15,1.2214,7.0,1,[18],de,0,0,72,,Ernst Fiedler-Spies,"Carola Toelle, Werner Krauss, Jaro Fürth, Ferdinand Robert, Rudolf Lettinger"
696405,tt0202688,Woman's Man,Woman's Man,1920-10-02,1.2207,0.0,1,[37],en,0,0,50,Screencraft Productions,Warren Gordon,"Romaine Fielding, William H. Tooker, Velvet Beban, D.W. Reynolds, Emile La Croix"
1004344,tt3297248,Othello,Othello,1920-01-01,1.2204,0.0,0,[16],en,0,0,0,,Anson Dyer,
253744,tt0135475,An Adventuress,An Adventuress,1920-04-10,1.2193,7.0,2,"[18, 35, 12]",en,0,0,50,Fred J. Balshofer Productions,Fred J. Balshofer,"Julian Eltinge, Frederick Ko Vert, William Clifford, Leo White, Virginia Rappe"
1617011,tt0010065,The Devil's Riddle,The Devil's Riddle,1920-03-08,1.2179,9.0,1,[18],en,0,0,50,Fox Film Corporation,Frank Beal,"Gladys Brockwell, William Scott, Richard Cummings, Claire McDowell, Tom Bates"
880114,tt0011538,One Hour Before Dawn,One Hour Before Dawn,1920-07-11,1.2175,10.0,1,[9648],en,0,0,53,Jesse D. Hampton Productions,Henry King,"H.B. Warner, Anna Q. Nilsson, Augustus Phillips, Frank Leigh, Howard Davies"
613489,tt0011286,Her Five-Foot Highness,Her Five-Foot Highness,1920-04-12,1.2171,7.0,1,[18],en,0,0,50,Universal Film Manufacturing Company,Harry L. Franklin,"Edith Roberts, Virginia Ware, Ogden Crane, Harold Miller, Stanhope Wheatcroft"
284651,tt0011361,Kaksen paa Øverland,Kaksen paa Øverland,1920-01-02,1.213,9.0,1,"[14, 80, 18]",no,0,0,97,,Gustav Adolf Olsen,"Pehr Qværnstrøm, Amund Rydland, Signe Heide Steen, Erling Sande, Arthur Barking"
958505,tt0149385,Wolf Tracks,Wolf Tracks,1920-05-07,1.2124,10.0,1,[37],en,0,0,20,Universal Film Manufacturing Company,Mack V. Wright,"Hoot Gibson, Thelma Percy, Tom London, Jim Corey, Charles Newton"
958508,tt0222439,Thieves' Clothes,Thieves' Clothes,1920-05-22,1.2118,9.0,1,[37],en,0,0,20,Universal Film Manufacturing Company,Mack V. Wright,"Hoot Gibson, Alma Bennett"
1599300,tt0011621,Respectable by Proxy,Respectable by Proxy,1920-02-15,1.2113,10.0,1,[18],en,0,0,60,J. Stuart Blackton Feature Pictures,J. Stuart Blackton,"Sylvia Breamer, William R. Dunn, Bessie Stinson, Eulalie Jensen, Margaret Barry"
140368,tt0011055,The Chinaman,The Chinaman,1920-05-19,1.21,7.75,4,"[35, 16]",en,0,0,7,J.R. Bray Studios,Dave Fleischer,Max Fleischer
1623475,tt0011121,Don't Ever Marry,Don't Ever Marry,1920-04-18,1.2091,8.0,1,[35],en,0,0,60,Marshall Neilan Productions,"Victor Heerman, Marshall Neilan","Matt Moore, Marjorie Daw, Thomas Jefferson, Mayme Kelso, Betty Bouton"
848096,,Darling Mine,Darling Mine,1920-08-16,1.2091,0.0,0,[18],en,0,0,50,Selznick Pictures,Laurence Trimble,"Olive Thomas, Walter McGrail, Walt Whitman, J. Barney Sherry, Margaret McWade"
1617666,tt0011284,Her Elephant Man,Her Elephant Man,1920-02-09,1.2066,7.0,1,[18],en,0,0,50,Fox Film Corporation,Scott R. Dunlap,"Shirley Mason, Alan Roscoe, Henry Hebert, Ardita Mellinina, Harry Todd"
426733,tt5794530,Panic in the House of Ardon,Der Schrecken im Hause Ardon,1920-10-04,1.2056,0.0,0,"[80, 18]",de,0,0,68,Stuart Webbs-Film Company,Robert Wiene,"Gustav von Wangenheim, Stella Harf, Paul Mederow, Ernst Stahl-Nachbaur, Fritz Greiner"
1427279,tt0011288,Her Husband's Friend,Her Husband's Friend,1920-11-14,1.2017,4.0,2,[18],en,0,0,50,Thomas H. Ince Corporation,Fred Niblo,"Enid Bennett, Rowland V. Lee, Tom Chatterton, Mae Busch, Aileen Manning"
773217,tt0012100,The Deceiver,The Deceiver,1920-12-01,1.2017,8.0,1,[18],en,0,0,50,"The American Lifeograph Company, Arrow Film Corporation","Lewis H. Moomaw, Jean Hersholt","Jean Hersholt, Carol Holloway, Bert Sprotte, Lee Hill, William Dills"
613630,tt0011616,The Red Lane,The Red Lane,1920-07-12,1.1967,10.0,1,[18],en,0,0,50,Universal Film Manufacturing Company,Lynn Reynolds,"Frank Mayo, Lillian Rich, James Pier Mason, Jean Hersholt, James O'Neill"
1397033,tt0011062,Clothes,Clothes,1920-09-19,1.1961,9.0,1,[18],en,0,0,50,Metro Pictures Corporation,Fred Sittenham,"Olive Tell, Crauford Kent, Cyril Chadwick, Zeffie Tilbury, Frank Currier"
1590515,tt0011920,An Amateur Devil,An Amateur Devil,1920-12-19,1.1957,8.0,1,[35],en,0,0,50,Famous Players-Lasky Corporation,Maurice Campbell,"Bryant Washburn, Ann May, Charles Wingate, Christine Mayo, Sidney Bracey"
665963,tt4800484,Baccarat,Baccarat,1920-04-21,1.1953,0.0,0,[18],de,0,0,0,,Bob Holste,"Ludwig Hartau, Kurt Ehrle, Molley Wessely, Ernst Josef Aufricht, Stella May"
931554,,Two Souls,Две души,1920-05-05,1.1924,0.0,0,"[18, 12]",ru,0,0,0,"Torgovy dom ""Rus""",Yuri Zhelyabuzhsky,"Nikolay Podgorny, Maria Zhdanova, Anna Dmokhovskaya, Grigoriy Yefremov, Vladimir Mikhaylov"
1372766,tt0011377,Künstlerlaunen,Künstlerlaunen,1920-07-30,1.192,9.0,1,[],de,0,0,0,Vera-Filmwerke,Paul Otto,"Gertrud Arnold, Aud Egede-Nissen, Conrad Veidt, Alfred Haase, Albert Bozenhard"
1117874,,Along Gouwe and Oude Rijn,Langs Gouwe en Oude Rijn,1920-08-01,1.1917,0.0,0,[99],nl,0,0,5,Haghe Film,Willy Mullens,
1102620,tt0011384,The Land of Jazz,The Land of Jazz,1920-12-01,1.1903,8.0,1,[35],en,0,0,50,Fox Film Corporation,Jules Furthman,"Eileen Percy, Ruth Stonehouse, Herbert Heyes, George Fisher, Franklyn Farnum"
1004339,tt0011083,The Cup of Fury,The Cup of Fury,1920-01-01,1.1902,8.0,1,[18],en,0,0,50,Eminent Authors Pictures Inc,T. Hayes Hunter,"Helene Chadwick, Rockliffe Fellowes, Frank Leigh, Clarissa Selwynne, Kate Lester"
613496,tt0011228,The Girl in Number 29,The Girl in Number 29,1920-05-17,1.1899,7.5,2,[18],en,0,0,50,Universal Film Manufacturing Company,John Ford,"Frank Mayo, Elinor Fair, Claire Anderson, Robert Bolder, Ruth Royce"
1594942,tt0011633,The Road of Ambition,The Road of Ambition,1920-12-20,1.1878,9.0,1,[18],en,0,0,60,Selznick Pictures,William P.S. Earle,"Conway Tearle, Gladden James, Arthur Housman, Tom McGuire, Adolph Milar"
1617659,tt0011337,The Iron Heart,The Iron Heart,1920-06-07,1.1858,8.0,1,[18],en,0,0,50,Fox Film Corporation,"Denison Clift, Paul Cazeneuve","Madlaine Traverse, George A. McDaniel, Edwin B. Tilton, Melbourne MacDowell, Ben Deeley"
682548,tt0011639,Romance,Romance,1920-05-16,1.1856,9.5,2,[18],en,0,0,70,,Chester Withey,"Doris Keane, Basil Sydney, Norman Trevor, Betty Ross Clarke, Amelia Summerville"
201189,tt0222315,The Rattler's Hiss,The Rattler's Hiss,1920-03-22,1.185,10.0,1,[37],en,0,0,20,Universal Film Manufacturing Company,B. Reeves Eason,"Hoot Gibson, Mildred Moore, Tote Du Crow, George Field, B. Reeves Eason"
1590233,tt0011589,The Poor Simp,The Poor Simp,1920-08-20,1.1845,7.0,1,[35],en,0,0,50,Selznick Pictures,Victor Heerman,"Owen Moore, Nell Craig, Harry L. Rattenberry, Vera Lewis, Herbert Prior"
35075,tt0011000,Leaves from Satan's Book,Blade af Satans Bog,1920-11-15,1.1842,6.1,46,"[18, 36, 14, 27]",da,0,0,157,,Carl Theodor Dreyer,"Helge Nissen, Halvard Hoff, Jacob Texiere, Hallander Helleman, Ebon Strandin"
111747,tt0011358,Just Pals,Just Pals,1920-10-21,1.1835,6.4,23,"[18, 37]",en,0,0,50,Fox Film Corporation,John Ford,"Buck Jones, Helen Ferguson, George Stone, Duke R. Lee, William Buckley"
1319249,tt0197815,Reformation,Reformation,1920-08-10,1.1829,7.0,1,[18],en,0,0,0,Loyalty Film Company,Leslie T. Peacocke,"Sidney P. Dones, Geraldine Steele, Webb King, Vera Lavassor, Yvonne Dumont"
620002,tt0332048,Figaros Hochzeit,Figaros Hochzeit,1920-07-30,1.1827,7.0,1,[10749],de,0,0,0,Terra Film,Max Mack,"Alexander Moissi, Hella Moja, Eduard von Winterstein, Vera Schwarz, Johanna Mund"
872934,tt0011421,The Luck of the Irish,The Luck of the Irish,1920-01-05,1.1815,3.0,3,[18],en,0,0,70,"Allan Dwan Productions, Mayflower Photoplay Company",Allan Dwan,"James Kirkwood, Anna Q. Nilsson, Harry Northrup, Ward Crane, Ernest Butterworth Jr."
1590238,tt0011455,Merely Mary Ann,Merely Mary Ann,1920-09-12,1.1804,9.0,1,"[35, 18, 10749]",en,0,0,50,Fox Film Corporation,Edward LeSaint,"Shirley Mason, Casson Ferguson, Harry Spingler, Georgia Woodthorpe, Babe London"
648280,tt2218106,En Aftenscene,En Aftenscene,1920-02-17,1.1777,0.0,0,[],da,0,0,0,,Fritz Magnussen,"Olaf Fønss, Thilda Fønss, Oda Rostrup, Philip Bech, Harry Komdrup"
574314,tt1666081,Spooky Spooks,Spooky Spooks,1920-01-11,1.1772,0.0,0,[35],en,0,0,11,Schiller Productions (II),,Bud Duncan
1486703,tt0169641,The Breed of the Treshams,The Breed of the Treshams,1920-09-01,1.1768,7.0,1,[12],en,0,0,0,Astra Film,Kenelm Foss,"Mary Odette, Hayford Hobbs, A.B. Imeson, Charles Vane, Margot Drake"
574292,tt0314402,The Moonshiner,The Moonshiner,1920-08-11,1.1765,9.0,1,[35],en,0,0,15,Reelcraft Pictures,,Billy Franey
555723,tt0477834,Quand on aime,Quand on aime,1920-03-19,1.1759,7.0,1,[18],fr,0,0,0,Société d'Éditions Cinématographiques,Henry Houry,"Julia Bruns, Arnold Daly, Renée Fagan, Paul Guidé, Henri Bosc"
1655062,tt0010997,The Black Spider,The Black Spider,1920-05-13,1.1758,10.0,1,"[80, 18, 9648]",en,0,0,50,British & Colonial Kinematograph Company,William Humphrey,"Mary Clare, Ronald Colman, Bertram Burleigh, Adeline Hayden Coffin, Lydia Kyasht"
612534,tt0010948,The Adorable Savage,The Adorable Savage,1920-08-06,1.1751,9.0,1,"[18, 10749]",en,0,0,50,Universal Film Manufacturing Company,Norman Dawn,"Edith Roberts, Jack Perrin, Richard Cummings, Noble Johnson, Arthur Jervis"
775524,tt0330285,The Black Tulip Festival,Das Fest der schwarzen Tulpe,1920-10-30,1.1725,9.0,1,[18],de,0,0,82,Ustad-Film,"Marie Luise Droop, Muhsin Ertuğrul","Theodor Becker, Friedrich Berger, Carl de Vogt, Tronier Funder, Helga Hall"
682567,tt0011518,Nothing But Lies,Nothing But Lies,1920-04-01,1.1721,8.0,1,[],en,0,0,60,Taylor Holmes Productions,Lawrence C. Windom,"Taylor Holmes, Justine Johnstone, John Junior, Gypsy O'Brien, Jack McGowan"
508313,tt0011830,The Virgin of Stamboul,The Virgin of Stamboul,1920-03-27,1.1696,6.7,5,[18],en,0,0,70,Universal Film Manufacturing Company,Tod Browning,"Priscilla Dean, Wheeler Oakman, Wallace Beery, Clyde Benson, E. Alyn Warren"
1580948,tt0011836,The Wall Street Mystery,The Wall Street Mystery,1920-05-17,1.1666,7.0,1,[9648],en,0,0,50,"Empire State Film Corporation, William Steiner Productions",Tom Collins,"Glen White, Jane McAlpine, David Wall, Alexander F. Frank, Marie Treador"
1756761,tt1445612,Das Gesicht im Spiegel,Das Gesicht im Spiegel,1920-01-01,1.1651,0.0,0,[],de,0,0,0,Imperator-Film,"Willy Rothe, Paul Herbig","Margit Barnay, Eduard Rothauser, Christian S. Elfeld, Walter Wassermann, Paul Rainer"
335449,tt0011647,The Round-Up,The Round-Up,1920-10-10,1.164,6.333,6,"[37, 35, 10749]",en,0,0,70,Paramount Pictures,George Melford,"Roscoe Arbuckle, Mabel Julienne Scott, Irving Cummings, Wallace Beery, Tom Forman"
402246,tt0248079,Her Bridal Night-Mare,Her Bridal Night-Mare,1920-01-30,1.1617,5.667,3,[35],en,0,0,35,Christie Film Company,Al Christie,"Colleen Moore, Earle Rodney, Gino Corrado, Eddie Barry, Helen Darling"
682549,tt0011102,The Deep Purple,The Deep Purple,1920-05-02,1.1608,10.0,1,"[80, 18]",en,0,0,60,Mayflower Photoplay Company,Raoul Walsh,"Miriam Cooper, Helen Ware, Vincent Serrano, William J. Ferguson, Stuart Sage"
402828,tt0011396,The Leopard Woman,The Leopard Woman,1920-10-18,1.1604,7.0,3,[12],en,0,0,68,J. Parker Read Jr. Productions,Wesley Ruggles,"Louise Glaum, House Peters, Noble Johnson, Benny Ayers, Nathan Curry"
1590511,tt0011727,The Sporting Duchess,The Sporting Duchess,1920-02-29,1.1593,8.0,1,[18],en,0,0,70,Vitagraph Company of America,George Terwilliger,"Alice Joyce, Percy Marmont, Gustav von Seyffertitz, Edith Campbell, Lionel Pape"
960604,tt0222431,The Two-Fisted Lover,The Two-Fisted Lover,1920-11-20,1.1577,10.0,1,[37],en,0,0,20,Universal Film Manufacturing Company,Edward Laemmle,"Hoot Gibson, Dorothy Wood, Jim Corey, Charles Newton, Walter Crowley"
476806,tt0418125,"Saferndri, die Tänzerin von Dschiapur","Saferndri, die Tänzerin von Dschiapur",1920-12-02,1.1562,8.0,1,[18],de,0,0,0,,Georg Bluen,"Fern Andra, Heinrich Lisson, Ernst Rückert"
411482,tt0011855,While New York Sleeps,While New York Sleeps,1920-08-23,1.1541,7.0,1,"[18, 80]",en,0,0,80,Fox Film Corporation,Charles Brabin,"Estelle Taylor, William J. Locke, Marc McDermott, Harry Sothern, Earl Metcalfe"
1549594,tt0011731,The Star of Damascus,Der Stern von Damaskus,1920-09-03,1.1525,8.0,1,[18],de,0,0,0,Sascha-Film,Michael Curtiz,"Lucy Doraine, Anton Tiller, Iván Petrovich"
1012725,tt0011889,The Yellow Typhoon,The Yellow Typhoon,1920-05-03,1.1523,9.0,1,[18],en,0,0,60,"Anita Stewart Productions, Louis B. Mayer Productions",Edward José,"Anita Stewart, Ward Crane, Donald MacDonald, Joseph Kilgour, George Fisher"
555764,tt0218095,Le chevalier de Gaby,Le chevalier de Gaby,1920-05-14,1.1519,9.0,1,[],fr,0,0,0,,Charles Burguet,"Gaby Morlay, Gaston Modot, Camille Bardou, Berthe Jalabert"
175229,tt1534534,Trouble,Trouble,1920-03-08,1.1503,3.0,1,[35],en,0,0,0,,,"Al St. John, Cliff Bowes, Joe Murphy, Billy Franey"
175283,tt0011063,The Clown's Little Brother,The Clown's Little Brother,1920-07-06,1.1502,6.8,6,"[16, 35]",en,0,0,5,J.R. Bray Studios,Dave Fleischer,Max Fleischer
308538,tt0011846,West Is West,West Is West,1920-11-21,1.1498,7.0,1,[37],en,0,0,50,Universal Film Manufacturing Company,Val Paul,"Harry Carey, Charles Le Moyne, James O'Neill, Ted Brooks, Ed Lattell"
574311,tt0249598,Innocent Ambrose,Innocent Ambrose,1920-01-11,1.1488,8.0,1,[35],en,0,0,13,The Frohman Amusement Corp.,Mack Swain,Mack Swain
555739,tt0412732,Flipotte,Flipotte,1920-11-19,1.1487,9.0,1,[],fr,0,0,0,,Jacques de Baroncelli,"Gabriel Signoret, Suzanne Bianchetti, Jeanne Cheirel, Andrée Brabant"
1549587,tt0009771,The Merry Widow,A víg özvegy,1920-03-15,1.1476,0.0,0,[10402],hu,0,0,0,Semper Filmvállalat,Michael Curtiz,"Victor Varconi, Berta Valero, Endre Boross, Árpád id. Latabár, Miklós Szomory"
1678403,tt0011818,Het verborgen leven,Het verborgen leven,1920-02-20,1.1467,8.0,1,[18],xx,0,0,0,,"Maurits Binger, B.E. Doxat-Pratt","Annie Bos, Adelqui Migliar, Renee Spiljar, Bert Darley, Harry Waghalter"
1117869,,The Hague Holiday Children's Party,Het' s-Gravenhaagsche Vacantie-kinderfeest,1920-03-25,1.1462,0.0,0,[99],nl,0,0,5,Haghe Film,Willy Mullens,
941535,,Nifty Nurse,Nifty Nurse,1920-08-22,1.346,0.0,0,[16],en,0,0,5,,Otto Messmer,
628347,tt0012193,Die Frau ohne Seele,Die Frau ohne Seele,1920-05-13,1.1439,9.0,1,[],de,0,0,0,,Léo Lasko,"Edith Meller, Werner Krauss, Alfred Abel, Kurt Ehrle, Ferry Sikla"
292789,tt0011303,Honest Hutch,Honest Hutch,1920-09-19,1.1435,8.0,1,"[35, 37]",en,0,0,50,Goldwyn Pictures Corporation,Clarence G. Badger,"Will Rogers, Mary Alden, Priscilla Bonner, Tully Marshall, Nick Cogley"
1678410,tt0010946,Aan boord van de Sabine,Aan boord van de Sabine,1920-04-16,1.1415,9.0,1,[18],xx,0,0,0,,Theo Frenkel Sr.,"Frits Bouwmeester jr., Lily Bouwmeester, Frits Engels, Dio Huysmans, Kees Lageman"
1387464,tt0140271,The Hundredth Chance,The Hundredth Chance,1920-06-01,1.1395,9.0,1,"[18, 10749]",en,0,0,0,Stoll Picture Productions,Maurice Elvey,"Dennis Neilson-Terry, Mary Glynne, Eille Norwood, Sydney Seaward, Teddy Arundell"
958230,tt0222358,The Sheriff's Oath,The Sheriff's Oath,1920-02-28,1.1389,8.0,1,[37],en,0,0,20,Universal Film Manufacturing Company,Phil Rosen,"Hoot Gibson, Josephine Hill, Arthur Mackley, Martha Mattox, James O'Neill"
1117847,,The Holland-Denmark Football Match,De Voetbalwedstrijd Holland - Denemarken,1920-07-11,1.1386,0.0,0,[99],xx,0,0,13,Haghe Film,Willy Mullens,"Jan van den Berg, Constant Feith, Jan Kan, Philippine de Ligne-de Noailles"
633603,tt0461618,Über den Wolken,Über den Wolken,1920-02-19,1.138,8.0,1,[],de,0,0,0,,Harry Piel,"Harry Piel, Paula Barra, Paul Kaiser, Erna Pabst, Erna Flemming"
937264,tt0011416,Love Madness,Love Madness,1920-08-29,1.1379,8.0,1,"[80, 18]",en,0,0,90,J. Parker Read Jr. Productions,Joseph Henabery,"Louise Glaum, Matt Moore, William Conklin, Noah Beery, Jack Nelson"
1649910,tt0011810,The Valley of Tomorrow,The Valley of Tomorrow,1920-02-16,1.1364,8.0,1,"[80, 18]",en,0,0,60,American Film Company,Emmett J. Flynn,"William Russell, Mary Thurman, Harvey Clark, Fred Malatesta, Pauline Curley"
1624575,tt0011475,The Money Changers,The Money Changers,1920-10-31,1.1362,10.0,1,"[80, 18]",en,0,0,60,"Benjamin B. Hampton Productions, Federal Photoplays of California",Jack Conway,"Robert McKim, Claire Adams, Betty Brice, Roy Stewart, George Webb"
1624581,tt0010495,My Husband's Other Wife,My Husband's Other Wife,1920-01-04,1.1361,10.0,1,"[18, 10749]",en,0,0,60,J. Stuart Blackton Feature Pictures,J. Stuart Blackton,"Sylvia Breamer, Robert Gordon, Warren Chandler, May McAvoy, Fanny Rice"
845624,tt0011037,The Bump,The Bump,1920-10-01,1.1323,7.0,1,[35],en,0,0,28,"Minerva Films, Bushey Studios",Adrian Brunel,"C. Aubrey Smith, Faith Celli, Douglas Marshall, Nellie Cooper, F.W. Grant"
1390133,tt0183104,A Gamble in Lives,A Gamble in Lives,1920-11-01,1.1318,7.0,1,[18],en,0,0,0,British & Colonial Kinematograph Company,George Ridgwell,"Malvina Longfellow, Norman McKinnel, Alec Fraser, John Reid, Molly Adair"
920128,tt0011289,Her Unwilling Husband,Her Unwilling Husband,1920-11-21,1.1301,10.0,1,[35],en,0,0,50,Jesse D. Hampton Productions,Paul Scardon,"Blanche Sweet, Alan Roscoe, Edwin Stevens, George Kuwa"
672315,tt0439246,Die Marchesa d'Arminiani,Die Marchesa d'Arminiani,1920-05-26,1.1285,0.0,0,"[80, 18]",de,0,0,59,,Alfred Halm,"Pola Negri, Ernst Dernburg, Fritz Schulz, Elsa Wagner, Max Pohl"
665853,tt0195812,Husbands and Wives,Husbands and Wives,1920-03-01,1.1285,9.0,1,[18],en,0,0,50,Gaumont Company,Joseph Levering,"Vivian Martin, Hugh Thompson"
613494,tt0011036,Bullet Proof,Bullet Proof,1920-05-03,1.128,9.0,1,"[28, 37]",en,0,0,50,Universal Film Manufacturing Company,Lynn Reynolds,"Harry Carey, William Ryno, Fred Gamble, Kathleen O'Connor, J. Farrell MacDonald"
1425680,tt0144657,The Ugly Duckling,The Ugly Duckling,1920-07-10,1.1275,7.0,1,[35],en,0,0,75,G.B. Samuelson Productions,Alexander Butler,"Albert Ray, Florence Turner, Maudie Dunham, William Merrick"
958535,tt0221873,The Champion Liar,The Champion Liar,1920-09-11,1.1255,9.0,1,[37],en,0,0,20,Universal Film Manufacturing Company,Hoot Gibson,"Hoot Gibson, Jim Corey, Dorothy Wood, Andrew Waldron, Jack Walters"
625748,tt0011261,Harriet and the Piper,Harriet and the Piper,1920-09-13,1.1253,9.0,1,[18],en,0,0,60,"Louis B. Mayer Productions, Anita Stewart Productions",Bertram Bracken,"Anita Stewart, Ward Crane, Charles Richman, Myrtle Stedman, Byron Munson"
1525088,tt0011457,"Miarka, la fille à l'ourse","Miarka, la fille à l'ourse",1920-10-19,1.1249,9.0,1,[10749],fr,0,0,102,Société des Films Mercanton,Louis Mercanton,"Desdemona Mazza, Ivor Novello, Gabrielle Réjane, Marie Montbazon, Jean Richepin"
668885,tt0391362,Nidelvia,Nidelvia,1920-04-10,1.1224,6.0,3,[18],es,0,0,0,Manuel Cirerol Sansores,Manuel Cirerol Sansores,Manolita Ruiz
555778,tt0427859,Si jamais je te pince,Si jamais je te pince,1920-09-24,1.1223,10.0,1,[],fr,0,0,0,,Charles Prince,"Charles Prince, Simone Joubert, Charles Lorrain, Georges Gorby, Louis Baron fils"
1617650,tt0011435,A Manhattan Knight,A Manhattan Knight,1920-03-15,1.1212,9.0,1,"[28, 12, 80, 9648]",en,0,0,50,Fox Film Corporation,George Beranger,"George Walsh, Virginia Hammond, William H. Budd, Warren Cook, Jack Hopkins"
322083,tt0334393,Some Shimmiers,Some Shimmiers,1920-01-12,1.1212,6.0,2,[35],en,0,0,15,,"Lee Moran, Eddie Lyons","Eddie Lyons, Lee Moran, Mildred Moore, John George"
1325479,tt0163971,The Amazing Quest of Mr Ernest Bliss,The Amazing Quest of Mr Ernest Bliss,1920-01-01,1.121,7.0,1,[35],en,0,0,80,Hepworth Picture Plays,Henry Edwards,"Henry Edwards, Chrissie White, Mary Brough, Gerald Ames, Mary Dibley"
628351,tt0435504,Va banque,Va banque,1920-06-27,1.1201,7.0,1,[],de,0,0,0,,Léo Lasko,"Fritz Kortner, Edith Meller, Meinhart Maur, Charles Willy Kayser, Niels Prien"
614523,tt0011359,Just a Wife,Just a Wife,1920-02-23,1.119,10.0,1,[18],en,0,0,50,National Picture Theatres,Howard Hickman,"Roy Stewart, Leatrice Joy, Albert Van Antwerp, Kathlyn Williams, William Lion West"
779871,,Saetta,Saetta,1920-04-01,1.1178,0.0,0,"[28, 12]",it,0,0,0,Delta film,Ettore Ridoni,Domenico Gambino
1404045,tt0011066,Colombine - Die Braut des Apachen,Colombine - Die Braut des Apachen,1920-01-01,1.1171,7.0,1,[18],de,0,0,68,Vera-Filmwerke,"Jaap Speyer, Martin Hartwig","Emil Jannings, Margarete Lanner, Gustav Adolf Semler, Alex Otto, Erich Ziegel"
323963,tt0011629,The Right to Love,The Right to Love,1920-09-05,1.1163,9.0,1,[18],en,0,0,70,Famous Players-Lasky Corporation,George Fitzmaurice,"Mae Murray, Holmes Herbert, David Powell, Alma Tell, Frank Losee"
1386059,tt0133085,Man and Woman,Man and Woman,1920-11-15,1.1161,10.0,1,[18],en,0,0,0,A.H. Fischer Features Inc.,,"Diana Allen, Joe King, Eddie Sturgis, John L. Shine, Tatjana Irrah"
1261644,tt0440486,Der Hund von Baskerville - 5 Teil: Dr. Macdonalds Sanatorium,Der Hund von Baskerville - 5 Teil: Dr. Macdonalds Sanatorium,1920-01-01,1.1159,8.0,1,"[27, 9648]",de,0,0,0,Greenbaum-Film,Willy Zeyn Sr.,"Erwin Fichtner, Erich Kaiser-Titz, Friedrich Kühne, Lya Sellin, Andreas Van Horn"
680322,tt0255357,Mata Hari,Mata Hari,1920-01-01,1.114,7.0,1,[18],de,0,0,0,,Ludwig Wolff,Asta Nielsen
537624,tt0011114,The Devil's Passkey,The Devil's Passkey,1920-08-08,1.1139,9.0,1,[18],en,0,0,130,Universal Film Manufacturing Company,Erich von Stroheim,"Sam De Grasse, Una Trevelyn, Clyde Fillmore, Maude George, Leo White"
1483399,,At Piedigrotta,A Piedigrotta,1920-12-18,1.1129,0.0,0,[],it,0,0,57,Dora Film,Elvira Notari,"Giovanni Esercizio, Eduardo Notari"
1312169,,Münchhausen,Münchhausen,1920-01-01,1.111,0.0,0,"[16, 14]",en,0,0,7,Institut für Kulturforschung,Richard Felgenauer,
543381,tt0011250,The Greatest Love,The Greatest Love,1920-12-01,1.11,8.0,1,[18],en,0,0,60,Select Pictures Corporation,Henry Kolker,"Vera Gordon, Bertram Marburgh, Yvonne Shelton, Hugh Huntley, William H. Tooker"
84943,tt0011221,Genuine: The Tragedy of a Vampire,"Genuine, die Tragödie eines seltsamen Hauses",1920-09-02,1.1096,5.521,47,[27],xx,0,0,88,Decla-Bioscop,Robert Wiene,"Fern Andra, Hans Heinrich von Twardowski, Ernst Gronau, Harald Paulsen, Albert Bennefeld"
520689,tt0133707,A Dead Certainty,A Dead Certainty,1920-03-01,1.1092,7.0,1,[],en,0,0,0,,George Dewhurst,
922186,tt0011366,Kids Is Kids,Kids Is Kids,1920-09-12,1.1079,10.0,1,[35],en,0,0,0,Paramount Pictures,Charley Chase,"Carter DeHaven, Flora Parker DeHaven, Charley Chase"
687078,tt0011275,Held by the Enemy,Held by the Enemy,1920-10-24,1.1078,9.0,1,[18],en,0,0,60,Paramount Pictures,Donald Crisp,"Agnes Ayres, Wanda Hawley, Josephine Crowell, Lillian Leighton, Lewis Stone"
688068,tt0195826,In Walked Mary,In Walked Mary,1920-03-07,1.1076,7.0,1,[18],en,0,0,50,Albert Capellani Productions,George Archainbaud,"June Caprice, Thomas Carrigan, Stanley Walpole, Vivienne Osborne, Frances Miller"
1523246,tt0011669,Screen Follies No. 2,Screen Follies No. 2,1920-01-04,1.1055,10.0,1,[16],en,0,0,0,"Ambiguous Vision Productions, Capital Film Co.","Luis Seel, F.A. Dahne",
1598454,tt0011419,"Love, Honor and Behave","Love, Honor and Behave",1920-11-22,1.105,8.0,1,[35],en,0,0,50,Mack Sennett Comedies,"F. Richard Jones, Erle C. Kenton","Charles Murray, Ford Sterling, Phyllis Haver, Marie Prevost, George O'Hara"
758971,tt0011445,Intrigue,Das Martyrium,1920-10-15,1.1049,8.0,1,[],de,0,0,82,,Paul L. Stein,"Ernst Hofmann, Hans Kuhnert, Frieda Lemke, Pola Negri"
341988,tt0011168,The Face at the Window,The Face at the Window,1920-04-01,1.1034,10.0,1,"[80, 9648]",en,0,0,60,British Actor,Wilfred Noy,"C. Aubrey Smith, Gladys Jennings, Jack Hobbs, Charles Quatermaine, Ben Field"
3017,tt0011131,Dr. Jekyll and Mr. Hyde,Dr. Jekyll and Mr. Hyde,1920-04-01,1.1029,6.2,11,"[18, 27, 878]",en,0,0,60,Pioneer Film Corporation,J. Charles Haydon,"Sheldon Lewis, Alex Shannon, Dora Mills Adams, Gladys Field, Harold Foshay"
665419,tt0012770,Torchy's Millions,Torchy's Millions,1920-10-03,1.1028,8.0,1,[35],en,0,0,20,,,"Johnny Hines, Dorothy Mackaill, Norma Shearer"
613627,tt0011687,Shipwrecked Among Cannibals,Shipwrecked Among Cannibals,1920-07-04,1.1021,10.0,1,"[99, 12]",en,0,1000000,60,Universal Film Manufacturing Company,"William F. Adler, Edward Laemmle",
175231,tt0231717,Mr. and Mrs. Stockholm Out Shopping,Herreskapet Stockholm Ute På Inköp,1920-12-12,1.1017,6.667,3,[99],sv,0,0,23,AB Hasse W. Tullbergs Filmindustri,Ragnar Ring,"Olga Andersson, Ragnar Widestedt, Erick Fröander, Greta Garbo"
1121049,,Steam pumping station in Lemmer,Stoomgemaal te Lemmer,1920-04-04,1.0984,0.0,0,[99],xx,0,0,4,Haghe Film,Willy Mullens,Queen Wilhelmina of the Netherlands
912187,tt0186880,The Birth of a Soul,The Birth of a Soul,1920-01-01,1.0974,9.0,1,[18],en,0,0,50,Vitagraph Company of America,Edwin L. Hollywood,"Harry T. Morey, Jean Paige, Charles Eldridge, George Cooper, Charles Kent"
1492643,tt0011883,A World of Folly,A World of Folly,1920-06-01,1.0973,4.5,2,[18],en,0,0,50,Fox Film Corporation,Frank Beal,"Vivian Rich, Philo McCullough, Augustus Phillips, Aaron Edwards, Daisy Jefferson"
1115356,,The Preparation of Cheese,De Bereiding van Kaas,1920-05-20,1.0968,0.0,0,[99],nl,0,0,19,Haghe Film,Willy Mullens,
32683,tt0011193,The Flapper,The Flapper,1920-05-10,1.0968,6.206,17,[35],en,0,0,88,Selznick Pictures,Alan Crosland,"Olive Thomas, William P. Carleton, Theodore Westman Jr., Warren Cook, Katherine Johnston"
1622309,tt0011762,The Third Generation,The Third Generation,1920-01-05,1.0962,7.0,1,[18],en,0,0,50,Brentwood Film Corporation,Henry Kolker,"Betty Blythe, Mahlon Hamilton, Betty Brice, Jack Pratt, Josef Swickard"
293052,tt2693600,A Bashful Bigamist,A Bashful Bigamist,1920-07-15,1.0957,5.5,2,[35],en,0,0,15,Christie Film Company,Allen Watt,"Eddie Barry, Billy Bletcher, Helen Darling, Mary Lewis, Helen Gilmore"
1590242,tt0011392,Leave It to Me,Leave It to Me,1920-05-01,1.0956,10.0,1,[35],en,0,0,50,Fox Film Corporation,Emmett J. Flynn,"William Russell, Eileen Percy, Marcella Daly, Hallam Cooley, Lucille Cavanaugh"
278890,tt0159954,The Amateur Club,アマチュア倶楽部,1920-11-19,1.0953,10.0,1,[],ja,0,0,55,,Kisaburō Kurihara,"Michiko Hayama, Sango Kamiyama, Shiren Naito"
881153,tt0443292,Wildes Blut,Wildes Blut,1920-01-01,1.095,7.0,1,[18],de,0,0,0,,Emmerich Hanus,"Dagny Servaes, Joseph Klein, Rudolf Klein-Rogge, Hans Schweikart, Erwin Biswanger"
672314,tt0417419,Alpentragödie,Alpentragödie,1920-12-24,1.094,8.0,1,[],de,0,0,0,,Emil Leyde,"Viktor Eckhardt, Grete Volkmar, Marianne Rub, Ernst Fischer, Susa Grassi"
665879,tt0011029,The Broadway Bubble,The Broadway Bubble,1920-10-01,1.0937,7.0,1,[18],en,0,0,50,Vitagraph Company of America,George L. Sargent,"Corinne Griffith, Joe King, Stanley Warmerton, Robert Gaillard"
1245104,tt0199712,Li-Hang le cruel,Li-Hang le cruel,1920-11-12,1.0929,7.0,1,[18],fr,0,0,0,,Édouard-Émile Violet,"Mag Murray, Mary Harald, Tsin-Hou, John Warriley, Julio de Romero"
796663,tt0122407,The Blooming Angel,The Blooming Angel,1920-02-08,1.0928,7.0,1,[35],en,0,0,50,Goldwyn Pictures Corporation,Victor Schertzinger,"Madge Kennedy, Pat O'Malley, Margery Wilson, Arthur Housman, Vera Lewis"
651941,tt0011868,The Willow Tree,The Willow Tree,1920-01-31,1.0927,8.0,1,[18],en,0,0,60,Screen Classics Inc.,Henry Otto,"Viola Dana, Edward Connelly, Pell Trenton, Harry Dunkinson, Alice Wilson"
354799,tt0011623,The Restless Sex,The Restless Sex,1920-11-12,1.0927,7.0,1,"[18, 10749]",en,0,0,82,Cosmopolitan Productions,"Robert Z. Leonard, Leon D'Usseau","Marion Davies, Ralph Kellard, Carlyle Blackwell, Charles Lane, Corinne Barker"
1080697,tt0011172,The Family Honor,The Family Honor,1920-03-15,1.0902,8.0,1,[18],en,0,0,50,King W. Vidor Productions,King Vidor,"Florence Vidor, Roscoe Karns, Ben Alexander, Charles Meredith, George Nichols"
1610710,tt0202646,The Unfortunate Sex,The Unfortunate Sex,1920-10-04,1.0895,7.0,1,[18],en,0,0,60,Frances Edmonde Productions,Elsier La Maie,"Frances Edmonde, George Larkin, Harry von Meter, Katharine Lewis, Earl Schaeffer"
1504624,tt0011482,The Mother of His Children,The Mother of His Children,1920-04-01,1.0889,10.0,1,"[80, 18]",en,0,0,50,Fox Film Corporation,Edward LeSaint,"Gladys Brockwell, William Scott, Frank Leigh, Nigel De Brulier, Golda Madden"
1579197,tt0011200,The Forbidden Valley,The Forbidden Valley,1920-10-10,1.0879,8.0,1,[18],en,0,0,50,J. Stuart Blackton Feature Pictures,J. Stuart Blackton,"May McAvoy, Bruce Gordon, William R. Dunn, Charles Kent, Warren Chandler"
1279594,tt0173882,The Great Gay Road,The Great Gay Road,1920-10-04,1.0873,7.0,1,[10749],en,0,0,0,Broadwest,Normand McDonald,"Stewart Rome, Pauline Johnson, John Stuart, Ernest Spalding, A. Bromley Davenport"
700751,tt0011404,Little Dorrit,Little Dorrit,1920-08-01,1.0861,8.0,1,[],en,0,0,0,Progress Film Company,Sidney Morgan,"Lady Tree, Langhorn Burton, Joan Morgan, Compton Coutts, J. Denton-Thompson"
873930,tt0010975,Away Goes Prudence,Away Goes Prudence,1920-07-01,1.0851,10.0,1,[35],en,0,0,50,"Famous Players-Lasky Corporation, Paramount-Artcraft Pictures",John S. Robertson,"Billie Burke, Percy Marmont, Maude Turner Gordon, Charles Lane, Dorothy Walters"
1339197,tt0444029,Edgar Takes the Cake,Edgar Takes the Cake,1920-07-09,1.0848,9.0,1,[35],en,0,0,21,Goldwyn Pictures Corporation,Mason N. Litson,"Edward Peil Jr., Lucille Ricksen, Buddy Messinger, Cordelia Callahan, Nick Cogley"
837612,tt0011381,A Lady in Love,A Lady in Love,1920-05-30,1.0848,8.0,1,[10749],en,0,0,50,Famous Players-Lasky Corporation,Walter Edwards,"Ethel Clayton, Harrison Ford, Boyd Irwin, Clarence Geldart, Frances Raymond"
342570,tt0011874,A Woman in Grey,A Woman in Grey,1920-01-22,1.0847,7.5,2,[18],en,0,0,236,,James Vincent,"Arline Pretty, Henry G. Sell, Fred C. Jones, John Heenan, Margaret Fielding"
626622,tt0012234,The Count of Cagliostro,Der Graf von Cagliostro,1920-12-21,1.0843,8.0,1,"[27, 36, 18]",de,0,0,105,,Reinhold Schünzel,"Reinhold Schünzel, Anita Berber, Conrad Veidt, Carl Goetz, Hugo Werner-Kahle"
175223,tt0011753,Terror Island,Terror Island,1920-04-08,1.0843,5.286,14,"[12, 9648]",en,0,0,55,Paramount Pictures,James Cruze,"Harry Houdini, Jack Brammall, Lila Lee, Wilton Taylor, Eugene Pallette"
1594045,tt0202386,Half an Hour,Half an Hour,1920-09-19,1.0837,9.0,1,[18],en,0,0,50,Famous Players-Lasky Corporation,Harley Knoles,"Dorothy Dalton, Charles Richman, Albert L. Barrett, Frank Losee, H. Cooper Cliffe"
863611,tt0011451,The Master Mind,The Master Mind,1920-09-12,1.0816,8.0,1,"[80, 18]",en,0,0,50,Whitman Bennett Productions,Kenneth S. Webb,"Lionel Barrymore, Gypsy O'Brien, Ralph Kellard, Bradley Barker, Charles Brandt"
628391,tt0434431,Wenn Colombine winkt,Wenn Colombine winkt,1920-09-16,1.0814,10.0,1,[],de,0,0,0,,Eugen Illés,"Esther Carena, Georg Guertler, Fritz Achterberg, Ernst Pittschau, Franz Verdier"
1617808,tt0011204,The Fortune Hunter,The Fortune Hunter,1920-02-23,1.081,10.0,1,[35],en,0,0,60,Vitagraph Company of America,Tom Terriss,"Earle Williams, Jean Paige, Van Dyke Brooke, Nancy Lee, William Holden"
643091,tt0196820,Out of the Snows,Out of the Snows,1920-08-23,1.081,8.0,1,"[18, 12]",en,0,0,0,National Picture Theatres Inc.,Ralph Ince,"Ralph Ince, Zena Keefe, Pat Hartigan, Gladys Coburn, Huntley Gordon"
979638,tt0011198,The Forbidden Thing,The Forbidden Thing,1920-11-01,1.08,8.0,1,[18],en,0,0,60,Allan Dwan Productions,Allan Dwan,"James Kirkwood, Helen Jerome Eddy, Marcia Manon, King Baggot, Gertrude Claire"
725928,tt0011850,What Would You Do,What Would You Do,1920-01-01,1.0793,9.0,1,[18],en,0,0,50,Fox Film Corporation,Edmund Lawrence,"Madlaine Traverse, George A. McDaniel, Frank Elliott, Charles K. French, Lenore Lynard"
292652,tt0011556,Partners of the Night,Partners of the Night,1920-02-29,1.0786,10.0,1,"[18, 10749]",en,0,0,60,Eminent Authors Pictures Inc,Paul Scardon,"Pinna Nesbit, William B. Davidson, William Ingersoll, Emmett Corrigan, Mario Majeroni"
1187204,tt0440345,Drink Hearty,Drink Hearty,1920-05-02,1.0785,7.0,1,[35],en,0,0,12,Rolin Films,Alfred J. Goulding,"Harry 'Snub' Pollard, Sunshine Sammy Morrison, Marie Mosquini, Eddie Boland, Robert Emmett O'Connor"
429094,tt5358620,Pump und Langenbein oder der lebendige Tote,Pump und Langenbein oder der lebendige Tote,1920-07-31,1.0768,0.0,0,[],de,0,0,0,Althoff & Company,Louis Ralph,"Karl Harbacher, Neumann-Schüler, Hans Wallner, Johanna Ewald, Helene Voß"
1118221,,Blaauwhoedenveem,Blaauwhoedenveem,1920-02-06,1.0762,0.0,0,[99],nl,0,0,3,Filmfabriek-Hollandia,Alex Benno,
114018,tt0191066,The Daughter of Dawn,The Daughter of Dawn,1920-10-10,1.0735,5.018,28,"[37, 18, 10749]",en,0,0,83,Texas Film Company,Norbert A. Myles,"Esther LeBarre, White Parker, Wanada Parker, Hunting Horse, Belo Cozad"
1117846,,The Ambachtslordship Rijswijk,De Ambachtsheerlijkheid Rijswijk,1920-11-03,1.0725,0.0,0,[99],nl,0,0,7,Haghe Film,Willy Mullens,
1570113,tt0011218,The Garter Girl,The Garter Girl,1920-05-03,1.0724,10.0,1,[18],en,0,0,50,Vitagraph Company of America,Edward H. Griffith,"Corinne Griffith, Sally Crute, Earl Metcalfe, Rod La Rocque, James Tarbell"
1132300,,Die Berliner Range. 2. Streich: Lotte kuppelt,Die Berliner Range. 2. Streich: Lotte kuppelt,1920-01-01,1.072,0.0,0,[],de,0,0,0,,Karl Mueller-Hagens,Hilde Woerner
842148,tt0011859,The White Circle,The White Circle,1920-08-22,1.0714,9.0,1,[18],en,0,0,50,"Maurice Tourneur Productions, Famous Players-Lasky Corporation, Paramount Pictures",Maurice Tourneur,"Spottiswoode Aitken, Janice Wilson, Harry Northrup, John Gilbert, Wesley Barry"
51392,tt0011652,The Saphead,The Saphead,1920-09-01,1.0711,5.843,54,"[18, 35]",en,0,0,77,Metro Pictures Corporation,"Herbert Blaché, Winchell Smith","Buster Keaton, William H. Crane, Beulah Booker, Irving Cummings, Edward Jobson"
40575,tt0011144,An Eastern Westerner,An Eastern Westerner,1920-05-02,1.0706,6.89,41,"[35, 37]",en,0,0,28,Rolin Films,Hal Roach,"Harold Lloyd, Mildred Davis, Noah Young, James T. Kelley, Sammy Brooks"
1335744,tt0129899,Edgar and the Teacher's Pet,Edgar and the Teacher's Pet,1920-03-27,1.07,8.0,1,[35],xx,0,0,20,Goldwyn Pictures Corporation,E. Mason Hopper,"Lucille Ricksen, Buddy Messinger, Cordelia Callahan, Nick Cogley, John Cossar"
744183,tt0143313,It's a Great Life,It's a Great Life,1920-08-29,1.0694,10.0,1,[35],en,0,0,60,Eminent Authors Corporation,E. Mason Hopper,"Cullen Landis, Molly Malone, Clara Horton, Otto Hoffman, Francis X. Bushman Jr."
485500,tt0012227,Godless Men,Godless Men,1920-11-06,1.0694,4.0,3,[18],en,0,0,73,Reginald Barker Productions,Reginald Barker,"Russell Simpson, James Pier Mason, Helene Chadwick, John Bowers, Alec B. Francis"
1230251,tt3610546,Payroll Pirates,Payroll Pirates,1920-01-01,1.0689,0.0,0,[37],en,0,0,20,"Capital Film Co., Russell-Griever-Russell",,Helen Gibson
1041796,,The Dead Towns on the Zuiderzee,De Doode Steden aan de Zuiderzee,1920-06-24,1.0688,0.0,0,[99],nl,0,0,12,Haghe Film,Willy Mullens,
555789,tt0011897,Zon,Zon,1920-06-04,1.0688,9.0,1,[],xx,0,0,0,,Robert Boudrioz,
943552,tt0011876,The Woman in Room 13,The Woman in Room 13,1920-04-01,1.0663,10.0,1,"[9648, 18]",en,0,0,50,Goldwyn Pictures Corporation,Frank Lloyd,"Pauline Frederick, Charles Clary, John Bowers, Robert McKim, Sidney Ainsworth"
687809,tt0011056,The Chorus Girl's Romance,The Chorus Girl's Romance,1920-08-06,1.0657,10.0,1,[35],en,0,0,60,Metro Pictures Corporation,William C. Dowlan,"Viola Dana, Gareth Hughes, William Quinn, Sidney De Gray, Lawrence Grant"
1590249,tt0011312,The House of the Tolling Bell,The House of the Tolling Bell,1920-09-05,1.0643,9.0,1,[9648],en,0,0,60,J. Stuart Blackton Feature Pictures,J. Stuart Blackton,"May McAvoy, Bruce Gordon, Morgan Thorpe, Edward Elkas, Eulalie Jensen"
798268,tt0011842,The Web of Deceit,The Web of Deceit,1920-01-18,1.0631,10.0,1,[],en,0,0,0,,Edwin Carewe,"Dolores Cassinelli, Hugh Cameron, Lettie Ford, Franklyn Hanna, Mitchell Harris"
3416,tt0011481,Il Mostro di Frankenstein,Il Mostro di Frankenstein,1920-01-01,1.063,8.0,2,[27],en,0,0,39,Albertini Film,Eugenio Testa,"Linda Albertini, Luciano Albertini, Umberto Guarracino, Aldo Mezzanotte"
1514041,tt0011376,Love and Bear-Hunting,Kärlek och björnjakt,1920-08-30,1.0624,7.0,1,[35],sv,0,0,39,Palladiumfilm,Lau Lauritzen Sr.,"Axel Hultman, Ernst Eklund, Richard Lundin, Sie Holmquist, Nils Whiten"
1598015,tt0011189,Flame of Youth,Flame of Youth,1920-12-05,1.0616,4.0,2,[18],en,0,0,50,Fox Film Corporation,Howard M. Mitchell,"Shirley Mason, Raymond McKee, Philo McCullough, Cecil Van Auker, Adelbert Knott"
682552,tt0011761,The Third Eye,The Third Eye,1920-05-23,1.0613,9.0,1,"[53, 12]",en,0,0,225,"Pathé Exchange, Astra Film",James W. Horne,"Warner Oland, Eileen Percy, Jack Mower, Olga Grey, Mark Strong"
556015,tt0011611,The Quack Doctor,The Quack Doctor,1920-07-04,1.0608,9.0,1,[35],en,0,0,23,Mack Sennett Comedies,"Billy Bevan, George Gray","Louise Fazenda, Billy Bevan, Billy Armstrong, Ben Turpin, Dave Anderson"
175206,tt0011302,The Man of the Sea,L'Homme du large,1920-12-03,1.06,5.962,13,[18],fr,0,0,86,Gaumont Série Pax,Marcel L'Herbier,"Jaque Catelain, Roger Karl, Charles Boyer, Philippe Hériat, Marcelle Pradot"
651075,tt0011002,Blind Wives,Blind Wives,1920-12-19,1.0593,7.0,1,[18],en,0,0,90,,Charles Brabin,"Estelle Taylor, Sally Crute, Robert Schable, Marc MacDermott, Harry Sothern"
1523226,tt0011668,Screen Follies No. 1,Screen Follies No. 1,1920-01-04,1.0582,8.0,1,[16],en,0,0,0,Capital Film Co.,"Luis Seel, F.A. Dahne",
534317,tt0011536,Once to Every Woman,Once to Every Woman,1920-09-06,1.0581,10.0,1,[18],en,0,0,60,Universal Film Manufacturing Company,Allen Holubar,"Dorothy Phillips, William Ellingford, Margaret Mann, Emily Chichester, Elinor Field"
932395,tt0196797,Nothing But the Truth,Nothing But the Truth,1920-01-01,1.0577,10.0,1,[35],en,0,0,0,Taylor Holmes Productions,David Kirkland,"Taylor Holmes, Poppy Wyndham, Ned Sparks, Marcelle Carroll, Ben Hendricks Sr."
773216,tt0143230,Duke's Son,Duke's Son,1920-01-01,1.0558,10.0,1,[18],en,0,0,0,,Franklin Dyall,"Guy Newall, Ivy Duke, Hugh Buckler, Lawford Davidson, Ruth Mackay"
429368,tt0438839,Er bleibt in der Familie,Er bleibt in der Familie,1920-09-19,1.0557,7.0,1,[],de,0,0,0,Paul Heidemann-Film GmbH,Gerhard Lamprecht,"Paul Heidemann, Josefine Dora, Herbert Paulmüller, Steffi Burg, Arthur Weinschenk"
616829,tt0011738,Stronger Than Death,Stronger Than Death,1920-01-11,1.0555,7.0,1,[18],en,0,0,70,Nazimova Productions,Herbert Blaché,"Alla Nazimova, Charles Bryant, Charles K. French, Margaret McWade, Herbert Prior"
1671532,tt0315920,Great Scott!,Great Scott!,1920-08-15,1.0551,8.0,1,[],en,0,0,20,,Charles Murray,
175323,tt0010953,Algol: Tragedy of Power,Algol - Tragödie der Macht,1920-09-03,1.0545,6.55,10,"[878, 18]",de,0,0,99,Deutsche Lichtbild-Gesellschaft e.V. (DLG),Hans Werckmeister,"Emil Jannings, Hanna Ralph, Hans Adalbert Schlettow, John Gottowt, Erna Morena"
1407192,tt1018926,Commercial for 'Hjemmet' Magazine,Hjemmet Reklamefilm,1920-01-01,1.0531,0.0,0,[],da,0,0,4,,Robert Storm Petersen,
872943,tt0011493,My Lady's Garter,My Lady's Garter,1920-03-14,1.0529,7.0,1,"[18, 9648]",en,0,0,50,"Maurice Tourneur Productions, Famous Players-Lasky Corporation",Maurice Tourneur,"Wyndham Standing, Sylvia Breamer, Holmes Herbert, Warner Richmond, Paul Clerget"
243632,tt0011313,Huckleberry Finn,Huckleberry Finn,1920-02-29,1.0526,6.8,3,"[18, 35]",en,0,0,70,Paramount Pictures,William Desmond Taylor,"Lewis Sargent, Katherine Griffith, Martha Mattox, Frank Lanning, Orral Humphrey"
848004,tt0143240,Everybody's Sweetheart,Everybody's Sweetheart,1920-10-04,1.0517,7.667,3,[18],en,0,0,60,Selznick Pictures,"Laurence Trimble, Alan Crosland","Olive Thomas, William Collier Jr., Joseph J. Dowling, Walt Whitman, Aileen Manning"
1581806,tt0011873,The Woman and the Puppet,The Woman and the Puppet,1920-04-04,1.0516,9.0,1,"[18, 10749]",en,0,0,70,"Diva Pictures, Goldwyn Pictures Corporation",Reginald Barker,"Geraldine Farrar, Lou Tellegen, Dorothy Cumming, Bertram Grassby, Macey Harlam"
959501,tt0221983,A Gamblin' Fool,A Gamblin' Fool,1920-10-02,1.0509,8.0,1,[37],en,0,0,20,Universal Film Manufacturing Company,Leo D. Maloney,"Hoot Gibson, Dorothy Wood, Jim Corey, Harry Jackson, Chick Morrison"
665845,tt0195717,Flying Pat,Flying Pat,1920-11-11,1.0497,8.0,1,[35],en,0,0,50,New Art Film Company,F. Richard Jones,"Dorothy Gish, James Rennie, Morgan Wallace, Harold Vizard, Tom Blake"
1571275,tt0187752,The Brand of Lopez,The Brand of Lopez,1920-04-11,1.0489,7.0,1,[18],en,0,0,50,Haworth Pictures Corporation,Joseph De Grasse,"Sessue Hayakawa, Florence Turner, Sidney Payne, Evelyn Ward, Eugenie Besserer"
1295165,tt0203196,The White Rider,The White Rider,1920-09-15,1.0479,9.0,1,[37],en,0,0,50,Oscar Jacobs Productions,William James Craft,"Joe Moore, Eileen Sedgwick, S.W. Williams, Robert Craft, Robert Gray"
664862,tt0011135,The Dream Cheater,The Dream Cheater,1920-04-04,1.046,8.0,1,[27],en,0,0,60,Robert Brunton Productions,Ernest C. Warde,"J. Warren Kerrigan, Wedgwood Nowell, Alice Wilson, Joseph J. Dowling, Tom Guise"
1500343,tt0193939,Les Femmes Collantes,Les Femmes Collantes,1920-10-22,1.0458,8.0,1,[35],fr,0,0,0,Pathé Frères,"Georges Monca, Charles Prince","Charles Prince, Louis Baron fils, Georges Gorby, Barklett, Fernande Albany"
1034941,tt0146502,The Bootblack,The Bootblack,1920-11-05,1.0448,7.0,1,[16],en,0,0,3,"International Film Service, Goldwyn Distributing Company, J.R. Bray Studios",Ben Sharpsteen,
526268,tt0138674,Ollin oppivuodet,Ollin oppivuodet,1920-12-27,1.0447,5.7,6,[18],fi,0,0,87,Suomi-Filmi,Teuvo Puro,"Antti Ilvos, Jussi Snellman, Ertta Virtamo, Sirkka Puro, Eero Kilpi"
861868,tt0444938,Der Verächter des Todes,Der Verächter des Todes,1920-10-29,1.0441,6.5,2,"[18, 12]",de,0,0,91,,Harry Piel,"Harry Piel, Karl Braun, Bella Polini, Adolf Wenter, Hedda Vernon"
1590254,tt0011405,The Little Grey Mouse,The Little Grey Mouse,1920-10-31,1.0437,8.0,1,[18],en,0,0,50,Fox Film Corporation,James P. Hogan,"Louise Lovely, Sam De Grasse, Rosemary Theby, Philo McCullough, Clarence Wilson"
1403837,tt0196566,A Fool and His Money,A Fool and His Money,1920-03-29,1.0422,9.0,1,[18],en,0,0,60,Selznick Pictures,Robert Ellis,"Eugene O'Brien, Rubye De Remer, Ann Brody, Louise Prussing, Arthur Housman"
555776,tt0192278,Malencontre,Malencontre,1920-11-26,1.042,10.0,1,[18],fr,0,0,0,,Germaine Dulac,"Jeanne Brindeau, Jacques Roussel, Djemil Anik, France Dhélia, Mademoiselle Seigneur"
364671,tt0011216,Spanish Fiesta,La fête espagnole,1920-03-31,1.0417,6.3,3,[18],fr,0,0,26,Les Films Louis Nalpas,Germaine Dulac,"Ève Francis, Gaston Modot, Jean Toulout, Robert Delsol, Anna Gay"
453400,tt0011307,The Hope,The Hope,1920-09-07,1.0416,7.0,1,[18],en,0,0,60,,Herbert Blaché,"Jack Mulhall, Marguerite De La Motte, Ruth Stonehouse, Frank Elliott, Lillian Langdon"
872762,tt0011448,Mary's Ankle,Mary's Ankle,1920-02-29,1.0413,7.0,1,[35],en,0,0,50,Thomas H. Ince Productions,Lloyd Ingraham,"Douglas MacLean, Doris May, Victor Potel, Neal Burns, James Gordon"
1443267,tt0202208,"$30,000","$30,000",1920-02-29,1.0411,7.0,1,"[80, 9648]",en,0,0,50,Robert Brunton Productions,Ernest C. Warde,"J. Warren Kerrigan, Fritzi Brunette, Carl Stockdale"
628418,tt0011345,Die Jagd nach dem Tode - 1. Teil,Die Jagd nach dem Tode - 1. Teil,1920-10-22,1.0411,9.0,1,[],de,0,0,0,Decla-Bioscop,Karl Gerhardt,"Lil Dagover, Nils Olaf Chrisander, Robert Scholz, Renée Pélar, Isa Marsen"
832759,tt18722238,Frolics at the Circus,Felix Frolics at the Circus,1920-09-24,1.0404,6.0,1,[16],en,0,0,6,Pat Sullivan Cartoons,Otto Messmer,
349116,tt0167826,A Child for Sale,A Child for Sale,1920-04-01,1.04,9.0,1,[18],en,0,0,60,Graphic Films Corporation,Ivan Abramson,"Creighton Hale, Gladys Leslie, Bobby Connelly, Julia Swayne Gordon, Anna Lehr"
952419,tt3610606,Winning the Franchise,Winning the Franchise,1920-01-01,1.0397,0.0,0,[37],en,0,0,26,Capital Film Co.,Robert Myles,"Helen Gibson, Leo D. Maloney, Roy Coulson"
629196,tt2330682,Den forvandlede Don Juan,Den forvandlede Don Juan,1920-02-19,1.0397,0.0,0,[35],da,0,0,0,,Lau Lauritzen Sr.,"Frederik Buch, Agnes Nørlund Seemann, Rasmus Christiansen"
657016,,I'll Say He Forgot,I'll Say He Forgot,1920-01-01,1.0395,0.0,0,[35],en,0,0,10,The Victor Film Company,Malcolm St. Clair,"Otis Harlan, May Emory"
1391086,tt0140079,The Glad Eye,The Glad Eye,1920-12-01,1.0391,9.0,1,[35],en,0,0,0,Stoll Picture Productions,"Kenelm Foss, James Reardon","James Reardon, Dorothy Minto, Hayford Hobbs, Pauline Peters, Peggy Marsh"
790636,tt0134074,The Sacred Flame,The Sacred Flame,1920-01-01,1.0383,7.0,1,[18],en,0,0,60,,Abraham S. Schomer,"Emily Stevens, Muriel Ostriche, Maude Hill, Earl Schenck, Lionel Adams"
1166927,tt0011802,The U.P. Trail,The U.P. Trail,1920-11-01,1.0377,8.0,1,[37],en,0,0,95,"W.W. Hodkinson Corp., Pathé Exchange",Jack Conway,"Kathlyn Williams, Roy Stewart, Marguerite De La Motte, Robert McKim, Joseph J. Dowling"
1591459,tt0012393,The Little 'Fraid Lady,The Little 'Fraid Lady,1920-12-14,1.0375,10.0,1,[18],en,0,0,60,Robertson-Cole Pictures Corporation,John G. Adolfi,"Mae Marsh, Tully Marshall, Kathleen Kirkham, Charles Meredith, Herbert Prior"
575226,tt0012622,The Mayor of Zalamea,Der Richter von Zalamea,1920-10-28,1.0346,10.0,1,[18],de,0,0,87,,Ludwig Berger,"Lil Dagover, Albert Steinrück, Agnes Straub, Lothar Müthel, Max Schreck"
831461,tt0195710,The Flame of Hellgate,The Flame of Hellgate,1920-02-29,1.0342,9.0,1,[37],en,0,0,50,Beatriz Michelena Features,George E. Middleton,"Beatriz Michelena, Albert Morrison, Jeffrey Williams, William Pike, D. Mitsoras"
402791,tt0010963,Anna the Adventuress,Anna the Adventuress,1920-02-01,1.034,9.0,1,[80],en,0,0,96,"Sutherland, Hepworth",Cecil M. Hepworth,"Alma Taylor, Jean Cadell, James Carew, Gerald Ames, Gwynne Herbert"
665857,tt0011325,If I Were King,If I Were King,1920-08-09,1.0333,10.0,1,[18],en,0,0,78,Fox Film Corporation,J. Gordon Edwards,"William Farnum, Betty Ross Clarke, Fritz Leiber, Walter Law, Henry Carvill"
1034138,tt3014932,Ducks,Ducks,1920-02-21,1.0317,0.0,0,[35],en,0,0,2,Christie Film Company,Al Christie,"Earle Rodney, Helen Darling"
1481941,tt0011707,A Slave of Vanity,A Slave of Vanity,1920-11-28,1.0315,8.0,1,[18],en,0,0,60,Robertson-Cole Pictures Corporation,Henry Otto,"Pauline Frederick, Arthur Hoyt, Nigel Barrie, Willard Louis, Maude Louis"
1160968,tt0843487,Córka pani X,Córka pani X,1920-01-05,1.0309,0.0,0,[],pl,0,0,0,Sfinks,,"Kazimierz Junosza-Stepowski, Rafaela Boncza, Helena Gromnicka, Kazimierz Dunin-Markiewicz, Włodzimierz Macherski"
790635,tt0011047,Chains of Evidence,Chains of Evidence,1920-03-01,1.0303,8.0,1,[9648],en,0,0,50,Hallmark Pictures Corporation,Dallas M. Fitzgerald,"Edmund Breese, Marie Shotwell, Anna Lehr, George Cooper, Edward Elkas"
1590518,tt0011332,The Inferior Sex,The Inferior Sex,1920-03-08,1.03,10.0,1,[18],en,0,0,50,Chaplin-Mayer Pictures Company,Joseph Henabery,"Mildred Harris, Milton Sills, Mary Alden, John Steppling, Bertram Grassby"
779856,,Saetta salva la regina,Saetta salva la regina,1920-06-01,1.03,0.0,0,"[28, 12]",it,0,0,0,Delta film,Ettore Ridoni,"Domenico Gambino, Raffaele di Napoli, Guido Pistono, Tina Ronay, Lina Spina"
1408569,tt0010165,Gewitter im Mai,Gewitter im Mai,1920-01-01,1.0295,9.0,1,[],de,0,0,0,,Ludwig Beck,"Thea Steinbrecher, Fritz Greiner, Ria Mabeck, Carl René"
956827,tt0011734,Stop Thief,Stop Thief,1920-08-01,1.0292,7.0,1,[35],en,0,0,50,Goldwyn Pictures Corporation,Harry Beaumont,"Tom Moore, Hazel Daly, Irene Rich, Kate Lester, Molly Malone"
797353,tt0456465,Der Hirt von Maria Schnee,Der Hirt von Maria Schnee,1920-03-01,1.0286,7.0,1,[18],de,0,0,123,,Iwa Raffay,"Bruno Decarli, Guido Herzfeld, Ernst Rückert, Emma Debner, Milly Nenninger"
773234,tt0196815,Other Men's Shoes,Other Men's Shoes,1920-02-01,1.0284,6.75,4,[18],en,0,0,70,Edgar Lewis Productions Inc.,Edgar Lewis,"Crauford Kent, Irene Boyle, Stephen Grattan, Jean Armour, Harold Foshay"
347562,tt0191595,A Twilight Baby,A Twilight Baby,1920-01-24,1.0284,9.0,1,[35],en,0,0,23,Henry Lehrman Comedies,Jack White,"Lloyd Hamilton, Virginia Rappe, Billie Ritchie, Harry Todd, Charles Dorety"
298629,tt0011758,The Texan,The Texan,1920-10-21,1.0278,9.0,1,[37],en,0,0,60,Fox Film Corporation,Lynn Reynolds,"Tom Mix, Gloria Hope, Charles K. French, Sid Jordan, Bob Walker"
740995,,The Bond of Blood,The Bond of Blood,1920-08-05,1.0271,0.0,0,[18],xx,0,0,20,Capital Film Company,Van Dyke Brooke,"Leah Baird, Van Dyke Brooke, Harry Fisher, George Arvine, Jack Ellis"
665955,tt0011891,You Never Can Tell,You Never Can Tell,1920-09-22,1.0266,9.0,1,"[35, 10749]",en,0,0,50,Realart Pictures Corporation,Chester M. Franklin,"Bebe Daniels, Jack Mulhall, Edward Martindel, Helen Dunbar, Harold Goodwin"
881228,tt0928016,The Shadow of a Throne,L’ombra di un trono,1920-09-18,1.0261,0.0,0,[],it,0,0,104,,Carmine Gallone,"Soava Gallone, Piero Schiavazzi, Umberto Casilini, Marcella Sabbatini"
873925,tt0011697,The Sins of St. Anthony,The Sins of St. Anthony,1920-07-04,1.0252,7.0,1,[35],en,0,0,50,Famous Players-Lasky Corporation,James Cruze,"Bryant Washburn, Margaret Loomis, Lorenza Lazzarini, Viora Daniel, Frank Jonasson"
631579,tt2346612,Fighting Instinct,"Manden, der sejrede",1920-12-01,1.0251,0.0,0,[],da,0,0,0,,Holger-Madsen,"Carl Alstrup, Walter Nagel, Adolf Jensen, Gudrun Houlberg, Harry Komdrup"
534474,tt0011880,The Wonder Man,The Wonder Man,1920-05-29,1.0251,7.0,1,"[12, 18]",en,0,0,70,Robertson-Cole Pictures Corporation,John G. Adolfi,"Georges Carpentier, Faire Binney, Florence Billings, Downing Clarke, Cecil Owen"
948056,tt0011311,The House of Whispers,The House of Whispers,1920-10-01,1.0245,7.0,1,"[27, 9648]",en,0,0,50,Robert Brunton Productions,Ernest C. Warde,"J. Warren Kerrigan, Joseph J. Dowling, Fritzi Brunette, Margery Wilson, Myrtle Rishell"
665812,tt0346510,"Angelo, das Mysterium des Schlosses Drachenegg","Angelo, das Mysterium des Schlosses Drachenegg",1920-02-13,1.0231,10.0,1,[],de,0,0,0,,"Franjo Ledic, Robert Leffler","Ernst Dernburg, Lina Salten, Aenderly Lebius, Sybill Morel, Ludwig Rex"
149157,tt0011499,A Lover in Pawn,Mästerman,1920-10-11,1.0231,6.9,7,[18],sv,0,0,116,SF Studios,Victor Sjöström,"Victor Sjöström, Concordia Selander, Greta Almroth, Harald Schwenzen, Tor Weijden"
585970,tt0845444,A Convict’s Happy Bride,A Convict’s Happy Bride,1920-09-01,1.023,5.0,1,[35],en,0,0,25,Reelcraft Pictures,Dick Smith,"Alice Howell, Phil Dunham, Frank J. Coleman, Jackie Condon, E. Villipp"
1013250,tt0405464,Wet and Warmer,Wet and Warmer,1920-11-01,1.0226,10.0,1,[35],en,0,0,20,Henry Lehrman Comedies,Henry Lehrman,"Heinie Conklin, Albert Ray, Charlotte Dawn, Billie Ritchie, Virginia Rappe"
1595142,tt0145936,Notorious Miss Lisle,Notorious Miss Lisle,1920-08-02,1.0223,7.0,1,[18],en,0,0,50,"Attractions Distribution Corporation, Katherine MacDonald Pictures Corp.",James Young,"Katherine MacDonald, Nigel Barrie, Margaret Campbell, Ernest Joy, William Clifford"
688073,tt0011343,Jack Straw,Jack Straw,1920-03-14,1.0208,10.0,1,[35],en,0,0,50,Paramount Pictures,William C. deMille,"Robert Warwick, Carroll McComas, Charles Ogle, Irene Sullivan, Monte du Mont"
1292487,,Ο Βιλλάρ στα μπάνια του Φαλήρου,Ο Βιλλάρ στα μπάνια του Φαλήρου,1920-10-27,1.0198,0.0,0,[35],el,0,0,0,,Dimos Vratsanos,"Nikolaos Sfakianos, Tala Krakovska, Kostas Vatistas, Michail M. Michail"
203811,tt0012740,Daughter of the Night,Der Fluch der Menschheit,1920-02-26,1.0197,6.0,5,[],de,0,0,56,Richard Eichberg-Film GmbH,Richard Eichberg,"Lee Parry, Violetta Napierska, Bela Lugosi, Robert Scholz, Gustav Birkholz"
555707,tt0243981,L'héritage,L'héritage,1920-10-22,1.0185,9.0,1,[],fr,0,0,0,,Jacques de Baroncelli,
1716449,tt0492991,Impéria,Impéria,1920-04-14,1.018,0.0,0,[],xx,0,0,0,,Jean Durand,
347673,tt0373065,Kiss Me Quick,Kiss Me Quick,1920-05-05,1.017,8.0,1,[35],en,0,0,20,Fox Film Corporation,Hampton Del Ruth,"Clyde Cook, Albert T. Gillespie, Blanche Payson"
741519,tt0010947,Evening – Night – Morning,Abend – Nacht – Morgen,1920-09-24,1.0168,10.0,1,[18],de,0,0,50,"Helios Film, Decla-Bioscop",F. W. Murnau,"Bruno Ziener, Gertrude Welcker, Conrad Veidt, Carl von Balla, Otto Gebühr"
163094,tt0197917,Stolen Moments,Stolen Moments,1920-12-08,1.0158,4.4,5,"[10749, 18]",en,0,0,35,American Cinema Corporation,James Vincent,"Marguerite Namara, Rudolph Valentino, Albert L. Barrett, Henrietta Simpson, Aileen Pringle"
1617678,tt0011116,Dice of Destiny,Dice of Destiny,1920-12-05,1.0157,7.0,1,"[80, 18]",en,0,0,50,Jesse D. Hampton Productions,Henry King,"H.B. Warner, Lillian Rich, Howard Davies, Harvey Clark, J.P. Lockney"
1537115,tt0196730,Madonnas and Men,Madonnas and Men,1920-06-01,1.0155,7.0,1,[18],en,0,0,75,Rolfe Photoplays,B.A. Rolfe,"Anders Randolf, Edmund Lowe, Gustav von Seyffertitz, Faire Binney, Raye Dean"
260930,tt0145395,Play Ball with Babe Ruth,Play Ball with Babe Ruth,1920-01-01,1.0149,8.0,1,[99],en,0,0,0,Universal Pictures,Benjamin Stoloff,Babe Ruth
1644254,tt39849382,Three and a Girl,Three and a Girl,1920-08-26,1.0142,0.0,0,[18],en,0,0,0,"Edgar Jones Productions, Library of Congress",Edgar Jones,"Edgar Jones, Edna May Sperl, Carlton Brickert"
1140273,tt1175701,The Face of Medusa,Il Volto di Medusa,1920-01-01,1.0138,0.0,0,[],it,0,0,85,,Alfredo De Antoni,"Alfredo De Antoni, Rina Maggi, Giuseppe Pierozzi, Luigi Serventi"
532738,tt0243846,Darby and Joan,Darby and Joan,1920-09-01,1.0126,7.0,1,[18],en,0,0,180,Master Film,Percy Nash,"Derwent Hall Caine, Ivy Close, George Wynn, Meggie Albanesi, Joan Ritz"
1310105,,A Thousand to One,A Thousand to One,1920-12-05,1.012,0.0,0,"[18, 12]",en,0,0,70,J. Parker Read Jr. Productions,Rowland V. Lee,"J. Gordon Russell, Ethel Grey Terry, Landers Stevens, Hobart Bosworth, Charles West"
344278,tt0270304,The Decorator,The Decorator,1920-09-03,1.012,6.333,3,[35],en,0,0,11,Vitagraph Company of America,Jess Robbins,"Jimmy Aubrey, Oliver Hardy, Kathleen Myers, Jack Lloyd, Evelyn Nelson"
1617662,tt0011240,The Great Accident,The Great Accident,1920-06-04,1.0119,9.0,1,[18],en,0,0,60,Goldwyn Pictures Corporation,Harry Beaumont,"Tom Moore, Jane Novak, Andrew Robson, Willard Louis, Lillian Langdon"
270865,tt0011078,The Cradle of Courage,The Cradle of Courage,1920-09-19,1.0117,6.5,10,"[12, 18, 10752]",en,0,0,50,,"William S. Hart, Lambert Hillyer","William S. Hart, Ann Little, Tom Santschi, Gertrude Claire, Frank Thorwald"
184247,tt0011344,The Jack-Knife Man,The Jack-Knife Man,1920-07-31,1.0089,6.5,8,[18],en,0,0,78,King W. Vidor Productions,King Vidor,"Harry Todd, Bobby Kelso, F.A. Turner, Lillian Leighton, Florence Vidor"
1337627,tt0133728,Edgar's Hamlet,Edgar's Hamlet,1920-04-18,1.0088,10.0,1,[35],xx,0,0,22,Goldwyn Pictures Corporation,E. Mason Hopper,"Lucille Ricksen, Buddy Messinger, Cordelia Callahan, Nick Cogley, John Cossar"
1198047,tt0446129,Das Gefängnis auf dem Meeresgrund,Das Gefängnis auf dem Meeresgrund,1920-11-03,1.0088,9.0,1,[],de,0,0,0,,Harry Piel,Harry Piel
1392215,tt0011390,The Law of the Yukon,The Law of the Yukon,1920-09-20,1.0087,9.0,1,[80],en,0,0,60,Mayflower Photoplay Company,Charles Miller,"Edward Earle, Joseph W. Smiley, Nancy Deaver, June Elvidge, Bigelow Cooper"
727463,tt0209328,Smokey Smokes,Smokey Smokes,1920-06-06,1.0073,7.0,1,[16],en,0,0,6,,Gregory La Cava,
415808,tt0011041,The Butterfly Man,The Butterfly Man,1920-04-18,1.0073,9.0,1,[18],en,0,0,60,Louis J. Gasnier Productions,"Ida May Park, Louis J. Gasnier","Lew Cody, Louise Lovely, Lila Leslie, Rosemary Theby, Martha Mattox"
175205,tt0011513,Nomads of the North,Nomads of the North,1920-09-25,1.0073,5.714,7,"[53, 10749, 18, 80, 12]",en,0,0,78,James Oliver Curwood Productions Inc.,David Hartford,"Betty Blythe, Lon Chaney, Lewis Stone, Francis McDonald, Spottiswoode Aitken"
783891,tt0011059,A City Sparrow,A City Sparrow,1920-10-17,1.0069,9.0,1,[18],en,0,0,50,"Paramount Pictures, Famous Players-Lasky Corporation",Sam Wood,"Ethel Clayton, Walter Hiers, Clyde Fillmore, Lillian Leighton, William Boyd"
913288,tt0144480,The Night Riders,The Night Riders,1920-07-01,1.0057,8.0,1,[37],en,0,0,61,G.B. Samuelson Productions,Alexander Butler,"Albert Ray, Maudie Dunham, Alexander Butler, J. Gordon Russell, C. McCarthy"
1001347,tt1175646,Il castello dalle cinquantasette lampade,Il castello dalle cinquantasette lampade,1920-08-01,1.0043,0.0,0,[35],it,0,0,0,Medusa,Toddi,"Vera D'Angara, Mario Ferrari, Rina Maggi, Augusto Poggioli"
408905,tt0195853,The Jungle Princess,The Jungle Princess,1920-06-05,0.9901,5.333,3,[12],en,0,0,52,Selig Polyscope Company,E.A. Martin,"Juanita Hansen, George Chesebro, Frank Clarke, Al Ferguson, Hector Dion"
1168280,tt0247166,Amleto e il suo clown,Amleto e il suo clown,1920-01-01,1.0036,8.0,1,[],it,0,0,0,,Carmine Gallone,"Soava Gallone, Elisa Severi, Luciano Molinari, Umberto Zanuccoli, Tatiana Gorka"
1120843,tt2412934,The House of Fatal Love,Kærlighedsvalsen,1920-01-12,1.0036,0.0,0,[18],da,0,0,11,,A.W. Sandberg,"Aage Fønss, Albrecht Schmidt, Clara Pontoppidan, Svend Kornbeck, Aage Hertel"
1573101,tt0011434,Man's Plaything,Man's Plaything,1920-05-10,1.0031,7.0,1,[18],en,0,0,60,Republic Films,Charles Horan,"Montagu Love, Grace Davison, Stuart Holmes, Jack W. Johnston, Eric Mayne"
1571616,tt0011768,3 Gold Coins,3 Gold Coins,1920-07-04,1.0023,10.0,1,"[18, 37]",en,0,0,50,Fox Film Corporation,Clifford Smith,"Tom Mix, Margaret Loomis, Frank Whitson, Bert Hadley, Dick Rush"
306984,tt0010954,Alias Jimmy Valentine,Alias Jimmy Valentine,1920-02-29,1.0011,8.0,1,"[18, 80]",en,0,0,60,Metro Pictures Corporation,"Edmund Mortimer, Arthur Ripley","Bert Lytell, Vola Vale, Eugene Pallette, Wilton Taylor, Marc Robbins"
1470496,tt0011282,Her Beloved Villain,Her Beloved Villain,1920-12-10,1.0006,10.0,1,[35],en,0,0,50,Realart Pictures Corporation,Sam Wood,"Wanda Hawley, Ramsey Wallace, Templar Powell, Tully Marshall, Lillian Leighton"
688071,tt0011494,The Mystery Mind,The Mystery Mind,1920-11-01,0.9999,9.0,1,"[80, 18, 12]",en,0,0,300,Supreme Pictures,"Will S. Davis, Fred Sittenham","Violet MacMillan, Paul Panzer, Peggy Shanor, Baby Ivy Ward, Edward Elkas"
53771,tt0011527,"Oh, Lady, Lady","Oh, Lady, Lady",1920-11-01,0.9997,9.0,1,"[35, 10749]",en,0,0,50,,Maurice Campbell,"Bebe Daniels, Harrison Ford, Walter Hiers, Charlotte Woods, Lillian Langdon"
1391280,tt0164140,La poupée,La poupée,1920-08-01,0.9989,7.0,1,[35],en,0,0,0,Meyrick Milton,Meyrick Milton,"Fred Wright, Flora le Breton, Richard Scott, William Farren, Gladys Vicat"
570348,tt0270220,The Backyard,The Backyard,1920-11-01,0.9977,7.5,2,[35],en,0,0,22,Vitagraph Company of America,Jess Robbins,"Jimmy Aubrey, Oliver Hardy, Evelyn Nelson, Jack Ackroyd, Kathleen Myers"
334180,tt0011224,The Gift Supreme,The Gift Supreme,1920-03-30,0.9974,7.0,1,[18],en,0,0,60,Charles R. McCauley Photoplays,Oliver L. Sellers,"Bernard J. Durning, Seena Owen, Melbourne MacDowell, Tully Marshall, Eugenie Besserer"
966777,,Patagonia,Patagonia,1920-01-01,0.9971,0.0,0,[],es,0,0,0,,José Bustamante y Ballivián,
919908,tt0145958,Passion's Playground,Passion's Playground,1920-04-01,0.9971,8.0,1,[18],en,0,0,50,Katherine MacDonald Pictures Corp.,J.A. Barry,"Katherine MacDonald, Norman Kerry, Nell Craig, Edwin Stevens, Virginia Ainsworth"
1569409,tt0012340,Just Out of College,Just Out of College,1920-11-27,0.9523,10.0,1,[35],en,0,0,50,Goldwyn Pictures Corporation,Alfred E. Green,"Jack Pickford, Molly Malone, George Hernandez, Edythe Chapman, Otto Hoffman"
1282369,tt0011636,A Modern Robinson,Robinson i skärgården,1920-11-15,0.9965,10.0,1,[35],sv,0,0,49,,Rune Carlsten,"Erik Lindholm, Lotten Almlöf, Mary Johnson, Carlo Keil-Möller, Sigrid Holmquist"
290580,tt0362259,The Dancer Barberina,Die Tänzerin Barberina,1920-01-02,0.9948,3.75,2,"[18, 36]",de,0,0,0,,Carl Boese,"Lyda Salmonova, Otto Gebühr, Harry Liedtke, Reinhold Schünzel, Rosa Valetti"
621492,tt0010965,An Arabian Knight,An Arabian Knight,1920-08-22,0.994,7.0,1,"[28, 12, 14]",en,0,0,50,Haworth Pictures Corporation,Charles Swickard,"Sessue Hayakawa, Lillian Hall, Jean Acker, Marie Pavis, Elaine Inescourt"
226067,tt0011256,The Gyurkovics Boys,Gyurkovicsarna,1920-12-26,0.9935,5.0,5,"[18, 35]",sv,0,0,77,Filmindustri AB Skandia,John W. Brunius,"Gösta Ekman, Nils Asther, Violet Molitor, Emile Stiebel, Pauline Brunius"
686133,tt0011125,Double Speed,Double Speed,1920-02-01,0.9932,8.0,1,"[35, 18]",en,0,0,50,Famous Players-Lasky Corporation,Sam Wood,"Wallace Reid, Wanda Hawley, Theodore Roberts, Tully Marshall, Lucien Littlefield"
891736,tt0010026,The Courage of Marge O'Doone,The Courage of Marge O'Doone,1920-05-30,0.992,8.0,1,[18],en,0,0,70,Vitagraph Company of America,David Smith,"Pauline Starke, Niles Welch, George Stanley, Jack Curtis, William Dyer"
1386942,tt0196009,The Pride of the Fancy,The Pride of the Fancy,1920-12-01,1.1042,7.0,1,[18],en,0,0,96,G.B. Samuelson Productions,"Richard Garrick, Albert Ward","Dorothy Fane, Tom Reynolds, Rex Davis, Daisy Burrell, Fred Morgan"
1599290,tt0011005,The Blood Barrier,The Blood Barrier,1920-04-11,0.9907,10.0,1,[18],en,0,0,60,J. Stuart Blackton Feature Pictures,J. Stuart Blackton,"Sylvia Breamer, Robert Gordon, William R. Dunn, Eddie Dunn, Louis Dean"
1581812,tt0195750,Girl of the Sea,Girl of the Sea,1920-03-21,0.9907,10.0,1,[18],en,0,0,60,Submarine Film Corporation,Winthrop Kelley,"Betty Hilburn, Chester Barnett, Kathryn Lean, Alex Shannon"
1581815,tt0190348,The Dangerous Paradise,The Dangerous Paradise,1920-10-20,0.9906,7.0,1,[35],en,0,0,60,Selznick Pictures,William P.S. Earle,"Louise Huff, Harry Benham, Ida Darling, John Raymond, Nora Reed"
190775,tt0356728,The Famous Actress Cicala Formica,L'illustre attrice Cicala Formica,1920-12-01,0.9898,5.667,3,[],it,0,0,25,,Lucio D'Ambra,"Lia Formia, Umberto Zanuccoli, Riccardo Bertacchini, Renato Piacentini, Diomede Procaccini"
555731,tt0193815,Chouquette et son as,Chouquette et son as,1920-07-16,0.9896,10.0,1,[35],fr,0,0,49,Pathé Consortium Cinéma,"Charles Prince, Georges Monca","Jane Marken, Charles Prince, Lucy Mareil, Sylvia Grey, Arioli"
433144,tt0276209,Sklaven fremden Willens,Sklaven fremden Willens,1920-01-03,0.9895,10.0,1,[18],de,0,0,94,Richard Eichberg-Film GmbH,Richard Eichberg,"Lee Parry, Gertrud de Lalsky, Karl Halden, Bela Lugosi, Marga Köhler"
233428,tt0927148,The Actor's Love-Story,En Skuespillers Kærlighed,1920-11-05,0.9883,0.0,0,[18],da,0,0,47,,Martinius Nielsen,"Valdemar Psilander, Inger Nybo, Ebba Thomsen, Henny Lauritzen, Erik Holberg"
292686,tt0011350,Jes' Call Me Jim,Jes' Call Me Jim,1920-05-23,0.988,6.0,6,[18],en,0,0,60,Goldwyn Pictures Corporation,Clarence G. Badger,"Will Rogers, Irene Rich, Lionel Belmore, Raymond Hatton, Jimmy Rogers"
763252,tt0165273,Dráteníček,Dráteníček,1920-01-01,0.9867,10.0,1,[18],cs,0,0,0,,Bohumír Šimek,"Josef Šváb-Malostranský, Anny Ondra, Bohumír Šimek"
389511,tt0011533,On Our Selection,On Our Selection,1920-01-01,0.9867,7.0,4,[],en,0,0,74,,Raymond Longford,
1187217,tt14998462,New Ralgia,New Ralgia,1920-12-10,0.986,0.0,0,[35],en,0,0,12,Doubleday Production Company,,Bobby Ray
783917,tt0241520,After Death,A halál után,1920-11-22,0.986,7.0,1,"[18, 27]",hu,0,0,90,,Alfréd Deésy,"Camilla von Hollay, Gyula Mészáros, Gida von Laza, Frigyes Tanay, Irma Major"
630560,tt0011031,The Hunchback and the Dancer,Der Bucklige und die Tänzerin,1920-07-08,0.9856,7.0,1,"[27, 18]",de,0,0,50,Helios Film,F. W. Murnau,"Sascha Gura, John Gottowt, Paul Biensfeldt, Anna von Palen, Henri Peters-Arnolds"
1090966,tt0241861,Pán,Pán,1920-07-31,0.9853,9.0,1,"[14, 18, 10749]",hu,0,0,0,,Pál Fejős,"Viktor Costa, Claire Bauroff, Lajos Gellért, Ödön Bárdi, Gusztáv Pártos"
913578,tt0011270,The Heart of a Child,The Heart of a Child,1920-04-11,0.9852,9.0,1,[18],en,0,0,70,Metro Pictures Corporation,Ray C. Smallwood,"Alla Nazimova, Charles Bryant, Ray Thompson, Nell Newman, Victor Potel"
620150,tt0011329,In Search of a Sinner,In Search of a Sinner,1920-03-07,0.9848,7.0,1,"[35, 10749]",en,0,0,50,Constance Talmadge Film Company,David Kirkland,"Constance  Talmadge, Rockliffe Fellowes, Corliss Giles, William Roselle, Marjorie Milton"
1420560,tt0011578,The Place of Honeymoons,The Place of Honeymoons,1920-11-01,0.9847,7.0,1,[18],en,0,0,50,Atlas Film Company,Kenean Buel,"Emily Stevens, Frankie Mann, Mabel Bardine, Herbert Evans, Montagu Love"
613637,tt0011298,Hitchin' Posts,Hitchin' Posts,1920-09-13,0.9845,6.333,3,[37],en,0,0,50,Universal Film Manufacturing Company,John Ford,"Frank Mayo, Beatrice Burnham, C.E. Anderson, J. Farrell MacDonald, Duke R. Lee"
419642,tt0196704,The Little Shepherd of Kingdom Come,The Little Shepherd of Kingdom Come,1920-02-01,0.9838,10.0,1,"[10752, 18, 36]",en,0,0,60,Goldwyn Pictures Corporation,Wallace Worsley,"Jack Pickford, Clara Horton, Pauline Starke, J. Parks Jones, Clark Marshall"
320380,tt0011571,The Phantom Foe,The Phantom Foe,1920-10-11,0.9835,7.0,1,"[12, 27]",en,0,0,315,George B. Seitz Productions,Bertram Millhauser,"Juanita Hansen, Warner Oland, Wallace McCutcheon Jr., William Bailey, Nina Cassavant"
629758,tt0134132,Die Söhne des Grafen Dossy,Die Söhne des Grafen Dossy,1920-05-07,0.9832,7.0,1,[],de,0,0,0,,Adolf Gärtner,"Albert Bassermann, Elsa Bassermann, Gertrude Welcker"
574294,tt0423930,Call a Taxi!,Call a Taxi!,1920-07-25,0.983,5.5,2,[35],en,0,0,9,Rolin Films,Charley Chase,"Harry 'Snub' Pollard, Marie Mosquini, Sunshine Sammy Morrison, Sammy Brooks, Hughie Mack"
842147,tt0011882,The World and His Wife,The World and His Wife,1920-07-18,0.9829,9.0,1,[18],en,0,0,60,"Cosmopolitan Pictures, Paramount-Artcraft Pictures",Robert G. Vignola,"Montagu Love, Alma Rubens, Gaston Glass, Pedro de Cordoba, Charles K. Gerrard"
53764,tt0011089,The Dancin' Fool,The Dancin' Fool,1920-05-02,0.9824,8.0,1,"[35, 10749]",en,0,0,50,Famous Players-Lasky Corporation,Sam Wood,"Wallace Reid, Bebe Daniels, Raymond Hatton, Willis Marks, George B. Williams"
1336663,tt0011126,A Double-Dyed Deceiver,A Double-Dyed Deceiver,1920-06-22,0.9819,9.0,1,"[80, 18, 37]",en,0,0,50,Goldwyn Pictures Corporation,Alfred E. Green,"Jack Pickford, Marie Dunn, James Neill, Edythe Chapman, Sidney Ainsworth"
872959,tt0011146,Easy to Get,Easy to Get,1920-03-28,0.9819,10.0,1,"[35, 80]",en,0,0,50,Famous Players-Lasky Corporation,Walter Edwards,"Marguerite Clark, Harrison Ford, Rod La Rocque, Helen Greene, Herbert Barrington"
1617655,tt0011473,Molly and I,Molly and I,1920-04-12,0.9815,7.0,1,[18],en,0,0,50,Fox Film Corporation,Howard M. Mitchell,"Shirley Mason, Alan Roscoe, Harry Dunkinson, Lila Leslie"
918635,tt0010942,813,813,1920-11-14,0.9809,9.0,1,[9648],en,0,0,60,"Christie Film Company, Robertson-Cole Pictures Corporation","Scott Sidney, Charles Christie","Wedgwood Nowell, Ralph Lewis, Wallace Beery, J.P. Lockney, William V. Mong"
535157,tt0011212,The Frisky Mrs. Johnson,The Frisky Mrs. Johnson,1920-11-12,0.9808,10.0,1,[35],en,0,0,50,Famous Players-Lasky Corporation,Edward Dillon,"Billie Burke, Ward Crane, Jane Warrington, Lumsden Hare, Huntley Gordon"
872374,tt0011786,The Tree of Knowledge,The Tree of Knowledge,1920-01-18,0.9804,3.333,3,[18],en,0,0,50,Famous Players-Lasky Corporation,William C. deMille,"Theodore Kosloff, Yvonne Gardelle, Robert Warwick, Kathlyn Williams, Wanda Hawley"
668877,tt0011081,Cuando la patria lo mande,Cuando la patria lo mande,1920-01-01,0.9801,5.667,3,[],es,0,0,0,,Juan de Homs,"Luis Escamilla, Flora Islas Chacón, José Rubio, Teté Tapia"
261099,tt0011070,Conrad in Quest of His Youth,Conrad in Quest of His Youth,1920-11-06,0.9792,6.4,5,"[35, 18]",en,0,0,75,Paramount Pictures,William C. deMille,"Thomas Meighan, Mabel Van Buren, Mayme Kelso, Bertram Johns, Margaret Loomis"
85825,tt0011112,The Devil's Claim,The Devil's Claim,1920-05-02,0.9792,9.0,1,[18],en,0,0,50,,Charles Swickard,"Sessue Hayakawa, Rhea Mitchell, Colleen Moore, William Buckley, Sidney Payne"
1767949,,In the Shadow of Assiniboine,In the Shadow of Assiniboine,1920-01-01,0.979,0.0,0,[99],en,0,0,10,National Parks of Canada,William J. Oliver,"Christian Haesler, Joan Oliver"
1600853,tt0011418,Love's Harvest,Love's Harvest,1920-06-05,0.9788,9.0,1,[18],en,0,0,50,Fox Film Corporation,Howard M. Mitchell,"Shirley Mason, Raymond McKee, Edwin B. Tilton, Lila Leslie"
1622324,tt0344025,The Man from Snowy River,The Man from Snowy River,1920-08-28,0.9787,9.0,1,"[28, 12, 18, 10749]",en,0,0,61,Beaumont Smith's Productions,"Beaumont Smith, John Wells","Cyril Mackay, Stella Southern, Tal Ordell, Hedda Barr, John Cosgrove"
1502452,tt0179912,A Joia Maldita,A Joia Maldita,1920-10-02,0.9775,9.0,1,[18],pt,0,0,0,Pátria Filme,Luiz de Barros,"Jácomo Sorrentino, Silvia Bertini, Antônio Tibiriçá, Alice Ribeiro, Antônio Caramuru"
1676570,,In the Days of Struggle,В дни борьбы,1920-06-01,0.9773,0.0,0,[18],uk,0,0,0,"VGIK, VFKO",Ivane Perestiani,"Andrei Gorchilin, Nina Shaternikova, Ivan Kapralov, Vsevolod Pudovkin, Feofan Shipulinsky"
1624587,tt0011334,The Invisible Divorce,The Invisible Divorce,1920-07-12,0.977,10.0,1,[18],en,0,0,60,National Picture Theatres Inc.,"Nat G. Deverich, Thomas R. Mills","Walter McGrail, Leatrice Joy, Walter Miller, Grace Darmond, Tom Bates"
1134464,tt0011098,Dead Men Tell No Tales,Dead Men Tell No Tales,1920-11-01,0.9768,6.5,2,[12],en,0,0,70,Vitagraph Company of America,Tom Terriss,"Catherine Calvert, Percy Marmont, Holmes Herbert, Gustav von Seyffertitz, Roy Applegate"
1258679,tt0435732,Die Schreckensnacht im Irrenhaus Ivoy,Die Schreckensnacht im Irrenhaus Ivoy,1920-01-01,0.9765,7.0,1,[53],de,0,0,0,Cserépy-Film,"Arzén von Cserépy, Otz Tollen","Rudolf Klein-Rogge, Friedrich Kühne, Helmut Krauss, Georg Franken, Hans Henryk"
270859,tt0433162,Waltz Me Around,Waltz Me Around,1920-02-22,0.9762,6.0,4,[35],en,0,0,10,Rolin Films,Charley Chase,"Harry 'Snub' Pollard, Marie Mosquini, Sunshine Sammy Morrison, Eddie Boland, Gaylord Lloyd"
765141,tt0011684,She Couldn't Help It,She Couldn't Help It,1920-12-14,0.976,10.0,1,"[35, 80, 10749]",en,0,0,51,Realart Pictures Corporation,Maurice Campbell,"Bebe Daniels, Emory Johnson, Wade Boteler, Vera Lewis, Herbert Standing"
947925,tt0011468,The Misleading Lady,The Misleading Lady,1920-12-20,0.9756,9.0,1,[35],en,0,0,60,Metro Pictures Corporation,George Irving,"Bert Lytell, Lucy Cotton, Frank Currier, Stephen Grattan, Rae Allen"
620139,tt0011567,The Perfect Woman,The Perfect Woman,1920-07-01,0.9755,10.0,1,"[35, 10749]",en,0,0,0,Joseph M. Schenck Productions,David Kirkland,"Constance  Talmadge, Charles Meredith, Elizabeth Garrison, Joseph Burke, Ned Sparks"
362483,tt0011414,The Love Expert,The Love Expert,1920-04-17,0.9752,5.875,8,"[35, 10749]",en,0,0,60,Constance Talmadge Film Company,David Kirkland,"Constance  Talmadge, John Halliday, Arnold Lucy, Natalie Talmadge, Fannie Bourke"
873005,tt0130285,The Stolen Kiss,The Stolen Kiss,1920-04-04,0.9751,9.0,1,"[18, 10749]",en,0,0,50,Realart Pictures Corporation,Kenneth S. Webb,"Constance Binney, Rod La Rocque, George Backus, Bradley Barker, Robert Schable"
682559,tt0012286,His Pajama Girl,His Pajama Girl,1920-05-10,0.9745,8.0,1,[35],en,0,0,0,Southern California Production Company,Donald Edwards,"Billie Rhodes, Harry L. Rattenberry, Harry Edwards, George B. French, Eddie Barry"
1394339,tt0011452,A Master Stroke,A Master Stroke,1920-06-01,0.9744,10.0,1,"[35, 18]",en,0,0,50,Vitagraph Company of America,Chester Bennett,"Earle Williams, Vola Vale, Henry A. Barrows, John Elliott, Rhea Haines"
941321,tt0013068,The Sleep of Cyma Roget,The Sleep of Cyma Roget,1920-07-01,0.9742,10.0,1,[18],en,0,0,50,Lejaren a'Hiller Productions,"Charles L. Gaskill, Legaren à Hiller","Helen Gardner, Templar Saxe, Peggy O'Neil, C.D. Williams, Legaren à Hiller"
776210,tt0133725,Die Duplizität der Ereignisse,Die Duplizität der Ereignisse,1920-01-01,0.9737,8.0,1,[],de,0,0,0,,Adolf Gärtner,"Albert Bassermann, Elsa Bassermann, Gertrude Welcker, Gerhard Tandar, Hans Werder"
1482602,,Gabriele the Lamplighter of the Harbor,Gabriele il lampionaio di porto,1920-05-26,0.9733,0.0,0,[],it,0,0,64,Dora Film,Elvira Notari,"Oreste Tesorone, Mary cavaliere, Mrs. Pappone, Milena, Eduardo Notari"
314162,tt0011021,The Branding Iron,The Branding Iron,1920-10-31,0.9733,7.0,1,[18],en,0,0,70,Reginald Barker Productions,Reginald Barker,"Barbara Castleton, James Kirkwood, Russell Simpson, Richard Tucker, Sidney Ainsworth"
555740,tt0195756,Gosse de riche,Gosse de riche,1920-08-27,0.9732,7.0,1,[],fr,0,0,0,,Charles Burguet,"Suzanne Grandais, Henry Roussel, Henri Bosc, Berthe Jalabert, Paulette Ray"
668881,tt0154567,Until after death,Hasta después de la muerte,1920-01-01,0.9731,5.667,3,[],es,0,0,0,,Ernesto Vollrath,"Enrique Cantalaúba, Antonio Galé, Josefina Maldonado, Eduardo Martorell, Elvira Ortiz"
555780,tt0192697,Tristan and Isolde,Tristan et Yseult,1920-10-22,0.9731,7.0,1,[],fr,0,0,0,,Maurice Mariaud,"Sylvio De Pedrelli, Andrée Lionel, Tania Daleyme, Henri Maillard"
1511740,tt0011420,The Luck of Geraldine Laird,The Luck of Geraldine Laird,1920-02-01,0.9723,7.0,1,[18],en,0,0,0,Bessie Barriscale Productions,Edward Sloman,"Bessie Barriscale, Niles Welch, Boyd Irwin, Dorcas Matthews, William V. Mong"
579208,tt1712211,What Was the Carnival of 1920!,O Que Foi o Carnaval de 1920!,1920-01-01,0.9718,5.5,2,[99],pt,0,0,10,Carioca Filmes,Alberto Botelho,
665833,tt0446922,Die Banditen von Asnières,Die Banditen von Asnières,1920-07-17,0.9713,7.0,1,[],de,0,0,0,Wörner-Filmgesellschaft,Karl Mueller-Hagens,"Max Landa, Reinhold Schünzel, Ferdinand von Alten, Hilde Woerner, Willi Schur"
1029355,tt6274108,Die Strahlen des Todes,Die Strahlen des Todes,1920-06-01,0.9704,0.0,0,[],de,0,0,0,,Gernot Bock-Stieber,"Alexander von Antalffy, Marte Stern, Josef Reithofer, Ellen Plessow, Ludwig Rex"
270813,tt0011032,Bud Takes the Cake,Bud Takes the Cake,1920-05-02,0.9702,8.0,1,[16],en,0,0,6,J.R. Bray Studios,Frank Moser,
175227,tt0011522,Nurse Marjorie,Nurse Marjorie,1920-04-03,0.9698,6.1,5,"[35, 18]",en,0,0,88,Realart Pictures Corporation,William Desmond Taylor,"Mary Miles Minter, Arthur Hoyt, Vera Lewis, Frank Leigh, Clyde Fillmore"
1398093,tt0011515,The North Wind's Malice,The North Wind's Malice,1920-10-17,0.9689,8.0,1,[18],en,0,0,69,Eminent Authors Corporation,"Paul Bern, Carl Harbaugh","Tom Santschi, Jane Thomas, Joe King, Julia Stuart, William H. Strauss"
563505,tt0011549,Over the Hill to the Poorhouse,Over the Hill to the Poorhouse,1920-09-17,0.9686,9.0,1,"[18, 80]",en,100000,3000000,110,Fox Film Corporation,Harry F. Millarde,"James Sheridan, Noel Tearle, William Welsh, Stephen Carr, Mary Carr"
402625,tt0011368,Kismet,Kismet,1920-11-14,0.9669,8.25,2,[18],en,0,0,85,,Louis J. Gasnier,"Otis Skinner, Rosemary Theby, Elinor Fair, Marguerite Comont, Nicholas Dunaew"
745377,tt1013667,Nina la poliziotta,Nina la poliziotta,1920-08-01,0.9653,0.0,0,[18],it,0,0,13,,Giuseppe Guarino,"Henriette Bonard, Giovanni Ciusa, Mario Mercati, Nino Novelli, Delizzia Pezzinga"
1126222,tt0440057,Die Augen der Maske,Die Augen der Maske,1920-12-17,0.965,9.0,1,[],de,0,0,0,,Karl Gerhardt,"Ally Kay, Hans Merkwitz, Hans Halden, Fritz Spira"
1762787,tt0984102,Pyrenean Perspectives,Pyrenean Perspectives,1920-11-01,0.9644,0.0,0,[99],en,0,0,0,Burton Holmes Travel Pictures,,
352098,tt0010058,The Deadlier Sex,The Deadlier Sex,1920-03-28,0.9639,7.5,2,"[18, 35]",en,0,0,60,Jesse D. Hampton Productions,Robert Thornby,"Blanche Sweet, Winter Hall, Roy Laidlaw, Mahlon Hamilton, Russell Simpson"
270992,tt0432307,Johann Baptiste Lingg,Johann Baptiste Lingg,1920-08-29,0.9636,5.5,6,[],de,0,0,0,,Arthur Teuber,"Carl Auen, Irmgard Bern, Frida Richard, Ludwig Hartau, Albert Patry"
308374,tt0011015,Bonnie May,Bonnie May,1920-06-10,0.9633,7.0,1,[18],en,0,0,52,Andrew J. Callaghan Productions Inc.,"Joseph De Grasse, Ida May Park","Bessie Love, Miss DuPont, W.H. Bainbridge, Charles Gordon, Lon Poff"
291521,tt0126610,A Philistine in Bohemia,A Philistine in Bohemia,1920-03-19,0.9625,7.0,1,[10749],en,0,0,20,Vitagraph Company of America,Edward H. Griffith,"Edna Murphy, Rod La Rocque, Nellie Parker Spaulding"
288353,tt0011667,The Screaming Shadow,The Screaming Shadow,1920-01-02,0.9625,8.0,1,"[28, 12]",en,0,0,0,Hallmark Pictures Corporation,"Ben F. Wilson, Duke Worne","Ben F. Wilson, Neva Gerber, Frances Terry, Howard Crampton, Joseph W. Girard"
980248,tt0011862,The White Moll,The White Moll,1920-07-24,0.9621,7.0,1,"[80, 18]",en,0,0,50,Fox Film Corporation,Harry F. Millarde,"Pearl White, Richard Travers, Jack Baston, Walter P. Lewis, Eva Gordon"
630535,tt6279264,Die Prinzessin vom Nil,Die Prinzessin vom Nil,1920-05-01,0.9619,0.0,0,[],de,0,0,0,,Martin Zickel,"Lya Mara, Franz Cornelius, Julius Falkenstein, Lotte Stein, Johanna Ewald"
440989,tt0011604,The Prince and the Pauper,Prinz und Bettelknabe,1920-11-19,0.9616,7.5,2,[18],de,0,0,75,,Alexander Korda,"Tibor Lubinszky, Albert Schreiber, Adolf Weisse, Franz Herterich, Franz Everth"
1507149,tt0248336,A Pajama Marriage,A Pajama Marriage,1920-10-17,0.9611,9.0,1,[35],en,0,0,19,Special Pictures Corporation,Reggie Morris,"Neely Edwards, Charlotte Merriam, Ford Sterling, Eddie Baker, Jim Corey"
996749,,Hoy o Nunca Besame,Hoy o Nunca Besame,1920-01-01,0.9611,0.0,0,[],xx,0,0,0,"Malayan Movies, Nepomuceno Productions",Jose Nepomuceno,
857546,tt0446181,"Der Totenkopf, 50 000 Mark-Prämienfilm","Der Totenkopf, 50 000 Mark-Prämienfilm",1920-12-06,0.9596,7.0,1,[],de,0,0,0,,"Max Nadler, Retti Marsani","Elga von Hardt, Friedrich Ulmer, Viktor Gehring, Max Nadler"
1574474,tt0461572,Der rätselhafte Klub,Der rätselhafte Klub,1920-03-28,0.9121,7.0,1,[80],de,0,0,0,Metro-Film,Harry Piel,"Harry Piel, Paula Barra, Esther Hagan, Karl Heinzius, Adolf Wenter"
617322,tt0286685,"The mistress of the world, Part VI: The woman with the millionaires",Die Herrin der Welt 6. Teil - Die Frau mit den Millionarden,1920-01-16,0.9583,8.0,1,[],de,0,0,73,May-Film,Uwe Jens Krafft,"Mia May, Paul Hansen, Wilhelm Diegelmann, Hermann Picha, Paul Morgan"
1679923,,Aankomst van H.M. de Koningin ter opening der Staten-Generaal,Aankomst van H.M. de Koningin ter opening der Staten-Generaal,1920-01-01,0.9576,0.0,0,[99],xx,0,0,0,,,"Queen Wilhelmina of the Netherlands, Duke Henry of Mecklenburg-Schwerin"
358246,tt0011093,The Adventures of Daredevil Jack,The Adventures of Daredevil Jack,1920-06-30,0.9573,10.0,1,"[28, 12, 9648, 10749, 37]",en,0,0,20,"Robert Brunton Productions, Pathé Exchange",W.S. Van Dyke,"Jack Dempsey, Lon Chaney, Josie Sedgwick, Herschel Mayall, Albert R. Cody"
213287,tt0011525,Der Ochsenkrieg,Der Ochsenkrieg,1920-10-16,0.9571,5.643,7,"[18, 36]",de,0,0,86,Münchner Lichtspielkunst AG (Emelka),Franz Osten,"Thea Steinbrecher, Ernst Rückert, Fritz Greiner, Viktor Gehring, Curt Gerdes"
292382,tt0011840,"Water, Water, Everywhere","Water, Water, Everywhere",1920-02-08,0.9565,7.0,1,"[35, 37]",en,0,0,50,Goldwyn Pictures Corporation,Clarence G. Badger,"Will Rogers, Irene Rich, Rowland V. Lee, Wade Boteler, Margaret Livingston"
1403997,tt0440893,Um den Bruchteil einer Sekunde,Um den Bruchteil einer Sekunde,1920-01-01,0.9564,7.0,1,[18],de,0,0,53,Deutsche Mutoskop und Biograph,Jaap Speyer,"Magda Madeleine, Karl Falkenberg, Max Ruhbeck, Theodor Burghardt"
752708,tt0270668,The Stage Hand,The Stage Hand,1920-09-20,0.9562,8.0,2,[35],en,0,0,0,"Larry Semon Productions, Vitagraph Company of America","Larry Semon, Norman Taurog","Larry Semon, Lucille Carlisle, Frank Alexander, Thelma Percy, Al Thompson"
798435,tt6191660,The Double Murder of Sarajevo,Der Doppelmord von Sarajewo,1920-01-16,0.9561,0.0,0,"[36, 18]",de,0,0,0,Rolf Randolf-Film GmbH,Rolf Randolf,"Rolf Randolf, Paul Graetz, Niels Jensen, Ernst Pittschau, Lys Andersen"
510675,tt0140925,Cuando Chaplin enloqueció de amor,Cuando Chaplin enloqueció de amor,1920-06-13,0.956,10.0,1,"[18, 10749, 35]",es,0,0,50,"Chilefilms, Giambastiani Films",Pedro J. Malbrán,"Carlos Valsasnini, Elena Puelma, Nemesio Martínez, Pedro J. Malbrán, Pepe Martínez"
612929,tt0011572,The Phantom Melody,The Phantom Melody,1920-01-27,0.9554,7.0,1,[18],en,0,0,60,Universal Film Manufacturing Company,Douglas Gerrard,"Monroe Salisbury, Henry A. Barrows, Ray Gallagher, Charles West, Jean Calhoun"
1590236,tt0011092,Dangerous to Men,Dangerous to Men,1920-04-05,0.9553,7.0,1,[35],en,0,0,60,Screen Classics Inc.,William C. Dowlan,"Viola Dana, Milton Sills, Edward Connelly, Josephine Crowell, James O. Barrows"
625189,tt0010995,Black Is White,Black Is White,1920-03-07,0.9553,10.0,1,[18],en,0,0,60,Thomas H. Ince Corporation,Charles Giblyn,"Dorothy Dalton, Holmes Herbert, Jack Crosby, Clifford Bruce, Claire Mersereau"
1168202,tt0248823,Der gelbe Gaukler,Der gelbe Gaukler,1920-01-01,0.9552,0.0,1,[],de,0,0,0,Münchner Lichtspielkunst AG (Emelka),Franz Osten,"Else Bodenheim, Franz Costa, Osman Raglieb, Rio Ellbon"
980341,tt0286792,Loafers and Lovers,Loafers and Lovers,1920-03-01,0.9546,10.0,1,[35],en,0,0,0,Vitagraph Company of America,Melville W. Brown,"Earl Montgomery, Joe Rock"
763384,tt0165298,Gilly poprvé v Praze,Gilly poprvé v Praze,1920-05-05,0.9533,7.0,1,[35],cs,0,0,0,,Karel Lamač,"Václav Pražský, Anny Ondra, Karel Lamač"
927976,tt0010950,The Adventures of Bob and Bill,The Adventures of Bob and Bill,1920-01-01,0.9522,7.0,1,[12],en,0,0,300,Pathé Exchange,Robert N. Bradbury,"Bob Steele, Bill Bradbury, Jeanne Carpenter"
464059,tt0011133,Drag Harlan,Drag Harlan,1920-10-24,0.9522,9.0,1,[37],en,0,0,64,,J. Gordon Edwards,"William Farnum, Jackie Saunders, Arthur Millett, G. Raymond Nye, Herschel Mayall"
851325,tt0011736,The Strange Boarder,The Strange Boarder,1920-04-01,0.9516,10.0,1,"[37, 80, 18]",en,0,0,50,,Clarence G. Badger,"Will Rogers, Irene Rich, Jimmy Rodgers, James Mason, Doris Pawn"
555771,tt0334312,The Secret of Lone Star,Le Secret du Lone Star,1920-05-14,0.9513,8.0,1,[18],fr,0,0,0,Le Film d'Art (Vandal et Delac),Jacques de Baroncelli,"Fannie Ward, Henri Gouget, Gabriel Signoret, Henri Janvier, Rex McDougall"
1381858,tt0150436,Edgar Camps Out,Edgar Camps Out,1920-09-01,0.9511,9.0,1,[35],xx,0,0,20,Goldwyn Pictures Corporation,E. Mason Hopper,"Edward Peil Jr., Lucille Ricksen, Buddy Messinger, Nick Cogley, John Cossar"
1514170,tt3027664,Indians in Lund,Lunda-indianer,1920-05-20,0.9504,0.0,0,[35],sv,0,0,44,Lundastudenternas karnevalskommitté,Einar Fröberg,"Hugo Hede, Malte Åkerman, Tusse Sjögren, Otto Ernberg, Torsten Uggla"
175277,tt0177743,The Burglary,Der Einbruch,1920-03-08,0.9503,6.333,3,[],en,0,0,2,,Harry Jäger,
613482,tt0011634,The Road to Divorce,The Road to Divorce,1920-04-05,0.9501,3.667,3,[18],en,0,0,50,Universal Film Manufacturing Company,Phil Rosen,"Mary MacLaren, William Ellingford, Alberta Lee, Edward Peil Sr., Eugenie Forde"
542210,tt0268018,Vicenta,Vicenta,1920-05-14,0.9499,7.0,1,[18],fr,0,0,19,,Musidora,"Musidora, Jean Guitry, Guiraud-Rivière, Marcel de Garcin, Ginette Chrysias"
338808,tt0011162,The Evil Eye,The Evil Eye,1920-04-30,0.9496,7.0,1,"[28, 18, 14]",en,0,0,0,Hallmark Pictures Corporation,"J. Gordon Cooper, Wally Van","Benny Leonard, Ruth Dwyer, Stuart Holmes, Marie Shotwell, Rosita Marstini"
1415453,tt0203197,Why Leave Your Husband?,Why Leave Your Husband?,1920-09-01,0.9486,8.0,1,[18],en,0,0,0,,,"Pearl Shepard, Jere Austin"
1281323,tt0376092,A Prohibition Monkey,A Prohibition Monkey,1920-09-13,0.9482,9.0,1,[35],en,0,0,30,Universal Film Manufacturing Company,William Campbell,"Joe Martin, Mrs. Joe Martin, Fontaine La Rue, Frank Hayes, Robert McKenzie"
1258929,tt0333943,The Dead who Speak,Les morts qui parlent,1920-01-01,0.9479,7.0,1,[27],fr,0,0,0,,Pierre Marodon,Lady Nobody
914610,tt0494427,Raise the Rent,Raise the Rent,1920-02-22,0.9466,6.0,2,[35],en,0,0,12,Hal Roach Studios,Fred C. Newmeyer,"Harry 'Snub' Pollard, Marie Mosquini, William Gillespie, Gaylord Lloyd, Noah Young"
964842,tt0194883,The Fighting Kentuckians,The Fighting Kentuckians,1920-07-01,0.9454,7.0,1,[18],en,0,0,0,Sterling Features Pictures Inc.,J. Harrison Edwards,"Jack Baston, Irma Harrison, Tom Burrough, Adele Kelly, Colin Chase"
175310,tt0188237,The Tiger's Coat,The Tiger's Coat,1920-11-08,0.945,5.6,6,[18],xx,0,0,55,Dial Film Company,Roy Clements,"Tina Modotti, Lawson Butt, Myrtle Stedman, Miles McCarthy, Frank Weed"
1760448,tt0983878,Kilawea Volcano Eruptions,Kilawea Volcano Eruptions,1920-11-01,0.944,0.0,0,[99],en,0,0,0,,,
665804,tt0011878,A Woman's Business,A Woman's Business,1920-06-01,0.942,7.0,1,[18],en,0,0,50,Rolfe Photoplays,B.A. Rolfe,"Olive Tell, Edmund Lowe, Donald Hall, Lucille Lee Stewart, Warner Richmond"
628417,tt0008933,Die Brüder Karamasoff,Die Brüder Karamasoff,1920-09-20,0.9417,6.0,1,[18],de,0,0,105,"Maxim-Film GmbH, Ebner & Co.",Carl Froelich,"Fritz Kortner, Bernhard Goetzke, Emil Jannings, Hermann Thimig, Alina Griffycz-Milewska"
486224,tt0010964,April Folly,April Folly,1920-03-20,0.9413,8.0,3,[80],en,0,0,50,"International Film Service, Marion Davies Film Corporation, Cosmopolitan Productions",Robert Z. Leonard,"Marion Davies, Madeline Marshall, Hattie Delaro, Amelia Summerville, Conway Tearle"
1590229,tt0011688,Shod with Fire,Shod with Fire,1920-02-09,0.941,10.0,1,"[18, 37]",en,0,0,60,Fox Film Corporation,Emmett J. Flynn,"William Russell, Helen Ferguson, Betty Schade, Robert Cain, George Stewart"
958517,tt0221845,The Broncho Kid,The Broncho Kid,1920-06-05,0.9406,9.0,1,[37],en,0,0,20,Universal Film Manufacturing Company,Mack V. Wright,"Hoot Gibson, Yvette Mitchell, Dudley Hendricks, Jim Corey"
1408560,tt2322124,INRI - die Katastrophe eines Volkes,INRI - die Katastrophe eines Volkes,1920-05-18,0.9405,0.0,0,[18],de,0,0,0,,Ludwig Beck,"Ria Mabeck, Dorian René, Gil de Costa, Lina Berg, Inge Heer"
284673,tt0011367,King of the Circus,King of the Circus,1920-01-02,0.9395,8.0,1,[28],en,0,0,360,Universal Film Manufacturing Company,J.P. McGowan,"Eddie Polo, Corrine Porter, Kittoria Beveridge, Harry Madison, Charles Fortune"
872953,tt0011446,Mary Ellen Comes to Town,Mary Ellen Comes to Town,1920-03-21,0.9373,10.0,2,[35],en,0,0,50,New Art Film Company,Elmer Clifton,"Dorothy Gish, Kate Bruce, Ralph Graves, Adolph Lestina, Charles K. Gerrard"
655404,tt0474674,Florentinische Nächte,Florentinische Nächte,1920-01-01,0.9373,8.0,1,[],de,0,0,0,,"Hermann Wassung, Käthe Wienskowitz","Sybil Smolova, Kurt Vespermann, Maximiliane Ackers, Edna Fosta, Marie Escher"
296699,tt0364988,The Best Mouse Loses,The Best Mouse Loses,1920-03-03,0.9371,7.5,2,"[35, 16]",en,0,0,4,J.R. Bray Studios,Vernon Stallings,
613398,tt0012654,The Scoffer,The Scoffer,1920-09-01,0.9368,9.0,1,[18],en,0,0,70,Mayflower Photoplay Company,Allan Dwan,"Mary Thurman, James Kirkwood, Philo McCullough, Rhea Mitchell, Noah Beery"
613633,tt0011025,The Breath of the Gods,The Breath of the Gods,1920-07-25,0.9364,7.0,1,[18],en,0,0,60,Universal Film Manufacturing Company,Rollin S. Sturgeon,"Tsuru Aoki, Stanhope Wheatcroft, Arthur Edmund Carewe, Pat O'Malley, J. Barney Sherry"
613501,tt0011316,Human Stuff,Human Stuff,1920-06-28,0.936,10.0,1,[37],en,0,0,50,Universal Film Manufacturing Company,B. Reeves Eason,"Harry Carey, Rudolph Christians, Charles Le Moyne, Joe Harris, Fontaine La Rue"
687681,tt0011285,Her First Elopement,Her First Elopement,1920-12-01,0.9354,7.0,1,[18],en,0,0,50,Realart Pictures Corporation,Sam Wood,"Wanda Hawley, Jerome Patrick, Nell Craig, Lucien Littlefield, Jay Eaton"
292699,tt0011709,The Slim Princess,The Slim Princess,1920-07-14,0.9351,9.0,1,"[35, 18]",en,0,0,50,Goldwyn Pictures Corporation,Victor Schertzinger,"Mabel Normand, Hugh Thompson, Tully Marshall, Russ Powell, Lillian Sylvester"
175204,tt0011371,Kohlhiesel's Daughters,Kohlhiesels Töchter,1920-03-08,0.9342,5.974,19,"[35, 10749]",de,0,0,64,Messter Film,Ernst Lubitsch,"Emil Jannings, Henny Porten, Jakob Tiedtke, Gustav von Wangenheim, Willy Prager"
1151050,tt0287540,The Delicious Seafood,De läckra skaldjuren,1920-10-18,0.9339,9.0,1,[35],sv,0,0,17,Filmindustri AB Skandia,Pauline Brunius,"Olof Winnerstrand, Frida Winnerstrand, Ragnar Arvedson"
1387461,tt0170663,The Tavern Knight,The Tavern Knight,1920-09-01,0.9328,9.0,1,"[12, 36]",en,0,0,0,Stoll Picture Productions,Maurice Elvey,"Eille Norwood, Madge Stuart, Cecil Humphreys, Teddy Arundell, Lawrence Anderson"
427015,tt1644579,Glanz und Elend der Kurtisanen,Glanz und Elend der Kurtisanen,1920-03-27,0.9326,0.0,0,[],de,0,0,85,,"Louis Ralph, Robert Wiene, Conrad Wiene","Karl Götz, Hugo Werner-Kahle, Louis Ralph, Rudolf Forster, Marietta Palto"
1745757,tt0150438,The Edge of Youth,The Edge of Youth,1920-06-08,0.9325,0.0,0,"[10749, 18]",en,0,0,51,"British Screencraft, Gaumont-British Picture Corporation",Charles Calvert,"Josephine Earle, Dallas Anderson, Dick Webb, Violet Elliott, George Bellamy"
474483,tt0301368,The Witch of Gric,Grička vještica,1920-03-31,0.9321,10.0,1,[18],hr,0,0,0,"Jugoslavija Film, Croatia Film",Hinko Nučić,"Melita Bohinec, Božo Miller, Vera Polak, Renata Miletić, Stjepan Bojničić"
1508653,tt0011797,Twins of Suffering Creek,Twins of Suffering Creek,1920-06-01,0.9313,9.0,1,"[28, 18, 10749, 37]",en,0,0,50,Fox Film Corporation,Scott R. Dunlap,"William Russell, Louise Lovely, E. Alyn Warren, Henry Hebert, Joe Ray"
674406,,Vagabunden der Liebe,Vagabunden der Liebe,1920-01-01,0.9304,0.0,0,[],de,0,0,0,,,Dagny Servaes
289096,tt2526550,Why Wild Men Go Wild,Why Wild Men Go Wild,1920-08-27,0.9295,5.0,1,[35],en,0,0,12,Christie Film Company,William Beaudine,"Bobby Vernon, James Harrison, Vera Steadman, Gus Leonard"
1447094,tt0125518,The Story of the Rosary,The Story of the Rosary,1920-01-01,0.9293,8.0,1,[18],en,0,0,0,Master Films,Percy Nash,"Malvina Longfellow, Dick Webb, Charles Vane, Frank Tennant, Cameron Carr"
901100,tt0011809,The Untamed,The Untamed,1920-08-29,0.9293,10.0,1,[37],en,0,0,50,Fox Film Corporation,Emmett J. Flynn,"Tom Mix, Pauline Starke, George Siegmann, Philo McCullough, James O. Barrows"
1399096,tt0011584,Poker,Poker,1920-10-02,0.929,8.0,1,[16],en,0,0,0,,Dave Fleischer,
632354,tt0011254,The Great Light,Das große Licht,1920-05-07,0.9276,7.0,2,[18],de,0,0,110,Doktram-Film,Hanna Henning,"Emil Jannings, Kurt Vespermann, Frida Richard, Margarete Schön, Albert Patry"
1514650,tt0011141,The Dwelling Place of Light,The Dwelling Place of Light,1920-09-12,0.9273,7.0,1,[18],en,0,0,70,Benjamin B. Hampton Productions,Jack Conway,"Claire Adams, King Baggot, Robert McKim, Ogden Crane, Lydia Knott"
1581846,tt0189433,A Common Level,A Common Level,1920-05-10,0.9264,8.0,1,[18],en,0,0,50,Transatlantic Film Company of America,Burton L. King,"Edmund Breese, Claire Whitney, Lawrence Grattan, Febo Mari"
1115679,,Clouds,Clouds,1920-01-01,0.9257,0.0,0,[99],en,0,0,15,,Raymond Evans,
1399099,tt0011622,The Restaurant,The Restaurant,1920-11-06,0.9255,8.5,2,[16],en,0,0,8,,,Max Fleischer
621330,tt0011851,What's Your Hurry?,What's Your Hurry?,1920-08-15,0.925,9.0,1,"[35, 18]",en,0,0,50,Famous Players-Lasky Corporation,Sam Wood,"Wallace Reid, Lois Wilson, Charles Ogle, Clarence Burton, Ernest Butterworth Jr."
1613105,tt0011214,A Full House,A Full House,1920-10-24,0.9235,7.0,1,[35],en,0,0,50,Paramount Pictures,James Cruze,"Bryant Washburn, Lois Wilson, Guy Milham, Hazel Howell, Vera Lewis"
1393318,tt0011320,The Husband Hunter,The Husband Hunter,1920-01-01,0.9231,8.0,1,[18],en,0,0,50,G.B. Samuelson Productions,Fred W. Durrant,"C.M. Hallard, Madge Titheradge, Minna Grey, Tom Reynolds, Reginald Dane"
1402879,tt0197871,The Shadow of Rosalie Byrnes,The Shadow of Rosalie Byrnes,1920-04-12,0.9215,10.0,1,"[80, 18]",en,0,0,50,"Selznick Pictures, Select Pictures Corporation",George Archainbaud,"Elaine Hammerstein, Edward Langford, Anita Booth, Alfred Hickman, Fanny Cogan"
1590223,tt0011519,The Notorious Mrs. Sands,The Notorious Mrs. Sands,1920-05-09,0.9208,8.0,1,[18],en,0,0,50,Bessie Barriscale Productions,Christy Cabanne,"Bessie Barriscale, Forrest Stanley, Dorothy Cumming, Harry Myers, Ben Alexander"
617324,tt0286690,"The Mistress of the World, part V: Ophir, the city of the past","Die Herrin der Welt 5. Teil - Ophir, die Stadt der Vergangenheit",1920-01-09,0.9207,8.0,1,"[18, 12]",de,0,0,85,May-Film,Uwe Jens Krafft,"Mia May, Michael Bohnen, Paul Hansen, Louis Brody"
731228,tt0011127,Down Home,Down Home,1920-10-01,0.9194,9.0,1,[18],en,0,0,70,Irvin V. Willat Productions,Irvin Willat,"Leatrice Joy, James O. Barrows, Edward Hearn, Aggie Herring, Edward Nolan"
1578418,tt0011821,The Very Idea,The Very Idea,1920-03-15,0.9193,9.0,1,"[35, 18]",en,0,0,60,Taylor Holmes Productions,Lawrence C. Windom,"Taylor Holmes, Virginia Valli, Betty Ross Clarke, Jack Levering, Edward Martindel"
387378,tt0319661,The Kelly Gang,The Kelly Gang,1920-02-20,0.9176,9.0,2,[18],en,0,0,50,,Harry Southwell,"Godfrey Cass, Cyril Mackay, Victor Upton-Brown, Horace Crawford"
648250,tt0435471,Die Tragödie eines Großen,Die Tragödie eines Großen,1920-06-24,0.9172,7.0,1,[18],de,0,0,0,,Arthur Günsburg,"Carl de Vogt, Wilhelm Diegelmann, Dora Bergner, Sybill Morel, Georg H. Schnell"
555732,tt1850350,Colomba,Colomba,1920-12-03,0.9172,0.0,0,[],fr,0,0,0,,Jean Hervé,
803096,tt2336806,Love and Superstition,Kærlighed og overtro,1920-03-08,0.9164,5.0,1,"[35, 10749]",da,0,0,17,Nordisk Film Denmark,Lau Lauritzen Sr.,"Helen Gammeltoft, Rasmus Christiansen, Christian Schrøder, Lauritz Olsen, Torben Meyer"
687084,tt0011463,Milestones,Milestones,1920-09-09,0.915,8.0,1,"[18, 36]",en,0,0,60,Goldwyn Pictures Corporation,Paul Scardon,"Lewis Stone, Alice Hollister, Gertrude Robinson, Harvey Clark, Mary Alden"
938761,tt0011118,Dollars and Sense,Dollars and Sense,1920-06-27,0.914,10.0,1,[18],en,0,0,50,,Harry Beaumont,"Madge Kennedy, Kenneth Harlan, Willard Louis, Florence Deshon, Richard Tucker"
625196,tt0126187,Alarm Clock Andy,Alarm Clock Andy,1920-03-14,0.9136,9.0,1,[35],en,0,0,50,Thomas H. Ince Corporation,Jerome Storm,"Charles Ray, Millicent Fisher, George Webb, Tom Guise, Andrew Robson"
175327,tt0365457,Love's Labor Lost,Love's Labor Lost,1920-01-29,0.913,5.0,3,"[10749, 35, 16]",en,0,0,3,,Vernon Stallings,
288831,tt0011123,Don't Weaken!,Don't Weaken!,1920-09-05,0.9126,6.333,3,[35],en,0,0,20,Mack Sennett Comedies,Malcolm St. Clair,"Ford Sterling, James Finlayson, Charles Murray, Fanny Kelly, Harriet Hammond"
897623,,Il principe idiota,Il principe idiota,1920-01-01,0.9113,0.0,0,[],it,0,0,0,,Eugenio Perego,"Paola Borboni, Fernanda Fassy, Antonio d'Alessandro"
545126,tt0011207,The Fourteenth Man,The Fourteenth Man,1920-09-01,0.9107,8.0,1,[35],en,0,0,52,Paramount Pictures,Joseph Henabery,"Robert Warwick, Bebe Daniels, Walter Hiers, Robert Milasch, Norman Selby"
305538,tt0012285,His Own Law,His Own Law,1920-09-01,0.9106,9.0,1,[18],en,0,0,80,,J. Parker Read Jr.,"Hobart Bosworth, Rowland V. Lee, Jean Calhoun, Frank Brownlee"
819846,tt0929449,The Mysterious Flyer,Il Marito Perduto,1920-12-01,0.91,0.0,0,[],it,0,0,0,Chimera Films LLC,Edoardo Bencivenga,"Elisa Apodias, Mila Bernard, Lea Campioni, Goffredo D'Andrea, Attilio D'Anversa"
1187205,tt0249005,Merely a Maid,Merely a Maid,1920-05-16,0.9077,10.0,1,[35],en,0,0,12,Rolin Films,Fred C. Newmeyer,"Beatrice La Plante, Gaylord Lloyd, John J. Richardson"
872371,tt0011764,The 13th Commandment,The 13th Commandment,1920-01-17,0.9072,9.0,1,[18],en,0,0,50,Paramount Pictures,Robert G. Vignola,"Ethel Clayton, Charles Meredith, Monte Blue, Anna Q. Nilsson, Irving Cummings"
1237715,,Visita do Rei Alberto da Bélgica,Visita do Rei Alberto da Bélgica,1920-10-27,0.9062,0.0,0,[],pt,0,0,0,,Igino Bonfioli,
1639004,tt0011773,The Tiger Band,The Tiger Band,1920-01-01,0.9061,7.0,1,"[28, 53]",en,0,0,300,Holmes Producing Corp.,Gilbert P. Hamilton,"Helen Holmes, Jack Mower, T.D. Crittenden, Omar Whitehead, William Brunton"
941509,,A Frolic With Felix,A Frolic With Felix,1920-01-20,0.9061,0.0,0,[16],en,0,0,5,,Otto Messmer,
348789,tt0011016,Bookworms,Bookworms,1920-09-30,0.9057,6.5,2,[35],en,0,0,20,Minerva Films,Adrian Brunel,Leslie Howard
1482605,,The Medea of Porta Medina,La Medea di Porta Medina,1920-06-25,0.9056,0.0,0,[],it,0,0,71,Dora Film,Elvira Notari,"Mary cavaliere, Umberto Mucci, Isabella Zanchi, Eduardo Notari"
958481,tt0222238,The Texas Kid,The Texas Kid,1920-04-17,0.9056,8.0,1,[37],en,0,0,20,Universal Film Manufacturing Company,B. Reeves Eason,"Hoot Gibson, Mildred Moore, B. Reeves Eason Jr., Jim Corey, George Field"
621503,tt0195878,Li Ting Lang,Li Ting Lang,1920-07-24,0.9056,8.0,1,[18],en,0,0,50,Haworth Pictures Corporation,Charles Swickard,"Sessue Hayakawa, Allan Forrest, Charles Mason, Doris Pawn, Frances Raymond"
922181,tt0440319,Don't Rock the Boat,Don't Rock the Boat,1920-07-04,0.9052,9.0,1,[35],en,0,0,10,Rolin Films,Charley Chase,"Harry 'Snub' Pollard, Marie Mosquini, Sunshine Sammy Morrison, Eddie Boland, Noah Young"
190779,tt0011662,School Days,School Days,1920-05-03,0.9044,6.8,5,[35],en,0,0,25,Vitagraph Company of America,"Larry Semon, Norman Taurog, Mort Peebles","Larry Semon, Jack Duffy, Frank Alexander, Lucille Carlisle, Frank Hayes"
1608774,tt0011213,From Now On,From Now On,1920-09-26,0.9041,10.0,1,"[28, 80, 18, 10749]",en,0,0,70,Fox Film Corporation,Raoul Walsh,"George Walsh, Regina Quinn, Mario Majeroni, Paul Everton, James A. Marcus"
848091,,Footlights and Shadows,Footlights and Shadows,1920-02-14,0.9038,0.0,0,[18],en,0,200000,50,Selznick Pictures,John W. Noble,"Olive Thomas, Alex Onslow, Ivo Dawson, Mr. Farrell, May Hicks"
984440,tt0011167,The Face at Your Window,The Face at Your Window,1920-10-31,0.9031,7.0,1,[18],en,0,0,70,Fox Film Corporation,Richard Stanton,"Gina Relly, Earl Metcalfe, Edward Roseman, Boris Rosenthal, Walter McEwen"
1399683,tt0195787,His Wife's Money,His Wife's Money,1920-02-01,0.9023,8.0,1,[18],en,0,0,50,Selznick Pictures,Ralph Ince,"Eugene O'Brien, Zena Keefe, Ned Hay, Louise Prussing, Cyril Chadwick"
1100696,tt0472419,Die Schlange mit dem Mädchenkopf,Die Schlange mit dem Mädchenkopf,1920-01-25,0.9018,7.0,1,[],de,0,0,0,,Rudolf Walther-Fein,"Hans Albers, Josef Reithofer, Anton Pointner, Ria Jende"
665810,tt0010959,Always Audacious,Always Audacious,1920-11-14,0.9014,9.0,1,"[18, 10749]",en,0,0,50,Famous Players-Lasky Corporation,James Cruze,"Wallace Reid, Margaret Loomis, Clarence Geldart, J.M. Dumont, Rhea Haines"
988098,tt0011690,The Shuttle of Life,The Shuttle of Life,1920-11-01,0.9011,8.0,1,"[80, 18]",en,0,0,50,British Actors,D.J. Williams,"C. Aubrey Smith, Evelyn Brent, Jack Hobbs, Gladys Jennings, Bert Darley"
890235,tt0011693,The Silent Avenger,The Silent Avenger,1920-04-20,0.9005,10.0,1,"[28, 12]",en,0,0,320,Vitagraph Company of America,William Duncan,"William Duncan, Edith Johnson, Jack Richardson, Ernest Shields, Willis Robards"
611095,tt0144986,Idols of Clay,Idols of Clay,1920-11-28,0.9004,9.0,1,"[18, 10749]",en,0,0,70,Famous Players-Lasky Corporation,George Fitzmaurice,"Mae Murray, David Powell, Dorothy Cumming, George Fawcett, Richard Wangermann"
1258676,tt0434328,Der Schrei des Gewissens,Der Schrei des Gewissens,1920-01-10,0.8999,10.0,1,[18],de,0,0,0,Neutral-Film,Eugen Illés,"Charles Willy Kayser, Esther Carena, Anna von Palen"
1357767,tt0183450,Maciste Against Death,Maciste contro la morte,1920-11-08,0.8995,8.0,1,[],en,0,0,0,,"Carlo Campogalliani, Luigi Romano Borgnetto","Bartolomeo Pagano, Letizia Quaranta, Willi Allen, Ria Bruna, Carlo Campogalliani"
1246362,tt1603400,The Birth of the Earth,The Birth of the Earth,1920-01-01,0.8994,0.0,0,"[16, 99]",en,0,0,10,,Max Fleischer,
302972,tt0011626,Riders of the Dawn,Riders of the Dawn,1920-05-01,0.899,9.5,2,[37],en,0,0,60,Zane Grey Pictures,Jack Conway,"Claire Adams, Joseph J. Dowling, Robert McKim, Marie Messinger, Violet Schram"
1441668,tt3133952,The Crushed Idol,L'idole brisée,1920-12-07,0.8988,0.0,0,[18],en,0,0,0,,Maurice Mariaud,"Henri Baudin, Lina Cavalieri, Laure Dietric, Louis Leubas, Maurice Mariaud"
671492,tt0011670,The Scuttlers,The Scuttlers,1920-12-12,0.8982,7.0,1,[18],en,0,0,60,Fox Film Corporation,J. Gordon Edwards,"William Farnum, Jackie Saunders, Herschel Mayall, G. Raymond Nye, Arthur Millett"
175307,tt0011267,Headin' Home,Headin' Home,1920-09-18,0.8979,5.8,10,"[35, 18]",en,0,0,71,"Kessel & Baumann, Yankee Photo Corporation",Lawrence C. Windom,"Babe Ruth, Ruth Taylor, William Sheer, Margaret Seddon, Frances Victory"
988395,tt0011834,John Heriot's Wife,John Heriot's Wife,1920-07-14,0.9342,10.0,1,"[18, 80]",en,0,0,60,Anglo-Hollandia Film,"Maurits Binger, B.E. Doxat-Pratt","Mary Odette, Henry Victor, Adelqui Migliar, Lola Cornero, Annie Bos"
175236,tt0495860,The Making of an American,The Making of an American,1920-03-08,0.8967,4.538,13,[],en,0,0,14,,Guy Hedlund,Emil De Varney
289115,tt0011881,The Wonderful Chance,The Wonderful Chance,1920-09-27,0.8962,5.625,8,"[80, 18]",en,0,0,52,,George Archainbaud,"Eugene O'Brien, Martha Mansfield, Tom Blake, Rudolph Valentino, Joseph Flanagan"
731888,tt0165404,Niky's Magnificent Adventure,Nikyho velebné dobrodružství,1920-01-01,0.8958,6.5,2,[35],cs,0,0,27,Nicofilm (Berlín-Praha-Vídeň),Eugen Nicolsen,"Eugen Nicolsen, Anny Ondra, Jan Zelenka, Josef Brenner, Josef Šváb-Malostranský"
1696246,tt0330584,The Red Lily,Le lys rouge,1920-12-10,0.8954,0.0,0,[18],fr,0,0,0,Le lys rouge,Charles Maudru,"Suzanne Delvé, Jean Dax, Gaston Jacquet, Georges Lannes, Christiane Vernon"
947717,tt0131643,Wie Satan starb,Wie Satan starb,1920-12-04,0.8953,7.0,1,[],de,0,0,0,,"Heinz Hanus, Otto Rippert","Sascha Gura, Werner Schott, Josephi Danneyer, Robert Baleiti, Eugen Jensen"
967982,tt4966564,La Mariposa Negra,La Mariposa Negra,1920-01-01,0.8947,0.0,0,[18],xx,0,0,0,"Jose Nepomuceno Productions, Malayan Movies",Jose Nepomuceno,
1619140,tt0011879,Women Men Forget,Women Men Forget,1920-03-21,0.8943,5.5,2,[18],en,0,0,50,American Cinema Corporation,John M. Stahl,"Mollie King, Edward Langford, Frank Mills, Lucy Fox, Jane Jennings"
603163,tt0202648,The Unknown Ranger,The Unknown Ranger,1920-06-20,0.8942,6.5,2,[37],en,0,0,45,Aywon Film,Harris Gordon,"Rex Ray, Ben Hill, Marie Newall"
1258673,tt0357830,Der Kampf der Geschlechter,Der Kampf der Geschlechter,1920-01-02,0.894,10.0,1,[],de,0,0,0,Eiko-Film,Joseph Delmont,"Eduard von Winterstein, Paul Hartmann, Gustav Botz, Ria Alldorf, Meinhard Wauer"
1367747,tt0435650,Gewalt gegen Recht,Gewalt gegen Recht,1920-01-01,0.893,0.0,0,"[80, 18]",de,0,0,73,Stein-Film,Paul L. Stein,"Ernst Stahl-Nachbaur, Willy Kaiser-Heyl, Hans Adalbert Schlettow, Erra Bognar, Rudolf Klein-Rhoden"
1479350,tt0011074,Coração de Gaúcho,Coração de Gaúcho,1920-04-26,0.8924,8.0,1,[18],pt,0,0,0,Guanabara Filme,Luiz de Barros,"Álvaro Fonseca, Antônia Denegri, António Silva, Manuel F. Araujo, Cândida Leal"
1261573,tt0010996,Black Shadows,Black Shadows,1920-03-01,0.8922,10.0,1,"[18, 27]",en,0,0,50,Fox Film Corporation,Howard M. Mitchell,"Peggy Hyland, Alan Roscoe, Correan Kirkham, Henry Hebert, Edwin B. Tilton"
899171,tt0011586,Polly of the Storm Country,Polly of the Storm Country,1920-04-04,0.8922,7.25,2,"[18, 10749]",en,0,0,50,Chaplin-Mayer Pictures Company,Arthur Rosson,"Mildred Harris, Emory Johnson, Charlotte Burton, Harry Northrup, Ruby Lafayette"
1028144,tt0440537,Kaliber fünf Komma zwei,Kaliber fünf Komma zwei,1920-04-01,0.8921,8.0,1,[],de,0,0,68,,Willy Zeyn Sr.,"Carl Auen, Aud Egede-Nissen, Senta Eichstaedt, Rudolf Lettinger, Clementine Plessner"
684303,tt0011469,Miss Hobbs,Miss Hobbs,1920-05-19,0.8912,7.0,1,[35],en,0,0,60,Realart Pictures Corporation,Donald Crisp,"Wanda Hawley, Harrison Ford, Helen Jerome Eddy, Walter Hiers, Julanne Johnston"
1302936,tt1631694,Cleaning Up,Cleaning Up,1920-01-01,0.8899,0.0,0,[],en,0,0,15,,Frederick J Ireland,Billy West
632794,tt0011215,The Furnace,The Furnace,1920-11-01,0.8887,9.0,1,[18],en,0,0,70,Realart Pictures Corporation,William Desmond Taylor,"Agnes Ayres, Milton Sills, Theodore Roberts, Betty Francisco, Helen Dunbar"
357212,tt0011324,The Idol Dancer,The Idol Dancer,1920-03-21,0.8886,5.7,7,[18],en,0,0,104,D.W. Griffith Productions,D.W. Griffith,"Richard Barthelmess, Clarine Seymour, Creighton Hale, George MacQuarrie, Kate Bruce"
575225,tt0443234,Der siebente Tag,Der siebente Tag,1920-10-08,0.8878,8.0,1,[35],de,0,0,67,,Ernst Stahl-Nachbaur,"Carola Toelle, Paul Mederow, Adele Sandrock, Ernst Rotmund, Gustav Beer"
911794,tt0011097,The Dead Line,The Dead Line,1920-05-09,0.8874,10.0,1,"[28, 37]",en,0,0,50,Fox Film Corporation,Dell Henderson,"George Walsh, Irene Boyle, Baby Anita Lopez, Joe Henaway, Al Hart"
545777,tt0011714,So Long Letty,So Long Letty,1920-10-17,0.8874,10.0,1,[35],en,0,0,60,"Christie Film Company, Robertson-Cole Pictures Corporation",Al Christie,"Grace Darmond, T. Roy Barnes, Colleen Moore, Walter Hiers"
1617621,tt0011030,Broadway and Home,Broadway and Home,1920-12-10,0.8866,7.0,1,[18],en,0,0,60,Selznick Pictures,Alan Crosland,"Eugene O'Brien, Elinor Fair, Warren Cook, Frank Losee, Ellen Burford"
555702,tt0177517,L'Ami Fritz,L'Ami Fritz,1920-02-06,0.8866,9.0,1,[],fr,0,0,0,,"René Hervil, Suzanne Devoyod","Léon Mathot, Huguette Duflos, Thérèse Kolb, Édouard de Max, Louis Kerly"
1492654,tt0011884,Would You Forgive?,Would You Forgive?,1920-04-01,0.8864,5.5,2,[18],en,0,0,50,Fox Film Corporation,Scott R. Dunlap,"Vivian Rich, Tom Chatterton, Ben Deeley, Lila Leslie, Nancy Caswell"
175272,tt0367898,J-U-N-K,J-U-N-K,1920-03-08,0.885,10.0,1,[],en,0,0,24,,,"Hank Mann, Madge Kirby, James Welsh, John J. Richardson, Vernon Dent"
1404051,tt0440364,Das eherne Gesetz,Das eherne Gesetz,1920-01-01,0.8842,8.0,1,[18],de,0,0,45,Althoff & Company,"Jaap Speyer, Wolfgang Neff",Charles Willy Kayser
1508651,tt0011353,The Joyous Trouble-Makers,The Joyous Trouble-Makers,1920-07-01,0.8841,9.0,1,"[12, 35, 37]",en,0,0,60,Fox Film Corporation,J. Gordon Edwards,"William Farnum, Louise Lovely, G. Raymond Nye, George Nichols, Harry Archer"
935692,tt0011660,Links,Schakels,1920-01-09,0.884,7.0,1,[18],xx,0,0,50,,Maurits Binger,"Jan van Dommelen, Annie Bos, Adelqui Migliar, Louis Davids, Frits Bouwmeester jr."
665815,tt0143183,Civilian Clothes,Civilian Clothes,1920-09-05,0.8833,8.0,1,[],en,0,0,60,,Hugh Ford,"Thomas Meighan, Martha Mansfield, Maude Turner Gordon, Alfred Hickman, Frank Losee"
428051,tt1058756,Such a Girl,So ein Mädel,1920-01-01,0.8828,0.0,0,[],de,0,0,48,Hella Moja-Film GmbH,Urban Gad,"Hella Moja, Harry Liedtke, Ferry Sikla, Hermann Picha, Ada Sorel"
555729,tt0010970,Au-delà des lois humaines,Au-delà des lois humaines,1920-12-10,0.8827,10.0,1,[],xx,0,0,0,,"Gaston Roudès, Marcel Dumont",
217208,tt0011765,Thora van Deken,Thora van Deken,1920-03-15,0.8825,5.5,4,[18],sv,0,0,85,Filmindustri AB Skandia,John W. Brunius,"Pauline Brunius, Hugo Björne, Jessie Wessel, Gösta Ekman, Gösta Cederlund"
1338847,tt0011333,The Inner Voice,The Inner Voice,1920-09-03,0.8822,7.0,1,[18],en,0,0,50,American Cinema Corporation,Roy William Neill,"E.K. Lincoln, Agnes Ayres, Fuller Mellish, Riley Hatch, Walter Greene"
614667,tt0011537,Once a Plumber,Once a Plumber,1920-09-27,0.8819,7.0,1,[35],en,0,0,50,Universal Film Manufacturing Company,"Eddie Lyons, Lee Moran","Eddie Lyons, Lee Moran, George B. Williams, Sydney Deane, Jefferson Osborne"
613636,tt0011806,Under Northern Lights,Under Northern Lights,1920-08-27,0.8816,8.0,1,"[18, 10749]",en,0,0,50,Universal Film Manufacturing Company,Jacques Jaccard,"William Buckley, Tom London, Virginia Brown Faire, Herbert Bethew, Charles Brinley"
344285,tt0270407,His Jonah Day,His Jonah Day,1920-11-26,0.8814,7.0,2,[35],xx,0,0,33,Vitagraph Company of America,Jess Robbins,"Jimmy Aubrey, Oliver Hardy, Evelyn Nelson, Rosa Gore, Jack Lloyd"
1573089,tt0186863,A Beggar in Purple,A Beggar in Purple,1920-11-07,0.8808,10.0,1,[18],en,0,0,50,Edgar Lewis Productions Inc.,Edgar Lewis,"Lee Shumway, Charles Arling, Stanhope Wheatcroft, Betty Brice, Ruth King"
614861,tt0011306,Honor Bound,Honor Bound,1920-11-30,0.8806,7.0,1,[18],en,0,0,50,Universal Film Manufacturing Company,Jacques Jaccard,"Frank Mayo, Edward Coxen, Dagmar Godowsky, Nick De Ruiz, Helen Lynch"
977409,tt0988673,If We Lived on the Moon,If We Lived on the Moon,1920-09-01,0.8803,7.0,1,"[16, 99]",en,0,0,4,J.R. Bray Studios,Max Fleischer,
1566199,,Fälttjänstövningarna i Södermanland,Fälttjänstövningarna i Södermanland,1920-12-31,0.8794,0.0,0,[99],sv,0,0,0,Stiftelsen Armé- Marin- och Flygfilm,Gunnar Dyhlén,"King Gustaf V, Princess Victoria of Baden"
630553,tt0011794,The Truth About Husbands,The Truth About Husbands,1920-12-01,0.8788,7.0,1,[18],en,0,0,50,Whitman Bennett Productions,Kenneth S. Webb,"Anna Lehr, May McAvoy, Holmes Herbert, Dick Gordon, Ivo Dawson"
614660,tt0011673,The Secret Gift,The Secret Gift,1920-09-20,0.8787,7.0,1,[18],en,0,0,50,Universal Film Manufacturing Company,Harry L. Franklin,"Lee Kohlmar, Rudolph Christians, Doris Baker, Gladys Walton, Carl Gerard"
872756,tt0011702,The Six Best Cellars,The Six Best Cellars,1920-02-08,0.8786,9.0,1,[35],en,0,0,50,"Famous Players-Lasky Corporation, Paramount Pictures",Donald Crisp,"Bryant Washburn, Wanda Hawley, Clarence Burton, Elsa Lorimer, Josephine Crowell"
717744,tt1582623,The Nickel Snatcher,The Nickel Snatcher,1920-01-01,0.8782,0.0,0,[35],en,0,0,20,"Hank Mann Comedies, Arrow Film Corporation",Charley Chase,"Hank Mann, Vernon Dent, Albert T. Gillespie, Charley Chase, James T. Kelley"
665820,tt0440743,Das Recht der freien Liebe,Das Recht der freien Liebe,1920-10-01,0.8782,10.0,1,[18],de,0,0,125,,Jaap Speyer,"Magnus Stifter, Ernst Hofmann, Gertrude Welcker, Bruno Eichgrün, Käthe Richter"
1514645,tt0340307,The Ransom of Mack,The Ransom of Mack,1920-12-01,0.8779,9.0,1,[18],en,0,0,15,Vitagraph Company of America,David Smith,"Beulah Booker, Frank Hayes, Robert McKenzie, Charles Spere"
1399673,tt0011615,Red Foam,Red Foam,1920-10-01,0.8774,8.0,1,[18],en,0,0,0,Selznick Pictures,Ralph Ince,"Zena Keefe, Harry Tighe, Huntley Gordon, Danny Hayes, Peggy Worth"
328047,tt0142748,An Overall Hero,An Overall Hero,1920-07-25,0.8771,7.0,1,"[14, 35, 10751]",en,0,0,11,Chester Comedies,William Campbell,"Snooky, Ida Mae McKenzie"
655413,tt0472420,Der Schuß aus dem Fenster,Der Schuß aus dem Fenster,1920-03-01,0.8767,8.0,1,[],de,0,0,0,,,"Hans Albers, Ria Jende, Albert Paulig, Rio Ellbon, Josef Reithofer"
665835,tt0443262,Die Tophar-Mumie,Die Tophar-Mumie,1920-10-14,0.8766,8.0,1,"[18, 80, 27]",de,0,0,64,Decla-Bioscop,Johannes Guter,"Joseph Klein, Albert Bennefeld, Ellen Bargi, Paul Mederow, Emil Heyse"
346864,tt1587824,Naughty Nurses,Naughty Nurses,1920-01-01,0.8751,0.0,0,[35],en,0,0,20,Hank Mann Comedies,,"Hank Mann, Vernon Dent, Madge Kirby"
1004434,tt0011784,Trailed by Three,Trailed by Three,1920-04-04,0.8749,8.0,1,[37],en,0,0,300,Arthur F. Beck Serial Productions,Perry N. Vekroff,"Stuart Holmes, Frankie Mann, Wilfred Lytell, John Webb Dillion, John P. Wade"
736628,,Im Schuldbuch des Hasses,Im Schuldbuch des Hasses,1920-01-01,0.8749,0.0,0,"[80, 18]",de,0,0,0,,Rudolf del Zopp,"Leontine Kühnberg, Antonie Jaeckel"
474123,tt0011853,When Dawn Came,When Dawn Came,1920-04-01,0.8747,10.0,1,[18],en,0,0,77,Hugh E. Dierker Photo Drama Productions,Colin Campbell,"Lee Shumway, James O. Barrows, Colleen Moore, Kathleen Kirkham, William Conklin"
190855,tt0248872,A Home Spun Hero,A Home Spun Hero,1920-10-02,0.8747,9.0,1,[35],en,0,0,20,Christie Film Company,William Beaudine,"Bobby Vernon, Helen Darling, Vera Steadman, George Ford"
1404035,,Schrei um Hilfe,Schrei um Hilfe,1920-01-01,0.8743,0.0,0,[53],de,0,0,0,Progress-Film,Jaap Speyer,"Bruno Eichgrün, Evi Eva, Fritz Achterberg, Erwin Fichtner, Fritz Hartwig"
873927,tt0011380,The Ladder of Lies,The Ladder of Lies,1920-07-11,0.8738,10.0,1,[18],en,0,0,50,Famous Players-Lasky Corporation,Tom Forman,"Ethel Clayton, Clyde Fillmore, Jean Acker, Irving Cummings, Charles Meredith"
614801,tt0011225,The Gilded Dream,The Gilded Dream,1920-10-31,0.8738,7.0,1,[18],en,0,0,50,Universal Film Manufacturing Company,Rollin S. Sturgeon,"Carmel Myers, Tom Chatterton, Elsa Lorimer, Zola Claire, May McCulley"
451838,tt0011685,She Loves and Lies,She Loves and Lies,1920-01-01,0.8733,8.0,1,"[18, 35]",en,0,0,72,"Norma Talmadge Film Corporation, Select Pictures Corporation",Chester Withey,"Norma Talmadge, Conway Tearle, Octavia Broske, Phil Tead, Ida Darling"
684304,tt0011675,Seeing It Through,Seeing It Through,1920-01-01,0.8727,10.0,1,[18],en,0,0,50,Brentwood Film Corporation,Claude Mitchell,"Zasu Pitts, Henry Woodward, Edwin Stevens, Fanny Midgley, W.H. Bainbridge"
529015,tt0011819,Der verbotene Weg,Der verbotene Weg,1920-08-20,0.872,8.0,1,[18],de,0,0,0,,Henrik Galeen,"Lupu Pick, Eugen Rex, Sophie Pagay"
1055418,,Das vierte Gebot,Das vierte Gebot,1920-12-03,0.8718,0.0,0,[18],de,0,0,0,,Richard Oswald,"Hans Homma, Emmy Schleinitz, Lola Urban-Kneidinger, Cornelius Kirschner, Alice Hetsey"
360649,tt0150131,The Five Accursed Gentlemen,Les Cinq Gentlemen maudits,1920-09-03,0.8718,6.0,2,[18],fr,0,0,60,Films Luitz-Morat,"Luitz-Morat, Pierre Régnier","Luitz-Morat, Pierre Régnier, André Luguet"
31580,tt0011528,The Old Arm Chair,The Old Arm Chair,1920-11-01,0.8713,9.0,1,[],en,0,0,0,,Percy Nash,"Manora Thew, Cecil Mannering, Joan Ritz, Ida Fane, Cecil Morton York"
751087,tt0011349,Jenny Be Good,Jenny Be Good,1920-04-30,0.8712,7.0,1,[18],en,0,0,60,Realart Pictures Corporation,William Desmond Taylor,"Mary Miles Minter, Jay Belasco, Margaret Shelby, Fred R. Stanton, Sylvia Ashton"
716413,tt0011483,Mothers of Men,Mothers of Men,1920-03-10,0.8712,6.0,3,[18],en,0,0,60,"Edward José Productions, Film Specials",Edward José,"Claire Whitney, Lumsden Hare, Martha Mansfield, Etta Roma, Cesare Gravina"
1392203,tt0134044,Dolls of Death,Puppen des Todes,1920-01-01,0.8711,9.0,1,[],en,0,0,0,,Reinhard Bruck,"Albert Bassermann, Elsa Bassermann, Bernhard Goetzke, Georg H. Schnell, Gertrude Welcker"
625198,tt0195795,Homer Comes Home,Homer Comes Home,1920-06-27,0.8708,10.0,1,"[35, 18]",en,0,0,50,Thomas H. Ince Corporation,Jerome Storm,"Charles Ray, Otto Hoffman, Priscilla Bonner, John Elliott, Gus Leonard"
465487,tt0011914,Alf's Button,Alf's Button,1920-04-30,0.8704,5.5,2,[],en,0,0,105,Hepworth,Cecil M. Hepworth,"Leslie Henson, Alma Taylor, Gerald Ames, James Carew, Eileen Dennes"
328049,tt0247064,You'll Be S'prised,You'll Be S'prised,1920-12-05,0.8699,10.0,1,"[35, 10751, 14]",en,0,0,11,Chester Comedies,,"Ida Mae McKenzie, Snooky"
53519,tt0011293,High and Dizzy,High and Dizzy,1920-07-11,0.869,6.592,38,[35],en,0,0,26,Rolin Films,Hal Roach,"Harold Lloyd, Roy Brooks, Mildred Davis, Wally Howe, William Gillespie"
474756,tt0011045,Carolina Rediviva,Carolina Rediviva,1920-12-13,0.8677,9.0,1,[18],sv,0,0,94,SF Studios,Ivan Hedqvist,"Elof Ahrle, Ivan Hedqvist, Renée Björling, Carl Browallius, Nils Aréhn"
621340,tt0180276,Up in Mary's Attic,Up in Mary's Attic,1920-07-01,0.8674,8.0,1,[35],en,0,0,50,Ascher Productions,William Watson,"Eva Novak, Harry Gribbon, Virginia Stern, Al Fichlesfield, Cliff Bowes"
613498,tt0011558,The Path She Chose,The Path She Chose,1920-05-24,0.8674,7.0,1,[18],en,0,0,50,Universal Film Manufacturing Company,Phil Rosen,"Anne Cornwall, J. Farrell MacDonald, Claire Anderson, Genevieve Blinn, Dagmar Godowsky"
757359,tt0011739,The Strongest,The Strongest,1920-02-01,0.8669,8.0,1,[18],xx,0,0,60,Fox Film Corporation,Raoul Walsh,"Renée Adorée, Carlo Liten, Harrison Hunter, Florence Malone, Madame Tressida"
1371509,,Egy az eggyel,Egy az eggyel,1920-01-01,0.8666,0.0,0,[18],hu,0,0,17,,Alfréd Deésy,"Camilla von Hollay, Gyula Mészáros, Frigyes Tanay, Mici Haraszti, László Dezsõffy"
1301108,tt1649076,Narr und Tod,Narr und Tod,1920-06-18,0.8666,0.0,0,"[18, 27]",de,0,0,0,Filmag,Rudolf Stiaßny,"Lisa Kresse, Carl Goetz, Dora Kaiser, Hans Lackner, Paul Kronegg"
1590546,tt0011281,Help Wanted - Male,Help Wanted - Male,1920-09-26,0.8664,8.0,1,[35],en,0,0,60,Jesse D. Hampton Productions,Henry King,"Blanche Sweet, Henry King, Frank Leigh, Mayme Kelso, Thomas Jefferson"
481713,tt0011197,For the Soul of Rafael,For the Soul of Rafael,1920-05-01,0.8663,7.0,1,"[18, 12, 36]",en,0,0,78,Garson Studios,Harry Garson,"Clara Kimball Young, Bertram Grassby, Ruth King, Eugenie Besserer, Juan de la Cruz"
1640093,tt0166850,The Trail of the Cigarette,The Trail of the Cigarette,1920-06-14,0.8654,10.0,1,"[18, 9648]",en,0,0,50,William Steiner Productions,Tom Collins,"Glen White, Alexander F. Frank, Eugene Acker, Stanley Walpole, David Wall"
958524,tt0222361,The Shootin' Kid,The Shootin' Kid,1920-07-01,0.8647,7.0,1,[37],en,0,0,20,Universal Film Manufacturing Company,Hoot Gibson,"Hoot Gibson, Jim Corey, Lucille Rubey"
873274,tt0011398,Let's Be Fashionable,Let's Be Fashionable,1920-06-13,0.8646,3.0,3,[35],en,0,0,50,Thomas H. Ince Productions,Lloyd Ingraham,"Douglas MacLean, Doris May, Wade Boteler, Grace Morse, George Webb"
613634,tt0011007,Blue Streak McCoy,Blue Streak McCoy,1920-08-23,0.8644,10.0,1,[37],en,0,0,50,Universal Film Manufacturing Company,B. Reeves Eason,"Harry Carey, Lila Leslie, Charles Arling, B. Reeves Eason Jr., Ruth Fuller Golden"
603278,tt0011460,The Midlanders,The Midlanders,1920-12-01,0.8642,10.0,1,[18],en,0,0,60,Andrew J. Callaghan Productions Inc.,"Joseph De Grasse, Ida May Park","Bessie Love, Truman Van Dyke, Sydney Deane, Frances Raymond, Curt Rehfeld"
1035617,tt3522752,荒山得金,荒山得金,1920-01-01,0.8639,0.0,0,[],zh,0,0,0,Commercial Press Motion Pictuue Section,Pengnian Ren,"Shengwu Zhang, Guirong Bao, Guilin Wang, Jingling Hong"
1393311,tt0138585,Love in the Wilderness,Love in the Wilderness,1920-05-01,0.8637,8.0,1,[18],en,0,0,0,Samuelson Film Manufacturing Company,Alexander Butler,"Madge Titheradge, C.M. Hallard, Campbell Gullan, Maudie Dunham, Hubert Davies"
500100,tt0011177,The Fear Market,The Fear Market,1920-01-25,0.8637,7.0,1,[18],en,0,0,50,Realart Pictures Corporation,Kenneth S. Webb,"Alice Brady, Frank Losee, Harry Mortimer, Richard Hatteras, Edith Stockton"
810718,tt14329468,Janghanmong,장한몽,1920-06-29,0.8636,0.0,0,[10749],ko,0,0,0,Joseon Kinema Productions,Ki-se Lee,"Hojeong Ma, Eungsu Lee, Ki-se Lee"
735989,tt2337074,Their Silver Wedding,En sølvbryllupsdag,1920-04-20,0.8636,5.0,1,[35],da,0,0,17,Nordisk Film Denmark,Lau Lauritzen Sr.,"Oscar Stribolt, Lauritz Olsen, Aage Bendixen, Olga Svendsen"
990791,tt1182886,The Superman,I figli di Sansonia,1920-05-01,0.8634,0.0,0,"[28, 12]",xx,0,0,56,Albertini Film,Filippo Castamagna,"Luciano Albertini, Linda Albertini, Aldo Mezzanotte"
44409,tt0011521,"Number, Please?","Number, Please?",1920-12-26,0.8634,6.517,30,[35],en,0,0,25,Rolin Films,Hal Roach,"Harold Lloyd, Mildred Davis, Roy Brooks, Sunshine Sammy Morrison, Hal Roach"
477557,tt0011117,Dinty,Dinty,1920-11-21,0.8633,5.5,6,"[12, 35]",en,0,0,72,Marshall Neilan Productions,"John McDermott, Marshall Neilan","Wesley Barry, Noah Beery, Colleen Moore, Anna May Wong, J. Barney Sherry"
1425682,tt0011305,The Honey Bee,The Honey Bee,1920-04-01,0.8627,9.0,1,[18],en,0,0,0,American Film Company,Rupert Julian,"Marguerita Sylva, Thomas Holding, Nigel Barrie, Albert Ray, George Hernandez"
555738,tt0493658,Fille du peuple,Fille du peuple,1920-11-26,0.8626,7.0,1,[],fr,0,0,0,,Camille de Morlhon,"Hélène Darly, Charles De Rochefort, Suzanne Herval, Jean Peyrière"
959540,tt0221991,The Grinning Granger,The Grinning Granger,1920-10-09,0.8624,8.0,1,[37],en,0,0,20,Universal Film Manufacturing Company,Leo D. Maloney,"Hoot Gibson, Dorothy Wood, Kansas Moehring, Jim Corey"
653693,tt0011654,Satan,Satanas,1920-01-30,0.8622,7.0,2,"[18, 36]",de,0,0,54,Viktoria-Film GmbH,F. W. Murnau,"Fritz Kortner, Else Berna, Martin Wolfgang, Sadjah Gezza, Kurt Ehrle"
470910,tt0123205,On with the Dance,On with the Dance,1920-02-15,0.8622,4.0,3,[18],en,0,0,70,Famous Players-Lasky Corporation,George Fitzmaurice,"Mae Murray, David Powell, Alma Tell, John Miltern, Robert Schable"
314103,tt0186862,Before the White Man Came,Before the White Man Came,1920-08-31,0.862,6.0,2,[18],en,0,0,46,Northwestern Film Corporation,John E. Maple,"Old Badger, Bird Tail, Bear Claw, Mae Old Coyote, Scratches His Face"
360370,tt3307880,Kino the Girl of Colour,Kino the Girl of Colour,1920-01-01,0.8617,4.5,2,[99],en,0,0,1,,"Claude Friese-Greene, William Friese-Greene",
1511482,tt0011190,Flames of the Flesh,Flames of the Flesh,1920-01-01,0.8616,10.0,1,[18],en,0,0,0,Fox Film Corporation,Edward LeSaint,"Gladys Brockwell, William Scott, Ben Deeley, Josephine Crowell, Charles K. French"
338806,tt0011143,Earthbound,Earthbound,1920-08-10,0.8616,7.0,1,"[14, 18]",en,0,0,80,Goldwyn Pictures Corporation,T. Hayes Hunter,"Wyndham Standing, Naomi Childers, Billie Cotton, Mahlon Hamilton, Flora Revalles"
1683001,,At the Red Front,На красном фронте,1920-01-01,0.8615,0.0,0,[10752],ru,0,0,0,Film section of Mossovet,Lev Kuleshov,"Leonid Obolensky, Aleksandr Reykh, Lev Kuleshov, Alexandra Khokhlova"
227787,tt0314872,The Water Plug,The Water Plug,1920-05-13,0.8604,6.5,2,[35],en,0,0,12,Reelcraft Pictures,George Jeske,"Billy Franey, S.D. Wilcox, George Jeske, Robert McKenzie"
958216,tt0222002,West Is Best,West Is Best,1920-01-17,0.8602,10.0,1,[37],en,0,0,20,Universal Film Manufacturing Company,Phil Rosen,"Hoot Gibson, Josephine Hill, Frank Lloyd, Ah Wing, H.H. Pattee"
1491150,tt0011531,Old Lady 31,Old Lady 31,1920-05-23,0.86,8.0,1,"[35, 18]",en,0,0,0,Screen Classics Inc.,John Ince,"Emma Dunn, Henry Harmon, Clara Knott, Carrie Clark Ward, Sadie Gordon"
175220,tt0011163,Excuse My Dust,Excuse My Dust,1920-03-20,0.8599,5.9,8,"[18, 35, 28]",en,0,0,48,,Sam Wood,"Wallace Reid, Wallace Reid Jr., Ann Little, Theodore Roberts, Guy Oliver"
1395842,tt0197907,"Sophy of Kravonia; or, The Virgin of Paris","Sophy of Kravonia; or, The Virgin of Paris",1920-11-01,0.8587,9.0,1,[18],en,0,0,0,Harry Raver Inc.,Gerard Fontaine,"Diana Karenne, Walter Gordon, Philip Ashley, Marjorie Strickland, Marie Paton"
1138338,,Nawang Wulan,Nawang Wulan,1920-01-01,0.8587,7.0,1,[],en,0,0,9,,Richard Teschner,
740622,tt0444634,Der Galante König,Der Galante König,1920-11-05,0.8566,10.0,1,[18],de,0,0,0,,Alfred Halm,"Rudolf Basil, Lise Goetzen, Ilse Götzen, Eva Speyer, Charlotte Lier"
608257,tt0011186,The Fishing Village,Fiskebyn,1920-03-15,0.8565,8.0,1,[18],sv,0,0,91,,Mauritz Stiller,"Karin Molander, Lars Hanson, Carl Helleman, Egil Eide, Hildur Carlberg"
953141,tt0011206,45 Minutes from Broadway,45 Minutes from Broadway,1920-08-30,0.8551,9.0,1,[35],en,0,0,60,"Arthur S. Kane Pictures Corporation, Charles Ray Productions",Joseph De Grasse,"Charles Ray, Dorothy Devore, Eugenie Besserer, Donald MacDonald, Harry Myers"
1581798,tt0011551,The Palace of Darkened Windows,The Palace of Darkened Windows,1920-11-20,0.8548,8.0,1,"[35, 18]",en,0,0,60,National Picture Theatres Inc.,Henry Kolker,"Claire Anderson, Arthur Edmund Carewe, Jay Belasco, Christine Mayo, Gerald Pring"
675838,tt1300364,Marionetten des Teufels,Marionetten des Teufels,1920-01-01,0.8543,0.0,0,[],de,0,0,0,,"Friedrich Fehér, Johannes Brandt","Friedrich Fehér, Harald Paulsen, Erika Glässner, Ilse von Tasso-Lind, Jenny Marba"
316125,tt0011111,The Devil to Pay,The Devil to Pay,1920-11-28,0.8543,7.0,1,[9648],en,0,0,80,Robert Brunton Productions,Ernest C. Warde,"Roy Stewart, Robert McKim, Fritzi Brunette, George Fisher, Evelyn Selbie"
328435,tt0011079,Crooked Streets,Crooked Streets,1920-08-08,0.8533,7.0,1,[18],en,0,0,50,"Famous Players-Lasky Corporation, Paramount-Artcraft Pictures",Paul Powell,"Ethel Clayton, Jack Holt, Clyde Fillmore, Clarence Geldart, Josephine Crowell"
1305638,tt0011194,The Girls of Åre,Flickorna i Åre,1920-12-06,0.8528,9.0,1,[35],sv,0,0,40,,Lau Lauritzen Sr.,"Axel Hultman, Kate Fabian, Aage Bendixen, Sigrid Holmquist, Ture Marcus"
682547,tt0011486,Mrs. Temple's Telegram,Mrs. Temple's Telegram,1920-05-09,0.8528,10.0,1,[35],en,0,0,50,Paramount Pictures,James Cruze,"Bryant Washburn, Wanda Hawley, Carmen Phillips, Walter Hiers, Sylvia Ashton"
224417,tt1429024,Das Schweigen am Starnbergersee,Das Schweigen am Starnbergersee,1920-01-24,0.8528,4.4,5,[18],de,0,0,82,,Rolf Raffé,"Oskar Bayrer, Ferdinand Bonn, Karl Guttenberger, Anton Herrmann, Addi Homburg"
763386,tt1084704,Komediantka,Komediantka,1920-06-05,0.8524,0.0,0,[18],cs,0,0,0,Urania,Josef Rovenský,"Věra Bašná, Alois Sedláček, Ludmila Innemannová, Marie Počepická, Jiří Sedláček"
470403,tt0011086,The Cyclone,The Cyclone,1920-01-20,0.8521,10.0,1,"[37, 18]",en,0,0,50,Fox Film Corporation,Clifford Smith,"Tom Mix, Colleen Moore, Henry Hebert, William Ellingford, Buck Jones"
175207,tt0011848,What Happened To Rosa,What Happened To Rosa,1920-12-08,0.8521,7.167,6,[35],en,0,0,54,Goldwyn Pictures Corporation,Victor Schertzinger,"Mabel Normand, Doris Pawn, Tully Marshall, Hugh Thompson, Eugenie Besserer"
53530,tt0010258,His Royal Slyness,His Royal Slyness,1920-02-08,0.8513,6.02,25,[35],en,0,0,27,Rolin Films,Hal Roach,"Harold Lloyd, Mildred Davis, Harry 'Snub' Pollard, Gus Leonard, Noah Young"
1559354,tt1163871,Shiragiku monogatari,白菊物語,1920-07-03,0.851,0.0,0,[],ja,0,0,0,Film Art Association,Norimasa Kaeriyama,"Harumi Hanayagi, Sugisaku Aoyama, Iyokichi Kondô, Minoru Murata, Hikaru Kicchôji"
316241,tt2999246,A Husband in Haste,A Husband in Haste,1920-05-07,0.8505,5.0,1,[35],en,0,0,11,Christie Film Company,"William Beaudine, Al Christie","Earle Rodney, Helen Darling, Eddie Barry, Gus Leonard"
448476,tt1132257,Das Mädchen aus der Ackerstraße. 1. Teil,Das Mädchen aus der Ackerstraße. 1. Teil,1920-05-02,0.8503,0.0,0,[],de,0,0,87,,Reinhold Schünzel,"Lilly Flohr, Otto Gebühr, Rosa Valetti, Reinhold Schünzel, Albert Steinrück"
636683,tt0011852,What's Your Husband Doing?,What's Your Husband Doing?,1920-01-25,0.8501,3.333,3,[35],en,0,0,50,Thomas H. Ince Corporation,Lloyd Ingraham,"Douglas MacLean, Doris May, Walter Hiers, Alice Wilson, Margaret Livingston"
506468,tt0129954,General Post,General Post,1920-03-20,0.8497,6.667,3,[18],en,0,0,82,Ideal,Thomas Bentley,"Robert Henderson-Bland, Lilian Braithwaite, Joyce Dearsley, Dawson Millward, Douglas Munro"
574289,tt3053482,Lucky Hoodoo,Lucky Hoodoo,1920-08-11,0.8487,0.0,0,[35],en,0,0,21,George Kleine Productions,,Billy B. Van
958534,tt0222379,The Smilin' Kid,The Smilin' Kid,1920-08-21,0.8485,8.0,1,[37],en,0,0,20,Universal Film Manufacturing Company,Hoot Gibson,"Hoot Gibson, Dorothy Wood, Lucille Rubey, Mary Royce, Jim Corey"
725287,tt0011689,Shore Acres,Shore Acres,1920-05-16,0.8481,6.5,2,[18],en,0,0,60,Screen Classics Inc.,Rex Ingram,"Alice Lake, Bob Walker, Edward Connelly, Frank Brownlee, Joseph Kilgour"
619292,tt0444607,The Four Devils,Die Benefiz-Vorstellung der vier Teufel,1920-11-01,0.848,7.333,3,[18],de,0,0,95,Primus Film,A.W. Sandberg,"Ernst Winar, Margarete Schlegel, Adolphe Engers, Victor Colani, Heidi Ford"
898383,tt0010989,The Best of Luck,The Best of Luck,1920-07-01,0.8476,7.0,1,[18],en,0,0,60,Screen Classics Inc.,Ray C. Smallwood,"Kathryn Adams, Jack Holt, Lila Leslie, Fred Malatesta, Frances Raymond"
682564,tt0196827,Paris Green,Paris Green,1920-06-01,0.8472,9.0,1,"[35, 18]",en,0,0,50,"Thomas H. Ince Productions, Artcraft Pictures Corporation",Jerome Storm,"Charles Ray, Ann May, Bert Woodruff, Gertrude Claire, Donald MacDonald"
919960,tt0011921,Even as Eve,Even as Eve,1920-01-15,0.847,9.0,1,"[80, 18]",en,0,0,0,A.H. Fischer Features Inc.,"B.A. Rolfe, Chester De Vonde","Grace Darling, Ramsey Wallace, E.J. Ratcliffe, Sally Crute, Marc McDermott"
935596,,A Duck Tale,En ande-historie,1920-01-01,0.8467,0.0,0,[],da,0,0,9,,Robert Storm Petersen,
175278,tt0440280,The Dippy Dentist,The Dippy Dentist,1920-01-25,0.8465,6.375,4,[35],en,0,0,11,Rolin Films,Alfred J. Goulding,"Harry 'Snub' Pollard, Marie Mosquini, Sunshine Sammy Morrison, Sammy Brooks, Gaylord Lloyd"
961449,tt0222456,The Trail of the Hound,The Trail of the Hound,1920-12-25,0.8459,9.0,1,[37],en,0,0,20,Universal Film Manufacturing Company,Albert Russell,"Hoot Gibson, Jim Corey, Charles Newton, Ben Corbett, W.S. Weatherwax"
1132298,,Tono Tomps. 1. Der Millionendefraudant,Tono Tomps. 1. Der Millionendefraudant,1920-01-01,0.8458,0.0,0,[],de,0,0,0,,Louis Ralph,Louis Ralph
128699,tt0011721,The Soul of Youth,The Soul of Youth,1920-08-15,1.0897,5.222,9,[18],en,0,0,80,Realart Pictures Corporation,William Desmond Taylor,"Lewis Sargent, Lila Lee, Ernest Butterworth Jr., Clyde Fillmore, Grace Morse"
72320,tt0010991,The Bicycle Race,The Bicycle Race,1920-04-01,0.8441,10.0,1,"[16, 35]",en,0,0,0,Bud Fisher Film Corporation,Bud Fisher,
756690,tt0132193,Graf Sylvains Rache,Graf Sylvains Rache,1920-03-05,0.8436,10.0,1,[],de,0,0,0,,Willy Grunwald,"Asta Nielsen, Curt Goetz, Ernst Hofmann, Karl Platen, Mathilde Wieder"
912179,tt0011630,Rio Grande,Rio Grande,1920-04-25,0.8424,9.0,1,[37],en,0,0,70,Edwin Carewe Productions,Edwin Carewe,"Rosemary Theby, Allan Sears, Georgie Stone, Peaches Jackson, Hector V. Sarno"
958536,tt0221827,The Big Catch,The Big Catch,1920-09-25,0.8414,9.0,1,[37],en,0,0,20,Universal Film Manufacturing Company,Leo D. Maloney,"Hoot Gibson, Dorothy Wood, Jim Corey, Chick Morrison, Ida Tenbrook"
529678,tt0446160,Napoleon und die kleine Wäscherin,Napoleon und die kleine Wäscherin,1920-12-01,0.8403,8.0,1,[35],de,0,0,0,Ellen Richter Film,Adolf Gärtner,"Ellen Richter, Rudolf Lettinger, Henri Peters-Arnolds, Ludwig Körner, Friedrich Wilhelm Kaiser"
1409813,tt0190439,Half a Chance,Half a Chance,1920-10-24,0.8402,7.0,1,[18],en,0,0,70,Jesse D. Hampton Productions,Robert Thornby,"Mahlon Hamilton, Mary McAllister, Lillian Rich, Sidney Ainsworth, John Gough"
1010094,,Mutt and Jeff in the Movies,Mutt and Jeff in the Movies,1920-01-01,0.8401,0.0,0,[16],en,0,0,2,Bud Fisher Film Corporation,Charles R. Bowers,
661553,tt0011008,Das Blut der Ahnen,Das Blut der Ahnen,1920-11-05,0.8401,10.0,1,[],de,0,0,0,,Karl Gerhardt,"Robert Scholz, Harald Paulsen, Lil Dagover, Lilly Alexandra, Josef Rehberger"
184249,tt0011415,The Love Flower,The Love Flower,1920-08-21,0.84,4.7,12,[18],en,0,0,104,D.W. Griffith Productions,D.W. Griffith,"Carol Dempster, Richard Barthelmess, George MacQuarrie, Anders Randolf, Florence Short"
961326,tt0136384,The Man with a Punch,The Man with a Punch,1920-12-18,0.8397,9.0,1,[37],en,0,0,21,Universal Film Manufacturing Company,Edward Laemmle,"Hoot Gibson, Jim Corey, Charles Newton, Dorothy Wood, Ben Corbett"
452775,tt0165133,The Case of Lady Camber,The Case of Lady Camber,1920-08-01,0.8395,8.0,1,[9648],en,0,0,0,Broadwest,Walter West,"Violet Hopson, Stewart Rome, Gregory Scott, Mercy Hatton, C.M. Hallard"
1730553,tt0198985,Ross Smith’s Flight from London to Australia,Ross Smith’s Flight from London to Australia,1920-06-08,0.839,0.0,0,[99],en,0,0,43,,Frank Hurley,"Ross Smith, Keith Smith, Jim Bennett, Walter Henry Shiers"
