id,imdb_id,title,original_title,release_date,popularity,vote_average,vote_count,genre_ids,original_language,budget,revenue,runtime,production_companies,director,cast
218,tt0088247,The Terminator,The Terminator,1984-10-26,79.1599,7.693,15129,"[28, 53, 878]",en,6400000,78371200,108,"Hemdale, Pacific Western",James Cameron,"Arnold Schwarzenegger, Michael Biehn, Linda Hamilton, Paul Winfield, Lance Henriksen"
185664,tt0391904,Nun in Rope Hell,団鬼六　修道女縄地獄,1984-05-25,23.579,6.237,38,"[18, 27]",ja,0,0,69,Nikkatsu Corporation,Katsuhiko Fujii,"Miki Takakura, Maya Ito, Asami Ogawa, Hiroshi Unayama, Hiromi Yamaguchi"
311,tt0087843,Once Upon a Time in America,Once Upon a Time in America,1984-05-23,23.1451,8.373,6208,"[18, 80]",en,30000000,5500000,139,"Embassy International Pictures, PSO, The Ladd Company, Rafran Cinematografica",Sergio Leone,"Robert De Niro, James Woods, Elizabeth McGovern, Joe Pesci, Burt Young"
87,tt0087469,Indiana Jones and the Temple of Doom,Indiana Jones and the Temple of Doom,1984-05-23,22.8553,7.309,10374,"[12, 28]",en,28000000,333000000,118,"Paramount Pictures, Lucasfilm Ltd.",Steven Spielberg,"Harrison Ford, Kate Capshaw, Ke Huy Quan, Amrish Puri, Roshan Seth"
81,tt0087544,Warriors of the Wind,風の谷のナウシカ,1984-03-11,21.1361,7.941,4200,"[12, 16, 14]",ja,1000000,9016411,95,"Topcraft, Tokuma Shoten, Hakuhodo",Hayao Miyazaki,"Sumi Shimamoto, Ichiro Nagai, Gorō Naya, Yoji Matsuda, Yoshiko Sakakibara"
620,tt0087332,Ghostbusters,Ghostbusters,1984-06-08,19.0589,7.497,9990,"[35, 14]",en,30000000,296640120,105,"Columbia Pictures, Delphi Films, Black Rhino Productions",Ivan Reitman,"Bill Murray, Dan Aykroyd, Harold Ramis, Sigourney Weaver, Rick Moranis"
841,tt0087182,Dune,Dune,1984-12-14,18.7539,6.197,3543,"[28, 878, 12]",en,40000000,31502434,136,The De Laurentiis Company,David Lynch,"Kyle MacLachlan, Francesca Annis, Patrick Stewart, Linda Hunt, José Ferrer"
377,tt0087800,A Nightmare on Elm Street,A Nightmare on Elm Street,1984-11-09,17.8988,7.4,5929,[27],en,1800000,57004513,91,"New Line Cinema, Smart Egg Pictures, Media Home Entertainment, Cinema 84, The Elm Street Venture",Wes Craven,"Heather Langenkamp, Johnny Depp, Robert Englund, Amanda Wyss, Jsu Garcia"
256838,tt1647467,The Star of Cottonland,綿の国星,1984-02-11,15.3323,5.667,9,"[16, 14, 10749]",ja,0,0,96,Mushi Production,Shin'ichi Tsuji,"Mina Tominaga, Bin Shimada, Nachi Nozawa, Michio Hazama, Miyuki Ueda"
927,tt0087363,Gremlins,Gremlins,1984-06-08,15.0776,7.1,7148,"[14, 27, 35]",en,11000000,153083102,106,"Amblin Entertainment, Warner Bros. Pictures",Joe Dante,"Zach Galligan, Phoebe Cates, Hoyt Axton, Frances Lee McCain, Corey Feldman"
1885,tt0087538,The Karate Kid,The Karate Kid,1984-06-22,14.6684,7.23,4869,"[28, 18, 10751]",en,8000000,91138075,127,"Columbia Pictures, Delphi II Productions, Jerry Weintraub Productions",John G. Avildsen,"Ralph Macchio, Pat Morita, Elisabeth Shue, William Zabka, Martin Kove"
279,tt0086879,Amadeus,Amadeus,1984-09-19,13.8975,8.0,4918,"[18, 36, 10402]",en,18000000,90007557,160,The Saul Zaentz Company,Miloš Forman,"F. Murray Abraham, Tom Hulce, Elizabeth Berridge, Simon Callow, Roy Dotrice"
90,tt0086960,Beverly Hills Cop,Beverly Hills Cop,1984-12-05,13.4106,7.212,4732,"[35, 80, 28]",en,14000000,316360478,105,"Paramount Pictures, Eddie Murphy Productions, Don Simpson/Jerry Bruckheimer Films",Martin Brest,"Eddie Murphy, Judge Reinhold, John Ashton, Lisa Eilbacher, Ronny Cox"
655,tt0087884,"Paris, Texas","Paris, Texas",1984-07-16,11.6476,8.073,2317,[18],en,1750000,2181987,145,"Road Movies, Argos films, WDR, Channel Four Films, Pro-ject Filmproduktion",Wim Wenders,"Harry Dean Stanton, Nastassja Kinski, Dean Stockwell, Hunter Carson, Aurore Clément"
9336,tt0087928,Police Academy,Police Academy,1984-03-22,11.5504,6.723,3091,"[35, 80]",en,4500000,81198894,97,The Ladd Company,Hugh Wilson,"Steve Guttenberg, Kim Cattrall, G.W. Bailey, Bubba Smith, Donovan Scott"
329505,tt0089790,Lola's Secret,Il peccato di Lola,1984-05-04,11.4977,7.049,71,"[18, 35, 27]",it,0,0,88,Geo Film,Bruno Gaburro,"Donatella Damiani, Scott Coffey, Gabriele Tinti, Peter Boom, Jacques Stany"
34584,tt0088323,The NeverEnding Story,Die unendliche Geschichte,1984-04-06,11.141,7.225,4497,"[12, 14, 10751]",de,27000000,20158808,101,"Constantin Film, Bavaria Film",Wolfgang Petersen,"Noah Hathaway, Barret Oliver, Tami Stronach, Alan Oppenheimer, Sydney Bromley"
9651,tt0088206,Supergirl,Supergirl,1984-07-01,8.8049,5.406,729,"[12, 14, 28, 878]",en,35000000,14296438,124,"Artistry, Alexander and Ilya Salkind Productions",Jeannot Szwarc,"Helen Slater, Faye Dunaway, Peter O'Toole, Hart Bochner, Mia Farrow"
9314,tt0087803,Nineteen Eighty-Four,Nineteen Eighty-Four,1984-11-09,8.507,6.787,1708,"[18, 878, 53]",en,7430072,8430492,113,"Umbrella-Rosenblum Film Production, Virgin Films",Michael Radford,"John Hurt, Richard Burton, Suzanna Hamilton, Cyril Cusack, Gregor Fisher"
4437,tt0086837,2010,2010,1984-12-06,8.3849,6.662,1117,"[53, 878]",en,28000000,40400000,116,Metro-Goldwyn-Mayer,Peter Hyams,"Roy Scheider, John Lithgow, Helen Mirren, Bob Balaban, Keir Dullea"
9326,tt0088011,Romancing the Stone,Romancing the Stone,1984-03-30,8.0411,6.8,2121,"[10749, 35, 28, 12]",en,10000000,86572238,106,"SLM Production Group, Nina Saxon Film Design, El Corazon Producciones S.A., 20th Century Fox",Robert Zemeckis,"Michael Douglas, Kathleen Turner, Danny DeVito, Zack Norman, Alfonso Arau"
1788,tt0087277,Footloose,Footloose,1984-02-17,7.9211,6.688,2265,"[18, 10749]",en,8200000,80035402,107,"Paramount Pictures, IndieProd Company Productions",Herbert Ross,"Kevin Bacon, Lori Singer, John Lithgow, Dianne Wiest, Chris Penn"
9730,tt0087298,Friday the 13th: The Final Chapter,Friday the 13th: The Final Chapter,1984-04-13,7.7901,6.1,1560,[27],en,2600000,32984636,91,"Friday Four, Georgetown Productions, Paramount Pictures, Sean S. Cunningham Films",Joseph Zito,"Judie Aronson, Kimberly Beck, Joan Freeman, Barbara Howard, Corey Feldman"
9610,tt0087078,Conan the Destroyer,Conan the Destroyer,1984-06-29,7.655,6.134,1734,"[12, 14, 28]",en,18000000,31042035,103,"The De Laurentiis Company, Pressman Film",Richard Fleischer,"Arnold Schwarzenegger, Grace Jones, Wilt Chamberlain, Mako, Tracey Walter"
11507,tt0086984,Body Double,Body Double,1984-10-25,7.2383,6.743,955,"[80, 9648, 53]",en,10000000,8801940,114,"Delphi II Productions, Columbia Pictures",Brian De Palma,"Craig Wasson, Melanie Griffith, Gregg Henry, Deborah Shelton, Guy Boyd"
157,tt0088170,Star Trek III: The Search for Spock,Star Trek III: The Search for Spock,1984-06-01,7.1724,6.6,1584,"[878, 28, 12, 53]",en,18000000,87000000,105,Paramount Pictures,Leonard Nimoy,"William Shatner, DeForest Kelley, James Doohan, George Takei, Walter Koenig"
2619,tt0088161,Splash,Splash,1984-03-09,6.944,6.266,1535,"[35, 10749, 14]",en,8000000,69800000,110,Touchstone Pictures,Ron Howard,"Tom Hanks, Daryl Hannah, Eugene Levy, John Candy, Dody Goodman"
12309,tt0086927,Bachelor Party,Bachelor Party,1984-06-29,6.869,6.324,738,[35],en,6000000,38435947,105,"Twin Continental, Bachelor Party Productions, Aspect Ratio Film, 20th Century Fox",Neal Israel,"Tom Hanks, Tawny Kitaen, Adrian Zmed, George Grizzard, Barbara Stuart"
11031,tt0088258,This Is Spinal Tap,This Is Spinal Tap,1984-03-02,6.7856,7.397,1696,"[35, 10402]",en,2500000,6051884,82,"Spinal Tap Prod., Embassy Films Associates, Embassy Pictures",Rob Reiner,"Christopher Guest, Michael McKean, Harry Shearer, Rob Reiner, June Chadwick"
24128,tt0088178,Stop Making Sense,Stop Making Sense,1984-10-19,6.4139,8.3,389,"[99, 10402]",en,1200000,12471520,88,"Talking Heads Films, Arnold Stiefel Company",Jonathan Demme,"David Byrne, Chris Frantz, Jerry Harrison, Tina Weymouth, Ednah Holt"
11205,tt0087578,Wheels on Meals,快餐車,1984-08-17,6.3872,6.881,454,"[10749, 28, 35, 80]",cn,0,13084714,108,Orange Sky Golden Harvest,Sammo Kam-Bo Hung,"Jackie Chan, Sammo Kam-Bo Hung, Yuen Biao, Lola Forner, Benny Urquidez"
1880,tt0087985,Red Dawn,Red Dawn,1984-08-10,6.3685,6.3,923,"[53, 10752, 18]",en,17000000,38400000,114,"United Artists, Sidney Beckerman Productions, Valkyrie Films",John Milius,"Patrick Swayze, Charlie Sheen, C. Thomas Howell, Lea Thompson, Darren Dalton"
206957,tt0232205,Soloist Needed,Vajadzīga soliste,1984-07-12,6.2424,6.5,2,"[10402, 35]",lv,0,0,71,Rīgas kinostudija,Genādijs Zemels,"Lelde Vikmane, Yury Moroz, Helmuts Kalniņš, Janis Paukstello, Mirdza Martinsone"
2669,tt0086993,The Bounty,The Bounty,1984-05-04,6.1739,6.757,670,"[28, 18, 36]",en,25000000,8613462,132,"The De Laurentiis Company, Bounty Films Production",Roger Donaldson,"Mel Gibson, Anthony Hopkins, Daniel Day-Lewis, Bernard Hill, Liam Neeson"
15144,tt0088128,Sixteen Candles,Sixteen Candles,1984-05-04,6.1654,6.75,2261,"[35, 10749]",en,6500000,23686027,93,"Universal Pictures, Channel Productions",John Hughes,"Molly Ringwald, Michael Schoeffling, Haviland Morris, Gedde Watanabe, Anthony Michael Hall"
8764,tt0088286,Top Secret!,Top Secret!,1984-06-22,6.0169,7.105,1469,[35],en,9000000,20500000,90,"Paramount Pictures, Kingsmere","Jim Abrahams, Jerry Zucker, David Zucker","Val Kilmer, Lucy Gutteridge, Peter Cushing, Jeremy Kemp, Christopher Villiers"
11393,tt0087781,The Natural,The Natural,1984-05-11,5.9848,6.938,696,[18],en,28000000,48000000,137,"TriStar Pictures, Delphi II Productions",Barry Levinson,"Robert Redford, Robert Duvall, Glenn Close, Kim Basinger, Wilford Brimley"
11950,tt0087032,Cannonball Run II,Cannonball Run II,1984-06-29,5.9217,5.4,359,"[28, 35]",en,20000000,56278073,108,"Warner Bros. Pictures, Albert S. Ruddy Productions, Golden Harvest Productions",Hal Needham,"Burt Reynolds, Dom DeLuise, Dean Martin, Sammy Davis Jr., Jamie Farr"
1024307,tt0305184,Madame Aema 2,애마부인 2,1984-02-11,5.8445,7.0,1,"[18, 10749]",ko,0,0,102,"Yun Bang Films Co., Ltd.",Jeong In-yeob,"Oh Su-bi, Ha Jae-yeong, Shin Il-ryong, Kim Ae-kyung"
8833,tt0087481,Double Trouble,Non c'è due senza quattro,1984-10-19,5.826,7.034,597,"[28, 35]",it,0,0,100,Trans-Cinema TV,Enzo Barboni,"Terence Hill, Bud Spencer, April Clough, Harold Bergman, C.V. Wood Jr."
14746,tt0088194,Streets of Fire,Streets of Fire,1984-06-01,5.7382,6.895,566,[28],en,14500000,8089290,93,"Universal Pictures, RKO Pictures, Silver Pictures",Walter Hill,"Michael Paré, Diane Lane, Rick Moranis, Amy Madigan, Willem Dafoe"
8764,tt0088286,Top Secret!,Top Secret!,1984-06-22,6.0169,7.105,1469,[35],en,9000000,20500000,90,"Paramount Pictures, Kingsmere","Jim Abrahams, Jerry Zucker, David Zucker","Val Kilmer, Lucy Gutteridge, Peter Cushing, Jeremy Kemp, Christopher Villiers"
11379,tt0086856,The Adventures of Buckaroo Banzai Across the 8th Dimension,The Adventures of Buckaroo Banzai Across the 8th Dimension,1984-08-10,5.5685,6.0,516,"[878, 35, 12]",en,17000000,6254148,103,Sherwood Productions,W.D. Richter,"Peter Weller, John Lithgow, Ellen Barkin, Jeff Goldblum, Christopher Lloyd"
9663,tt0088172,Starman,Starman,1984-12-13,5.1907,6.927,1050,"[878, 18, 10749]",en,22000000,28744356,115,"Columbia Pictures, Michael Douglas-Jarry J. Franco Productions, Delphi II Productions",John Carpenter,"Jeff Bridges, Karen Allen, Charles Martin Smith, Richard Jaeckel, Robert Phalen"
931035,tt0285434,Elder Sister's Diary,姉日記,1984-06-29,5.321,4.2,5,[18],ja,0,0,66,Nikkatsu Corporation,Hiroyuki Nasu,"Kaoru Oda, Yuji Yasuda, Asako Kurayoshi, Seiko Mihara, Tatsuya Nanjo"
11950,tt0087032,Cannonball Run II,Cannonball Run II,1984-06-29,5.9217,5.4,359,"[28, 35]",en,20000000,56278073,108,"Warner Bros. Pictures, Albert S. Ruddy Productions, Golden Harvest Productions",Hal Needham,"Burt Reynolds, Dom DeLuise, Dean Martin, Sammy Davis Jr., Jamie Farr"
893140,tt0088324,Unerreichbare Nähe,Unerreichbare Nähe,1984-10-27,4.2568,8.0,1,[18],de,0,0,93,"WDR, Roxy Film, MFG-Film",Dagmar Hirtz,"Kathrin Ackermann, Klaus Grünberg, Brigitte Karner, Loni von Friedl, Benjamin Hembus"
19596,tt0087197,Electric Dreams,Electric Dreams,1984-07-20,5.1542,6.4,215,"[10749, 878, 35]",en,5500000,2193612,96,Virgin Vision,Steve Barron,"Lenny Von Dohlen, Virginia Madsen, Maxwell Caulfield, Bud Cort, Don Fellows"
270721,tt0157881,A 10th Rider Appears! Kamen Rider - All Riders Assemble!,10号誕生！仮面ライダー全員集合！！,1984-01-03,4.8715,6.0,5,"[28, 12, 878]",ja,0,0,45,"Ishimori Production, TBS, MBS, Toei Company",Minoru Yamada,"Shun Sugata, Hiroshi Miyauchi, Takehisa Yamaguchi, Shunsuke Takasugi, Tetsuya Nakayashiki"
13820,tt0087995,Repo Man,Repo Man,1984-03-02,4.7406,6.664,703,"[35, 878]",en,1500000,2300000,92,Edge City Productions,Alex Cox,"Emilio Estevez, Harry Dean Stanton, Tracey Walter, Olivia Barash, Sy Richardson"
2148,tt0087089,The Cotton Club,The Cotton Club,1984-12-14,5.7028,6.472,454,"[80, 18]",en,58000000,25928721,130,"Totally Independent, PSO, American Zoetrope, Robert Evans Productions",Francis Ford Coppola,"Richard Gere, Gregory Hines, Diane Lane, Lonette McKee, Bob Hoskins"
11884,tt0087597,The Last Starfighter,The Last Starfighter,1984-07-13,5.4955,6.607,802,"[12, 878, 28]",en,15000000,28733290,101,"Universal Pictures, Lorimar Motion Pictures",Nick Castle,"Lance Guest, Robert Preston, Chris Hebert, Kay E. Kuter, Dan Mason"
625,tt0087553,The Killing Fields,The Killing Fields,1984-11-23,5.7814,7.466,862,"[18, 36, 10752]",en,14400000,34700291,142,"Goldcrest Films International, Enigma Productions, International Film Investors",Roland Joffé,"Sam Waterston, Haing S. Ngor, John Malkovich, Julian Sands, Craig T. Nelson"
10823,tt0087050,Children of the Corn,Children of the Corn,1984-03-09,5.3974,5.73,1168,"[27, 53]",en,800000,14568989,92,"Planet Productions, Angeles Entertainment Group, Cinema Group, Hal Roach Studios, Gatlin, Inverness Productions",Fritz Kiersch,"Peter Horton, Linda Hamilton, R.G. Armstrong, John Franklin, Courtney Gains"
570103,tt1720959,Kızlar Sınıfı,Kızlar Sınıfı,1984-01-01,4.4409,5.5,2,"[35, 18]",tr,0,0,90,Burç Film,Ümit Efekan,"İlyas Salman, Münir Özkul, Ayşen Gruda, Şehnaz Dilan, Savaş Dinçel"
127984,tt1423920,Taste,Dad,1984-01-01,4.1475,0.0,0,[35],az,0,0,60,Azerbaijanfilm,Anvar Abluc,"Nasiba Zeynalova, Otkam Iskenderov, Mayak Kerimov, Kamil Magerramov, Zilli Namazov"
77985,tt0087682,Maria's Lovers,Maria's Lovers,1984-07-15,4.7721,6.0,66,"[18, 10749]",en,0,0,109,"The Cannon Group, Golan-Globus Productions",Andrei Konchalovsky,"Nastassja Kinski, John Savage, Robert Mitchum, Keith Carradine, Anita Morris"
19673,tt0088083,Sexmission,Seksmisja,1984-05-13,5.4203,7.2,343,"[878, 12, 35]",pl,0,0,117,"Zespół Filmowy Kadr, PRF ""Zespoły Filmowe""",Juliusz Machulski,"Olgierd Łukaszewicz, Jerzy Stuhr, Bożena Stryjkówna, Bogusława Pawelec, Hanna Stankówna"
40978,tt0085486,Emmanuelle 4,Emmanuelle 4,1984-02-15,4.8005,4.8,70,"[18, 10749]",fr,0,0,89,"Sara Films, AS Productions, The Cannon Group","Iris Letans, Francis Leroi","Sylvia Kristel, Mia Nygren, Patrick Bauchau, Deborah Power, Sophie Berger"
5968,tt0088414,The Woman in Red,The Woman in Red,1984-08-15,5.1503,6.305,586,"[35, 10749]",en,9000000,25300000,87,Orion Pictures,Gene Wilder,"Gene Wilder, Charles Grodin, Joseph Bologna, Judith Ivey, Michael Huddleston"
13820,tt0087995,Repo Man,Repo Man,1984-03-02,4.7406,6.664,703,"[35, 878]",en,1500000,2300000,92,Edge City Productions,Alex Cox,"Emilio Estevez, Harry Dean Stanton, Tracey Walter, Olivia Barash, Sy Richardson"
24264,tt0088103,Sheena,Sheena,1984-08-17,4.6429,5.6,163,"[28, 12, 14]",en,25000000,58000000,117,"Delphi II Productions, Colgems Productions Ltd., Columbia Pictures",John Guillermin,"Tanya Roberts, Ted Wass, Donovan Scott, Elizabeth of Toro, France Zobda"
52744,tt0087233,Falling in Love,Falling in Love,1984-11-21,4.5706,6.672,412,"[18, 10749]",en,12000000,11129057,106,Paramount Pictures,Ulu Grosbard,"Robert De Niro, Meryl Streep, Harvey Keitel, Jane Kaczmarek, George Martin"
10606,tt0087910,The Philadelphia Experiment,The Philadelphia Experiment,1984-10-05,4.5698,6.123,471,"[878, 12, 53]",en,9000000,8103330,102,"New Pictures Group, New World Pictures, Cinema Group Ventures",Stewart Raffill,"Michael Paré, Nancy Allen, Eric Christmas, Bobby Di Cicco, Louise Latham"
40814,tt0087100,Crimes of Passion,Crimes of Passion,1984-10-19,4.5444,6.3,203,"[80, 18, 53]",en,0,0,107,"New World Pictures, China Blue Productions, Planet Productions",Ken Russell,"Kathleen Turner, Anthony Perkins, John Laughlin, Annie Potts, Bruce Davison"
11002,tt0087365,"Greystoke: The Legend of Tarzan, Lord of the Apes","Greystoke: The Legend of Tarzan, Lord of the Apes",1984-03-30,4.4823,6.4,512,"[12, 18]",en,0,45858563,143,"Edgar Rice Burroughs, Warner Bros. Pictures, WEA Records",Hugh Hudson,"Christopher Lambert, Andie MacDowell, Ralph Richardson, Ian Holm, James Fox"
221865,tt0471444,Marked,Yöjuttu: Merkitty,1984-09-15,3.8739,5.056,9,"[14, 27, 18, 9648, 10770]",fi,0,0,48,MTV,Ismo Sajakorpi,"Eero Melasniemi, Satu Silvo, Georg Dolivo, Hillevi Lagerstam, Kirsti Ortola"
89483,tt0199850,Ninja Thunderbolt,Ninja Thunderbolt,1984-01-01,6.2465,6.8,8,"[80, 28]",en,0,0,91,IFD Films & Arts Ltd.,"Godfrey Ho, Gam Ming","Richard Harrison, Don Wong Tao, Yasuaki Kurata, Chiang Tao, John Ladalski"
570103,tt1720959,Kızlar Sınıfı,Kızlar Sınıfı,1984-01-01,4.4409,5.5,2,"[35, 18]",tr,0,0,90,Burç Film,Ümit Efekan,"İlyas Salman, Münir Özkul, Ayşen Gruda, Şehnaz Dilan, Savaş Dinçel"
436441,tt0122117,The Insatiable Widow,Insaciable,1984-09-27,4.0673,3.889,9,[18],es,0,0,86,SIFA,Armando Bó,"Isabel Sarli, Jorge Barreiro, Armando Bó, Santiago Gómez Cou, Horacio Bruno"
22160,tt0086859,Against All Odds,Against All Odds,1984-03-02,4.2693,5.681,252,"[80, 10749, 53]",en,0,0,121,"Columbia Pictures, New Visions, Columbia-Delphi Productions",Taylor Hackford,"Jeff Bridges, Rachel Ward, James Woods, Alex Karras, Jane Greer"
893140,tt0088324,Unerreichbare Nähe,Unerreichbare Nähe,1984-10-27,4.2568,8.0,1,[18],de,0,0,93,"WDR, Roxy Film, MFG-Film",Dagmar Hirtz,"Kathrin Ackermann, Klaus Grünberg, Brigitte Karner, Loni von Friedl, Benjamin Hembus"
13681,tt0087921,Places in the Heart,Places in the Heart,1984-09-11,4.248,7.167,203,[18],en,9500000,34901614,111,"TriStar Pictures, Delphi II Productions",Robert Benton,"Sally Field, Lindsay Crouse, John Malkovich, Danny Glover, Ed Harris"
1884,tt0087225,The Ewok Adventure,The Ewok Adventure,1984-12-21,4.2438,5.8,434,"[12, 10751, 14, 878, 10770]",en,3000000,0,97,"Lucasfilm Ltd., Korty Films",John Korty,"Eric Walker, Warwick Davis, Fionnula Flanagan, Guy Boyd, Aubree Miller"
10179,tt0087451,The Ice Pirates,The Ice Pirates,1984-03-16,4.1991,5.654,221,"[878, 28, 12, 35]",en,9000000,14250000,94,"JF Productions, Metro-Goldwyn-Mayer",Stewart Raffill,"Robert Urich, Mary Crosby, Michael D. Roberts, Anjelica Huston, John Matuszak"
70410,tt0087250,The Public Woman,La Femme publique,1984-06-16,4.1718,5.968,62,[18],fr,0,0,113,Hachette-Fox Productions,Andrzej Żuławski,"Valérie Kaprisky, Francis Huster, Lambert Wilson, Patrick Bauchau, Gisèle Pascal"
15259,tt0086998,Breakin',Breakin',1984-05-04,4.1635,6.742,180,"[10402, 18, 10749]",en,1200000,38682707,90,"Golan-Globus Productions, Metro-Goldwyn-Mayer, The Cannon Group",Joel Silberg,"Lucinda Dickey, Adolfo Quinones, Michael Chambers, Ben Lokey, Christopher McDonald"
428107,tt0086997,Bragas húmedas,Bragas húmedas,1984-12-24,3.9159,5.0,2,[18],es,0,0,0,"A. SALVADOR , SA",Diego Figueroa,"Verónica Arecnavaleta, Paco Catalá, Diego Figueroa"
127984,tt1423920,Taste,Dad,1984-01-01,4.1475,0.0,0,[35],az,0,0,60,Azerbaijanfilm,Anvar Abluc,"Nasiba Zeynalova, Otkam Iskenderov, Mayak Kerimov, Kamil Magerramov, Zilli Namazov"
11296,tt0086969,Birdy,Birdy,1984-12-14,4.1414,7.1,597,"[18, 10752]",en,12000000,1400000,120,"TriStar Pictures, A&M Films",Alan Parker,"Matthew Modine, Nicolas Cage, John Harkins, Sandy Baron, Karen Young"
11296,tt0086969,Birdy,Birdy,1984-12-14,4.1414,7.1,597,"[18, 10752]",en,12000000,1400000,120,"TriStar Pictures, A&M Films",Alan Parker,"Matthew Modine, Nicolas Cage, John Harkins, Sandy Baron, Karen Young"
259980,tt0086910,The Syringe,L'Arbalète,1984-11-14,3.4953,5.1,15,"[80, 28]",fr,0,0,90,"Candice Productions, Compagnie Commerciale Française Cinématographique (CCFC)",Sergio Gobbi,"Daniel Auteuil, Marisa Berenson, Marcel Bozzuffi, Daniel Ubaud, Michel Beaune"
14347,tt0086973,Blame It on Rio,Blame It on Rio,1984-02-17,5.0482,5.767,208,"[35, 10749]",en,9000000,18644570,100,"Sherwood, 20th Century Fox",Stanley Donen,"Michael Caine, Michelle Johnson, Joseph Bologna, Demi Moore, Valerie Harper"
1720493,,Taxi,Taxi,1984-08-16,2.9575,0.0,0,[],es,0,0,10,,Rodolfo Pereira Terrones,
1217809,tt14697000,Frauenträume,Frauenträume,1984-01-01,3.2437,0.0,0,"[99, 18]",de,0,0,0,,Gabriele Stötzer,"Monika Andres, Elke Carl, Monique Förster, Gabriele Göbel, Ina Heyner"
23730,tt0087015,C.H.U.D.,C.H.U.D.,1984-08-31,3.5702,5.622,324,"[27, 878]",en,1250000,3412497,96,"C.H.U.D. Productions, New World Pictures",Douglas Cheek,"John Heard, Daniel Stern, Christopher Curry, Kim Greist, Laure Mattos"
164825,tt0142163,Sexy Timetrip Ninjas,痴漢電車　極秘本番,1984-08-01,3.9537,4.7,10,"[28, 35, 878]",ja,0,0,65,"Shintoho Pictures, Shishi Production",Yojiro Takita,"Yuka Takemura, Arisa Shindo, Yûko Aoki, Yutaka Ikejima, Bunmei Tobayama"
10179,tt0087451,The Ice Pirates,The Ice Pirates,1984-03-16,4.1991,5.654,221,"[878, 28, 12, 35]",en,9000000,14250000,94,"JF Productions, Metro-Goldwyn-Mayer",Stewart Raffill,"Robert Urich, Mary Crosby, Michael D. Roberts, Anjelica Huston, John Matuszak"
15259,tt0086998,Breakin',Breakin',1984-05-04,4.1635,6.742,180,"[10402, 18, 10749]",en,1200000,38682707,90,"Golan-Globus Productions, Metro-Goldwyn-Mayer, The Cannon Group",Joel Silberg,"Lucinda Dickey, Adolfo Quinones, Michael Chambers, Ben Lokey, Christopher McDonald"
15927,tt0087892,A Passage to India,A Passage to India,1984-12-14,3.989,6.823,347,"[18, 12, 36]",en,14500000,40000000,163,"EMI Films, John Brabourne and Richard Goodwyn Productions, HBO Films",David Lean,"Judy Davis, Victor Banerjee, Peggy Ashcroft, James Fox, Alec Guinness"
11002,tt0087365,"Greystoke: The Legend of Tarzan, Lord of the Apes","Greystoke: The Legend of Tarzan, Lord of the Apes",1984-03-30,4.4823,6.4,512,"[12, 18]",en,0,45858563,143,"Edgar Rice Burroughs, Warner Bros. Pictures, WEA Records",Hugh Hudson,"Christopher Lambert, Andie MacDowell, Ralph Richardson, Ian Holm, James Fox"
390882,tt0140349,The Little Witch,Malá čarodějnice,1984-10-01,3.5551,6.7,10,[16],cs,0,0,96,Krátký film Praha,Zdeněk Smetana,Jiřina Bohdalová
13681,tt0087921,Places in the Heart,Places in the Heart,1984-09-11,4.248,7.167,203,[18],en,9500000,34901614,111,"TriStar Pictures, Delphi II Productions",Robert Benton,"Sally Field, Lindsay Crouse, John Malkovich, Danny Glover, Ed Harris"
22160,tt0086859,Against All Odds,Against All Odds,1984-03-02,4.2693,5.681,252,"[80, 10749, 53]",en,0,0,121,"Columbia Pictures, New Visions, Columbia-Delphi Productions",Taylor Hackford,"Jeff Bridges, Rachel Ward, James Woods, Alex Karras, Jane Greer"
11221,tt0086955,Best Defense,Best Defense,1984-07-20,3.8112,4.324,131,"[35, 10752]",en,18000000,19265302,94,"Paramount Pictures, Cinema Group Ventures, Eddie Murphy Productions",Willard Huyck,"Dudley Moore, Eddie Murphy, Kate Capshaw, George Dzundza, Helen Shaver"
66277,tt0320134,Nallavanukku Nallavan,Nallavanukku Nallavan,1984-10-22,3.2489,6.8,5,[18],ta,0,0,175,AVM Productions,S. P. Muthuraman,"Rajinikanth, Radhika Sarathkumar, Karthik, Tulasi, V. K. Ramasamy"
13763,tt0087957,Purple Rain,Purple Rain,1984-07-27,3.631,6.7,433,"[18, 10402, 10749]",en,7200000,68392977,111,"Water, Purple Films",Albert Magnoli,"Prince, Apollonia Kotero, Morris Day, Jerome Benton, Olga Karlatos"
13189,tt0087056,A Christmas Carol,A Christmas Carol,1984-10-09,4.013,7.452,438,"[18, 14, 10770, 10751]",en,0,0,101,Entertainment Partners Ltd.,Clive Donner,"George C. Scott, Roger Rees, David Warner, Susannah York, Edward Woodward"
805148,tt0287373,Chikan Densha: Motto Sawatte!,痴漢電車もっとさわって！,1984-01-01,4.0639,9.0,1,[],ja,0,0,62,,Akira Fukamachi,"Usagi Asō, Mayumi Hoshino, Ami Takatori"
63157,tt0087918,La Pirate,La Pirate,1984-05-23,3.75,4.8,30,[18],fr,0,0,88,"Tango Film, Lola Films",Jacques Doillon,"Jane Birkin, Maruschka Detmers, Andrew Birkin, Philippe Léotard, Laure Marsac"
13763,tt0087957,Purple Rain,Purple Rain,1984-07-27,3.631,6.7,433,"[18, 10402, 10749]",en,7200000,68392977,111,"Water, Purple Films",Albert Magnoli,"Prince, Apollonia Kotero, Morris Day, Jerome Benton, Olga Karlatos"
469,tt0088184,Stranger Than Paradise,Stranger Than Paradise,1984-10-01,3.5825,7.154,625,"[35, 18]",en,100000,2436000,90,"Cinesthesia Productions, Grokenberger Film Produktion, ZDF",Jim Jarmusch,"John Lurie, Eszter Balint, Richard Edson, Cecillia Stark, Danny Rosen"
23730,tt0087015,C.H.U.D.,C.H.U.D.,1984-08-31,3.5702,5.622,324,"[27, 878]",en,1250000,3412497,96,"C.H.U.D. Productions, New World Pictures",Douglas Cheek,"John Heard, Daniel Stern, Christopher Curry, Kim Greist, Laure Mattos"
390882,tt0140349,The Little Witch,Malá čarodějnice,1984-10-01,3.5551,6.7,10,[16],cs,0,0,96,Krátký film Praha,Zdeněk Smetana,Jiřina Bohdalová
28692,tt0088333,Up the Creek,Up the Creek,1984-04-06,3.5202,5.711,97,[35],en,0,11708269,96,Orion Pictures,Robert Butler,"Tim Matheson, Dan Monahan, Sandy Helberg, Stephen Furst, Blaine Novak"
430321,tt0442077,El danzón,El danzón,1984-06-06,2.892,4.5,2,[99],es,0,0,31,,Oscar Valdés,Gretchen Galindo
24099,tt0087175,Dreamscape,Dreamscape,1984-08-15,3.5003,6.091,329,"[18, 878, 53]",en,0,12145169,99,Zupnik-Curtis Enterprises,Joseph Ruben,"Dennis Quaid, Max von Sydow, Christopher Plummer, Eddie Albert, Kate Capshaw"
271,tt0088015,Ronia: The Robber's Daughter,Ronja Rövardotter,1984-12-14,3.4714,7.035,199,"[12, 18, 14, 10751]",sv,0,0,126,"Svenska Ord, FilmTeknik, SF Studios, Norsk Film, SVT",Tage Danielsson,"Hanna Zetterberg, Dan Håfström, Börje Ahlstedt, Lena Nyman, Per Oscarsson"
2646,tt0088457,Aces Go Places III: Our Man from Bond Street,最佳拍檔III之女皇密令,1984-01-25,3.4649,5.7,47,"[28, 35]",cn,0,0,96,Cinema City Company Limited,Tsui Hark,"Sam Hui, Karl Maka, Sylvia Chang, Cyrus Wong Ka-Ming, Richard Kiel"
11495,tt0087262,Firestarter,Firestarter,1984-05-11,3.464,6.254,793,"[27, 878, 53]",en,15000000,17080167,114,The De Laurentiis Company,Mark L. Lester,"Drew Barrymore, David Keith, Freddie Jones, Heather Locklear, Martin Sheen"
16551,tt0088001,Rhinestone,Rhinestone,1984-06-22,3.4546,4.822,129,[35],en,28000000,21435321,111,20th Century Fox,Bob Clark,"Sylvester Stallone, Dolly Parton, Richard Farnsworth, Ron Leibman, Tim Thomerson"
1803,tt0086896,Angel,Angel,1984-01-13,3.4407,6.027,130,"[28, 80, 53, 27]",en,3000000,0,93,"Adams Apple Film Company, New World Pictures",Robert Vincent O'Neil,"Donna Wilkes, Cliff Gorman, Susan Tyrrell, Dick Shawn, Rory Calhoun"
165108,tt0087412,The Story of O Part 2,"Histoire d'O, chapitre 2",1984-08-06,3.4032,4.233,30,[18],fr,0,0,107,"Bedrock Holding, AMLF, The Cannon Group",Éric Rochat,"Sandra Wey, Rosa Valenty, Manuel de Blas, Carole James, Christian Cid"
9507,tt0088024,Runaway,Runaway,1984-12-14,3.402,5.612,298,"[878, 53, 28]",en,8000000,6770587,100,TriStar Pictures,Michael Crichton,"Tom Selleck, Cynthia Rhodes, Gene Simmons, Kirstie Alley, Stan Shaw"
42310,tt0087956,Purple Hearts,Purple Hearts,1984-03-30,3.3964,5.8,14,"[18, 10752, 10749]",en,0,0,116,The Ladd Company,Sidney J. Furie,"Ken Wahl, Cheryl Ladd, Stephen Lee, Annie McEnroe, Paul McCrane"
26889,tt0087004,The Brother from Another Planet,The Brother from Another Planet,1984-09-07,3.3161,6.672,102,"[35, 878, 18]",en,0,0,108,A-Train Films,John Sayles,"Joe Morton, Rosanna Carter, Ray Ramirez, Yves Rene, Peter Richardson"
421467,tt9015178,The Return of Godzilla,ゴジラ,1984-12-15,3.7021,7.207,351,"[878, 28, 27]",ja,6000000,11000000,103,Toho Pictures,Koji Hashimoto,"Keiju Kobayashi, Ken Tanaka, Yasuko Sawaguchi, Shin Takuma, Yōsuke Natsuki"
31939,tt0086904,Another Country,Another Country,1984-06-01,3.2962,6.448,184,"[18, 10749]",en,2256000,0,87,"Goldcrest Films International, National Film Finance Corporation",Marek Kanievska,"Rupert Everett, Colin Firth, Michael Jenn, Robert Addie, Rupert Wainwright"
124167,tt0086877,Alphabet City,Alphabet City,1984-03-04,3.2876,4.7,34,"[80, 18, 28]",en,0,0,85,Andrew Braunsberg Productions,Amos Poe,"Vincent Spano, Michael Winslow, Kate Vernon, Jami Gertz, Zohra Lampert"
185095,tt0143776,Koichiro Uno's Wet and Swinging,宇能鴻一郎の濡れて打つ,1984-02-17,2.8742,4.8,5,[35],ja,0,0,55,Nikkatsu Corporation,Shusuke Kaneko,"Natsuko Yamamoto, Arisa Hayashi, Yūgo Sawada, Satoru Harada, Rika Ishii"
66277,tt0320134,Nallavanukku Nallavan,Nallavanukku Nallavan,1984-10-22,3.2489,6.8,5,[18],ta,0,0,175,AVM Productions,S. P. Muthuraman,"Rajinikanth, Radhika Sarathkumar, Karthik, Tulasi, V. K. Ramasamy"
305650,tt0494896,Wrong Ranger,Wrong Ranger,1984-02-02,3.2452,8.0,1,[35],tl,0,0,120,Bukang Liwayway Films,Angel Labra,"Redford White, Cachupoy, Pia Moran, Tatlong Itlog, Vilma Vitug"
1217809,tt14697000,Frauenträume,Frauenträume,1984-01-01,3.2437,0.0,0,"[99, 18]",de,0,0,0,,Gabriele Stötzer,"Monika Andres, Elke Carl, Monique Förster, Gabriele Göbel, Ina Heyner"
235445,tt0295894,Buñuel,Buñuel,1984-01-01,3.2433,6.0,6,[99],es,0,0,80,RCR Producciones,Rafael Cortés,"Luis Buñuel, Rafael Alberti, Hernando Viñes, José Luis Sáenz de Heredia, Juan Luis Buñuel"
128956,tt0088725,Anna & Bella,Anna & Bella,1984-08-16,3.2353,6.431,36,[16],nl,0,0,8,N.I.S.,Børge Ring,"Tonny Huurdeman, Annemieke Ring, Peter Ring"
14132,tt0087660,Macross: Do You Remember Love?,超時空要塞マクロス 愛・おぼえていますか,1984-07-21,3.2177,7.3,108,"[16, 878, 10752, 28]",ja,0,0,114,"Big West, MBS, Shogakukan, Victor Entertainment, Artland, Tatsunoko Production, TOHO","Shoji Kawamori, Noboru Ishiguro","Mari Iijima, Arihiro Hase, Mika Doi, Akira Kamiya, Michio Hazama"
38980,tt0088402,The Wild Life,The Wild Life,1984-09-28,3.209,6.112,67,"[35, 18]",en,0,9500000,96,Universal Pictures,Art Linson,"Chris Penn, Lea Thompson, Eric Stoltz, Jenny Wright, Ilan Mitchell-Smith"
8221,tt0088461,What Have I Done to Deserve This?,¿Qué he hecho yo para merecer esto?,1984-10-25,3.2074,7.108,274,"[35, 18]",es,0,706685,102,"Kaktus Producciones Cinematográficas, Tesauro",Pedro Almodóvar,"Carmen Maura, Luis Hostalot, Ryo Hiruma, Ángel de Andrés López, Gonzalo Suárez"
27414,tt0088117,"Silent Night, Deadly Night","Silent Night, Deadly Night",1984-11-09,3.2059,5.924,454,"[53, 27]",en,1065000,2491460,79,Slayride,Charles E. Sellier Jr.,"Robert Brian Wilson, Lilyan Chauvin, Gilmer McCormick, Charles Dierkop, Toni Nero"
14673,tt0088044,Savage Streets,Savage Streets,1984-08-30,3.2033,6.26,152,"[28, 80, 18]",en,1500000,5000000,93,Ginso Investment Corp,Danny Steinmann,"Linda Blair, John Vernon, Robert Dryer, Linnea Quigley, Sal Landi"
11308,tt0087428,The Hotel New Hampshire,The Hotel New Hampshire,1984-03-09,3.1954,5.7,137,"[35, 18]",en,7500000,5100000,110,"Orion Pictures, Woodfall Film Productions, Filmline Productions",Tony Richardson,"Jodie Foster, Beau Bridges, Rob Lowe, Nastassja Kinski, Wilford Brimley"
48677,tt0087065,Cloak & Dagger,Cloak & Dagger,1984-06-01,3.1868,6.364,167,"[12, 28, 10751]",en,0,9700000,101,"Universal Pictures, Allan Carr Production",Richard Franklin,"Henry Thomas, Dabney Coleman, Michael Murphy, Christina Nigra, John McIntire"
26522,tt0088146,A Soldier's Story,A Soldier's Story,1984-09-14,3.1745,6.779,210,"[9648, 80, 18]",en,6000000,21821347,101,"Caldix, Columbia Pictures",Norman Jewison,"Howard Rollins, Adolph Caesar, Art Evans, Robert Townsend, Denzel Washington"
19400,tt0087903,Gwendoline,Gwendoline,1984-02-08,3.1733,4.9,115,"[12, 14, 53]",fr,0,1337274,88,"Parafrance Films, G.P.F.I., Les Films de l'Alma",Just Jaeckin,"Tawny Kitaen, Brent Huff, Zabou Breitman, Bernadette Lafont, Jean Rougerie"
32081,tt0087932,The Pope of Greenwich Village,The Pope of Greenwich Village,1984-06-22,3.1714,6.3,166,"[28, 35, 80]",en,8000000,6836201,121,"United Artists, Metro-Goldwyn-Mayer",Stuart Rosenberg,"Eric Roberts, Mickey Rourke, Daryl Hannah, Geraldine Page, Kenneth McMillan"
31955,tt0087751,Mrs. Soffel,Mrs. Soffel,1984-12-26,3.1569,6.043,59,"[18, 10749]",en,11000000,4385312,112,Metro-Goldwyn-Mayer,Gillian Armstrong,"Diane Keaton, Mel Gibson, Matthew Modine, Edward Herrmann, Trini Alvarado"
24749,tt0087452,Iceman,Iceman,1984-04-13,3.1205,6.203,148,[878],en,0,0,100,Universal Pictures,Fred Schepisi,"Timothy Hutton, Lindsay Crouse, John Lone, Josef Sommer, David Strathairn"
13924,tt0086855,The Adventures of André and Wally B.,The Adventures of André and Wally B.,1984-12-17,3.1087,5.246,345,"[10751, 16, 35]",en,0,0,2,"Lucasfilm Ltd., Pixar",Alvy Ray Smith,
159324,tt0087022,Calendar Girl Murders,Calendar Girl Murders,1984-04-08,3.1021,4.724,29,"[80, 9648, 10770, 27]",en,0,0,95,Tisch/Avnet Productions Inc.,William A. Graham,"Tom Skerritt, Sharon Stone, Barbara Bosson, Robert Beltran, Pat Corley"
56821,tt0087589,Lassiter,Lassiter,1984-02-17,3.0973,5.43,43,"[80, 18, 53, 28]",en,20000000,17513452,100,Orange Sky Golden Harvest,Roger Young,"Tom Selleck, Jane Seymour, Lauren Hutton, Bob Hoskins, Joe Regalbuto"
40104,tt0087142,The Devil's Sword,Golok Setan,1984-01-20,3.0699,5.1,23,"[14, 28, 27, 12]",id,0,0,100,Rapi Films,Ratno Timoer,"Barry Prima, Sri Gudhi Sintara, Advent Bangun, Enny Christina, Rita Zahara"
17464,tt0086999,Breakin' 2: Electric Boogaloo,Breakin' 2: Electric Boogaloo,1984-12-21,3.0569,5.412,102,"[18, 10402]",en,3000000,15100000,94,"The Cannon Group, Golan-Globus Productions",Sam Firstenberg,"Lucinda Dickey, Adolfo Quinones, Michael Chambers, Susie Coelho, Harry Caesar"
185666,tt0286023,Oniroku Dan: Best of SM,団鬼六　ＳＭ大全集,1984-03-16,3.0306,5.889,9,[18],ja,0,0,65,Nikkatsu Corporation,Fumihiko Katō,"Naomi Tani, Junko Mabuki, Terumi Azuma, Izumi Shima, Akio Shinguji"
16969,tt0087062,City Heat,City Heat,1984-12-07,3.013,5.534,221,"[28, 80, 35]",en,25000000,38348988,97,"Deliverance Productions, Warner Bros. Pictures, Malpaso Productions",Richard Benjamin,"Clint Eastwood, Burt Reynolds, Jane Alexander, Madeline Kahn, Rip Torn"
18498,tt0089200,Ghoulies,Ghoulies,1984-11-16,3.0116,4.9,303,"[27, 35]",en,5500000,35000000,81,Empire Pictures,Luca Bercovici,"Peter Liapis, Lisa Pelikan, Michael Des Barres, Ralph Seymour, Victoria Catlin"
412123,tt0268998,The Bite,Der Biß,1984-01-10,3.0094,5.75,4,"[18, 27]",de,0,0,84,Marianne Enzensberger,Marianne Enzensberger,"Marianne Enzensberger, Marianne Rosenberg, Ulrike Buschbauer, Jörg Pfennigwerth, Mike Shephard"
529952,tt8548432,The Tin Men,Plekkmehed,1984-12-28,3.006,0.0,0,[18],et,0,0,152,Eesti Televisioon,Roman Baskin,"Vello Janson, Ülle Kaljuste, Gunnar Kilgas, Enn Kraam, Sulev Luik"
38557,tt0088007,The River,The River,1984-12-01,2.9698,6.377,142,[18],en,18000000,11500000,122,Universal Pictures,Mark Rydell,"Mel Gibson, Sissy Spacek, Scott Glenn, Billy Green Bush, Shane Bailey"
44645,tt0075788,"Bruce Lee, the Legend","Bruce Lee, the Legend",1984-01-01,2.9603,7.9,114,[99],en,0,0,88,"Paragon Films, Orange Sky Golden Harvest",Raymond Chow,"James B. Nicholson, Bruce Lee, Linda Lee Cadwell, Raymond Chow, Robert Clouse"
1747249,tt0410398,Olympic Gala,Olympic Gala,1984-07-28,2.9344,0.0,0,[10402],en,0,0,180,,,"Jane Fonda, Robert Wagner, Neil Diamond, Plácido Domingo, Peggy Fleming"
52109,tt0087644,Love Streams,Love Streams,1984-03-22,2.9335,7.2,150,[18],en,0,0,141,"The Cannon Group, Golan-Globus Productions",John Cassavetes,"Gena Rowlands, John Cassavetes, Diahnne Abbott, Seymour Cassel, Margaret Abbott"
15239,tt0090190,The Toxic Avenger,The Toxic Avenger,1984-05-15,2.9328,6.238,690,"[28, 35, 27, 878]",en,500000,800000,110,Troma Entertainment,"Lloyd Kaufman, Michael Herz","Andree Maranda, Mitch Cohen, Jennifer Prichard, Cindy Manion, Robert Prichard"
61968,tt0086862,Airwolf: The Movie,Airwolf: The Movie,1984-06-26,2.9207,5.84,94,"[28, 12, 878, 10770]",en,0,0,85,"Universal Television, Belisarius Productions",Donald P. Bellisario,"Jan-Michael Vincent, Ernest Borgnine, Alex Cord, David Hemmings, Belinda Bauer"
258162,tt0085499,Epilogue,Epílogo,1984-01-20,2.9112,5.625,8,[18],es,0,498209,92,"Ditirambo Films, La Salamandra, TVE",Gonzalo Suárez,"Francisco Rabal, José Sacristán, Charo López, Sandra Toral, Manuel Zarzo"
430321,tt0442077,El danzón,El danzón,1984-06-06,2.892,4.5,2,[99],es,0,0,31,,Oscar Valdés,Gretchen Galindo
674708,,Atalanta Strategy,Atalanta Strategy,1984-01-01,2.8805,0.0,0,[10402],en,0,0,27,,Lawrence Brickman,"Willem Dafoe, Kate Valk, Anna Köhler, Ron Vawter, Robert Ashley"
185095,tt0143776,Koichiro Uno's Wet and Swinging,宇能鴻一郎の濡れて打つ,1984-02-17,2.8742,4.8,5,[35],ja,0,0,55,Nikkatsu Corporation,Shusuke Kaneko,"Natsuko Yamamoto, Arisa Hayashi, Yūgo Sawada, Satoru Harada, Rika Ishii"
23111,tt0087747,Moscow on the Hudson,Moscow on the Hudson,1984-04-06,2.8646,6.267,232,"[35, 18, 10749]",en,0,25100000,115,"Bavaria Film, ML Delphi Premier Productions, Columbia Pictures, Taurus Film",Paul Mazursky,"Robin Williams, María Conchita Alonso, Cleavant Derricks, Alejandro Rey, Savely Kramarov"
21871,tt0088224,Tank,Tank,1984-03-16,2.852,5.7,95,[35],en,0,14134877,113,"Universal Pictures, Lorimar Motion Pictures",Marvin J. Chomsky,"James Garner, Shirley Jones, C. Thomas Howell, Mark Herrier, Sandy Ward"
119623,tt0088315,Swann in Love,Un amour de Swann,1984-02-23,2.8466,5.6,44,"[18, 10749]",fr,0,0,110,"Gaumont, S.F.P.C., Neue Bioskop Film",Volker Schlöndorff,"Jeremy Irons, Ornella Muti, Alain Delon, Fanny Ardant, Marie-Christine Barrault"
388599,tt0086917,The Atomic Station,Atómstöðin,1984-03-18,2.8351,3.75,4,[],is,0,0,98,,Þorsteinn Jónsson,"Tinna Gunnlaugsdóttir, Gunnar Eyjólfsson, Jónína Ólafsdóttir, Helgi Björnsson, Sigrún Edda Björnsdóttir"
457240,,A Lodz Life,Łódzki życiorys,1984-01-02,2.8285,9.0,1,[99],pl,0,0,19,,"Danuta Halladin, Lidia Zonn",
40837,tt0091110,Ghost Warrior,Ghost Warrior,1984-10-01,2.8203,5.182,33,"[80, 28, 878]",en,0,0,81,"Albert Band International Productions Inc., Empire Pictures, Harkham Productions",J. Larry Carroll,"Hiroshi Fujioka, John Calvin, Janet Julian, Charles Lampkin, Frank Schuller"
761052,tt0087849,Operación chocolate,Operación chocolate,1984-01-01,2.8121,9.0,1,[35],es,0,0,73,,José Alcalde,"Amilcar Rivero, Carlos Castillo, Cayito Aponte, Joel Borges, German Ernesto"
143479,tt0088097,Shanghai Blues,上海之夜,1984-10-11,2.7987,6.934,38,"[35, 10749]",cn,0,0,103,Film Workshop,Tsui Hark,"Kenny Bee, Sylvia Chang, Sally Yeh Chian-Wen, Tin Ching, Loletta Lee Lai-Chun"
53426,tt0087222,The Evil That Men Do,The Evil That Men Do,1984-03-14,2.7975,5.8,118,"[28, 12, 80, 53]",en,4600000,13102025,90,"Zuleika Farms, Capricorn, Producciones Cabo S.A., ITC Entertainment",J. Lee Thompson,"Charles Bronson, José Ferrer, Theresa Saldana, Joseph Maher, René Enríquez"
431586,tt11540746,Üşütük,Üşütük,1984-01-01,2.7818,6.0,5,"[35, 18, 10751, 10749, 53]",tr,0,0,66,,Orhan Aksoy,"Aydemir Akbaş, Tuluğ Çizgen, Erdinç Akbaş, Sadettin Erbil, Bilge Zobu"
52736,tt0087385,Hardbodies,Hardbodies,1984-05-04,2.7769,4.818,74,[35],en,1995000,7100000,88,"Chroma III Productions, Columbia Pictures",Mark Griffiths,"Grant Cramer, Teal Roberts, Gary Wood, Michael Rapport, Sorrells Pickard"
10631,tt0086873,All of Me,All of Me,1984-09-21,2.776,6.487,388,"[35, 14, 10749]",en,0,36403064,93,"Universal Pictures, Kings Road Entertainment, Old Times Productions",Carl Reiner,"Steve Martin, Lily Tomlin, Victoria Tennant, Madolyn Smith Osborne, Richard Libertini"
165629,tt0087643,Love Scenes,Love Scenes,1984-01-01,2.7663,6.15,20,[18],en,0,0,82,Playboy Enterprises,Bud Townsend,"Tiffany Bolling, Franc Luz, Jack Carter, Julie Newmar, Britt Ekland"
40351,tt0088094,Sex Beyond the Grave,Sex Beyond The Grave,1984-08-11,2.7642,5.6,9,[27],cn,0,0,89,Shaw Brothers,"Dennis Chiu Jan-Keung, Lee Tai-Hang","Tony Liu Tian-jue, Winnie Chin Wai-Yee, Mabel Kwong Mei-Bo, Eddie Koo Koon Chung, Gam Biu"
60573,tt0087010,The Burning Bed,The Burning Bed,1984-10-08,2.7519,6.935,54,"[80, 18, 10770]",en,0,0,100,Tisch/Avnet Productions Inc.,Robert Greenwald,"Farrah Fawcett, Paul Le Mat, Richard Masur, Grace Zabriskie, Penelope Milford"
123611,tt0253822,Tokatçı,Tokatçı,1984-02-01,2.7389,7.305,77,[35],tr,0,0,83,Cem Film,Natuk Baytan,"Kemal Sunal, Şevket Altuğ, Ali Şen, Ünal Gürel, Nazan Saatçi"
200015,tt0088229,Le Tartuffe,Le Tartuffe,1984-09-05,2.7379,7.167,6,[35],fr,0,0,140,Gaumont,Gérard Depardieu,"Gérard Depardieu, François Périer, Yveline Ailhaud, Paule Annen, Elisabeth Depardieu"
40026,tt0087796,Night Shadows,Night Shadows,1984-07-06,2.7081,5.1,65,"[27, 878, 53]",en,2500000,0,99,"Laurelwood Productions, Inc., Film Ventures International, Artists Releasing Corporation (ARC)","John ""Bud"" Cardos","Wings Hauser, Bo Hopkins, Jody Medford, Lee Montgomery, Marc Clement"
30584,tt0084750,Sword of the Valiant: The Legend of Sir Gawain and the Green Knight,Sword of the Valiant: The Legend of Sir Gawain and the Green Knight,1984-08-17,2.6956,5.217,60,"[12, 14]",en,0,0,102,"Stephen Weeks Company, Golan-Globus Productions, The Cannon Group",Stephen Weeks,"Miles O'Keeffe, Cyrielle Clair, Leigh Lawson, Sean Connery, Trevor Howard"
811269,,Jaya Sikurui,ජය සිකුරුයි,1984-11-30,2.6918,0.0,0,[28],si,0,0,139,,Yasapalitha Nanayakkara,"Vijaya Kumaratunga, Geetha Kumarasinghe, Jeevan Kumaratunga, Freddie Silva, Mervyn Jayathunga"
32088,tt0087629,The Little Drummer Girl,The Little Drummer Girl,1984-10-19,2.6889,5.63,46,[53],en,0,0,130,"Pan Arts, Bavaria Film, Warner Bros. Pictures",George Roy Hill,"Diane Keaton, Yorgo Voyagis, Klaus Kinski, Sami Frey, Eli Danker"
30649,tt0248828,George Carlin: On Campus,George Carlin: On Campus,1984-06-22,2.6828,7.367,49,"[35, 10770, 99]",en,0,0,60,"Cable Stuff Productions, Carlin Productions, HBO",Steven J. Santos,George Carlin
11539,tt0085454,Don Camillo,Don Camillo,1984-02-08,2.6797,5.638,94,[35],it,0,0,126,Paloma Films,Terence Hill,"Terence Hill, Colin Blakely, Mimsy Farmer, Andy Luotto, Lew Ayres"
48482,tt0088256,Thief of Hearts,Thief of Hearts,1984-10-19,2.6761,5.489,46,"[80, 18, 53]",en,9000000,10364904,100,"Paramount Pictures, Don Simpson/Jerry Bruckheimer Films",Douglas Day Stewart,"Steven Bauer, Barbara Williams, John Getz, David Caruso, Christine Ebersole"
84116,tt0087359,"Grandview, U.S.A.","Grandview, U.S.A.",1984-08-03,2.6753,5.8,44,[18],en,0,4743191,97,CBS Theatrical Films,Randal Kleiser,"Jamie Lee Curtis, C. Thomas Howell, Patrick Swayze, Jennifer Jason Leigh, William Windom"
42095,tt0089746,The Funeral,お葬式,1984-11-17,2.6613,7.16,53,"[35, 18]",ja,0,0,125,"Itami Productions, New Century Producers",Jūzō Itami,"Tsutomu Yamazaki, Nobuko Miyamoto, Kin Sugai, Hideji Ōtaki, Isao Bitō"
24453,tt0087980,The Razor's Edge,The Razor's Edge,1984-10-19,2.6571,6.433,89,"[18, 10749]",en,13000000,6551987,129,Columbia Pictures,John Byrum,"Bill Murray, Theresa Russell, Catherine Hicks, Denholm Elliott, James Keach"
154556,tt0254625,New Wave,Onda Nova,1984-08-30,2.6557,5.8,16,[35],pt,0,0,104,Olympus Filme,"José Antônio Garcia, Ícaro Martins","Carla Camurati, Cristina Mutarelli, Tânia Alves, Regina Casé, Neide Santos"
42090,tt0087193,After the Rehearsal,Efter repetitionen,1984-06-21,2.6455,6.863,73,[18],sv,0,0,74,"Personafilm, Cinematograph AB",Ingmar Bergman,"Erland Josephson, Ingrid Thulin, Lena Olin, Nadja Palmstjerna-Weiss, Bertil Guve"
16806,tt0087507,Johnny Dangerously,Johnny Dangerously,1984-12-21,2.6432,6.298,220,"[35, 80]",en,9000000,17000000,90,"Edgewood Productions, 20th Century Fox",Amy Heckerling,"Michael Keaton, Joe Piscopo, Marilu Henner, Maureen Stapleton, Peter Boyle"
701881,tt12975220,Nine: Final,ナイン3 完結編,1984-09-05,2.6368,3.5,2,"[16, 10749, 10770]",ja,0,0,73,"Group TAC, TOHO, Fuji Television Network",Gisaburō Sugii,"Toru Furuya, Narumi Yasuda, Ichiro Nagai, Kaneto Shiozawa, Hiromi Tsuru"
280618,tt0292337,Virgin People,Virgin People,1984-01-20,2.6362,5.1,13,[18],tl,0,0,120,Topaz Film Productions,Celso Ad. Castillo,"Janet Bordon, Myrna Castillo, Pepsi Paloma, Ernie Garcia, Joonee Gamboa"
18680,tt0087247,Fear City,Fear City,1984-07-18,2.6326,5.4,109,"[18, 80, 9648, 53]",en,4000000,0,95,"Castle Hill Productions, Rebecca Productions, Zupnik-Curtis Enterprises, 20th Century Fox",Abel Ferrara,"Tom Berenger, Billy Dee Williams, Jack Scalia, Melanie Griffith, Rossano Brazzi"
41089,tt0088322,Under the Volcano,Under the Volcano,1984-06-20,2.632,6.542,106,[18],en,0,0,112,"Ithaca, Conacite Uno",John Huston,"Albert Finney, Jacqueline Bisset, Anthony Andrews, Ignacio López Tarso, Katy Jurado"
343114,tt0086174,Rasputin,Rasputin - Orgien am Zarenhof,1984-01-06,2.5831,7.4,5,"[18, 36, 28, 10752]",de,0,0,91,Alois Brummer Filmproduktion,Ernst Hofbauer,"Alexander Conte, Uschi Karnat, Werner Singh, Eleonore Melzer, Marianne Wäckerle"
610646,tt1132134,Appassionata,Appassionata,1984-12-04,2.576,10.0,1,"[10752, 18]",hu,0,0,0,,Imre Mihályfi,"Tamás Tóth, István O. Szabó, Géza Balkay, Edit Ábrahám, Pálfi Zoltán"
69599,tt0088107,Long Arm of the Law,省港旗兵,1984-07-11,2.5617,6.865,48,"[28, 80]",cn,0,0,106,"Paragon Films, Johnny Mak Production, Bo Ho Films",Johnny Mak Tong-Hung,"David Lam Wai, Wong Kin, Chiang Lung, Chan Ging, Lee Ying-Git"
69161,tt0092264,Heroes Shed No Tears,英雄無淚,1984-11-30,2.5548,6.445,82,"[28, 10752, 18]",cn,0,358103,87,"Paragon Films, Orange Sky Golden Harvest",John Woo,"Eddy Ko Hung, Lam Ching-Ying, Ma Yingchun, Philippe Loffredo, Cécile Le Bailly"
161699,tt1147518,Doraemon: Nobita's Great Adventure in the World of Magic,映画ドラえもん のび太の魔界大冒険,1984-03-17,2.5398,6.887,31,"[16, 12, 10751, 14, 878]",ja,0,25700000,97,Shin-Ei Animation,Tsutomu Shibayama,"Nobuyo Oyama, Noriko Ohara, Kazuya Tatekabe, Kaneta Kimotsuki, Michiko Nomura"
598820,tt5546742,Yaralı,Yaralı,1984-04-04,2.5338,4.2,5,[],tr,0,0,0,,Ümit Efekan,"Emrah, Oya Aydoğan, Berhan Şimşek, Eray Özbal, Suzan Avcı"
81009,tt0087480,Invitation to Hell,Invitation to Hell,1984-05-24,2.5248,5.144,45,"[27, 10770]",en,0,0,100,Moonlight Productions,Wes Craven,"Robert Urich, Joanna Cassidy, Susan Lucci, Joe Regalbuto, Kevin McCarthy"
19621,tt0087414,The Hit,The Hit,1984-09-07,2.5179,6.455,242,"[18, 53, 80]",en,0,876775,98,"Recorded Picture Company, Central, Zenith Entertainment",Stephen Frears,"John Hurt, Terence Stamp, Tim Roth, Laura del Sol, Bill Hunter"
154524,tt0087528,The Happy Ghost,開心鬼,1984-07-14,2.5073,6.5,27,"[35, 14]",cn,0,0,96,"Cinema City Company Limited (Hong Kong), Cinema City Company Limited",Clifton Ko Chi-Sum,"Raymond Wong, Bonnie Law Ming-Chu, Loletta Lee Lai-Chun, Sandy Lam San-San, Teresa Carpio"
334506,tt0255710,Zeft,الزفت,1984-01-02,2.5064,9.0,1,[35],ar,0,0,90,,Tayeb Saddiki,"Touria Jabrane, Tayeb Saddiki, Miloud Habachi, Chaaibia El Adraoui, Hamid Zoughi"
570297,tt0327899,The Girl from Mount Huangshan,黄山来的姑娘,1984-12-01,2.5056,8.0,1,[18],zh,0,0,0,长春电影制片厂,"Yuan Zhang, Yu Yanfu","Yi Ding, Zhang Yunying, Li Ling, Christine Hu"
85509,tt0087513,Joy of Sex,Joy of Sex,1984-08-03,2.4978,4.1,38,"[35, 10749]",en,5000000,4463841,93,"Cinema Group Ventures, Paramount Pictures",Martha Coolidge,"Cameron Dye, Michelle Meyrink, Colleen Camp, Ernie Hudson, Lisa Langlois"
40775,tt0086992,The Bostonians,The Bostonians,1984-05-01,2.495,5.549,51,"[18, 10749]",en,0,0,122,Merchant Ivory Productions,James Ivory,"Christopher Reeve, Vanessa Redgrave, Jessica Tandy, Madeleine Potter, Nancy Marchand"
326103,tt0165657,Les Brésiliennes du Bois de Boulogne,Les Brésiliennes du Bois de Boulogne,1984-08-22,2.4939,4.0,3,[35],fr,0,0,82,Les Films Jacques Leitienne,Robert Thomas,"Rebecca Potok, Michel Godin, Yvan Varco, Angela York, Colette Duval"
25290,tt0086902,Year of the Jellyfish,L'Année des méduses,1984-11-07,2.4848,5.787,68,"[53, 18, 10749]",fr,0,0,110,"France 3 Cinéma, Parafrance, T. Films",Christopher Frank,"Bernard Giraudeau, Valérie Kaprisky, Caroline Cellier, Jacques Perrin, Barbara Nielsen"
37030,tt0086301,Kids from Shaolin,少林小子,1984-01-26,2.477,6.2,48,"[28, 35]",zh,0,3554460,103,Chung Yuen Motion Picture Co.,Cheung Sing-Yim,"Jet Li, Huang Qiuyan, Yu Hai, Yu Chenghui, Ding Lan"
27244,tt0089060,The Dungeonmaster,The Dungeonmaster,1984-08-24,2.4741,4.941,85,"[27, 14, 878]",en,0,0,73,"Ragewar Productions, Empire Pictures","Rosemarie Turko, Charles Band, John Carl Buechler, Peter Manoogian, Steven Ford, David Allen, Ted Nicolaou","Jeffrey Byron, Richard Moll, Leslie Wing, Blackie Lawless, Chris Holmes"
1008280,tt3572688,Danchizuma: Sarakin Jigoku,団地妻　サラ金地獄,1984-02-03,2.4726,2.0,2,[18],ja,0,0,59,"Nikkatsu Corporation, V Planning",Nobuaki Shirai,"Kiriko Shimizu, Madoka Mizuki, Kyoko Hibiki, Koshiro Asami, Reiichi Ibuki"
43967,tt0088334,Urusei Yatsura: Beautiful Dreamer,うる星やつら2 ビューティフル・ドリーマー,1984-02-11,2.4624,7.3,102,"[16, 35, 10749, 878]",ja,0,0,95,"Kitty Films, Pierrot, TOHO",Mamoru Oshii,"Toshio Furukawa, Fumi Hirano, Akira Kamiya, Kazuko Sugiyama, Saeko Shimazu"
30411,tt0088207,Surf 2,Surf 2,1984-01-13,2.4621,4.731,26,[35],en,0,0,91,"Arista Films, Braunstein and Hamady Productions",Randall M. Badat,"Eddie Deezen, Linda Kerridge, Terry Kiser, Eric Stoltz, Jeffrey Rogers"
42086,tt0087054,Choose Me,Choose Me,1984-08-29,2.4586,6.1,44,"[10749, 35, 18]",en,835000,2000000,106,Island Alive,Alan Rudolph,"Geneviève Bujold, Keith Carradine, Lesley Ann Warren, Patrick Bauchau, Rae Dawn Chong"
1756079,,Moon Shadows,Moon Shadows,1984-04-10,2.449,0.0,0,[99],en,0,0,0,KQED,Ray Telles,"Eldridge Cleaver, Spencer Michels, Gary Scharff"
1098934,,Mamnue liltalaba,Mamnue liltalaba,1984-09-05,2.4451,0.0,0,[],ar,0,0,0,,El Saeed Mostafa,"Samir Sabri, Maha Abou Ouf, Mohamed Reda, Ahmed Adaweya, ElMontaser Bellah"
58619,tt0087818,Our Story,Notre histoire,1984-05-23,2.4401,6.34,50,"[18, 35, 10749]",fr,0,0,110,"Films A2, Sara Films, Adel Productions",Bertrand Blier,"Alain Delon, Nathalie Baye, Gérard Darmon, Geneviève Fontanel, Michel Galabru"
69343,tt0087229,Exterminator 2,Exterminator 2,1984-09-14,2.4319,4.078,51,"[28, 80, 18, 53]",en,0,0,89,"The Cannon Group, Golan-Globus Productions",Mark Buntzman,"Robert Ginty, Mario Van Peebles, Deborah Geffner, Frankie Faison, Scott 'Slo-motion' Randolph"
326969,tt0086924,Ave Maria,Ave Maria,1984-10-31,2.4309,5.2,5,[18],fr,0,0,105,,Jacques Richard,"Anna Karina, Féodor Atkine, Isabelle Pasco, Pascale Ogier, Dora Doll"
299559,tt0080872,Highpoint,Highpoint,1984-08-31,2.4307,5.1,7,"[35, 28, 53]",en,7500000,0,88,Highpoint Film Productions,Peter Carter,"Richard Harris, Christopher Plummer, Beverly D'Angelo, Kate Reid, Peter Donat"
32520,tt0086606,The 8 Diagram Pole Fighter,五郎八卦棍,1984-02-17,2.4251,6.983,116,"[28, 18]",cn,0,0,98,Shaw Brothers,Lau Kar-leung,"Gordon Liu, Alexander Fu Sheng, Kara Wai Ying-Hung, Lily Li, Phillip Ko Fai"
73621,tt0087795,Night Patrol,Night Patrol,1984-11-16,2.4117,4.303,38,[35],en,0,0,87,,Jackie Kong,"Linda Blair, Pat Paulsen, Jaye P. Morgan, Murray Langston, Billy Barty"
244265,tt0847478,Heroic Times,Daliás idők,1984-08-30,2.4109,7.4,14,"[16, 36, 10752]",hu,0,0,83,"Mafilm, Pannónia Filmstúdió",József Gémes,"Adrienne Csengery, Gyula Szabó"
38172,tt0086926,Baby Love,אסקימו לימון 5: רומן זעיר,1984-03-09,2.4053,5.9,50,"[10749, 35]",he,0,0,80,"KF Kinofilm, Golan-Globus Productions, The Cannon Group",Dan Wolman,"Yftach Katzur, Zachi Noy, Jonathan Sagall, Dvora Kedar, Menashe Warshavsky"
297656,tt0087894,Passions,Passions,1984-10-01,2.3957,6.8,4,"[18, 10770]",en,0,0,92,"Carson Productions, Warner Bros. Pictures",Sandor Stern,"Joanne Woodward, Lindsay Wagner, Richard Crenna, Mason Adams, Heather Langenkamp"
485635,tt0087440,Hägring,Hägring,1984-04-27,2.3943,9.0,1,[18],sv,0,0,118,Arash Film Productions,Saeed Asadi,"Saeed Asadi, Michael Mansson, Annika Dopping, Graciela Fuertes, Eva Lilja Hessedal"
83223,tt0086176,Rats: Night of Terror,Rats - Notte di terrore,1984-08-03,2.3928,4.776,136,"[27, 878]",it,0,0,97,Beatrice Film,"Bruno Mattei, Claudio Fragasso","Ottaviano Dell'Acqua, Geretta Geretta, Massimo Vanni, Gianni Franco, Ann-Gisel Glass"
5896,tt0086987,Bolero,Bolero,1984-08-03,2.3909,3.474,114,"[18, 10749]",en,7000000,8914881,105,"Golan-Globus Productions, The Cannon Group",John Derek,"Bo Derek, Andrea Occhipinti, Ana Obregón, Ian Cochrane, Mirta Miller"
30231,tt0087866,Oxford Blues,Oxford Blues,1984-08-24,2.3906,5.52,51,"[35, 18]",en,0,0,97,"Winkast Film Productions, Baltic Industrial Finance, Metro-Goldwyn-Mayer",Robert Boris,"Rob Lowe, Ally Sheedy, Amanda Pays, Julian Sands, Julian Firth"
26178,tt0087981,Razorback,Razorback,1984-04-19,2.3885,5.9,221,"[27, 53]",en,5500000,801000,95,"McElroy & McElroy, UAA Films",Russell Mulcahy,"Gregory Harrison, Arkie Whiteley, Bill Kerr, Chris Haywood, David Argue"
184068,tt0121787,An Amorous Woman of Tang Dynasty,唐朝豪放女,1984-06-01,2.3871,6.2,21,"[10749, 28, 18]",cn,0,600,102,Shaw Brothers,Eddie Fong Ling-Ching,"Pat Ha Man-Jik, Alex Man Chi-Leung, Chang Kuo-Chu, Lam Hoi-Ling, Tom Poon"
50812,tt0088326,Unfaithfully Yours,Unfaithfully Yours,1984-02-10,2.385,5.611,54,"[35, 10749]",en,12000000,19928000,96,20th Century Fox,Howard Zieff,"Dudley Moore, Nastassja Kinski, Armand Assante, Albert Brooks, Cassie Yates"
42094,tt0087718,Micki & Maude,Micki & Maude,1984-12-21,2.383,5.699,68,"[35, 10749]",en,0,0,118,"Columbia Pictures, BBE",Blake Edwards,"Dudley Moore, Amy Irving, Ann Reinking, Richard Mulligan, George Gaynes"
337003,tt1841961,Point of Departure,Átváltozás,1984-04-23,2.3821,0.0,0,"[99, 18]",hu,0,0,285,Mafilm,"István Dárday, Györgyi Szalai","Miklós Jáky, Gábor Csordás, Amaryllis Tamás, Márta Rimóczy, Gábor Bódy"
38702,tt0087983,Reckless,Reckless,1984-02-03,2.3774,5.75,38,"[18, 10749]",en,3000000,8300000,94,"Metro-Goldwyn-Mayer, Edgar J. Scherick Associates, Scott Rudin Productions",James Foley,"Aidan Quinn, Daryl Hannah, Kenneth McMillan, Cliff DeYoung, Lois Smith"
711845,tt10764018,TimeFighters,TimeFighters,1984-01-01,2.3768,1.0,1,"[16, 12, 14, 36, 878]",en,0,0,99,,Jim Terry,
42098,tt0088196,Streetwise,Streetwise,1984-12-07,2.3766,7.7,76,[99],en,0,0,91,"Bear Creek, Angelika Films",Martin Bell,"Erin Blackwell, Dewayne Pomeroy, Roberta Joseph Hayes, Lulu Couch, Reed Early"
588010,tt0381606,Song & Dance,Song & Dance,1984-08-27,2.3648,10.0,1,[10402],en,0,0,100,The Really Useful Group,Tom Gutteridge,"Sarah Brightman, Wayne Sleep, Stewart Avon-Arnold, Jane Darling, Claud-Paul Henry"
1265512,,Isaak Stern,Isaak Stern,1984-01-01,2.3647,0.0,0,[99],he,0,0,28,Israel Film Service,David Perlov,Isaac Stern
31601,tt0088242,Teachers,Teachers,1984-10-05,2.3578,5.717,83,"[35, 18]",en,0,0,107,"United Artists, Metro-Goldwyn-Mayer",Arthur Hiller,"Nick Nolte, JoBeth Williams, Judd Hirsch, Ralph Macchio, Allen Garfield"
630509,tt0125938,Mitică Popescu,Mitică Popescu,1984-01-01,2.3562,7.0,5,[35],ro,0,0,81,,Manole Marcus,"Mihaela Caracaș, Tudorel Filimon, Mircea Jida, Remus Mărgineanu, Eugen Pricope"
211835,tt0087696,Improper Conduct,Mauvaise Conduite,1984-03-21,2.3554,5.143,7,"[99, 36]",fr,0,0,113,"Antenne 2, Les Films du Losange","Néstor Almendros, Orlando Jiménez Leal","Michel Dumoulin, Guillermo Cabrera Infante, Juan Goytisolo, Susan Sontag, Fidel Castro"
89477,tt0262753,Scorpion Thunderbolt,Scorpion Thunderbolt,1984-01-01,2.5168,3.769,13,"[27, 28]",zh,0,0,85,IFD Films and Arts,Godfrey Ho,"Richard Harrison, Juliet Chan, Tsui Shou-ping, Lin Nan-Shi, Kuk Jeong-Seok"
1424258,,Spring Song,Pavasara dziesma,1984-04-15,2.3543,0.0,0,[16],lv,0,0,10,Rīgas kinostudija,"Arnolds Burovs, Pēteris Trups",
903758,tt4781836,Chicken-Kitchen,Chicken-Kitchen,1984-01-01,2.3345,0.0,0,[18],fr,0,0,12,,Vincent Hachet,Chick Ortega
1006407,tt7710328,Confidential Agent No.5,五号机要员,1984-06-01,2.3343,0.0,0,[18],zh,0,0,0,长春电影制片厂,Liu Wenyu,"Wu Yuhua, Niu Na, Cui Chaoming, Lin Qiang"
63418,tt0086994,Boy Meets Girl,Boy Meets Girl,1984-11-21,2.3317,6.713,129,"[18, 10749]",fr,0,0,104,"Abilene, Théo Films",Leos Carax,"Denis Lavant, Mireille Perrier, Carroll Brooks, Maïté Nahyr, Elie Poicard"
1705834,,Tempting Fate,Tempting Fate,1984-01-01,2.3272,9.0,1,"[16, 36]",en,0,0,7,"Royal College of Art, School of Film & Television",Susan Young,
108387,tt0087852,Ordeal by Innocence,Ordeal by Innocence,1984-06-22,2.327,5.095,37,"[9648, 53, 80]",en,0,0,90,"London-Cannon Films, The Cannon Group, Golan-Globus Productions","Desmond Davis, Alan Birkinshaw","Donald Sutherland, Christopher Plummer, Sarah Miles, Annette Crosbie, Faye Dunaway"
38265,tt0096402,Voyage of the Rock Aliens,Voyage of the Rock Aliens,1984-03-09,2.3198,4.81,42,"[878, 35]",en,0,0,97,KGA/Interplanetary-Curb Communications,James Fargo,"Pia Zadora, Craig Sheffer, Ruth Gordon, Tom Nolan, Michael Berryman"
280573,tt0130594,Dark Enemy,Dark Enemy,1984-07-06,2.3188,4.75,4,"[18, 14, 27]",en,0,0,82,Children's Film Unit,Colin Finbow,"David Haig, Douglas Storm, Martin Laing, Chris Chescoe, Jennifer Harrison"
18446,tt0088213,Swing Shift,Swing Shift,1984-04-13,2.3181,5.579,89,"[18, 10749, 10752]",en,0,0,100,"Warner Bros. Pictures, Lantana, Hawn / Sylbert Movie Company, Jerry Bick",Jonathan Demme,"Goldie Hawn, Kurt Russell, Christine Lahti, Fred Ward, Ed Harris"
84997,tt0088255,They're Playing with Fire,They're Playing with Fire,1984-04-01,2.316,5.06,50,"[80, 27, 53]",en,0,0,96,"Hickmar Productions, New World Pictures",Howard Avedis,"Sybil Danning, Eric Brown, Andrew Prine, Paul Clemens, K.T. Stevens"
14157,tt0087464,Impulse,Impulse,1984-09-28,2.3083,5.259,54,"[27, 9648, 878, 53]",en,10000000,2773433,91,"ABC Motion Pictures, 20th Century Fox",Graham Baker,"Tim Matheson, Meg Tilly, Hume Cronyn, John Karlen, Bill Paxton"
270447,tt0085528,Wild Animals,Les Fauves,1984-04-18,2.3007,4.6,12,[53],fr,0,0,90,Gaumont,Jean-Louis Daniel,"Daniel Auteuil, Philippe Léotard, Véronique Delbourg, Florent Pagny, Gabrielle Lazure"
169999,tt1661248,Mitsugetsu,蜜月,1984-01-28,2.2952,6.5,6,[18],ja,0,0,113,"Art Theatre Guild, Cinema Hout",Hōjin Hashiura,"Koichi Sato, Kumi Nakamura, Toru Masuoka, Hirotaro Honda, Ikko Suzuki"
403609,tt6481270,Lake Eerie,Telaga Angker,1984-06-25,2.2822,6.5,4,"[27, 35, 9648]",id,0,0,80,,Sisworo Gautama Putra,"Suzzanna, George Rudy, Dorman Borisman, Sendy Taroreh, Nina Anwar"
300779,tt0285457,Beautiful Wrestler: Down for the Count,美少女プロレス　失神１０秒前,1984-01-13,2.2822,5.6,14,[35],ja,0,0,72,"Nikkatsu Corporation, New Century Producers",Hiroyuki Nasu,"Natsuko Yamamoto, Ryōko Watanabe, Kiriko Shimizu, Mai Inoue, Naomi Hagio"
58865,tt0123976,Loafing and Camouflage,Λούφα και Παραλλαγή,1984-10-01,2.2819,7.447,38,[35],el,0,0,99,"Spentzos Films, Greek Film Centre",Nikos Perakis,"Nikos Kalogeropoulos, Giorgos Kimoulis, Stavros Xenidis, Andreas Filippides, Takis Spyridakis"
806139,tt0337410,Der Videopionier,Der Videopionier,1984-01-18,2.2801,8.0,1,[],de,0,0,0,Provideo,Gerd Conradt,
320905,tt1339332,Mooru Janma,Mooru Janma,1984-08-22,2.2781,0.0,0,"[28, 18]",kn,0,0,137,Sridhara Krupa Productions,H. R. Bhargava,"Ambareesh, Ambika, Anuradha, Lokesh, R. N. Sudarshan"
569894,tt6638906,Bright-Eyes,明姑娘,1984-05-01,2.2767,0.0,0,[18],zh,0,0,106,Beijing Film Studio,Dong Kena,"Xie Fang, Zhang Guomin, Zhang Yu, Jian Li"
85009,tt0090186,Too Scared to Scream,Too Scared to Scream,1984-09-28,2.276,5.2,25,"[80, 9648, 53]",en,0,0,100,"Moviestore Entertainment, 21st Century Film Corporation, Doorman",Tony Lo Bianco,"Mike Connors, Anne Archer, Leon Isaac Kennedy, Ian McShane, Ruth Ford"
1367289,,Wintering Law,Закон зимовки,1984-10-01,2.2754,9.0,1,"[18, 10770]",ru,0,0,116,Central Television USSR,"Alina Kazmina, Evgeniy Lazarev","Armen Dzhigarkhanyan, Evgeniy Lazarev, Vladimir Samoylov, Aleksandr Fatyushin, Svetlana Kuznetsova"
298092,tt0459867,Fireflies in the North,北の螢,1984-09-01,2.268,5.571,7,[18],ja,0,0,125,"Toei Company, Haiyuza Eiga Hoso Company",Hideo Gosha,"Tatsuya Nakadai, Shima Iwashita, Mikio Narita, Mari Natsuki, Reiko Nakamura"
76217,tt0086212,Street of the Damned,Rue Barbare,1984-01-04,2.2656,5.216,37,"[80, 28]",fr,0,0,107,"INTERNATIONAL PROJET, Les Films de la Tour, Farena Films",Gilles Béhat,"Bernard Giraudeau, Christine Boisson, Jean-Pierre Kalfon, Bernard-Pierre Donnadieu, Corinne Dacla"
70690,tt0085316,Cinderella '80,Cenerentola '80,1984-02-16,2.2654,7.024,21,"[18, 14, 10749, 10402]",it,0,0,110,RAI,Roberto Malenotti,"Bonnie Bianco, Pierre Cosso, Sandra Milo, Adolfo Celi, Vittorio Caprioli"
537628,tt0173984,Lillian Gish,Lillian Gish,1984-07-16,2.2645,6.5,4,[99],en,0,0,58,,Jeanne Moreau,"Lillian Gish, Jeanne Moreau"
277864,tt10324382,Osai,ஓசை,1984-10-23,2.2642,0.0,0,[18],ta,0,0,145,Jayvee Movies,K. Vijayan,"Mohan, Radhika Sarathkumar, Nalini, R. S. Manohar, Nizhalgal Ravi"
87151,tt0087777,The Naked Face,The Naked Face,1984-06-01,2.2631,5.56,42,"[53, 28, 9648]",en,0,0,103,"The Cannon Group, Golan-Globus Productions",Bryan Forbes,"Roger Moore, Rod Steiger, Elliott Gould, Art Carney, Anne Archer"
25010,tt0087265,The Flamingo Kid,The Flamingo Kid,1984-12-21,2.2599,5.989,91,"[35, 18, 10749]",en,0,0,100,"Mercury Productions, Edgewood Productions, 20th Century Fox, ABC Motion Pictures",Garry Marshall,"Matt Dillon, Héctor Elizondo, Molly McCarthy, Martha Gehman, Richard Crenna"
75628,tt0082093,Bona,Bona,1984-05-25,2.2567,6.6,13,[18],en,0,0,86,NV Productions,Lino Brocka,"Nora Aunor, Phillip Salvador, Marissa Delgado, Raquel Monteza, Venchito Galvez"
255565,tt0083518,The Act,The Act,1984-08-01,2.2539,3.333,6,"[80, 35]",en,0,0,94,"Cine-U.S. Productions, Sig Shore Productions",Sig Shore,"Robert Ginty, Sarah Langenfeld, Nicolas Surovy, John Aprea, John Tripp"
1560436,tt27951156,Der Schafswolf,Der Schafswolf,1984-01-01,2.2458,0.0,0,[],de,0,0,0,DEFA-Studio für Trickfilme,Sieglinde Hamacher,
21989,tt0087425,Hot Dog... The Movie,Hot Dog... The Movie,1984-01-13,2.2438,4.8,81,"[35, 10749]",en,4506756,20307325,96,"United Artists, Hot Dog Partnership Productions, Metro-Goldwyn-Mayer",Peter Markle,"David Naughton, Patrick Houser, Tracy Smith, John Patrick Reger, Frank Koppala"
63667,tt0088297,The Cheat,La Triche,1984-08-08,2.2419,4.4,16,"[53, 80]",fr,0,0,100,"L.C.J. Editions & Productions, Les Productions du Daunou, Les Films de l'Equinoxe, Paris Occitanie Production",Yannick Bellon,"Victor Lanoux, Anny Duperey, Valérie Mairesse, Xavier Deluc, Michel Galabru"
208373,tt0121702,The Rosales,La rosales,1984-07-30,2.2402,6.667,3,[18],es,0,0,80,LDG Films (AR),David Lipszyc,"Héctor Alterio, Alicia Bruzzo, Ricardo Darín, Ulises Dumont, Arturo García Buhr"
104349,tt0086988,Le Bon Plaisir,Le Bon Plaisir,1984-01-18,2.2389,5.806,31,"[35, 18, 10749]",fr,0,0,108,"SFP, mk2 Films, Films A2",Francis Girod,"Catherine Deneuve, Michel Serrault, Jean-Louis Trintignant, Hippolyte Girardot, Michel Auclair"
1740487,tt14183954,Fırtına Gönüller,Fırtına Gönüller,1984-01-01,2.2322,0.0,0,[],tr,0,0,60,Uzkan Film,Ümit Efekan,"Burçin Oraloğlu, Burçin Orhon, Haluk Kurtoğlu, Yaprak Özdemiroğlu, Suna Selen"
114489,tt0382195,Neznayka from our Yard,Незнайка с нашего двора,1984-05-02,2.2313,5.8,6,"[14, 35, 10751, 10770]",ru,0,0,128,"Odessa Film Studio, Gosteleradio USSR","Igor Apasyan, Irma Raush","Valeriy Songin, Andrey Levishchenko, Maksim Rayevsky, Artem Tikhomirov, Andrey Vingavatov"
324550,tt0310847,Les Capricieux,Les Capricieux,1984-04-14,2.229,8.333,3,[],fr,0,0,82,"SFP, Hamster Productions, TF1 Films Production",Michel Deville,"Nicole Garcia, Jean-Pierre Marielle, Christian Benedetti, Thierry Frémont, Richard Fontana"
96404,tt0087001,A Breed Apart,A Breed Apart,1984-06-01,2.2278,5.868,53,"[28, 10749]",en,3000000,0,101,"Sagittarius Productions, Hemdale, Cinema 84",Philippe Mora,"Rutger Hauer, Powers Boothe, Kathleen Turner, Donald Pleasence, Brion James"
345100,tt0088214,Synthesis,Synteza,1984-06-11,2.2236,7.0,1,"[878, 10751]",pl,0,0,86,"Zespół Filmowy ""X"", Wytwórnia Filmów Fabularnych w Łodzi, Wytwórnia Filmów Fabularnych we Wrocławiu",Maciej Wojtyszko,"Wiktor Grotowicz, Beata Tyszkiewicz, Jan Wilkowski, Piotr Fronczewski, Władysław Kowalski"
781905,tt0388563,Az óriás,Az óriás,1984-04-05,2.2201,10.0,1,[18],hu,0,0,78,,Erika Szántó,"István Bubik, Pap Vera, Judit Meszléry, György Dörner, Henryk Borowski"
667881,tt0239223,Days of Lust: Ecstasy,愛欲の日々　エクスタシー,1984-05-25,2.2174,10.0,1,[18],ja,0,0,61,New Century Producers,Itsumichi Isomura,"Yoriko Ogawa, Makoto Yoshino, Shirō Shimomoto, Hachiro Okamoto, Ren Osugi"
1766554,tt0262533,జస్టిస్ చక్రవర్తి,Justice Chakravarthy,1984-09-20,2.2137,0.0,0,[18],te,0,0,157,Taraka Prabhu Films,Dasari Narayana Rao,"Akkineni Nageswara Rao, Suhasini, Sujatha, Prathap Pothan, Sumalatha"
117479,tt0087566,Class Relations,Klassenverhältnisse,1984-02-21,2.2076,6.833,15,[18],de,0,0,127,"FilmFörderung Hamburg, Janus Film und Fernsehen, NEF Diffusion, HR","Danièle Huillet, Jean-Marie Straub","Christian Heinisch, Nazzareno Bianconi, Mario Adorf, Laura Betti, Harun Farocki"
44772,tt0087810,No Small Affair,No Small Affair,1984-11-09,2.2055,5.467,61,"[35, 18, 10749]",en,0,0,102,"Delphi II Productions, Columbia Pictures",Jerry Schatzberg,"Jon Cryer, Demi Moore, George Wendt, Peter Frechette, E. G. Daily"
330422,tt1562325,Secret Intentions,Gizli Duygular,1984-01-02,2.2008,3.0,1,"[18, 10749]",tr,0,0,82,Uzman Film,Şerif Gören,"Müjde Ar, Füsun Demirel, Bülent Bilgiç, Necati Bilgiç, Zümrüt Cansel"
14774,tt0087042,Cheech & Chong's The Corsican Brothers,Cheech & Chong's The Corsican Brothers,1984-07-27,2.2004,4.9,82,[35],en,0,0,91,Orion Pictures,Tommy Chong,"Cheech Marin, Tommy Chong, Roy Dotrice, Shelby Chong, Rikki Marin"
12762,tt0087003,Broadway Danny Rose,Broadway Danny Rose,1984-01-27,2.2001,7.135,502,[35],en,8000000,10600497,84,"Orion Pictures, Jack Rollins & Charles H. Joffe Productions",Woody Allen,"Woody Allen, Mia Farrow, Nick Apollo Forte, Sandy Baron, Corbett Monica"
134240,tt0087657,The Leopard,Le Léopard,1984-03-14,2.1968,5.9,22,"[28, 12, 35]",fr,0,0,96,,Jean-Claude Sussfeld,"Claude Brasseur, Dominique Lavanant, Marius Weyers, Max Mégy, Nini Crépon"
20561,tt0088650,28 Up,28 Up,1984-11-20,2.1953,7.5,76,[99],en,0,0,136,,Michael Apted,"Lynn Johnson, Tony Walker, Jacqueline Bassett, Bruce Balden, Andrew Brackfield"
1023973,tt0494772,Naku... Ha!,Naku... Ha!,1984-08-20,2.1906,10.0,1,[35],tl,0,0,0,CineVentures Inc.,Junn P. Cabreira,"Tito Sotto, Vic Sotto, Joey de Leon, Joey Albert, Trina Laurel"
712287,tt0454443,Duja Viah,Duja Viah,1984-02-23,2.1897,9.0,1,"[10749, 18, 10751]",en,0,0,155,Saregama Films,Avtar Bhogal,"Priti Sapru Walia, Shashi Puri, Mehar Mittal, Girija Mitra, Ved Goswami"
86461,tt0089251,Hanna D: The Girl from Vondel Park,Hanna D. - La ragazza del Vondel Park,1984-11-02,2.1885,4.333,12,[18],it,0,0,83,"Beatrice Film, Les Films Jacques Leitienne",Rino Di Silvestro,"Ann-Gisel Glass, Fausto Lombardi, Sebastiano Somma, Antonio Serrano, Georges Millon"
40771,tt0087700,Meatballs: Part II,Meatballs: Part II,1984-07-27,2.188,4.0,69,[35],en,0,5410972,87,"TriStar Pictures, Space Productions",Ken Wiederhorn,"Richard Mulligan, Hamilton Camp, John Mengatti, Kim Richards, Archie Hahn"
729670,tt1124045,Killer Waiting,Killer Waiting,1984-02-17,2.185,0.0,0,[],en,0,0,52,,Michael Ferguson,"John Thaw, Diane Keen, Stafford Gordon, Benjamin Barker, Lainey Walker"
57565,tt0089838,A Private Function,A Private Function,1984-11-09,2.1844,6.419,68,[35],en,0,0,96,Handmade Films,Malcolm Mowbray,"Michael Palin, Maggie Smith, Denholm Elliott, Richard Griffiths, Tony Haygarth"
84990,tt0238302,Innocent Prey,Innocent Prey,1984-12-12,2.1766,4.286,7,[27],en,0,0,86,"Premiere Film Marketing, Crystal Film Corporation",Colin Eggleston,"P. J. Soles, Kit Taylor, Grigor Taylor, Martin Balsam, John Warnock"
40145,tt0087759,Murder-Rock: Dancing Death,Murderock - Uccide a passo di danza,1984-04-20,2.1748,5.629,70,"[9648, 53, 27]",it,0,0,93,Scena Film,Lucio Fulci,"Olga Karlatos, Ray Lovelock, Cosimo Cinieri, Giuseppe Mannajuolo, Claudio Cassinelli"
32728,tt0088782,Before Stonewall,Before Stonewall,1984-09-15,2.1743,6.545,33,"[99, 36]",en,0,0,87,"Center for the Study of Filmed History, Before Stonewall Inc.","Greta Schiller, Robert Rosenberg","Rita Mae Brown, Red Jordan Arobateau, Ann Bannon, Lisa Ben, Allen Ginsberg"
17667,tt0086946,Beat Street,Beat Street,1984-06-08,2.1742,6.851,97,"[18, 10402]",en,9500000,16600000,105,Orion Pictures,Stan Lathan,"Guy Davis, Rae Dawn Chong, Saundra Santiago, Doug E. Fresh, Mary Alice"
1732306,,Amtar sayfia,Amtar sayfia,1984-01-02,2.1697,0.0,0,[18],ar,0,0,83,,Muhammad Shahin,"Ghada ElShamaa, Rashid Assaf, Samar Sami, Najah Hafiez, Ahmad Milly"
300252,tt0289942,Sister Fahriye,Fahriye Abla,1984-01-02,2.1663,7.2,10,[18],tr,0,0,88,Kök Film,Yavuz Turgul,"Müjde Ar, Mesut Çakarlı, Tarık Tarcan, Kadir Savun, Haldun Ergüvenç"
353929,tt0262917,Egorka,Егорка,1984-12-23,2.1617,8.667,3,[10751],ru,0,0,69,Gorky Film Studios,Oleksandr Yanovskyi,"Mikhail Pugovkin, Gennadiy Voronin, Andrei Kostyakin, Igor Savkin, Igor Zolotovitsky"
60623,tt0086890,Love Unto Death,L'Amour à mort,1984-09-05,2.1588,6.719,32,"[18, 10749]",fr,0,0,93,"Films A2, Philippe Dussart, Les Films Ariane",Alain Resnais,"Sabine Azéma, Fanny Ardant, Pierre Arditi, André Dussollier, Jean Dasté"
670890,tt0244739,El puente,El puente,1984-01-01,2.1538,6.667,3,[],es,0,0,0,,José Luis Urquieta,"Rafael Inclán, Sergio Goyri, Carmen Cardenal, Sasha Montenegro"
87235,tt0087096,Crackers,Crackers,1984-02-17,2.1514,4.657,35,"[28, 35, 80]",en,12000000,129268,98,Universal Pictures,Louis Malle,"Donald Sutherland, Jack Warden, Sean Penn, Wallace Shawn, Larry Riley"
1375917,,Antártida,Antártida,1984-01-01,2.1471,0.0,0,[],pt,0,0,0,Proa Filmes,Lyonel Lucini,
86509,tt0087523,Jungle Warriors,Jungle Fever,1984-05-11,2.1456,4.071,21,"[28, 12]",en,0,0,95,"Popular Films, Jungle Warrior, Tatfilm, International Screen Productions, Araiz-Condoy Productions",Ernst Ritter von Theumer,"Nina van Pallandt, Paul L. Smith, John Vernon, Alex Cord, Sybil Danning"
249836,tt0087784,Dream One,Nemo,1984-12-12,2.1374,3.875,8,"[14, 12]",fr,0,0,97,"Christel Films, NEF Diffusion",Arnaud Sélignac,"Seth Kibel, Jason Connery, Mathilda May, Nipsey Russell, Harvey Keitel"
1229259,,Dolores,Dolores,1984-01-01,2.1359,0.0,0,[99],es,0,0,0,ICTUS,Joaquín Eyzaguirre,
301263,tt0312518,Massacre in Rio Grande,Masacre en Río Grande,1984-12-31,2.1352,6.0,4,[27],es,0,0,80,Televicine,Pedro Galindo III,"Mario Almada, Fernando Almada, Sexy Vanessa, Emilia Guiú, Ricardo Carrión"
297653,tt0088211,Sweet Revenge,Sweet Revenge,1984-10-31,2.1322,6.7,6,"[18, 10770]",en,0,0,103,"David Greene Productions, Robert Papazian Productions, CBS",David Greene,"Kevin Dobson, Kelly McGillis, Alec Baldwin, Savannah Smith Boucher, Wings Hauser"
1568464,tt28718093,Naane Raja,Naane Raja,1984-02-17,2.1301,0.0,0,"[80, 53]",kn,0,0,116,Bharani Chithra,C. V. Rajendran,"V. Ravichandran, Ambika, Jai Jagadish, Ambareesh, Indira"
1474440,tt23559576,Sganarelle,Sganarelle,1984-08-28,2.1298,0.0,0,[],en,0,0,0,,"Andrei Șerban, Bryan Izzard","Cherry Jones, John Bottoms, Marianne Owen, Richard Grusin"
232771,tt0279346,"Promiscuity, the Street Kids of Katia","Promiscuidade, os Pivetes de Kátia",1984-04-30,2.1297,4.421,19,[18],pt,0,0,90,Virgínia Filmes,Fauzi Mansur,"Ênio Gonçalves, Cristina Martinez, Sérgio Hingst, Daliléia Ayala, Livi Bianco"
32334,tt0087650,Love and Pigeons,Любовь и голуби,1984-01-07,2.1291,7.573,151,"[35, 10749]",ru,0,0,107,Mosfilm,Vladimir Menshov,"Aleksandr Mikhaylov, Nina Doroshina, Lyudmila Gurchenko, Sergei Yursky, Natalya Tenyakova"
72664,tt0087742,The Vultures,Les Morfalous,1984-03-28,2.1279,5.968,154,"[10752, 35]",fr,0,0,95,"V Films, Carthago Films, Soprofilms, Cerito Films",Henri Verneuil,"Jean-Paul Belmondo, Michel Constantin, Jacques Villeret, Michel Creton, Marie Laforêt"
47874,tt0087482,Irreconcilable Differences,Irreconcilable Differences,1984-09-28,2.1244,5.607,56,"[35, 18, 10749]",en,0,12384120,113,Lantana Productions,Charles Shyer,"Ryan O'Neal, Shelley Long, Drew Barrymore, Sam Wanamaker, Allen Garfield"
53342,tt0087133,Cop in Drag,Delitto al Blue Gay,1984-08-15,2.1235,5.5,43,"[35, 80]",it,0,0,96,"Medusa Distribuzione, Globe Films",Bruno Corbucci,"Tomas Milian, Bombolo, Olimpia Di Nardo, Paco Fabrini, Anita Kupsch"
54752,tt0087263,Firstborn,Firstborn,1984-10-26,2.1196,6.2,63,"[18, 53]",en,8000000,6250994,103,"Jaffe-Lansing, Witt/Thomas Productions, Paramount Pictures",Michael Apted,"Teri Garr, Peter Weller, Christopher Collet, Corey Haim, Sarah Jessica Parker"
33914,tt0087291,Frankenweenie,Frankenweenie,1984-12-14,2.1184,6.951,459,"[27, 10751, 878, 35]",en,0,0,29,Walt Disney Pictures,Tim Burton,"Barret Oliver, Shelley Duvall, Daniel Stern, Joseph Maher, Roz Braverman"
649923,tt0271048,The Making of 'Indiana Jones and the Temple of Doom',The Making of 'Indiana Jones and the Temple of Doom',1984-12-04,2.1176,7.563,8,[99],en,0,0,51,"Lucasfilm Ltd., PBS",Frank Marshall,"Steven Spielberg, Harrison Ford, Kate Capshaw, Ke Huy Quan, Robert Watts"
42097,tt0088093,MacArthur's Children,瀬戸内少年野球団,1984-06-23,2.1155,5.5,10,"[10752, 18, 35]",ja,0,0,143,Herald Ace,Masahiro Shinoda,"Takaya Yamauchi, Ken Watanabe, Yoshiyuki Omori, Shiori Sakura, Shima Iwashita"
424750,,Housing Court,Housing Court,1984-01-02,2.1111,0.0,0,[99],en,0,0,29,,"Beni Matías, William Sarokin",
965195,,Aldebaran,Aldebaran,1984-01-01,2.1106,0.0,0,[],xx,0,0,6,,Teruo Koike,
128826,tt0088008,Roadhouse 66,Roadhouse 66,1984-08-31,2.1039,5.135,26,"[28, 35]",en,0,0,90,,John Mark Robinson,"Willem Dafoe, Judge Reinhold, Kaaren Lee, Kate Vernon, Stephen Elliott"
432730,tt2155395,The Slavers,The Slavers,1984-01-01,2.1036,3.4,5,[27],en,0,0,96,"Markent Productions, Paradox Film",Larry Kent,"James Sheridan, Dennis O'Connor, David Spencer, Sheena Graham, Tom O'Connor"
27663,tt0081366,The Power,The Power,1984-01-20,2.1024,4.222,18,[27],en,0,0,84,Film Ventures International,"Stephen Carpenter, Jeffrey Obrow","Susan Stokey, Warren Lincoln, Lisa Erickson, Chad Christian, Ben Gilbert"
1046265,tt0224613,Amuse-gueule,Amuse-gueule,1984-12-31,2.1005,7.0,1,[],fr,0,0,28,,Robert Awad,"Patrice Arbour, Denise Proulx, Yvan Canuel, Michel Garneau, Claude Gai"
624129,tt2232781,Opera Vertical,Opera Vertical,1984-10-20,2.0994,10.0,1,"[99, 12]",fr,0,0,27,,Jean-Paul Janssen,"Patrick Edlinger, Jean-Paul Lemercier"
578883,tt0288235,Flight Attendant: Scandal,スチュワーデス・スキャンダル　獣のように抱きしめて,1984-03-16,2.0979,5.1,7,"[35, 18]",ja,0,0,67,Nikkatsu Corporation,Masaru Konuma,"Tomoko Ai, Kate Asabuki, Shigeru Muroi, Makoto Yoshino, Ryosei Tayama"
27670,tt0087814,Nothing Left to Do But Cry,Non ci resta che piangere,1984-12-20,2.0907,7.7,1196,"[35, 14]",it,0,0,112,"Yarno Cinematografica, Best International Films","Roberto Benigni, Massimo Troisi","Massimo Troisi, Roberto Benigni, Amanda Sandrelli, Iris Peynado, Carlo Monni"
185668,tt0287398,Rope Torture,団鬼六　縄責め,1984-09-01,2.0905,5.7,10,[18],ja,0,0,71,Nikkatsu Corporation,Ikuo Sekimoto,"Miki Takakura, Kazuyuki Senba, Nobutaka Masutomi, Kaori Asô, Hajime Inoue"
670956,,Kembang Kertas,Kembang Kertas,1984-01-01,2.0888,0.0,0,[18],id,0,0,104,PT Nusantara Film,Slamet Rahardjo,"Zainal Abidin, Lenny Marlina, Ria Irawan, Dewi Yull, Bangun Sugito"
1208248,tt5037436,The Great Hero,Mohanayok,1984-02-22,2.0872,0.0,0,"[80, 28]",bn,0,0,113,Troi chitrom,Alamgir Kabir,"Bulbul Ahmed, Dildar, Shaukat Akbar, Amol Bose, Sumita Devi"
27102,tt0087821,Full Moon in Paris,Les Nuits de la pleine lune,1984-08-29,2.0854,6.846,143,"[18, 10749]",fr,0,0,102,"Les Films Ariane, Les Films du Losange",Éric Rohmer,"Pascale Ogier, Tchéky Karyo, Fabrice Luchini, Virginie Thévenet, Christian Vadim"
1715768,,HI-FI,HI-FI,1984-06-15,2.0837,0.0,0,[16],de,0,0,2,DEFA-Studio für Trickfilme,Katja Georgi,
322279,,Pralayanthaka,Pralayanthaka,1984-12-26,2.0819,0.0,0,[18],kn,0,0,0,,B Subba Rao,"V. Ravichandran, Bhavya, Ambika, Arjun Sarja"
423777,tt0088079,La segua,La segua,1984-01-01,2.0818,6.5,4,[27],es,0,0,102,,Antonio Yglesias,"Isabel Hidalgo, Blanca Guerra, Óscar Castillo, Ana Poltronieri"
40352,tt0085627,Warriors of the Year 2072,I guerrieri dell'anno 2072,1984-01-28,2.0811,5.092,60,"[28, 878, 53]",it,0,0,94,Regency Productions,Lucio Fulci,"Jared Martin, Fred Williamson, Howard Ross, Eleonora Brigliadori, Cosimo Cinieri"
1278117,tt1941718,Víno vinovaté,Víno vinovaté,1984-01-21,2.0794,0.0,0,[35],sk,0,0,0,"Československá televízia Bratislava, Slovenská filmová tvorba",Vladimír Balco,"Ľudovít Močko, Jozef Vičan, Jozef Ejem, Ján Čižmár, Ferdinand Kopsa"
402530,tt0318344,Campo Europa,Campo Europa,1984-08-13,2.0792,9.0,1,[18],fr,0,0,90,,Pierre Maillard,"Valérie Favre, Lou Castel, Camillo Milli, Dominique Stehle"
1285357,tt0088003,Rita Ritter,Rita Ritter,1984-02-25,2.0778,9.0,1,[18],de,0,0,93,Herbert Achternbusch Filmproduktion,Herbert Achternbusch,"Annamirl Bierbichler, Christiane Cohendy, Barbara Valentin, Armin Mueller-Stahl, Eva Mattes"
52471,tt0086886,American Dreamer,American Dreamer,1984-10-26,2.0773,6.338,26,"[28, 12, 35, 80, 10749]",en,0,0,105,CBS Theatrical Films,Rick Rosenthal,"JoBeth Williams, Tom Conti, Giancarlo Giannini, Coral Browne, James Staley"
280169,tt0087372,Dirty War,Guerra sucia,1984-01-01,2.0772,3.4,5,[28],es,0,0,87,"Cinevisión, Almena Films","Juan Piquer Simón, Alfredo Casado","Pierre Oudrey, Carole James, Frank Braña, Mariano Vidal Molina, Alicia Príncipe"
40934,tt0087797,The Night They Saved Christmas,The Night They Saved Christmas,1984-12-13,2.0771,5.648,27,"[18, 10751]",en,0,0,92,,Jackie Cooper,"Jaclyn Smith, Art Carney, Paul Le Mat, Mason Adams, June Lockhart"
412787,tt0475676,Chips,Odpryski,1984-01-01,2.0729,6.6,5,[16],pl,0,0,11,Studio Filmów Animowanych w Krakowie,Jerzy Kucia,
100697,tt0089503,The Lost Empire,The Lost Empire,1984-06-22,2.0713,4.7,62,"[12, 28, 14]",en,0,0,83,Harwood,Jim Wynorski,"Melanie Vincz, Raven De La Croix, Angela Aames, Paul Coufos, Robert Tessier"
181955,tt0243820,Charrito,Charrito,1984-03-22,2.0681,7.135,26,"[35, 37]",es,0,0,90,Televicine,Roberto Gómez Bolaños,"Roberto Gómez Bolaños, Florinda Meza García, María Antonieta de las Nieves, Rubén Aguirre, Víctor Alcocer"
1483825,,Unrest,Unruhe,1984-01-01,2.0652,0.0,0,[18],de,0,0,19,DEFA-Studio für Trickfilme,Toni Bruk,"Gudrun Okras, Heike Ludwig, Michael Becker, Benno Mieth, Achim Wagner"
389525,tt3128264,Katar,Katar,1984-01-01,2.065,0.0,0,"[10402, 16, 35]",pl,0,0,5,Telewizyjne Studio Filmów Animowanych w Poznaniu,Hieronim Neumann,
52826,tt0087817,Nothing Lasts Forever,Nothing Lasts Forever,1984-09-06,2.0646,6.29,31,"[10749, 878, 14, 35, 18]",en,3000000,0,82,"Broadway Pictures, Metro-Goldwyn-Mayer",Tom Schiller,"Zach Galligan, Apollonia van Ravenstein, Bill Murray, Sam Jaffe, Imogene Coca"
42085,tt0087027,Camila,Camila,1984-05-17,2.0612,7.167,42,"[18, 10749]",es,0,0,109,"GEA Producciones, Impala",María Luisa Bemberg,"Susú Pecoraro, Imanol Arias, Héctor Alterio, Elena Tasisto, Carlos Muñoz Arosa"
38148,tt0087835,"Oh, God! You Devil","Oh, God! You Devil",1984-11-07,2.0597,5.677,48,"[35, 14]",en,0,0,97,Warner Bros. Pictures,Paul Bogart,"George Burns, Ted Wass, Roxanne Hart, Ron Silver, James Cromwell"
160988,tt1075364,Three Jolly Fellows,Naksitrallid,1984-09-01,2.0587,5.9,5,"[16, 10751]",et,0,0,30,Tallinnfilm,Avo Paistik,"Aarne Üksküla, Urmas Kibuspuu, Maria Klenskaja, Ita Ever, Gunnar Kilgas"
89791,tt0085540,The Final Executioner,L'ultimo guerriero,1984-03-09,2.057,3.8,17,"[28, 878]",it,0,0,95,"L'immagine S.r.l., The Cannon Group",Romolo Guerrieri,"William Mang, Marina Costa, Harrison Muller Jr., Woody Strode, Margit Evelyn Newton"
141757,tt0088399,The Phantom,Widziadło,1984-07-05,2.0562,5.333,12,[18],pl,0,0,90,"Zespół Filmowy ""Perspektywa""",Marek Nowicki,"Roman Wilhelmi, Dorota Kwiatkowska, Marzena Trybała, Mariusz Benoit, Mariusz Dmochowski"
811157,tt0476152,El bohío,El bohío,1984-01-01,2.0547,9.0,1,[16],es,0,0,9,ICAIC,Mario Rivas,
27221,tt0088412,Where the Green Ants Dream,Wo die grünen Ameisen träumen,1984-08-31,2.0538,6.879,62,[18],de,0,0,100,"ZDF, Pro-ject Filmproduktion, Werner Herzog Filmproduktion",Werner Herzog,"Wandjuk Marika, Roy Marika, Ray Barrett, Norman Kaye, Ralph Cotterill"
48555,tt0263346,Die Fledermaus,Die Fledermaus,1984-01-01,2.0517,8.2,5,"[35, 10402]",de,0,0,177,Royal Opera House,Humphrey Burton,"Kiri Te Kanawa, Hermann Prey, Dennis O'Neill, Hildegard Heichele, Paul Crook"
1632883,tt1392095,Aaradhane,Aaradhane,1984-11-30,2.0504,0.0,0,[18],kn,0,0,0,,Deepak Balraj Vij,"Vishnuvardhan, Geetha, Hema Chaudhary, K. S. Ashwath, Shivaram"
1478441,,Blue Gem,Permata Biru,1984-07-08,2.0498,0.0,0,[18],id,0,0,99,Virgo Putra Film,Wim Umboh,"Meriam Bellina, Abdi Wiyono, Tuty Romlah, Baron Hermanto, Eddy Bakar Pare"
1579530,tt1185652,IQ 200,IQ 200,1984-01-01,2.0475,0.0,0,[],id,0,0,0,,Willy Wilianto,"Donny Nurhadi, Enny Beatrice, Yenny Farida, Willy Wilianto, Cherry Ivonne"
4274,tt0087284,Fort Saganne,Fort Saganne,1984-05-11,2.047,6.022,69,"[10752, 18, 36]",fr,6000000,0,180,"SFP, Albina Productions, Films A2",Alain Corneau,"Gérard Depardieu, Philippe Noiret, Catherine Deneuve, Sophie Marceau, Michel Duchaussoy"
332004,tt0126096,Temporal,Temporal,1984-04-12,2.0469,7.0,1,[35],pt,0,0,11,"Casa de Cinema de Porto Alegre, Luz Produções","Jorge Furtado, José Pedro Goulart","Biratã Vieira, Isabel Ibias, Xala Felippi, Márcia Erig, Luis Carlos Magalhães"
325955,tt0144638,Territories,Territories,1984-01-01,2.0376,9.0,1,[99],en,0,0,25,Sankofa Film & Video,Isaac Julien,"Maureen Blackwood, Kevin Graal, Andrea Julien, Nadine Marsh-Edwards, Antonia Thomas"
1658547,,Adventure Enough,Adventure Enough,1984-01-01,2.036,0.0,0,"[14, 12, 10751]",en,0,0,12,"New York University (NYU), Tisch School of the Arts (NYU)",John C. Walsh,
1626184,,Die Rinde,Die Rinde,1984-01-01,2.0338,0.0,0,[],de,0,0,20,,Ursula Winzentsen,
1084003,,Złote ziarenko,Złote ziarenko,1984-01-01,2.0331,0.0,0,[16],pl,0,0,27,Studio Miniatur Filmowych,Teresa Badzian,Mieczysław Czechowicz
537184,tt1075066,Szapito,Szapito,1984-07-17,2.0315,0.0,0,[99],en,0,0,29,,Bogdan Dziworski,
1568498,,Rowdy Raja,Rowdy Raja,1984-07-03,2.0313,0.0,0,"[28, 18]",kn,0,0,121,Dakshayini Movies,Joe Simon,"Ambareesh, Sujatha, Thoogudeepa Srinivas, Sudheer, Vijayaranjini"
333353,tt0257715,The Glories of the Great Púas,Las glorias del gran Púas,1984-03-01,2.0313,6.0,4,[],es,0,0,113,,Roberto G. Rivera,"Rubén Olivares, Roberto 'El Flaco' Guzmán, Roberto Cobo, Pompín Iglesias, Rafael Inclán"
25525,tt0088028,Lensman,SF新世紀 レンズマン,1984-06-07,2.0295,6.034,29,"[16, 28, 878]",ja,0,0,107,"TOHO, EE Doc Smith MK Company, MK Productions Ltd., Madhouse, Kodansha","Kazuyuki Hirokawa, Yoshiaki Kawajiri","Toshio Furukawa, Mami Koyama, Chikao Ohtsuka, Nachi Nozawa, Katsuya Kobayashi"
329314,tt1556132,Unmade Bed,Dağınık Yatak,1984-01-02,2.0291,3.0,1,"[10749, 18]",tr,0,0,86,Mine Film,Atıf Yılmaz,"Müjde Ar, Aykut Sözeri, Lale Belkıs, Tuluğ Çizgen, Hale Akınlı"
724261,,Pengabdian,Pengabdian,1984-03-12,2.0269,0.0,0,"[18, 10402]",id,0,0,109,PT Naviri Film Production,Maman Firmansyah,"Rhoma Irama, Ricca Rachim, Chintami Atmanegara, Mieke Wijaya, Sofia Amang"
978373,,Bonds,Hualau,1984-03-08,2.0255,0.0,0,[],cy,0,0,50,,Siôn Humphreys,
240013,tt0087858,Tora-san's Forbidden Love,男はつらいよ　寅次郎真実一路,1984-12-28,2.0251,8.0,3,[35],ja,0,0,107,Shochiku,Yoji Yamada,"Kiyoshi Atsumi, Chieko Baisho, Masami Shimojō, Chieko Misaki, Gin Maeda"
60066,tt0087774,Nadia,Nadia,1984-06-11,2.0221,6.727,11,[18],en,0,0,100,"Jadran Film, Tribune Entertainment, Dave Bell Prductions",Alan Cooke,"Jonathan Banks, Talia Balsam, Carrie Snodgress, Leslie Weiner, Johann Carlo"
114442,tt0086162,Quest,Quest,1984-10-01,2.0208,6.84,25,"[12, 878]",en,0,0,30,M. Okada International Association,"Saul Bass, Elaine Bass","John Abbott, Noah Hathaway, David Comfort, Damian Cavalieri, Jay W. MacIntosh"
637582,tt0263822,A Special Unit,Особое подразделение,1984-10-15,2.0194,7.5,2,[10752],ru,0,0,67,Mosfilm,"Vladimir Ivanov, Georgi Shchukin","Olga Bashkina, Nikolay Stotskiy, Tatyana Lebedeva, Ivan Shchyogolev, Svetlana Ryabova"
423696,tt0123134,The Baby and the Rascals,Kismaszat és a Gézengúzok,1984-10-31,2.0184,7.0,3,"[12, 35, 10751]",hu,0,0,74,Magyar Televízió Müvelödési Föszerkesztöség (MTV),Miklós Markos,"Bence Ságody, Zsófi Jávor, Sándor Pálok, Gábor Csöre, Csilla Maronka"
792471,tt0348438,An Appointment Under the Fernleaf Hedge Bamboo,相约在凤尾竹下,1984-10-01,2.0168,0.0,0,[],zh,0,0,84,长春电影制片厂,"Chen Xuejie, Wang Jiayi, Zhou Wei",
536395,tt0495204,Transa Brutal,Transa Brutal,1984-11-07,2.0124,8.0,1,[80],pt,0,0,77,,Diogo Angélica,"Tatiana Dantas, Zilda Mayo, Vanessa Alves, Diogo Angélica, João Acaiabe"
281563,tt0087036,The Cartier Affair,The Cartier Affair,1984-11-04,2.01,4.7,9,"[10770, 35, 80, 10749]",en,0,0,94,"Hill/Mandelker Films, NBC",Rod Holcomb,"Joan Collins, David Hasselhoff, Ed Lauter, Randi Brooks, Steve Peck"
255745,tt0258016,Peter Knife,Pedro Navaja,1984-05-31,2.0068,7.583,78,"[28, 35, 18]",es,0,0,95,"Producciones Rosas Priego, S.A., Cineproducciones Internacionales S.A., Gazcón Films S.A., Producciones EGA S.A.",Alfonso Rosas Priego Jr.,"Andrés García, Sergio Goyri, Adalberto Martínez, Maribel Guardia, Ana Luisa Peluffo"
470883,tt0276785,An Audience with Mel Brooks,An Audience with Mel Brooks,1984-02-04,2.0047,7.0,3,"[35, 99, 10770]",en,0,0,55,"Brooksfilms, Prism Entertainment",Alasdair Macmillan,"Mel Brooks, Anne Bancroft, Ronny Graham, Suzanne Danielle, Bob Geldof"
556857,,Dulce Patria,Dulce Patria,1984-10-30,2.0046,0.0,0,[99],es,0,0,60,,Andrés Racz,Augusto Pinochet
40071,tt0088050,Darlings!,Schatjes!,1984-02-08,2.004,5.707,41,"[35, 53]",nl,0,0,101,Meteor Film Productions,Ruud van Hemert,"Geert de Jong, Akkemay, Frank Schaafsma, Pepijn Zomer, Olivier Zomer"
81553,tt0121387,Snow White,Hófehér,1984-07-05,2.0016,7.5,11,"[16, 14, 35]",hu,0,0,90,Pannónia Filmstúdió,József Nepp,"Judit Halász, János Körmendi, Ilona Béres, Nóra Tábori"
36808,tt0087418,Hollywood Hot Tubs,Hollywood Hot Tubs,1984-09-07,2.0011,3.75,16,[35],en,0,0,103,"Seymour Borde & Associates, Manson International",Chuck Vincent,"Paul Gunning, Donna McDaniel, Michael Andrew, Stafford Morgan, Remy O'Neill"
10260,tt0088002,My New Partner,Les Ripoux,1984-09-19,2.0008,6.6,277,[35],fr,0,0,107,Films 7,Claude Zidi,"Philippe Noiret, Thierry Lhermitte, Régine, Grace de Capitani, Claude Brosset"
945141,tt0223713,Max Ward,Max Ward,1984-01-01,2.0006,9.0,1,[99],en,0,0,50,ONF | NFB,William Canning,"Max Ward, Richard Gilbert"
148034,tt0088338,The Elusive Summer of '68,Varljivo leto '68,1984-01-30,1.9981,7.6,47,[35],sh,0,0,91,Centar film,Goran Paskaljević,"Slavko Štimac, Danilo 'Bata' Stojković, Mira Banjac, Milosav 'Mija' Aleksić, Neda Arnerić"
92990,tt0087433,Yellow Earth,黄土地,1984-08-19,1.9976,7.2,61,"[18, 10402, 36]",zh,0,0,91,广西电影制片厂,Chen Kaige,"Xue Bai, Wang Xueqi, Tuo Tan, Quiang Liu"
517537,tt0087141,Deutschland-Tournee,Deutschland-Tournee,1984-06-06,1.9945,8.0,1,[18],de,0,0,0,,Berengar Pfahl,"Ulrike Kriener, Verena Plangger, Hans Richter"
940605,,Lus,Lus,1984-10-17,1.9943,0.0,0,[18],da,0,0,22,Ebbe Preisler Film,Anette Pilmark,"Julie Find, Jesper Bredsgaard, Anna Emilie Graae, Ivan Harsløf, Jonas Preisler"
455218,tt0163175,Real Inside,Real Inside,1984-10-01,1.9898,9.0,2,"[16, 35, 10751]",en,0,0,12,ONF | NFB,"John Weldon, David Verrall","Colin Fox, Martin Doyle, Linda Clark, Dustin Waln"
40061,tt0087514,Happy Easter,Joyeuses Pâques,1984-10-24,1.9894,5.921,159,[35],fr,0,0,94,"Sara Films, rené chateau, Cerito Films",Georges Lautner,"Jean-Paul Belmondo, Sophie Marceau, Marie Laforêt, Rosy Varte, Michel Beaune"
256556,tt0122311,The Willow Tree,Der Weidenbaum,1984-01-01,1.9886,9.0,1,"[18, 10770]",de,0,0,90,"Radio Bremen, Slovenská filmová tvorba",Sohrab Shahid-Saless,"Josef A. Stehlík, Peter Staník, Milan Drotár, Marián Sotník, Vladimír Zimmer"
515496,tt0085731,Inseminación artificial,Inseminación artificial,1984-02-20,1.981,5.5,4,[18],es,0,0,0,"Blau Films S.A., Audio Video Producciones de América",Arturo Martínez,"María José Cantudo, Andrés García, Julio Alemán, María Kosty, Blanca Lidia Muñoz"
356577,tt0452822,Ohnsorg-Theater - Mensch sein muß der Mensch,Ohnsorg-Theater - Mensch sein muß der Mensch,1984-01-01,1.9741,8.0,1,[35],de,0,0,0,,,"Fritz Hollenbeck, Jasper Vogt, Hilde Sicks, Rolf Bohnsack, Antje Schröder"
30706,tt0087243,Fatal Games,Fatal Games,1984-01-01,1.9716,4.388,40,"[27, 53]",en,0,0,88,Impact Films,Michael Elliot,"Sally Kirkland, Lynn Banashek, Sean Masterson, Michael O'Leary, Teal Roberts"
498531,tt5121716,Der Datterich,Der Datterich,1984-02-22,1.9691,0.0,0,[35],de,0,0,0,,Klaus Wagner,"Liesel Christ, Heinz Moog, Hans Musäus, Georg Lehn, Joost Siedhoff"
202787,tt0088090,Double Feature,Sesión continua,1984-06-22,1.9666,5.5,12,[18],es,0,0,115,Nickel Odeon,José Luis Garci,"Adolfo Marsillach, Jesús Puente, María Casanova, José Bódalo, Encarna Paso"
126341,tt0087717,Miami Vice: Brother's Keeper,Miami Vice: Brother's Keeper,1984-09-16,1.9649,7.794,34,"[18, 80, 10770]",en,2600000,0,92,"Michael Mann Productions, Universal Television",Thomas Carter,"Don Johnson, Philip Michael Thomas, Saundra Santiago, Michael Talbott, John Diehl"
388611,tt0088127,Sista leken,Sista leken,1984-03-18,1.9613,10.0,1,[18],sv,0,0,97,"MovieMakers, Svenska Filminstitutet, Jörn Donner Productions, Finnish Film Foundation",Jon Lindström,"Sven Wollter, Karolina Korpioja, Aino Seppo, Soli Labbart, Tomas Laustiola"
998359,tt0258948,Satori Stress,Satori Stress,1984-01-01,1.961,9.0,1,[99],fr,0,0,75,AMOK Film,Jean-Noël Gobron,"Akiko Inamura, Jean-Noël Gobron, Nicola Donato"
258424,tt0090340,Wreaths at the Foot of the Mountain,高山下的花环,1984-10-01,1.9606,8.435,23,"[18, 10752]",zh,0,0,146,Shanghai Film Studio,Xie Jin,"Lü Xiaohe, Tang Guoqiang, HeWei, Tong Chao, Gai Ke"
159411,tt0141270,Hyperspace,Hyperspace,1984-09-01,1.9606,5.731,13,"[878, 35]",en,0,0,86,Regency Productions,Todd Durham,"Alan Marx, Paula Poundstone, Chris Elliott, Robert Bloodworth, R.C. Nanney"
5508,tt0087260,Finders Keepers,Finders Keepers,1984-05-18,1.9599,5.456,34,"[35, 12, 80]",en,0,0,96,CBS Theatrical Films,Richard Lester,"Michael O'Keefe, Beverly D'Angelo, Louis Gossett Jr., Pamela Stephenson, Ed Lauter"
37296,tt0087951,Protocol,Protocol,1984-12-21,1.9565,5.5,99,[35],en,12000000,26200000,96,"Warner Bros. Pictures, Hawn / Sylbert Movie Company",Herbert Ross,"Goldie Hawn, Chris Sarandon, Richard Romanus, Andre Gregory, Gail Strickland"
117333,tt0123122,"It's Flashbeagle, Charlie Brown","It's Flashbeagle, Charlie Brown",1984-04-16,1.9556,6.7,24,"[10751, 16, 35, 10770]",en,0,0,25,"Lee Mendelson Film Productions, Bill Melendez Productions, Charles M. Schulz Creative Associates, United Media Productions","Bill Melendez, Sam Jaimes","Brett Johnson, Fergie, Gini Holtzman, Keri Houlihan, Jeremy Schoenberg"
207291,tt0347693,Werewolf Tom,Vilkatis Toms,1984-06-04,1.9553,7.5,2,"[14, 27]",lv,0,0,81,Rīgas kinostudija,Ēriks Lācis,"Gunārs Cilinskis, Olga Dreģe, Uldis Vazdiks, Juris Lejaskalns, Helmuts Kalniņš"
127994,tt0088357,Long Live Life,Viva la vie,1984-04-18,1.9545,6.0,21,"[53, 35, 18, 9648, 878]",fr,0,0,106,"Top n°1, Les Films 13, UGC Films",Claude Lelouch,"Charlotte Rampling, Michel Piccoli, Jean-Louis Trintignant, Évelyne Bouix, Charles Aznavour"
94502,tt0090068,Lorca and the Outlaws,Starship,1984-12-13,1.9523,3.8,15,[878],en,0,0,95,"Associated-Rediffusion Television, VTC, Lorca Film Production",Roger Christian,"John Tarrant, Donogh Rees, Deep Roy, Ralph Cotterill, Hugh Keays-Byrne"
104274,tt0088818,Blastfighter,Blastfighter,1984-07-14,1.9514,5.33,47,"[28, 18, 80]",en,0,0,87,"Les Films Jacques Leitienne, Medusa Produzione, National Cinematografica, Nuova Dania Cinematografica",Lamberto Bava,"Michael Sopkiw, Valentina Forte, George Eastman, Stefano Mingardo, Ottaviano Dell'Acqua"
405342,tt0143780,Office Ladies: Lesbians in Uniforms 3,ＯＬ百合族　19歳,1984-07-27,1.9507,5.9,10,"[18, 10749]",ja,0,0,68,Nikkatsu Corporation,Shusuke Kaneko,"Kaoru Oda, Natsuko Yamamoto, Saeko Kuga, Asako Kurayoshi, Shingo Yamamoto"
47792,tt0088241,Voyage to Cythera,Ταξίδι στα Κύθηρα,1984-04-21,1.9469,7.137,62,[18],el,0,0,139,"ZDF, Greek Film Centre, RAI, Channel 4 Television, ERT",Theo Angelopoulos,"Manos Katrakis, Mairi Hronopoulou, Dionysis Papagiannopoulos, Dora Volanaki, Giulio Brogi"
106563,tt0087212,Ernie Kovacs: Between the Laughter,Ernie Kovacs: Between the Laughter,1984-05-14,1.9457,4.5,2,"[18, 10770]",en,0,0,100,,Lamont Johnson,"Jeff Goldblum, Melody Anderson, Madolyn Smith Osborne, John Glover, Cloris Leachman"
38164,tt0087537,Kaos,Kaos,1984-11-23,1.9452,7.223,65,"[14, 10749, 18]",it,0,0,188,"Filmtre, RAI","Vittorio Taviani, Paolo Taviani","Franco Franchi, Ciccio Ingrassia, Omero Antonutti, Claudio Bigagli, Massimo Bonetti"
154276,tt0088176,The Stone Boy,The Stone Boy,1984-04-04,1.943,6.95,10,[18],en,0,261033,91,"International Productions, Angeles Entertainment Group, Inverness Productions, 20th Century Fox",Christopher Cain,"Jason Presson, Robert Duvall, Glenn Close, Susan Rinell, Dean Cain"
396572,tt0084107,Héctor,Héctor,1984-10-15,1.9409,3.667,3,"[18, 27]",es,0,0,89,CARLOS PÉREZ FERRE P.C.,Carlos Pérez Ferré,"Ovidi Montllor, Juli Mira, Aldo Sambrell, Andrea Albani, Roberto Sansilvestre"
37274,tt0177677,Pastoral Life,Dalalíf,1984-10-04,1.938,7.2,4,[35],is,0,0,83,Nýtt Líf ehf.,Þráinn Bertelsson,"Eggert Þorleifsson, Karl Ágúst Úlfsson, Sigurður Sigurjónsson, Marentza Poulsen, Guðmundur Ingi Kristjánsson"
1359117,tt0087106,Czech Mate,Czech Mate,1984-12-03,1.9359,5.7,3,"[18, 27]",en,0,0,73,Hammer Film Productions,John Hough,"Susan George, Patrick Mower, Richard Heffer, Peter Vaughan, Stefan Gryff"
383993,tt0316906,Romance in Philately,邮缘,1984-04-01,1.9348,9.0,1,"[10749, 18]",zh,0,0,98,Shanghai Film Studio,Sang Hu,"Guo Kaimin, Chen Yanhua, Zhang Min, Wang Suya, Shan Zenghong"
763510,tt0089982,Secret Decree,喋血黑谷,1984-01-01,1.9345,8.0,1,"[18, 10752]",zh,0,0,90,Xiaoxiang Film Studio,"Li Jingmin, Wu Ziniu","Du Yulu, Bao Haiming, Shen Junyi, Jianwen Zhao, Biao Jiang"
181456,tt0086557,Thieves After Dark,Les Voleurs de la nuit,1984-02-27,1.9336,5.3,9,"[53, 10749, 80, 18]",fr,0,0,98,"Parafrance, Sara Films",Samuel Fuller,"Véronique Jannot, Bobby Di Cicco, Victor Lanoux, Stéphane Audran, Camille de Casabianca"
425639,,Flieger,Flieger,1984-02-26,1.9323,0.0,0,[12],de,0,0,0,"DEFA-Studio für Spielfilme, Fernsehen der DDR",Fritz Bornemann,"Bodo Wolf, Constanze Roeder, Holger Franke, Martina Servatius, Wilfried Pucher"
246071,tt0312406,Azura,Azura,1984-12-13,1.9304,6.0,2,"[18, 10402, 10749]",ms,0,0,113,Sabah Film,Deddy M. Borhan,"Jamal Abdillah, Ogy Ahmad Daud, Maria Arshad, M. Rajoli, A. Galak"
180864,tt0263776,The Honest One,Namuslu,1984-08-31,1.9292,7.9,64,"[35, 18]",tr,0,0,93,Uzman Film,Ertem Eğilmez,"Şener Şen, Adile Naşit, Ayşen Gruda, Erdal Özyağcılar, Necati Bilgiç"
167033,tt0087028,Camille,Camille,1984-12-11,1.9288,5.5,19,"[18, 10749]",en,0,0,100,"Hallmark Hall of Fame Productions, Rosemont Productions",Desmond Davis,"Greta Scacchi, Colin Firth, John Gielgud, Billie Whitelaw, Patrick Ryecart"
91767,tt0087386,Harry & Son,Harry & Son,1984-03-02,1.9281,5.882,73,[18],en,0,4864602,117,Orion Pictures,Paul Newman,"Paul Newman, Robby Benson, Ellen Barkin, Wilford Brimley, Judith Ivey"
297662,tt0207607,Mister Roberts,Mister Roberts,1984-03-18,1.9275,7.5,3,"[10770, 35]",en,0,0,100,NBC,Melvin Bernhardt,"Robert Hays, Kevin Bacon, Raye Birk, Charles Durning, Marilu Henner"
284162,tt0280968,My Dear Kuttichathan,മൈ ഡിയർ കുട്ടിച്ചാത്തൻ 3D,1984-08-24,1.9255,7.458,12,"[12, 14]",ml,150000,0,96,Navodaya Studio,Jijo Punnoose,"M.P. Ramnath, Sonia Bose Venkat, Suresh, Arvind, Kottarakkara Sreedharan Nair"
87906,tt0086484,Tuareg: Desert Warrior,Tuareg - Il guerriero del deserto,1984-03-12,1.9229,5.3,9,"[28, 12]",it,0,0,95,"San Francisco Film, Turbo Films, Aspa",Enzo G. Castellari,"Mark Harmon, Ritza Brown, Luis Prendes, Paolo Malco, Aldo Sambrell"
46500,tt0088379,The Warrior and the Sorceress,The Warrior and the Sorceress,1984-09-07,1.9225,4.4,57,"[12, 14]",en,0,0,81,"Aries Cinematográfica Argentina, New Horizons Picture",John C. Broderick,"David Carradine, Luke Askew, María Socas, Anthony De Longis, Harry Townes"
1577113,,Paixão XX,Paixão XX,1984-01-01,1.9223,0.0,0,[10749],pt,0,0,0,,Anna Muylaert,"Marcelo Durst, Marisa Orth, Ana Luísa Muylaert, Dinah Muylaert, Fernando Carvalhosa"
341052,tt0852532,The Attack,Der Anschlag,1984-02-20,1.9181,0.0,0,[35],de,0,0,9,"Pia Frankenberg Filmproduktion, Hamburg",Pia Frankenberg,"Klaus Bueb, Pia Frankenberg"
81419,tt0087489,It Came Upon the Midnight Clear,It Came Upon the Midnight Clear,1984-12-15,1.91,5.9,8,"[10770, 18, 14]",en,0,0,96,"Columbia TriStar Television, Schenck/Cardea Productions",Peter H. Hunt,"Mickey Rooney, Scott Grimes, Barrie Youngfellow, George Gaynes, Gary Bayer"
28867,tt0088392,What Waits Below,What Waits Below,1984-11-19,1.9068,4.391,23,"[27, 12, 878]",en,0,0,88,Adams Apple Film Company,Don Sharp,"Robert Powell, Timothy Bottoms, Lisa Blount, Anne Heywood, Richard Johnson"
358029,tt0088373,Walls,Walls,1984-01-01,1.9066,10.0,1,[18],en,0,0,100,,Tom Shandel,"Lloyd Berry, Anthony Holland, Elizabeth Leigh-Milne, Perry Long, John Lord"
599449,tt6578908,Berduşlar Sosyetede,Berduşlar Sosyetede,1984-05-15,1.9065,0.0,0,[35],tr,0,0,65,,Yücel Uçanoğlu,"Oya Aydoğan, Yunus Bülbül, Gülten Ceylan, Oktar Durukan, Filiz Ersürer"
80965,tt0086978,Blind Date,Blind Date,1984-03-15,1.9065,4.3,32,"[27, 53]",en,0,0,106,"Omega Entertainment, Wescom Productions, New Line Cinema",Nico Mastorakis,"Joseph Bottoms, Kirstie Alley, James Daughton, Lana Clarkson, Keir Dullea"
106120,tt0087055,Christina,Christina y la reconversión sexual,1984-09-01,1.9036,4.4,29,"[18, 80]",es,0,0,92,"Leeds Film Accounting Services, LTD.",Francisco Lara Polop,"Jewel Shepard, Ian Sera, Enrique Johson, Emilio Linder, Tony Isbert"
125745,tt0088734,Arch of Triumph,Arch of Triumph,1984-12-19,1.9027,5.2,11,"[18, 10749, 10770]",en,0,0,93,"Newland/Raynor Productions Inc., Callendar Company, HTV",Waris Hussein,"Anthony Hopkins, Lesley-Anne Down, Donald Pleasence, Frank Finlay, Richard Pasco"
850751,tt1204193,Ancient Lives,Ancient Lives,1984-01-01,1.8995,0.0,0,[99],en,0,0,205,,John Romer,John Romer
1100489,tt0255777,Abhilasha,ଅଭିଳାଷ,1984-01-27,1.8981,9.0,1,[18],or,0,0,159,"Shanti Films, Shakti Films",Sadhu Meher,"Uttam Mohanty, Aparajita Mohanty, Byomakesh Tripathy, Sujata Anand, Jaya Swami"
344916,tt0230764,Chance,Шанс,1984-06-26,1.8981,5.4,10,"[12, 878, 35]",ru,0,0,85,Mosfilm,Aleksandr Mayorov,"Sergei Plotnikov, Ihor Shkuryn, Mariya Kapnist, Dilorom Kambarova, Raisa Kurkina"
271000,tt0086285,The Settlement,The Settlement,1984-07-19,1.895,8.0,1,[18],en,0,0,91,"Queensland Film Corporation, Robert Bruning Productions",Howard Rubie,"Bill Kerr, John Jarratt, Lorna Lesley, Tony Barry, Katy Wild"
74401,tt0088462,Kill the Referee,À mort l'arbitre !,1984-02-22,1.8949,5.548,52,"[53, 18, 35]",fr,0,0,82,"R.T.Z. Production, TF1 Films Production, Lira Eléphant",Jean-Pierre Mocky,"Michel Serrault, Carole Laure, Eddy Mitchell, Laurent Malet, Claude Brosset"
1568546,tt0275573,Onde Raktha,Onde Raktha,1984-06-01,1.8943,10.0,1,"[28, 18]",kn,0,0,148,Ragamalika Combines,Sreekumaran Thampi,"Ambareesh, Ambika, Sundar Krishna Urs, Mukhyamantri Chandru, Pandari Bai"
78898,tt0309925,Nooravathu Naal,நூறாவது நாள்,1984-03-23,1.8922,6.5,2,"[80, 53]",ta,0,0,135,Thirupathisamy Pictures,Manivannan,"Mohan, Vijayakanth, Nalini, Sathyaraj, Janagaraj"
337707,tt0085371,Covergirl,Covergirl,1984-01-13,1.8849,4.5,8,"[18, 10749]",en,0,0,93,"Canadian Film Development Corporation, Famous Players, Filmplan International II",Jean-Claude Lord,"Jeff Conaway, Irena Ferris, Cathie Shirriff, Roberta Leighton, Deborah Wakeham"
47894,tt0088249,Terror in the Aisles,Terror in the Aisles,1984-10-26,1.8844,6.151,43,"[27, 99]",en,0,8316206,84,"T.E.M. Programs International, Kaleidoscope Films, TEC, Universal Pictures",Andrew J. Kuehn,"Donald Pleasence, Nancy Allen, Fred Asparagus, Lainie Cook, Joel S. Rice"
736666,tt7441680,The Quiet Little Li River,默默的小理河,1984-03-02,1.8841,5.0,1,[18],zh,0,0,86,Xi'an Film Studio,Zien Zhang,"Chen Baoguo, Ding Weimin, Jia Liu, Yang Lili"
33138,tt0088275,The Times of Harvey Milk,The Times of Harvey Milk,1984-10-07,1.8806,7.304,125,[99],en,0,0,90,"UCLA School of Film and Television, Black Sand Productions, pacific arts",Rob Epstein,"Harvey Milk, Harvey Fierstein, Anne Kronenberg, Tory Hartmann, Tom Ammiano"
912089,tt0275314,A Doutora é Boa Pacas,A Doutora é Boa Pacas,1984-06-04,1.8751,7.0,1,[35],pt,0,0,0,,"Tony Rabatoni, Pio Zamuner","Marli Mendes, Renato Bruno, Wanda Kosmo, Sérgio Hingst, Heitor Gaiotti"
334211,,Provisional Title,عنوان مؤقت,1984-01-02,1.8743,0.0,0,[],ar,0,0,101,,Mostafa Derkaoui,"Farid Belkahia, Touria Jabrane, Larbi Batma, Omar Sayed, Aziz Saâdallah"
358101,tt0088349,Victims for Victims: The Theresa Saldana Story,Victims for Victims: The Theresa Saldana Story,1984-11-12,1.8726,6.714,7,"[18, 10770]",en,0,0,96,Orion Television,Karen Arthur,"Theresa Saldana, Adrian Zmed, Lelia Goldoni, Lawrence Pressman, Mariclare Costello"
1720405,,Casa Propia,Casa Propia,1984-04-26,1.8721,0.0,0,[99],es,0,0,6,,"Pedro Neira, Christine Trautmann",
393240,,Ned Whethered,Ned Whethered,1984-08-01,1.8707,10.0,1,[],en,0,0,11,,Lee Whitmore,
148735,tt0253499,The Postman,Postacı,1984-04-01,1.8705,7.094,64,[35],tr,0,0,86,Uğur Film,Memduh Ün,"Kemal Sunal, Fatma Girik, Erdal Özyağcılar, Gülümser Gülhan, İhsan Yüce"
34748,tt0087337,Give My Regards to Broad Street,Give My Regards to Broad Street,1984-11-28,1.8705,5.1,24,"[18, 10402, 9648]",en,0,0,109,MPL Communications,Peter Webb,"Paul McCartney, Bryan Brown, Ringo Starr, Barbara Bach, Linda McCartney"
304342,tt2779638,Poster,Poster,1984-01-01,1.8687,0.0,0,[18],hi,0,0,0,,,"Vasant Josalkar, Sanjeev Mehra, Zarina Wahab"
678981,,Bangkok-Bahrain,Bangkok-Bahrain,1984-01-01,1.8684,0.0,0,[99],en,0,0,78,"A.G. Productions, TF1, Channel 4 Television, IKONdocs",Amos Gitai,
163421,tt0088027,On the Line,On the Line,1984-11-07,1.8675,4.8,10,[18],en,0,0,101,,José Luis Borau,"David Carradine, Scott Wilson, Victoria Abril, Jeff Delger, Sam Jaffe"
420910,tt0087209,Entre hermanos,Entre hermanos,1984-01-01,1.8674,6.5,2,[18],es,0,0,0,"Publifilms-MA, Exclusivas Molpeceres, Alba Films P.C.",Manuel Iglesias,"Yolanda Maure, Agustín Bravo, Ismael Merlo, Tomás Gayo, Charo Soriano"
230930,tt0147099,Noites do Sertão,Noites do Sertão,1984-08-26,1.8663,4.5,6,[18],pt,0,0,100,"Cinematográfica Montesclarense, Grupo Novo de Cinema e TV, Embrafilme",Carlos Alberto Prates Correia,"Cristina Aché, Débora Bloch, Carlos Kroeber, Tony Ramos, Sura Berditchevsky"
81787,tt0087310,The Future Is Woman,Il futuro è donna,1984-09-05,1.8637,5.522,23,[18],it,0,0,99,"Faso Film, Ascot Film, UGC Films",Marco Ferreri,"Ornella Muti, Hanna Schygulla, Niels Arestrup, Maurizio Donadoni, Isabella Biagini"
63360,tt0087472,The Initiation,The Initiation,1984-12-07,1.863,5.487,114,"[27, 9648, 53]",en,0,0,93,"Jock Gaynor Productions, Initiation Associates, Bruce Lansbury Productions",Larry Stewart,"Vera Miles, Clu Gulager, Daphne Zuniga, James Read, Marilyn Kagan"
420652,tt0877723,Stolen Happiness,Украдене щастя,1984-09-17,1.8597,2.0,2,"[18, 10770]",uk,0,0,130,Ukrtelefilm,Yurii Tkachenko,"Gregory Hlady, Nelė Savičenko, Bohdan Stupka, Tamara Yatsenko, Mykola Hudz"
82848,tt0087450,And Then Came Bumbo...,И вот пришёл Бумбо...,1984-12-06,1.858,6.5,4,"[18, 10751]",ru,0,0,78,Lenfilm,Nadezhda Kosheverova,"Oleg Basilashvili, Valeriy Zolotukhin, Tatyana Pelttser, Svetlana Nemolyaeva, Zinoviy Gerdt"
855055,tt16731472,Elizabeth Maconchy,Elizabeth Maconchy,1984-01-01,1.8575,0.0,0,"[99, 10402]",en,0,0,48,"Arbor International, Arts Council of Great Britain",Margaret Williams,"Elizabeth Maconchy, Richard Rodney Bennett, Anne Macnaghten, Nicola LeFanu, David Lumsdaine"
159630,tt0087417,Holi,Holi,1984-08-15,1.8567,6.4,5,[18],hi,0,0,120,,Ketan Mehta,"Aamir Khan, Naseeruddin Shah, Om Puri, Ashutosh Gowariker, Shreeram Lagoo"
760519,,Cinématon XXXVIII,Cinématon XXXVIII,1984-10-20,1.8557,7.0,1,[],fr,0,0,30,Les Amis de Cinématon,Gérard Courant,"Mark Hunyadi, Arielle Meyer, Jean Perret, Rachel Cohen, Daniel Léger"
963652,,The Ball,La boule,1984-05-23,1.8542,7.0,1,[16],fr,0,0,8,Les Films du Soleil,Alain Ughetto,
223114,tt0087448,I Married a Centerfold,I Married a Centerfold,1984-09-21,1.8504,5.083,6,[35],en,0,0,100,"Moonlight Productions, NBC, ITC Entertainment",Peter Werner,"Teri Copley, Tim Daly, Diane Ladd, Todd Susman, Robert Hanley"
255564,tt0087371,The Guardian,The Guardian,1984-10-20,1.8476,5.5,6,"[18, 53]",en,0,0,105,"Stanley Chase Productions, HBO",David Greene,"Martin Sheen, Louis Gossett Jr., Arthur Hill, Tandy Cronyn, Simon Reynolds"
75597,tt0087525,Just the Way You Are,Just the Way You Are,1984-11-16,1.8458,5.955,22,"[35, 18]",en,0,7889271,94,"Metro-Goldwyn-Mayer, United Artists",Édouard Molinaro,"Kristy McNichol, Michael Ontkean, Kaki Hunter, André Dussollier, Catherine Salviat"
682113,tt1293623,Rothenthurm,Rothenthurm,1984-09-14,1.8449,0.0,0,[99],de,0,0,48,"Filmkollektiv Innerschweiz, Calypso Film AG, Filmkollektiv Zürich AG",Edwin Beeler,
1257156,tt3893306,Sylvia,Sylvia,1984-06-01,1.8437,0.0,0,[99],de,0,0,0,,Ernst Cantzler,
1417626,tt0087532,Kamyabi,Kamyabi,1984-06-30,1.8428,7.0,1,"[10751, 18, 10402]",ur,0,0,144,"Film Ventures, Shah Films",Pervez Malik,"Nadeem, Talat Hussain, Nanha, Master Khurram, Sabiha Khanum"
426960,tt0394544,Snow White and the Seven Dwarfs,Snow White and the Seven Dwarfs,1984-07-16,1.8402,6.4,5,"[14, 10749, 10770]",en,0,0,54,"Platypus Productions, Gaylord Productions",Peter Medak,"Elizabeth McGovern, Vanessa Redgrave, Rex Smith, Michael Preston, Vincent Price"
1165776,,Crash Editing,Crash Editing,1984-01-01,1.835,0.0,0,[99],it,0,0,3,Blood Video,"Mimmo Calopresti, Tina Castrovilli, Alfredo Rotella, Pier Milanese, Claudio Paletto",
42102,tt0088318,A Sunday in the Country,Un dimanche à la campagne,1984-04-11,1.8347,6.892,106,"[18, 10751]",fr,0,8200000,94,"Little Bear, Films A2, Sara Films",Bertrand Tavernier,"Sabine Azéma, Louis Ducreux, Michel Aumont, Monique Chaumette, Geneviève Mnich"
1547935,,El Centerfielder,El Centerfielder,1984-01-01,1.8339,0.0,0,[],en,0,0,18,INCINE,Ramiro Lacayo-Deshon,
5660,tt0091587,Mystery Mansion,Mystery Mansion,1984-07-02,1.8312,7.5,2,"[12, 53]",en,0,0,95,,David Jackson,"Dal McKennon, Barry Hostetler, Christopher Wynne, Randi Brown, Riley Novak"
1128304,tt1547648,Waterbag,Waterbag,1984-12-12,1.8053,0.0,0,[18],en,0,0,7,,Joe Comerford,"Brian Bourke, Therese Lawlor, Paddy O'Neill"
9063,tt0087280,The Element of Crime,Forbrydelsens element,1984-05-14,1.8276,6.373,236,"[80, 18, 878]",da,0,0,104,"Det Danske Filminstitut, Per Holst Filmproduktion, Asta Film",Lars von Trier,"Michael Elphick, Esmond Knight, Me Me Lai, Jerold Wells, Ahmed El Shenawi"
1584562,tt0214056,Rhiannon,Rijanon,1984-01-01,1.8273,8.0,1,"[10770, 18]",sh,0,0,48,Radiotelevizija Beograd,Slobodan D. Pešić,"Dušica Žegarac, Dragan Maksimović, Stojan Dečermić, Stela Ćetković, Nebojša Bakočević"
684163,tt0167732,Black Sequence,Série noire,1984-01-28,1.8269,4.0,3,"[80, 35, 18]",fr,0,0,0,,,"Gil Demurger, Jean-Paul Muel, Jacques Pater, Élisabeth Bourgine"
254064,tt0088280,To Catch a King,To Catch a King,1984-01-20,1.826,7.0,2,"[53, 10770]",en,0,0,115,,Clive Donner,"Robert Wagner, Teri Garr, Horst Janson, John Standing, Barbara Parkins"
80487,tt3606496,Ninjas and Dragons,忍者潛龍,1984-01-01,1.8244,0.0,0,"[35, 28, 9648]",zh,0,0,84,,Ding Cheuk-Lun,"Takagi Junya, Dong Li, Ha Ching, Chu Ahlin, Sun Kenfa"
336536,tt0088351,Lives,Vidas,1984-10-11,1.8235,8.0,1,[18],en,0,0,102,,António da Cunha Telles,"Pedro Lopes, Júlia Correia, Maria Cabral, Carlos Cruz, Helder Costa"
280061,tt0314521,Poovilangu,பூவிலங்கு,1984-03-23,1.8223,8.0,1,"[10749, 18]",ta,0,0,145,Kavithalayaa Productions,Amirjan,"Murali, Kuyili, Poovilangu Mohan, Charle, Senthamarai"
986882,tt2927794,Kariye,Kariye,1984-01-01,1.8218,0.0,0,[99],tr,0,0,27,,Suha Arın,Süreyya Arın
629757,tt0151040,The Impossible Love,Imposibila iubire,1984-03-12,1.8208,7.417,6,[18],ro,0,0,169,Casa de Filme 1,Constantin Vaeni,"Şerban Ionescu, Amza Pellea, Tora Vasilescu, Irina Petrescu, Gheorghe Cozorici"
490830,tt0087834,The Pigs vs. The Freaks,The Pigs vs. The Freaks,1984-07-06,1.8176,4.5,2,"[35, 18, 10770]",en,0,0,120,Ten-Four Productions,Dick Lowry,"Eugene Roche, Grant Goodeve, Adam Baldwin, Penny Peyser, Brian Dennehy"
83492,tt0199120,Success,Успех,1984-06-06,1.8176,5.4,10,[18],ru,0,0,93,Mosfilm,Konstantin Khudyakov,"Leonid Filatov, Aleksandr Zbruev, Lev Durov, Anatoliy Romashin, Ludmila Savelyeva"
52528,tt0086981,Bloodbath at the House of Death,Bloodbath at the House of Death,1984-03-29,1.8154,5.318,96,"[35, 27]",en,2541891,0,91,Wildwood Productions,Ray Cameron,"Kenny Everett, Pamela Stephenson, Vincent Price, Gareth Hunt, Don Warrington"
1643951,tt1265049,White Widows,Bele udovice,1984-10-29,1.815,0.0,0,"[10770, 18]",sh,0,0,65,Radio Televizija Novi Sad,Đorđe Deđanski,"Aleksandra Simić, Dara Džokić, Gordana Kamenarović, Mirjana Karanović, Aleksandra Nikolić"
138595,tt0087068,Code Name: Wild Geese,Code Name: Wild Geese,1984-10-05,1.8116,5.3,29,"[28, 10752, 53]",it,0,600000,101,"Ascot Film, Gico Cinematografica S.r.L.",Antonio Margheriti,"Lewis Collins, Klaus Kinski, Lee Van Cleef, Ernest Borgnine, Manfred Lehmann"
468265,tt0087061,The City Girl,The City Girl,1984-02-17,1.8107,8.0,3,[18],en,0,0,85,Moon Pictures,Martha Coolidge,"Laura Harrington, Joe Mastroianni, Carole McGill, Peter Riegert, James Carrington"
330784,tt0091231,Flaming Borders,الحدود الملتهبة,1984-09-13,1.8092,9.0,1,"[18, 10752]",ar,0,0,85,دائرة السينما والمسرح,Sahib Haddad,"Tou'ma Al-Tamimy, Qasim Al-Malakh, Hind Kamil, Miqdad Abdulreda, Nizar Al-Samarayi"
618527,tt0438833,Elite Devassa,Elite Devassa,1984-10-29,1.808,4.4,5,[18],pt,0,0,90,"Aurora Duarte Produções Cinematográficas, Cinearte Produções Cinematográficas",Luiz Castellini,"Thales Pan Chacon, Selma Egrei, Edson França, Patrícia Scalvi, Ênio Gonçalves"
1764539,,Госпожа министерша,Госпожа министерша,1984-07-08,1.8074,0.0,0,"[35, 10402]",ru,0,0,0,Leningrad Television,Татьяна Андреева,"Olga Antonova, Elena Antonova, Vadim Gushchin, Sergey Migitsko, Olga Volkova"
85723,tt0319894,Between the Knees,무릎과 무릎 사이,1984-09-30,1.8056,5.429,7,[18],ko,0,0,97,Taehung Pictures,Lee Jang-ho,"Lee Bo-hee, Ahn Sung-ki, Lee Hye-young, Yim Sung-min, Na Han-il"
56141,tt0088155,Sotto Sotto,Sotto... sotto... strapazzato da anomala passione,1984-03-01,1.8048,3.9,5,[35],it,0,0,105,Intercapital,Lina Wertmüller,"Enrico Montesano, Veronica Lario, Luisa De Santis, Mario Scarpetta, Massimo Wertmüller"
1216791,,Carmen,Carmen,1984-01-01,1.8018,0.0,0,[],en,0,0,9,,"Véro Goyo, Jérôme Lefdup",
1100503,tt1422610,Basanta Rasa,ବସନ୍ତ ରାସ,1984-08-10,1.8005,0.0,0,"[14, 10402]",or,0,0,220,Banshi Bilas Films,"Guru Das, Banshidhar Panda","Sanghamitra, Bithika, Aparna, Lisa, Leena Mohanty"
40600,tt0089304,Hot Moves,Hot Moves,1984-10-04,1.8005,4.71,31,[35],en,0,0,85,Spectrum Cinema Productions,Jim Sotos,"Michael Zorek, Adam Silbar, Jill Schoelen, Deborah Richter, Johnny Timko"
46088,tt0087144,Dangerous Moves,La Diagonale du fou,1984-04-15,1.7971,5.9,45,"[18, 53]",fr,0,0,100,"Ministère de la culture, Michael Arthur Films, La Cécilia",Richard Dembo,"Michel Piccoli, Alexandre Arbat, Liv Ullmann, Leslie Caron, Wojciech Pszoniak"
965831,tt5665494,Tragarz puchu,Tragarz puchu,1984-04-19,1.7966,0.0,1,"[18, 10770]",pl,0,0,86,Centralna Wytwórnia Programów i Filmów Telewizyjnych Poltel,Stefan Szlachtycz,"Elżbieta Kijowska, Krzysztof Gosztyła, Ewa Sałacka"
1745572,,Qomolangma,Qomolangma,1984-01-01,1.7945,0.0,0,"[99, 12]",en,0,0,30,Yannick Seigneur,"Jean Afanassieff, Bernard Prud'Homme","Yannick Seigneur, Jean Afanassieff, Patrick Barthe, Louis-Paul Chantelat, Eric Escoffier"
204154,tt0084710,The Mirror,Ayna,1984-01-02,1.7942,5.4,11,"[18, 10749]",tr,0,0,88,,Erden Kıral,"Nur Sürer, Suavi Eren, Hikmet Çelik, Nikos Skiadas, Vasilis Tsaglos"
566500,tt0297044,La cassure,La cassure,1984-02-29,1.793,6.0,2,"[18, 53]",fr,0,0,88,Aquarius Productions,Ramón Muñoz,"Jean-Pierre Léaud, Christian Alers, Danièle Maïkov, Annie Zalc, Dominique Economidès"
110643,tt0087688,Mass Appeal,Mass Appeal,1984-12-14,1.793,5.885,13,"[35, 18]",en,0,0,99,"David Foster Productions, Jalem Productions, Operation Cork, The Turman-Foster Company, Universal Pictures",Glenn Jordan,"Jack Lemmon, Željko Ivanek, Charles Durning, Louise Latham, Alice Hirson"
198475,tt0086943,This Is My Country,Bayan Ko: Kapit sa Patalim,1984-12-19,1.7926,7.1,15,"[80, 18]",tl,0,0,108,"Stéphan Films, Malaya Films",Lino Brocka,"Phillip Salvador, Gina Alajar, Venchito Galvez, Ariosto Reyes Jr., Bey Vito"
1552576,,Grafite,Grafite,1984-01-01,1.7894,0.0,0,[18],pt,0,0,0,,Antônio Carlos Textor,"Roberto Silva, Maria Bernardette Ferriello"
796632,tt0428735,Kriminal,Kriminal,1984-10-10,1.7888,10.0,1,[28],en,0,0,90,,Efren C. Piñon,"Rudy Fernandez, Stella Strada, Eddie Garcia"
21193,tt0087034,Carmen,Carmen,1984-03-14,1.7873,6.886,35,"[10402, 18]",fr,0,0,152,"Opera Film Produzione, Productions Marcel Dassault, Gaumont",Francesco Rosi,"Julia Migenes, Plácido Domingo, Ruggero Raimondi, Faith Esham, Lillian Watson"
1692184,tt11487694,Juliana 75!,Juliana 75!,1984-04-28,1.7862,0.0,0,"[10770, 99]",nl,0,0,0,TROS,,"Mies Bouwman, Queen Juliana of the Netherlands, Prince Bernhard of the Netherlands, Vera Lynn"
303434,,Talak,Talak,1984-01-01,1.7839,0.0,0,[35],en,0,0,79,,Omar Rojik,"Dharma Harun, Noreen Noor, Hamid Gurkha, Yahya Sulong, A.R Ayappan"
611563,tt0265499,Skydrivers,Парашютисты,1984-12-01,1.7804,9.0,1,[18],ru,0,0,92,,Yuri Ivanchuk,"Aleksandra Yakovleva, Boris Nevzorov, Vladlen Biryukov, Stepan Starchikov, Valeri Ryzhakov"
529042,tt8548930,Faz Mal 2: Super-Tição,Faz Mal 2: Super-Tição,1984-01-01,1.7797,0.0,0,[16],pt,0,0,7,"Cine Lider Laboratories, Pan Studion, Stilpen Produções, Verbo",Stil,Pietro Mário
328218,tt0087808,No Man's Land,No Man's Land,1984-05-27,1.7788,6.5,2,"[10770, 37]",en,0,0,120,Warner Bros. Television,Rod Holcomb,"Stella Stevens, Donna Dixon, Estelle Getty, Janis Paige, Robert Webber"
586298,tt0216972,Piaf,Piaf,1984-06-10,1.7781,4.5,2,"[36, 18, 10770]",en,0,0,115,CBS Productions,Gary Halvorson,"Jane Lapotaire, Zoë Wanamaker, Jean Smart, Judith Ivey, Peter Friedman"
1761142,tt0252557,Jacques the Fatalist and His Master,Jacques le fataliste et son maître,1984-12-19,1.7778,10.0,1,[18],en,0,0,129,Antenne 2,Claude Santelli,"Patrick Chesnais, Guy Tréjean, François Périer, Henri Virlogeux, Catherine Frot"
77361,tt0089002,Death Warmed Up,Death Warmed Up,1984-11-22,1.7757,4.5,37,"[27, 878]",en,0,0,80,"Tucker Production Company, New Zealand Film Commission",David Blyth,"Michael Hurst, Margaret Umbers, William Upjohn, Norelle Scott, Gary Day"
47638,tt0088006,The River Rat,The River Rat,1984-09-28,1.7755,6.14,25,"[12, 80, 10751, 18]",en,0,1142944,94,"Cinema Group Ventures, Paramount Pictures, Sundance Institute",Thomas Rickman,"Tommy Lee Jones, Martha Plimpton, Brian Dennehy, Shawn Smith, Nancy Lea Owen"
1550263,,Sidilu,Sidilu,1984-04-19,1.7745,0.0,0,"[28, 18]",kn,0,0,140,Maheeja Films,B Subba Rao,"Ambareesh, Geetha, Srinath, Kalyan Kumar, Dinesh"
811122,tt5715214,Die Millionärin,Die Millionärin,1984-12-01,1.7741,0.0,0,[35],de,0,0,0,WDR,Trude Herr,"Trude Herr, Hans Fischer, Peter René Körner, Ursula Mörger, Rosemarie Voerckel"
27811,tt0088355,Vigil,Vigil,1984-10-01,1.7726,6.483,29,[18],en,0,0,90,,Vincent Ward,"Penelope Stewart, Frank Whitten, Bill Kerr, Fiona Kay, Gordon Shields"
211923,tt0088004,"Rive droite, rive gauche","Rive droite, rive gauche",1984-10-30,1.7707,5.674,46,[18],fr,0,0,99,"Hachette Première, Fox-Hachette",Philippe Labro,"Gérard Depardieu, Nathalie Baye, Carole Bouquet, Bernard Fresson, Jacques Weber"
63092,tt0087160,The Dollmaker,The Dollmaker,1984-05-13,1.77,7.667,15,"[18, 10770]",en,0,0,142,,Daniel Petrie,"Jane Fonda, Levon Helm, Amanda Plummer, Susan Kingsley, Ann Hearn"
28820,tt0088100,Monster Shark,Shark - Rosso nell'oceano,1984-09-07,1.7689,3.3,77,"[28, 27, 53]",it,0,0,94,"Les Films du Griffon, National Cinematografica, Nuova Dania Cinematografica, Filmes International",Lamberto Bava,"Michael Sopkiw, Valentine Monnier, Gianni Garko, William Berger, Iris Peynado"
46091,tt0086477,The Three Veterans,Tři veteráni,1984-07-01,1.7665,7.775,40,"[10751, 14, 35]",cs,0,0,93,Filmové studio Barrandov,Oldřich Lipský,"Rudolf Hrušínský, Petr Čepek, Josef Somr, Vida Neuwirthová, Július Satinský"
212006,tt0088427,Yellow Hair and the Fortress of Gold,Yellow Hair and the Pecos Kid,1984-11-01,1.766,3.667,3,"[37, 12, 35]",en,0,0,101,"STAC, CineStar Productions, Crown International Pictures",Matt Cimber,"Laurene Landon, Ken Roberson, Jahangir Ghaffari, Luis Lorenzo, Claudia Gravy"
563494,tt0288069,Tattoo,刺青,1984-12-22,1.7653,4.3,3,[18],ja,0,0,77,Nikkatsu Corporation,Chūsei Sone,"Sakiko Ito, Kazumi Sawada, Ryô Kinomoto, Kazumasa Negishi, Shigeki Ishii"
400101,tt0231627,G.I. Joe: The Revenge of Cobra,G.I. Joe: The Revenge of Cobra,1984-09-10,1.764,8.091,12,"[16, 28, 12]",en,0,0,100,Sunbow Productions,Dan Thompson,"Frank Welker, Michael Bell, Neil Ross, Mary McDonald-Lewis, Gregg Berger"
951752,tt5595248,My People,Obamyň adamlary,1984-04-18,1.7629,0.0,0,[18],tk,0,0,0,Turkmenfilm,Khodzha Durdy Narliyev,"Kerim Annanov, Maya Satymova, Artyk Dzhallyyev, Geldy Sedzhiyev, Nurberdy Allaberdyyev"
200266,tt0087641,Louisiana,Louisiane,1984-01-25,1.7627,4.7,5,"[18, 36, 10749]",fr,0,0,186,"Antenne 2, RAI, Filmax, Cine-Louisiana, Films A2, International Cinema Corporation (ICC)",Philippe de Broca,"Margot Kidder, Ian Charleson, Andréa Ferréol, Lloyd Bochner, Victor Lanoux"
266512,tt0087442,The Chieftain,Høvdingen,1984-02-01,1.7624,3.667,3,[18],no,0,0,120,,Terje Kristiansen,"Terje Kristiansen, Vibeke Løkkeberg, Klaus Hagerup, Sverre Anker Ousdal, Vibeke Falk"
344843,tt3095920,Sirens,Sirenen,1984-07-26,1.7616,4.8,4,[16],de,0,0,4,DEFA-Studio für Trickfilme,Klaus Georgi,
172814,tt0258096,Der Rosenkavalier,Der Rosenkavalier,1984-08-02,1.761,10.0,1,[10402],de,0,0,0,"Telemondial, Salzburger Festspiele, Großes Festspielhaus, Sony Music Entertainment","Herbert von Karajan, Hugo Käch","Herbert von Karajan, Anna Tomowa-Sintow, Kurt Moll, Agnes Baltsa, Gottfried Hornik"
250064,tt2354049,Go Tell It on the Mountain,Go Tell It on the Mountain,1984-08-31,1.7607,6.3,9,"[18, 10770]",en,0,0,96,"Learning in Focus, American Playhouse",Stan Lathan,"Paul Winfield, James Bond III, Olivia Cole, Rodrick F. Wimberly, Rosalind Cash"
278053,tt3449518,Melati Putih,Melati Putih,1984-01-01,1.7598,0.0,0,[18],ms,0,0,94,,M. Raj,"Shaffie Mohamed, Tantiana Hamzah, Baha Arshad, Rokiah Shafie, Yusof Haslam"
911967,tt0340440,508 Yi an,508疑案,1984-01-01,1.7592,6.5,2,[80],zh,0,0,87,广西电影制片厂,Wu Tianren,"Ma Guanying, Gao Bo, Yang Baolong, Liu Jian, Ma Ning"
48299,tt0199153,New Tales of the Flying Fox,新飛狐外傳,1984-04-07,1.759,7.9,7,[28],cn,0,0,89,Shaw Brothers,Lau Sze-Yu,"Alex Man Chi-Leung, Kara Wai Ying-Hung, Felix Wong Yat-Wah, Tai Liang-Chun, Eddie Koo Koon Chung"
766817,tt1499286,Oko proroka,Oko proroka,1984-01-09,1.7567,0.0,0,[],pl,0,0,0,,Paweł Komorowski,"Edward Linde-Lubaszenko, Elżbieta Karkoszka, Lubomir Cwetkow, Zbigniew Borek, Wiesław Gołas"
249415,tt0086247,Sayonara Jupiter,さよならジュピター,1984-03-17,1.7541,5.5,10,"[878, 53, 18]",ja,0,0,129,"Toho Pictures, IO Corp., Toho Eizo Bijutsu, Tokyo Laboratory, Far East Laboratory","Koji Hashimoto, Sakyo Komatsu","Tomokazu Miura, Diane Dangely, Miyuki Ono, Rachel Huggett, Paul Tagawa"
275599,tt0186390,Ninja Busters,Ninja Busters,1984-11-09,1.7538,6.5,5,"[35, 28]",en,0,0,90,Garagehouse Pictures,Paul Kyriazi,"Sid Campbell, Eric Lee, Nancy Lee, Gerald Okamura, Carlos Navarro"
28771,tt0088108,The Masks of Death,The Masks of Death,1984-12-23,1.7523,5.429,14,"[10770, 9648, 80, 53]",en,0,0,78,Tyburn Film Productions Limited,Roy Ward Baker,"Peter Cushing, John Mills, Anne Baxter, Ray Milland, Anton Diffring"
258878,tt0201534,Caribbean Connection,Conexión Caribe,1984-01-05,1.752,10.0,1,"[10402, 18, 9648]",es,0,0,89,"Producciones Trucco, Inc.",Orestes Trucco,"Chayanne, Rey Diaz, Julio Aldama Jr., Ricardo Bauleo, Alex Rodriguez"
1211695,tt0323384,The Unfortunate Kafina,Nesrećna Kafina,1984-01-01,1.7517,8.0,1,"[10770, 10402]",sh,0,0,45,Radiotelevizija Beograd,Ljubomir Draškić 'Duci',"Vlastimir 'Đuza' Stojiljković, Tanja Bošković, Dragan Laković, Ljubiša Bačić"
39978,tt0087520,The Twin,Le Jumeau,1984-10-10,1.7508,6.077,71,[35],fr,0,0,104,"Les Productions de la Guéville, Fideline Films",Yves Robert,"Pierre Richard, Camilla More, Carey More, Jean-Pierre Kalfon, Andréa Ferréol"
132338,tt0088031,Saaransh,Saaransh,1984-05-25,1.7506,6.75,16,[18],hi,0,0,137,Rajshri Productions,Mahesh Bhatt,"Anupam Kher, Rohini Hattangadi, Soni Razdan, Madan Jain, Suhas Bhalekar"
1419619,,Shackled,Yang Terbelenggu,1984-10-15,1.7505,0.0,0,[18],id,0,0,90,PT Inem Film,Nico Pelamonia,"Johan Saimima, Yenny Farida, Nina Anwar, Jeffry Sani, Erna Santoso"
303910,tt0319786,Magudi,மகுடி,1984-01-01,1.7499,7.0,1,[],ta,0,0,127,,Chakki,"Mohan, Nalini, Nagesh"
87909,tt0087550,Kidco,Kidco,1984-04-13,1.7495,6.6,18,"[35, 18]",en,0,0,105,20th Century Fox,Ronald F. Maxwell,"Scott Schwartz, Clifton James, Charles Hallahan, Margaret Blye, Basil Hoffman"
850323,tt6498868,Rouge Capucine,Rouge Capucine,1984-10-24,1.7484,6.0,1,"[18, 10770]",fr,0,0,59,TSR,Michel Soutter,"Capucine, Heinz Bennent, Fabienne Barraud, Mercédès Brawand, Corinne Coderey"
238697,tt0332433,Tentação na Cama,Tentação na Cama,1984-01-01,1.7482,6.143,14,[],pt,0,0,80,,Ody Fraga,"David Cardoso, Alvamar Taddei, Marli Mendes, Simone Magalhães, Roque Rodrigues"
488837,tt0575508,The Boy Who Left Home to Find Out About the Shivers,The Boy Who Left Home to Find Out About the Shivers,1984-09-17,1.7466,6.5,4,"[27, 14, 10751, 10770]",en,0,0,52,"Platypus Productions, Gaylord Productions",Graeme Clifford,"Peter MacNicol, Christopher Lee, Dana Hill, David Warner, Frank Zappa"
297217,,Der Komödienstadel - Liebe und Blechschaden,Der Komödienstadel - Liebe und Blechschaden,1984-02-18,1.7434,0.0,0,[35],de,0,0,104,BR,Olf Fischer,"Max Grießer, Katharina De Bruyn, Monika Dahlberg, Ossi Eckmüller, Gerhart Lippert"
192199,tt0087679,The Owl vs Bombo,貓頭鷹與小飛象,1984-12-12,1.7418,5.5,9,"[28, 35]",cn,0,0,99,D & B Films,Sammo Kam-Bo Hung,"Sammo Kam-Bo Hung, George Lam Tsz-Cheung, Deanie Ip, Michelle Yeoh, Season Ma"
45749,tt0142171,Groper Train: Search for the Black Pearl,痴漢電車　下着検札,1984-01-04,1.7412,4.364,11,"[35, 9648]",ja,0,0,64,"Shintoho Pictures, Shishi Production",Yojiro Takita,"Kaoru Kaze, Yuka Takemura, Serina Miyabi, Kazumi Kimura, Mitsuo Nakayama"
63229,tt0086989,Good King Dagobert,Le Bon Roi Dagobert,1984-08-22,1.7402,4.171,35,[35],fr,0,0,112,"Archimede International, Gaumont, France•3, Stand'art, Filmédis, Opera Film Produzione",Dino Risi,"Coluche, Michel Serrault, Ugo Tognazzi, Carole Bouquet, Isabella Ferrari"
24729,tt0088291,The Toughest Man in the World,The Toughest Man in the World,1984-11-07,1.739,5.8,5,"[10770, 18]",en,0,0,120,"Centerpoint, The Guber-Peters Company",Dick Lowry,"Mr. T, Dennis Dugan, John P. Navin Jr., Peggy Pope, Lynne Moody"
52734,tt0087384,Hard to Hold,Hard to Hold,1984-06-28,1.7365,4.536,14,"[18, 10749]",en,0,0,93,Universal Pictures,Larry Peerce,"Rick Springfield, Janet Eilber, Patti Hansen, Albert Salmi, Gregory Itzin"
304150,tt0318989,Anbae Odi Vaa,அன்பே ஓடி வா,1984-05-10,1.7348,8.0,1,[],ta,0,0,120,KR Art Pictures,R.Renjith Kumar,"Mohan, Urvashi, Indira, Major Sundarrajan, Sivachandran"
214291,tt0087320,Broken Mirrors,Gebroken spiegels,1984-09-27,1.7343,5.958,12,"[18, 53, 80]",nl,0,0,108,Sigma Film Productions,Marleen Gorris,"Lineke Rijxman, Henriëtte Tol, Edda Barends, Coby Stunnenberg, Carla Hardy"
1074897,tt4796350,Macross: Boobytrap,Macross: Boobytrap,1984-01-01,1.7333,0.0,0,"[16, 28, 18, 12, 10749, 878]",en,0,0,69,"Harmony Gold, Tatsunoko Production","Ippei Kuri, Robert V. Barron",
824876,tt3876538,Kanun Kanundur,Kanun Kanundur,1984-01-01,1.7331,0.0,0,"[28, 12]",tr,0,0,0,,Aykut Düz,"Cüneyt Arkın, Özlem Onursal, Ahmet Mekin, Hüseyin Peyda, Mehmet Ali Güngör"
472797,tt0087631,Little House: The Last Farewell,Little House: The Last Farewell,1984-02-06,1.732,7.1,17,"[37, 18]",en,0,0,0,Ed Friendly Productions,Michael Landon,"Melissa Gilbert, Dean Butler, James Karen, Richard Bull, Victor French"
248392,tt0087165,A Woman in the Mirror,Una donna allo specchio,1984-09-21,1.7313,5.0,12,"[35, 10749]",it,0,0,83,"Grandangolo Soc. Cooperativa a.r.l., Film International Company",Paolo Quaregna,"Stefania Sandrelli, Marzio Honorato, Dina D'Isa, Emilio Locurcio, Ottavio Marcelli"
1341379,tt1003604,Bad Cat,Bad Cat,1984-04-14,1.7307,10.0,1,"[16, 10751]",en,0,0,23,"Ruby-Spears Enterprises, Ruby-Spears Productions, ABC",Charles August Nichols,"Bart Braverman, Judy Strangis, Didi Conn, Marvin Kaplan, Jon Bauman"
36826,tt0085872,The Loveless,The Loveless,1984-01-20,1.7302,5.7,66,[18],en,0,0,83,,"Monty Montgomery, Kathryn Bigelow","Willem Dafoe, Robert Gordon, Marin Kanter, J. Don Ferguson, Tina L'Hotsky"
593020,tt0141762,Rakkauselokuva,Rakkauselokuva,1984-11-16,1.7299,5.0,4,"[18, 35]",fi,0,0,73,Reppufilmi,Anssi Mänttäri,"Liisa Halonen, Antti Litja, Markku Toikka, Erkki Saarela, Matti Pellonpää"
148626,tt0086940,Barres,Barres,1984-12-31,1.7277,6.65,20,[35],fr,0,0,14,Les Films d'Ici,Luc Moullet,"Jean Abeillé, Jean-Pierre Bonneau, André Chauchat, Odette Duval, René Gilson"
56927,tt0123381,The Annunciation,Angyali üdvözlet,1984-09-20,1.7276,5.86,25,[18],hu,0,0,99,"Mafilm, Award Films International",András Jeles,"Péter Bocsor, Júlia Mérő, Eszter Gyalog, György Belme, Róbert Borók"
92989,tt0087164,A Summer at Grandpa's,冬冬的假期,1984-11-24,1.7275,7.518,56,[18],zh,0,0,93,Marble Road Productions,Hou Hsiao-hsien,"Wong Kai-Gwong, Lee Suk-Ching, Chen Bo-zheng, Lin Hsiu-Ling, Yen Cheng-kuo"
91566,tt0183597,Death Warrior,Ölüm Savaşçısı,1984-01-01,1.7268,4.875,20,"[28, 12, 80, 53]",tr,0,0,70,1. Ticaretim Film,"Çetin İnanç, Cüneyt Arkın","Cüneyt Arkın, Funda Fırat, Nihat Yiğit, Osman Betin, Füsun Uçar"
258822,tt0086891,Anatomy of an Illness,Anatomy of an Illness,1984-05-15,1.7258,7.0,1,"[18, 10770]",en,0,0,96,"Hamner Productions Inc., Jerry Gershwin Productions, CBS Entertainment Productions",Richard T. Heffron,"Ed Asner, Eli Wallach, Millie Perkins, David Ogden Stiers, Lelia Goldoni"
1702663,,Marga Klompé,Marga Klompé,1984-05-06,1.725,0.0,0,"[99, 10770]",nl,0,0,49,Katholieke Radio Omroep (KRO),,"Marga Klompé, Norbert Schmelzer, Carl Romme, Ivo Samkalden, Henk Hofstra"
582949,tt0283113,Vanitha Police,വനിതാ പോലീസ്,1984-06-11,1.7237,8.0,1,[],ml,0,0,145,Indukala Productions,Alleppey Ashraf,"Prem Nazir, Seema, Sukumari, Mohanlal, Jagathy Sreekumar"
15203,tt0087123,Strangler vs Strangler,Давитељ против давитеља,1984-06-18,1.7237,6.908,49,"[35, 53, 27]",sh,0,0,93,Centar film,Slobodan Šijan,"Taško Načić, Srđan Šaper, Rahela Ferari, Nikola Simić, Sonja Savić"
1330326,tt0489814,Punters,Punters,1984-11-27,1.7227,7.0,1,[35],en,0,0,70,BBC,Christopher Menaul,"Mick Ward, Tom Davidson, Lesley Clare O'Neill, Janet Dale, Dorothy Vernon"
64309,tt0087625,The Occupant,靈氣迫人,1984-09-30,1.7227,6.3,9,"[35, 27]",cn,0,1521999,96,"Mandarin Film Lab Limited, Cinema City Company Limited",Ronny Yu,"Raymond Wong, Sally Yeh Chian-Wen, Chow Yun-Fat, Lo Lieh, Melvin Wong King-Sun"
125926,tt0088466,Åke and His World,Åke och hans värld,1984-10-26,1.7217,6.3,15,[18],sv,0,0,99,"Sandrews, Filmhuset, Scentext, Svenska Filminstitutet",Allan Edwall,"Martin Lindström, Loa Falkman, Gunnel Fred, Katja Blomquist, Ulla Sjöblom"
336498,tt0085128,¡¡¡A tope!!!,¡¡¡A tope!!!,1984-02-13,1.7213,2.857,7,"[35, 10402]",es,0,0,88,"Acción Films, Ízaro Films",Ramón Fernández,"Natalia Suanzes, Alberto Palomero, Pepita Carole, Cristina Torres, Josele"
693714,tt0143238,Eve-chan no hime,イヴちゃんの姫,1984-11-03,1.7201,4.2,5,"[35, 18]",ja,0,0,66,Nikkatsu Corporation,Shusuke Kaneko,"Eve, Saeko Kizuki, Kiriko Shimizu, Masami Ikoma, Hiroshi Sugita"
1291073,tt0214405,Abbalett,Abbalett,1984-09-18,1.7198,8.0,1,[10402],sv,0,0,59,,Birgit Cullberg,"Gerd Andersson, Madeleine Onne, Birgit Cullberg, Niklas Ek, Anneli Alhanko"
129796,tt0087185,Double Passing,Двойной обгон,1984-11-05,1.7183,6.5,4,"[28, 80]",ru,0,0,87,Mosfilm,Aleksandr Gordon,"Boris Khimichev, Vadim Mikheyenko, Vytautas Tomkus, Alexander Korshunov, Ekaterina Tarkovskaya"
264200,tt0159366,Committed,Committed,1984-01-01,1.7182,8.0,2,[18],en,0,0,77,Story Films,"Sheila McLaughlin, Lynne Tillman","Sheila McLaughlin, Victoria Boothby, Lee Breuer, John Erdman, Heinz Emigholz"
84996,tt0088066,Scream for Help,Scream for Help,1984-07-03,1.7177,5.163,40,"[27, 9648, 80, 53]",en,0,0,90,"Miracle, Torremodo Ltd., Videoform",Michael Winner,"Rachael Kelly, David Allen Brooks, Marie Masters, Rocco Sisto, Lola Lesheim"
1088082,tt1105368,The Scarecrow,Matarsak,1984-01-01,1.717,3.0,1,[],fr,0,0,0,,Mohammad Hassan Zadeh,"Hadi Eslami, Fakhri Khorvash, Hossein Kasbian, Rouhangiz Mohtadi"
414819,tt13979138,Weltenempfänger,Weltenempfänger,1984-01-02,1.7164,0.0,0,[],de,0,0,5,,Schmelzdahin,
39371,tt0086874,L'allenatore nel pallone,L'allenatore nel pallone,1984-10-26,1.7159,6.528,404,[35],it,0,0,98,"Dania Film, Filmes International, National Cinematografica",Sergio Martino,"Lino Banfi, Camillo Milli, Andrea Roncato, Gigi Sammarchi, Giuliana Calandra"
277919,tt0155698,Ente Upasana,എന്‍റെ  ഉപാസന,1984-11-14,1.7155,8.0,1,[18],ml,0,0,111,Jubilee Productions,Bharathan,"Mammootty, Suhasini Maniratnam, Nedumudi Venu, Unni Mary, KPAC Lalitha"
391529,tt3656136,The Egg,Jajo,1984-11-29,1.7135,6.3,3,"[10770, 14, 27, 35, 18, 878]",pl,0,0,45,"Zespół Filmowy ""Oko""",Konrad Szołajski,"Marta Klubowicz, Janusz Michałowski, Andrzej Szopa, Ewa Żukowska, Jerzy Nowak"
386929,tt0146782,Fräulein Berlin,Fräulein Berlin,1984-01-01,1.7133,8.0,1,[],en,0,0,90,,Lothar Lambert,"Ulrike Schirm, Jim Jarmusch, John Cassavetes, Helke Sander"
280373,tt0255494,Poochakkoru Mookkuthi,പൂച്ചക്കൊരു മൂക്കുത്തി,1984-07-04,1.7133,6.3,5,"[35, 10749]",ml,0,0,157,,Priyadarshan,"Mohanlal, Shankar, Menaka Suresh, Nedumudi Venu, Sukumari"
343663,tt0087119,Dark Mirror,Dark Mirror,1984-03-05,1.7128,5.0,1,"[53, 18, 10770]",en,0,0,94,Aaron Spelling Productions,Richard Lang,"Jane Seymour, Stephen Collins, Vincent Gardenia, Hank Brandt, Cathleen Cordell"
107714,tt0199385,Return of Bastard Swordsman,天蠶變之布衣神相,1984-05-08,1.7118,6.4,26,[28],cn,0,285437,95,Shaw Brothers,Tony Lou Chun-Ku,"Norman Tsui Siu-Keung, Alex Man Chi-Leung, Tony Liu Tian-jue, Chen Kuan-Tai, Eddie Koo Koon Chung"
63528,tt0083061,Shanghai 13,上海灘十三太保,1984-02-04,1.7112,6.1,11,[28],zh,0,0,90,Hong Kong-China Chang He Film Co.,Chang Cheh,"Jimmy Wang Yu, Ti Lung, Chiang Sheng, Chen Kuan-Tai, Danny Lee Sau-Yin"
789430,tt0322431,Going Hollywood: The '30s,Going Hollywood: The '30s,1984-01-01,1.71,9.0,2,[99],en,0,0,76,,Julian Schlossberg,"Robert Preston, Gracie Allen, George Arliss, Jean Arthur, Fred Astaire"
693798,tt0373464,Woody Guthrie: Hard Travelin',Woody Guthrie: Hard Travelin',1984-01-01,1.708,6.5,2,[99],en,0,0,73,,Jim Brown,"Woody Guthrie, Arlo Guthrie, Pete Seeger, Jack Elliott, Sonny Terry"
856687,,Dernier amour,Dernier amour,1984-04-18,1.707,0.0,0,"[35, 10749]",fr,0,0,0,FR3 Lille,Christian Alba,"Clémentine Amouroux, Victor Garrivier, Ivry Gitlis, Patricia Legrand, Jean-Marie Balembois"
195378,tt0263692,Makar - Pathfinder,Макар-следопыт,1984-11-07,1.7065,4.5,4,"[12, 10751, 10770]",ru,0,0,0,"Gosteleradio USSR, Lenfilm",Nikolai Kovalsky,"Maksim Minin, Aleksandr Lenkov, Andrei Rostotsky, Ivan Krasko, Vladimir Etush"
34577,tt0497532,"Bagi, the Monster of Mighty Nature",大自然の魔獣バギ,1984-08-19,1.7037,5.1,19,"[16, 878, 10770]",ja,0,0,90,Tezuka Productions,Osamu Tezuka,"Saeko Shimazu, Kazuhiko Inoue, Katsuji Mori, Kazuteru Suzuki, Kosei Tomita"
42084,tt0087019,Cal,Cal,1984-08-24,1.7018,5.8,38,"[18, 53, 10749]",en,0,0,102,,Pat O'Connor,"John Lynch, Helen Mirren, Donal McCann, Ray McAnally, John Kavanagh"
936634,,Die Schraube,Die Schraube,1984-03-16,1.6966,0.0,0,[16],de,0,0,3,DEFA-Studio für Trickfilme,Sieglinde Hamacher,
1068237,,Hasta Vencer,Hasta Vencer,1984-01-01,1.6961,0.0,0,[],es,0,0,0,ICTUS,Jorge Ianiszewski,
124545,tt0087092,Courage,Courage,1984-11-16,1.6941,6.0,8,"[28, 53]",en,0,0,90,"Adams Apple Film Company, VTC",Robert L. Rosen,"Ronny Cox, Art Hindle, M. Emmet Walsh, Tim Maier, Lois Chiles"
610932,tt0202163,Zombie Hunger,Zombie Hunger,1984-01-01,1.694,9.0,1,[18],en,0,0,0,,Richard Kern,"Peter Heath, Jon Miedzik, Cameron Heath"
183329,tt0087627,Black List,Liste noire,1984-01-01,1.6934,6.5,10,"[28, 80]",fr,0,0,83,,Alain Bonnot,"Annie Girardot, François Marthouret, Paul Crauchet, Bernard Gabay, Christian François"
44518,tt0133180,The Ring,Ringul,1984-02-20,1.6933,7.0,10,[18],ro,0,0,91,"Casa de Filme 5, Cine TV Film Production",Sergiu Nicolaescu,"Marin Moraru, Sergiu Nicolaescu, Constantin Brînzea, Mihail Vasile Boghiță, Marian Culiniac"
104043,tt0087837,Old Enough,Old Enough,1984-08-24,1.6921,6.45,20,[18],en,0,0,92,Silver Films,Marisa Silver,"Sarah Boyd, Rainbow Harvest, Neill Barry, Alyssa Milano, Danny Aiello"
322410,tt8729292,The Fear of Ancestral Rites,제4의 공포,1984-08-04,1.6913,0.0,0,"[53, 27, 9648]",en,0,0,92,,Roh Jin-seup,"Jeong Hyeon-suk, Choi Chong-won, Se-hyeok Jeong, Park In-hui"
383685,tt0305333,Breakout,Breakout,1984-11-29,1.6575,9.0,1,"[10751, 12]",en,0,0,61,"Eyeline Film and Video Ltd., Children's Film and Television Foundation (CFTVF)",Frank Godwin,"David Jackson, Ian Bartholomew, John Bowler, Simon Nash, John Hasler"
622861,tt0263806,Lights,Огни,1984-04-01,1.505,4.667,3,[10749],ru,0,0,88,Lenfilm,Solomon Shuster,"Evgeniy Leonov-Gladyshev, Tatyana Dogileva, Vladislav Strzhelchik, Georgi Burkov, Oleg Korchikov"
125745,tt0088734,Arch of Triumph,Arch of Triumph,1984-12-19,1.9027,5.2,11,"[18, 10749, 10770]",en,0,0,93,"Newland/Raynor Productions Inc., Callendar Company, HTV",Waris Hussein,"Anthony Hopkins, Lesley-Anne Down, Donald Pleasence, Frank Finlay, Richard Pasco"
248352,tt0320114,Naan Mahaan Alla,நான் மகான் அல்ல,1984-01-14,1.5382,5.5,4,[],ta,0,0,133,,S. P. Muthuraman,"Rajinikanth, Radha, M. N. Nambiar, V. K. Ramasamy, Cho Ramaswamy"
110643,tt0087688,Mass Appeal,Mass Appeal,1984-12-14,1.793,5.885,13,"[35, 18]",en,0,0,99,"David Foster Productions, Jalem Productions, Operation Cork, The Turman-Foster Company, Universal Pictures",Glenn Jordan,"Jack Lemmon, Željko Ivanek, Charles Durning, Louise Latham, Alice Hirson"
576818,,Curious George,Curious George,1984-01-01,1.5207,6.0,1,[16],en,0,0,15,,John Clark Matthews,"June Foray, Corey Burton"
1022555,,The Photograph,那張照片,1984-01-01,1.4103,0.0,0,[99],zh,0,0,5,,Kao Chung-Li,
361041,tt3323836,Rajathanthiram,ராஜதந்திரம்,1984-09-22,1.4132,0.0,0,[18],ta,0,0,145,,Visu,"Karthik, Sulakshana, Radha Ravi, Sivachandran, Kishmu"
63360,tt0087472,The Initiation,The Initiation,1984-12-07,1.863,5.487,114,"[27, 9648, 53]",en,0,0,93,"Jock Gaynor Productions, Initiation Associates, Bruce Lansbury Productions",Larry Stewart,"Vera Miles, Clu Gulager, Daphne Zuniga, James Read, Marilyn Kagan"
1590326,,Hanuman and the Eleven Ultramen,หนุมาน พบ 11 ยอดมนุษย์,1984-01-01,1.5705,0.0,0,"[878, 28]",th,0,0,105,"Chaiyo Productions, Tsuburaya Productions","Sompote Sands, Shohei Tôjô, Koichi Takano","Sanit Kaewadee, Ouab Somchat, Kaan Boonchoo, Prida Somthobsuuk, Jan Wanpen"
1257970,,Pretty Naive,Pretty Naive,1984-09-01,1.4356,0.0,0,[],en,0,0,13,Innersense Productions,Bill Mousoulis,Leni Mayo
1413422,,On Duty,On Duty,1984-04-16,1.5501,0.0,0,"[99, 18]",en,0,0,0,Channel 4 Television,Cassie McFarlane,"Pearl Wilson, Michael Hamilton, Sylvester Williams, Yvonne Weekes, Lyn Langridge"
593020,tt0141762,Rakkauselokuva,Rakkauselokuva,1984-11-16,1.7299,5.0,4,"[18, 35]",fi,0,0,73,Reppufilmi,Anssi Mänttäri,"Liisa Halonen, Antti Litja, Markku Toikka, Erkki Saarela, Matti Pellonpää"
1117129,tt1918896,Küljetuul,Küljetuul,1984-01-01,1.5705,0.0,0,[18],en,0,0,64,,Raul Tammet,"Märt Visnapuu, Talvo Pabut, Tõnu Saar, Kiiri Tamm, Angelina Semjonova"
629757,tt0151040,The Impossible Love,Imposibila iubire,1984-03-12,1.8208,7.417,6,[18],ro,0,0,169,Casa de Filme 1,Constantin Vaeni,"Şerban Ionescu, Amza Pellea, Tora Vasilescu, Irina Petrescu, Gheorghe Cozorici"
91767,tt0087386,Harry & Son,Harry & Son,1984-03-02,1.9281,5.882,73,[18],en,0,4864602,117,Orion Pictures,Paul Newman,"Paul Newman, Robby Benson, Ellen Barkin, Wilford Brimley, Judith Ivey"
42102,tt0088318,A Sunday in the Country,Un dimanche à la campagne,1984-04-11,1.8347,6.892,106,"[18, 10751]",fr,0,8200000,94,"Little Bear, Films A2, Sara Films",Bertrand Tavernier,"Sabine Azéma, Louis Ducreux, Michel Aumont, Monique Chaumette, Geneviève Mnich"
1129917,,Hello,Hallo!,1984-01-01,1.4261,0.0,0,[16],de,0,0,5,DEFA-Studio für Trickfilme,"Hans Moser, Thomas Rosié",
604708,tt0088413,Wolfgirl,Die Wolfsbraut,1984-11-21,1.5334,7.0,1,[],de,0,0,85,NDR,Dagmar Beiersdorf,"Imke Barnstedt, Martine Felton, Lothar Lambert, Albert Heins, Mustafa Iskandarani"
796632,tt0428735,Kriminal,Kriminal,1984-10-10,1.7888,10.0,1,[28],en,0,0,90,,Efren C. Piñon,"Rudy Fernandez, Stella Strada, Eddie Garcia"
88338,tt0088025,Running Hot,Running Hot,1984-02-01,1.678,5.286,7,"[80, 18]",en,500000,0,95,Highroad,Mark Griffiths,"Eric Stoltz, Monica Carrico, Stuart Margolin, Virgil Frye, Richard Bradford"
580974,tt35418288,Zydeco,Zydeco,1984-01-05,1.6773,0.0,0,[99],en,0,0,55,Flower Films,Nicholas R. Spitzer,"Eraste Dolon Carriere, Bebe Carriere, Delton Broussard, Armand Ardoin, Alphonse ""Bois Sec"" Ardoin"
105404,tt0087313,Garbo Talks,Garbo Talks,1984-10-12,1.6773,6.257,35,"[35, 18]",en,0,0,103,"United Artists, Metro-Goldwyn-Mayer",Sidney Lumet,"Anne Bancroft, Ron Silver, Carrie Fisher, Catherine Hicks, Steven Hill"
423030,tt0086109,Pinocchio,Pinocchio,1984-05-14,1.677,5.2,6,"[14, 10751, 12, 10770]",en,0,0,52,"Platypus Productions, Gaylord Productions",Peter Medak,"James Coburn, Carl Reiner, Paul Reubens, Lainie Kazan, Jim Belushi"
372262,tt0209212,The Unit,Отряд,1984-12-29,1.6758,6.4,8,"[18, 10752]",ru,0,0,97,Lithuanian Film Studio,Aleksei Simonov,"Sergey Garmash, Aleksandr Feklistov, Dmitriy Brusnikin, Mikhail Morozov, Aleksandr Peskov"
480243,tt0181470,Desiree,Desiree,1984-12-15,1.6748,6.75,4,[18],en,0,0,96,Cosmic Illusion Productions,Felix de Rooy,"Marianne Rolle, Dan Strayhorn, Cynthia Belgrave, Joanne Jacobson, Askina Touree"
572886,tt2396615,The Debt Of Love,Parāds mīlestībā,1984-12-25,1.6723,0.0,0,"[18, 10749]",lv,0,0,77,Rīgas kinostudija,Varis Brasla,"Enriko Avots, Ilona Ozola, Edgars Liepiņš, Martins Verdins, Armands Reinfelds"
723240,,Cinta Kembar,Cinta Kembar,1984-06-12,1.6719,0.0,0,"[18, 10749]",id,0,0,92,PT Rhoma Irama Film,Lilik Sudjio,"Rhoma Irama, Lulu Erfan, Herry Irama, Lili Erfan, Deddy Irama"
162637,tt0092014,Steve Martin Live!,Steve Martin Live!,1984-09-06,1.6694,6.9,5,"[35, 10770, 99]",en,0,0,60,Vestron Video,"Carl Gottlieb, Steve Martin, Gary Weis","Steve Martin, Teri Garr, Buck Henry, David Letterman, Paul Simon"
1707443,,Stummfilm,Stummfilm,1984-01-03,1.6692,0.0,0,[],de,0,0,0,,Samir Jamal Al Din,"Helena Vagnières, Monika Schmid, Hakim Banwart"
554385,tt2182145,Tawwe Tienies,Tawwe Tienies,1984-03-23,1.669,0.0,0,[],af,0,0,0,,,"Pierre de Charmoy, Elsa Fourie, Christopher Galloway, Jacques Loots, Solly Oosthuizen"
1263010,tt1252282,"Don't Ask Me, Ask God","Don't Ask Me, Ask God",1984-01-01,1.6674,0.0,0,[],en,0,0,57,,Warren Marcus,"Pat Robertson, Michael J. Fox, Ned Beatty, Dorian Harewood, David Groh"
369016,tt0088166,The Sprinter,Der Sprinter,1984-01-01,1.6665,3.333,3,[18],de,0,0,87,,Christoph Böll,"Wieland Samolak, Gerhard Olschewski, Dieter Eppler, Wichart von Roëll, Miriam Spoerri"
1514239,,Casa,Casa,1984-01-01,1.6661,0.0,0,[16],ro,0,0,0,Studioul Cinematografic Animafilm,Zeno Bogdănescu,
119540,tt0088292,Toy Soldiers,Toy Soldiers,1984-11-01,1.6661,4.604,24,"[18, 28, 53]",en,0,0,91,"Toy Soldiers Associates, Producciones Rodas S.A. de C.V.",David Fisher,"Jason Miller, Cleavon Little, Terri Garber, Tim Robbins, Tracy Scoggins"
1229537,tt28704652,Käthe Kollwitz,Käthe Kollwitz,1984-01-01,1.6656,0.0,0,[99],en,0,0,43,,Ron Orders,
39271,tt0302045,Working Girls,Working Girls,1984-06-07,1.6654,6.5,8,"[35, 18]",tl,0,0,118,Viva Films,Ishmael Bernal,"Hilda Koronel, Gina Pareño, Rio Locsin, Chanda Romero, Carmi Martin"
1482462,,La Brigada Rafael Arce Zablah,La Brigada Rafael Arce Zablah,1984-06-06,1.6629,0.0,0,[99],es,0,0,37,Sistema Radio Venceremos,Sistema Radio Venceremos,Domingo Monterrosa
187762,tt0087698,Maybe It's Love,窺情,1984-03-09,1.6624,6.667,6,"[18, 9648]",cn,0,0,95,Shaw Brothers,Angie Chen,"Cherie Chung Cho-Hung, Kent Tong Chun-Yip, Elaine Jin Yan-Ling, Ku Feng, Alex Man Chi-Leung"
270475,tt0189169,Ultraman Story,ウルトラマン物語,1984-06-14,1.6604,6.444,9,"[28, 12, 10751, 878]",ja,0,0,93,Tsuburaya Productions,Koichi Takano,"Yoshio Kanauchi, Hiroya Ishimaru, Masako Ikeda, Taro Ishida, Masako Nozawa"
383685,tt0305333,Breakout,Breakout,1984-11-29,1.6575,9.0,1,"[10751, 12]",en,0,0,61,"Eyeline Film and Video Ltd., Children's Film and Television Foundation (CFTVF)",Frank Godwin,"David Jackson, Ian Bartholomew, John Bowler, Simon Nash, John Hasler"
84422,tt0089038,Don't Open Till Christmas,Don't Open Till Christmas,1984-12-07,1.6573,4.894,71,"[53, 27, 9648]",en,0,0,87,Spectacular Trading International,"Edmund Purdom, Alan Birkinshaw","Edmund Purdom, Alan Lake, Belinda Mayne, Gerry Sundquist, Mark Jones"
306437,tt0269664,Onnum Mindatha Bharya,ഒന്നും മിണ്ടാത്ത ഭാര്യ,1984-04-22,1.6572,10.0,1,[18],ml,0,0,144,Evershine,Balu Kiriyath,"Mammootty, Jalaja, Viji, Menaka Suresh, Prathapa Chandran"
59251,tt11672344,The Bones Brigade Video Show,The Bones Brigade Video Show,1984-01-01,1.6571,8.0,3,"[35, 99]",en,0,0,35,Powell Peralta,Stacy Peralta,"Tony Hawk, Steve Caballero, Lance Mountain, Rodney Mullen, Adrian Demain"
280364,tt0214996,Nokkethadhoorathu Kannum Nattu,നോക്കെത്താദൂരത്തു കണ്ണുംനട്ട്,1984-10-26,1.6557,8.0,7,[18],ml,0,0,125,"Bodhi Chitra Films, Dinny Films",Fazil,"Padmini, Nadhiya, Mohanlal, Nedumudi Venu, Thilakan"
1554141,,Thaumatropes,Thaumatropes,1984-01-01,1.6548,0.0,0,[99],fr,0,0,7,"SODEP, F.M.P.",Pierre Levie,
259912,tt0087706,Memed My Hawk,Memed My Hawk,1984-05-10,1.6547,6.0,4,[18],en,0,0,110,"Jadran Film, Ustinov Productions",Peter Ustinov,"Peter Ustinov, T. P. McKenna, Božidar Alić, Petar Arsovski, Simon Dutton"
927118,tt3248060,Odoru Chibusa,踊る乳房,1984-07-13,1.6543,3.3,3,"[18, 9648]",ja,0,0,63,Nikkatsu Corporation,Yoshihiro Kawasaki,"Kate Asabuki, Mizuho Nakagawa, Kaoru Mizuki, Yūji Nogami, Shinji Sekikawa"
208614,tt0087979,The Ratings Game,The Ratings Game,1984-12-15,1.6539,5.7,26,"[35, 10749]",en,0,0,102,"Newstreet Productions, Imagination Productions, New Street",Danny DeVito,"Danny DeVito, Rhea Perlman, Gerrit Graham, Bernadette Birkett, Barry Corbin"
359277,tt0096773,Agami,আগামী,1984-02-16,1.6534,10.0,1,[18],bn,0,0,25,,Morshedul Islam,Aly Zaker 
248116,,Fronte tēva pagalmā,Fronte tēva pagalmā,1984-06-22,1.651,0.0,0,[],lv,0,0,80,Rīgas kinostudija,Ēriks Lācis,"Gunārs Cilinskis, Eduards Pavuls, Rolands Zagorskis, Vaironis Jakans, Roberts Zēbergs"
75058,tt0276878,Corduroy,Corduroy,1984-06-09,1.6499,7.5,2,"[12, 10751]",en,0,0,16,Weston Woods Studios,Gary Templeton,"Clarke Bittner, Muriel Gould, Tim Loomis, Ebb Miller, Amanda Mulea"
408882,tt0087234,Family Business,Family Business,1984-11-21,1.6491,7.222,9,"[35, 18]",en,0,0,18,Large Door Productions,Chantal Akerman,"Chantal Akerman, Aurore Clément, Colleen Camp, Marilyn Watelet"
195493,tt0139837,Wistful Lover,Amor Voraz,1984-10-05,1.6488,6.1,8,"[18, 878, 9648, 14]",pt,0,0,114,,Walter Hugo Khouri,"Vera Fischer, Márcia Rodrigues, Bianca Byington, Cornélia Herr, Lucinha Lins"
633471,tt0085466,Day of the Humming Bird,Dzień kolibra,1984-11-19,1.6484,6.667,3,"[18, 10751]",pl,0,0,0,,Ryszard Rydzewski,"Henryk Machalica, Daniel Kozakiewicz, Monika Stefanowicz, Sławomira Łozińska"
107750,tt0262278,No Right to Fail,Без права на провал,1984-06-06,1.6481,5.429,7,"[28, 10752, 18]",ru,0,0,77,Gorky Film Studios,Yevgeniya Zhigulenko,"Andrey Martynov, Mykola Hrynko, Arnis Līcītis, Aleksandr Lebedev, Stanislav Sadalskiy"
331227,tt4599232,Perfect Lives,Perfect Lives,1984-02-16,1.6478,7.5,2,"[10770, 10402]",en,0,0,175,"The Kitchen, Channel 4 Television",John Sanborn,"Robert Ashley, “Blue” Gene Tyranny, Jill Kroesen, David Van Tieghem"
251260,tt0087864,Over the Brooklyn Bridge,Over the Brooklyn Bridge,1984-03-02,1.6463,5.1,11,"[35, 10749]",en,0,837914,108,"Golan-Globus Productions, The Cannon Group, Metro-Goldwyn-Mayer",Menahem Golan,"Elliott Gould, Margaux Hemingway, Sid Caesar, Carol Kane, Burt Young"
512591,tt7761168,Nice,Nice,1984-10-19,1.6462,7.4,4,[18],en,0,0,26,"ITV Central, BFI",Michael Hayes,Norman Beaton
799227,,Ohnsorg Theater - Familie Pingel,Ohnsorg Theater - Familie Pingel,1984-11-10,1.6456,0.0,0,[35],de,0,0,0,NDR,Alfred Johst,"Erna Raupach-Petersen, Hans Timmermann, Ursula Hinrichs, Ernst Grabbe, Doris Hahn"
12098,tt0088459,Zwei Nasen tanken Super,Zwei Nasen tanken Super,1984-09-14,1.6451,4.878,41,[35],de,0,0,92,Lisa Film,Dieter Pröttel,"Thomas Gottschalk, Mike Krüger, Simone Brahmann, Sonja Tuchmann, Thea Gottschalk"
6696,tt0081674,UFOria,UFOria,1984-07-10,1.6444,5.467,15,"[35, 878]",en,0,0,95,"Melvin Simon Productions, Taurus Film, Universal Pictures",John Binder,"Fred Ward, Cindy Williams, Harry Dean Stanton, Harry Carey Jr., Beverly Hope Atkinson"
29611,tt0181012,Sole Survivor,Sole Survivor,1984-03-16,1.6437,5.721,68,"[27, 53]",en,350000,0,85,"Moviestore Entertainment, Grand National Pictures",Thom Eberhardt,"Anita Skinner, Kurt Johnson, Robin Davidson, Caren L. Larkey, Andrew Boyer"
343118,tt0086470,Trauma,Trauma,1984-05-12,1.6431,10.0,1,[53],de,0,0,89,,Gabi Kubach,"Birgit Doll, Lou Castel, Armin Mueller-Stahl, Hanne Wieder, Eva-Maria Hagen"
297670,tt0087988,The Red-Light Sting,The Red-Light Sting,1984-03-05,1.6427,3.5,4,"[53, 10770, 80]",en,0,0,100,"Universal Television, CBS",Rod Holcomb,"Farrah Fawcett, Beau Bridges, Harold Gould, Katherine Cannon, Sunny Johnson"
421749,tt0087931,Pope John Paul II,Pope John Paul II,1984-04-22,1.6426,7.5,5,"[18, 36, 10770]",en,0,0,150,Taft Entertainment Television,Herbert Wise,"Albert Finney, Michael Crompton, Robert Austin, Caroline Bliss, Antony Brown"
957417,tt1263028,Confessions of the Taxi Driver,Исповед на таксистот,1984-01-01,1.6421,0.0,0,"[18, 10770]",mk,0,0,56,Televizija Skopje,Dušan Naumovski,"Gjokica Lukarevski, Mimi Tanevska, Stojna Kostovska, Gjorgji Kolozov, Angelina Ivanova"
98222,tt0261395,The Chick's Ability,Volúpia de Mulher,1984-01-01,1.6418,4.318,11,[18],pt,0,0,89,Maspe Filmes,John Doo,"Helena Ramos, Vanessa Alves, André Loureiro, Germano Vezzani, Romeu de Freitas"
433107,tt0089161,Forbidden,Forbidden,1984-12-07,1.6417,5.667,6,"[18, 10770]",en,0,0,114,,Anthony Page,"Jacqueline Bisset, Jürgen Prochnow, Irene Worth, Peter Vaughan, Amanda Cannings"
583604,tt0269384,Itha Innu Muthal,ഇതാ ഇന്നു മുതൽ,1984-11-23,1.6409,9.0,1,[],ml,0,0,135,Royal Films,T S Suresh Babu,"Shankar, Sreenath, Rani Padmini, Bhuvana Saravana, Jagathy Sreekumar"
636149,tt0088209,Surorile,Surorile,1984-08-20,1.6399,6.0,3,[18],ro,0,0,109,Casa de Filme 1,Iulian Mihu,"Adela Mărculescu, Elena Albu, Viorica Dinicu, Traian Stănescu, Andrei Finti"
449712,tt6451672,"Jonah, or the Artist at Work","Иона, или Художник за работой",1984-04-01,1.6398,0.0,0,[18],ru,0,0,35,Mosfilm,Aleksandr Kaydanovskiy,"Natalya Arinbasarova, Boris Plotnikov, Zoya Kaydanovskaya, Mikhail Filippov, Vytautas Paukste"
57922,tt0087088,Thus Spoke Bellavista,Così parlò Bellavista,1984-10-06,1.6393,7.946,156,[35],it,0,0,105,"Eidoscope Productions, Rete 4",Luciano De Crescenzo,"Luciano De Crescenzo, Renato Scarpa, Tommaso Bianco, Giovanni Attanasio, Isa Danieli"
724300,tt6296840,The Three Heroes,Ruan shi san xiong,1984-01-01,1.6375,0.0,0,"[28, 12]",zh,0,0,93,,Tommy Young,"Yu Rongguang, Huiguang Lu, Dongyu Fan, Cheng Chen, Xiaoyun Diao"
129652,tt0357812,Jhutha Sach,Jhutha Sach,1984-11-16,1.6366,7.625,4,[18],hi,0,0,0,,,"Dharmendra, Rekha, Amrish Puri, Aruna Irani, Jugal Hansraj"
715341,,Immaginando cinema,Immaginando cinema,1984-01-12,1.6346,0.0,0,[],it,0,0,0,,Luigi M. Faccini,
156636,tt1065081,Dzień czwarty,Dzień czwarty,1984-08-04,1.6345,6.7,3,[],pl,0,0,0,,Ludmiła Niedbalska,"Krzysztof Luft, Jarosław Domin, Bogdan Szczesiak, Katarzyna Kozak, Tomasz Lulek"
368143,tt0088394,When She Says No,When She Says No,1984-01-30,1.6342,8.0,2,"[18, 10770]",en,0,0,95,I & C Productions,Paul Aaron,"Kathleen Quinlan, Jeffrey DeMunn, George Dzundza, David Huffman, Kenneth McMillan"
301054,tt0086185,The Defective Detective,Retenez-moi... ou je fais un malheur !,1984-01-11,1.634,7.25,2,[35],fr,0,0,86,"Coline, Imacité, TF1 Films Production, Gaumont, Productions Marcel Dassault",Michel Gérard,"Jerry Lewis, Michel Blanc, Charlotte de Turckheim, Michel Peyrelon, Gérard Hérold"
52331,tt0087677,The Man from Majorca,Mannen från Mallorca,1984-10-12,1.6302,6.589,56,"[53, 80]",sv,59000,1769000,102,"Svenska Filminstitutet, SF Studios, SVT, Filmhuset, Drakfilm Produktion",Bo Widerberg,"Sven Wollter, Tomas von Brömssen, Håkan Serner, Ernst Günther, Thomas Hellberg"
204159,tt0087064,Claretta,Claretta,1984-05-31,1.63,7.0,1,[36],it,0,0,127,"Trans World Film, RAI",Pasquale Squitieri,"Claudia Cardinale, Giuliano Gemma, Caterina Boratto, Fernando Briamo, Nancy Brilli"
703191,tt2269270,Unnecessary Fuss,Unnecessary Fuss,1984-06-01,1.6296,7.0,1,[],en,0,0,27,People for the Ethical Treatment of Animals,"Alex Pacheco, Ingrid Newkirk",Ingrid Newkirk
382802,tt10388506,Hanasareru Gang,はなされるGANG,1984-01-01,1.6296,0.0,0,[],ja,0,0,85,,Nobuhiro Suwa,"Takayuki Kamura, Rie Ito"
174108,tt0088105,Pom Pom,神勇雙響炮,1984-02-22,1.6296,6.4,17,"[28, 35]",cn,0,0,100,"Bo Ho Films, Paragon Films, Orange Sky Golden Harvest",Joe Cheung Tung-Cho,"Richard Ng Yiu-Hon, John Shum Kin-Fun, Deanie Ip, Paul Chung Fat, Ng Min-Kan"
264502,tt0087403,Her Life as a Man,Her Life as a Man,1984-03-12,1.6287,5.333,6,"[35, 10770]",en,0,0,93,NBC,Robert Ellis Miller,"Robyn Douglass, Marc Singer, Laraine Newman, Miriam Flynn, Robert Culp"
167439,tt0174918,Mermaid Legend,人魚伝説,1984-04-14,1.6283,6.385,26,"[53, 80, 18]",ja,0,0,110,"Art Theatre Guild, Directors Company",Toshiharu Ikeda,"Mari Shirato, Kentarō Shimizu, Jun Etoh, Seiji Miyaguchi, Junko Miyashita"
1160456,tt0390227,Marina and Her Beast,Marina e la sua bestia,1984-01-01,1.6276,9.0,1,[18],it,0,0,71,Lucky Book,Arduino Sacco,"Marina Hedman, Ciro Masposito, Giuliano Rosati, Denise Dior, Joselita Capponi"
1606801,,Aguarunas,Aguarunas,1984-01-15,1.6273,0.0,0,[99],es,0,0,12,Centro de Teleducación de la Universidad Católica,José Luis Rouillón,
498041,tt12418570,Baignoire,Baignoire,1984-04-05,1.6266,0.0,0,[99],fr,0,0,42,K.O.C.K. Production,Gérard Courant,"Paul Jeunet, Michel Jeunet, Gilles Colpart, Jean-Marc Léger"
552525,tt2341768,Hole in the Pants,パンツの穴,1984-03-17,1.6265,6.0,3,"[35, 10749]",ja,530000,2655000,113,,Norifumi Suzuki,"Yoichi Yamamoto, Momoko Kikuchi, Munenori Iwamoto, Kiyoshi Kasahara, Koji Yamanaka"
178977,tt0088059,The Scorpion,De Schorpioen,1984-03-29,1.6263,7.5,2,"[53, 18]",nl,0,0,98,,Ben Verbong,"Peter Tuinman, Monique van de Ven, Adrian Brine, Henk van Ulsen, Rima Melati"
28831,tt0088122,The Sinister Doctor Orloff,El siniestro doctor Orloff,1984-06-18,1.6261,4.545,11,[27],en,0,0,87,Golden Films Internacional S.A.,Jesús Franco,"Antonio Mayans, Howard Vernon, Rocío Freixas, Antonio Rebollo, Rafael Cayetano"
263964,tt0179918,Truckers Ride Again,Kamiondžije 2,1984-04-05,1.6254,6.6,13,[35],sh,0,0,88,"Union film, Art film 80, Croatia Film",Milo Đukanović,"Miodrag Petrović 'Čkalja', Pavle Vuisić, Svetislav 'Bule' Goncić, Sonja Savić, Bogdan Diklić"
289272,tt0087408,High Country,High Country,1984-08-29,1.6247,7.0,1,[18],en,0,0,93,PBL Productions,Bill Hughes,"John Waters, Tom Oliver, Terry Serio, Simone Buchanan, Tim Hughes"
35659,tt0087090,Countdown to Looking Glass,Countdown to Looking Glass,1984-10-14,1.6232,6.1,16,"[18, 10770]",en,0,0,90,HBO,Fred Barzyk,"Scott Glenn, Michael Murphy, Helen Shaver, Patrick Watson, Nancy Dickerson"
465901,tt0126949,Horea,Horea,1984-11-05,1.6226,7.6,5,"[36, 18]",ro,0,0,123,Casa de Filme Patru,Mircea Mureșan,"Ovidiu Iuliu Moldovan, Şerban Ionescu, Dan Săndulescu, Radu Beligan, Mircea Albulescu"
295375,tt0156072,Sreekrishna Parunthu,ശ്രീകൃഷ്ണപ്പരുന്ത്,1984-09-07,1.6225,5.0,6,"[14, 27]",ml,0,0,154,Century Release,"A. Vincent, P Bhaskaran","Mohanlal, Balan K Nair, Jagathy Sreekumar, Oduvil Unnikrishnan, Jagannatha Varma"
31400,tt0086935,Balkan Spy,Балкански шпијун,1984-02-23,1.6219,7.692,65,"[18, 35]",sh,0,0,92,Union film,"Dušan Kovačević, Božidar 'Bota' Nikolić","Danilo 'Bata' Stojković, Zvonko Lepetić, Mira Banjac, Borivoje Todorović, Branka Petrić"
485833,tt0088162,Splittring,Splittring,1984-09-28,1.6213,7.0,1,[18],sv,0,0,94,Devkino,Muammer Özer,"Nils Eklund, Tomas Fryk, Gunvor Pontén, Dominik Henzel, Martin Östby"
25654,tt0086950,Behind the Yellow Line,緣份,1984-10-03,1.6212,6.3,10,"[18, 35, 10749]",cn,0,0,92,Shaw Brothers,Taylor Wong Tai-Loi,"Leslie Cheung, Maggie Cheung, Anita Mui Yim-Fong, Anthony Chan Yau, Alfred Cheung Kin-Ting"
923963,,Eponine,Eponine,1984-01-06,1.621,0.0,0,[],en,0,0,10,,Michel Chion,"elizabeth tamaris, Karine Sacco, Cécile Sacco"
398583,tt0359513,Appassionata,序の舞,1984-01-14,1.6178,6.333,3,[18],ja,0,0,145,Toei Company,Sadao Nakajima,"Yūko Natori, Morio Kazama, Kunihiko Mitamura, Aki Mizusawa, Mariko Okada"
593182,tt0326978,The Street of Desire,彩り河,1984-04-14,1.6162,10.0,1,[18],ja,0,0,125,Shochiku,Haruhiko Mimura,"Hiroyuki Sanada, Yūko Natori, Rentaro Mikuni, Tsunehiko Watase, Mikijiro Hira"
344805,tt0230046,The Sparkling World,Блистающий мир,1984-09-27,1.614,5.4,5,"[14, 10751]",ru,0,0,91,Mosfilm,Bulat Mansurov,"Tiit Härm, Ilse Liepa, Pavel Kadochnikov, Julle Tudre, Lev Prygunov"
75838,tt0087802,The Nine Demons,九子天魔,1984-01-01,1.613,5.0,4,"[28, 27, 14]",zh,0,0,97,Hong Kong-China Chang He Film Co.,Chang Cheh,"Lu Feng, Ricky Cheng Tien-Chi, Chiang Sheng, Lee Chung-Yat, Yu Tai-Ping"
961143,tt0085343,City News,City News,1984-04-24,1.6127,0.0,1,[],en,0,0,0,,"David Fishelson, Zoe Zinman","Elliot Crown, Nancy Cohen, Richard Schlesinger, Thomas Trivier, Valerie Felitto"
1115965,tt5214188,Community Plot,Community Plot,1984-12-31,1.6118,0.0,0,[],en,0,0,20,,J.T. Takagi,"Paul Calderon, Virginia Jackson, George Sanchez, Malina Yung, Carrie Rubio"
90057,tt0087831,Alone and Unarmed,Один и без оружия,1984-06-06,1.6114,4.0,6,"[12, 28, 80]",ru,0,0,73,Sverdlovsk Film Studio,"Vladimir Khotinenko, Pavel Fattakhutdinov","Vasiliy Mishchenko, Vsevolod Larionov, Boris Galkin, Talgat Nigmatulin, Elena Mayorova"
603860,,Sensiz Olamam,Sensiz Olamam,1984-05-14,1.6105,0.0,0,[10749],tr,0,0,0,Ömür Film,Ülkü Erakalın,"Ayşe Tunalı, Pembe Mutlu, Salih Kırmızı, Engin Çağlar, Yusuf Sezgin"
80668,tt0083901,Scarab,Scarab,1984-06-22,1.6096,7.0,3,"[27, 12]",en,0,0,92,"Alloi Films, Tesauro",Steven-Charles Jaffe,"Rip Torn, Robert Ginty, Cristina Sánchez Pascual, Isabel García Lorca, Mayrata O'Wisiedo"
336441,tt3179528,Winner Takes All?,有Friend冇驚,1984-10-18,1.6089,9.0,2,"[18, 80, 28]",cn,0,0,94,The Wing-Scope Film Production Ltd.,Stanley Siu Wing,"Alan Tang Kwong-Wing, Stanley Fung Shui-Fan, Olivia Cheng Man-Nga, Chang Kuo-Chu, Shirley Kwan Suet-Lai"
171816,tt0087959,Love in a Fallen City,傾城之戀,1984-08-02,1.6089,6.4,11,"[10749, 18, 10752]",cn,0,0,93,Shaw Brothers,Ann Hui,"Cora Miao, Chow Yun-Fat, Keung Chung-Ping, Lisa Chiao Chiao, Helen Ma Hoi-Lun"
455882,tt0082124,And All That Jazz,Był jazz,1984-04-01,1.6083,8.0,1,"[18, 10402]",pl,0,0,96,,Feliks Falk,"Bożena Adamek, Michał Bajor, Andrzej Grabarczyk, Witold Pyrkosz, Kazimierz Wysota"
842430,,Portraits / Mirrors,Portraits / Mirrors,1984-01-01,1.6075,0.0,0,[],fr,0,0,75,,"Katerina Thomadaki, Maria Klonaris","Aloual, Gaël Badaud, Raphaël Bassan, Yann Beauvais, Jean-Michel Bouhours"
359878,tt1219699,My Little Pony,My Little Pony,1984-09-14,1.6069,6.867,15,"[16, 14, 10770]",en,0,0,22,"Sunbow Productions, Marvel Productions",John Gibbs,"Sandy Duncan, Tony Randall, Charlie Adler, Tammy Amerson, Fran Brill"
281356,tt0249074,Parannu Parannu Parannu,പറന്നു പറന്നു പറന്നു,1984-07-11,1.6069,9.0,2,"[9648, 10749, 18]",ml,0,0,153,Prekshaka,P. Padmarajan,"Rahman, Rohini, Sukumari, Nedumudi Venu, Jose Prakash"
209548,tt0087880,Paradise,Paradise,1984-12-01,1.606,6.6,14,[16],en,0,0,15,ONF | NFB,Ishu Patel,
404363,tt0071570,Goldilocks and the Three Bears,Goldilocks and the Three Bears,1984-01-09,1.6059,6.25,4,"[14, 10770]",en,0,0,48,"Platypus Productions, Gaylord Productions",Gilbert Cates,"Tatum O'Neal, Hoyt Axton, Alex Karras, Brandis Kemp, Carole King"
394657,tt0088101,Shattered Vows,Shattered Vows,1984-10-28,1.6058,5.1,4,"[10749, 18]",en,0,0,94,"River City Productions Inc., bertinelli productions",Jack Bender,"Valerie Bertinelli, David Morse, Caroline McWilliams, Tom Parsekian, Millie Perkins"
1351170,,Z galerii,Z galerii,1984-01-01,1.6051,0.0,0,[],pl,0,0,7,Państwowa Wyższa Szkoła Filmowa Telewizyjna i Teatralna (Łódź),Władysław Pasikowski,"Jakub Nowicki, Barbara Kruszewska, Paweł Granicki, Andrzej Matula"
473037,tt0296199,The Autumn Rains,Shirat e vjeshtës,1984-02-15,1.6045,9.0,1,[18],sq,0,0,70,,Spartak Pecani,"Kastriot Çaushi, Eva Alikaj, Robert Ndrenika, Vangjush Furxhi, Ilia Shyti"
143823,tt7880284,Choudenshi Bioman: The Movie,劇場版 超電子バイオマン,1984-07-14,1.6036,6.167,6,"[878, 28, 12]",ja,0,0,45,Toei Company,Nagafumi Hori,"Ryōsuke Sakamoto, Naoto Ôta, Akito Osuga, Sumiko Tanaka, Michiko Makino"
90319,tt0142851,The Tale of Tsar Saltan,Сказка о царе Салтане,1984-12-07,1.6019,7.0,42,"[16, 10751, 12, 14]",ru,0,0,53,Soyuzmultfilm,"Ivan Ivanov-Vano, Lev Milchin","Anastasiya Zuyeva, Mikhail Zimin, Aleksey Zolotnitskiy, Natalya Boronina, Roman Filippov"
461793,tt0087891,Paso Doble,Paso Doble,1984-10-01,1.6016,8.0,1,[],de,0,0,90,,Lothar Lambert,"Albert Heins, Ulrike Schirm, Susanne Stahl, Christoph Wellemeyer"
1078792,tt0086733,Hot Pursuit,Hot Pursuit,1984-09-22,1.6015,5.5,1,"[12, 18]",en,0,0,94,,Kenneth Johnson,"Cary Wilmot Alden, Lenore Banks, Sherri Lynne Cox, Charles Detraz, Eric Pierpoint"
377345,tt0086932,Bakom jalusin,Bakom jalusin,1984-09-26,1.6009,8.5,2,[18],sv,0,0,97,Faragofilm,Stig Björkman,"Erland Josephson, Gunnel Lindblom, Domiziana Giordano, Vlado Juras, Lotte Tarp"
714532,tt0254464,Kadamattathachan,കടമറ്റത്തച്ചൻ,1984-06-22,1.5995,8.0,1,"[12, 18]",ml,0,0,117,Sreedevi Movies,N. P. Suresh,"Prem Nazir, Srividya, Harikeshan Thampi, Prathapa Chandran, K. P. A. C. Azeez"
274291,tt0125902,Maladonna,Maladonna,1984-08-30,1.5995,4.571,7,[18],it,0,0,85,Geo Film,Bruno Gaburro,"Paola Senatore, Maurice Poli, Claudia Cavalcanti, Daniel Stephen, Maurizio Boni"
214629,tt1003059,Sleepwalker,Sleepwalker,1984-07-05,1.5995,5.5,13,[27],en,0,0,49,Bioscope,Saxon Logan,"Joanna David, Nickolas Grace, Heather Page, Bill Douglas, Fulton Mackay"
761919,tt11950886,Piet Bekaert,Piet Bekaert,1984-01-01,1.5986,0.0,0,[99],nl,0,0,12,"BelFilm, Kriteria Films",Ralf Boumans,"Yvan Baudoin, Piet Bekaert, Theresa Ghysens, Marc Van Poucke"
146974,tt0088447,The Testament of Professor Dowell,Завещание профессора Доуэля,1984-08-06,1.5984,5.344,16,"[12, 18, 878]",ru,0,0,91,Lenfilm,Leonid Menaker,"Oļgerts Kroders, Igor Vasilev, Natalya Sayko, Valentina Titova, Aleksandr Porokhovshchikov"
402531,tt0322002,Deutschlandlied,Deutschlandlied,1984-06-01,1.5979,9.0,1,[18],de,0,0,90,,Ernst Witzel,"Hans Hass Jr., Bernd Herzsprung, Hartmut Nolte, Isolde Barth, Hubert Suschka"
239611,tt1392100,Bandhana,Bandhana,1984-01-01,1.5976,6.3,3,"[18, 10749]",kn,0,0,161,,S V Rajendra Singh Babu,"Vishnuvardhan, Suhasini Maniratnam, Suhasini Maniratnam, Jai Jagadish"
517777,,Enjeux,Enjeux,1984-01-01,1.5972,0.0,0,[],fr,0,0,5,,Yann Beauvais,
98497,tt0087137,Hong Kong 1941,等待黎明,1984-11-02,1.5972,6.3,26,"[28, 10752]",cn,0,0,100,"D & B Films, Bo Ho Films, Fortune Star Films Co. (H.K.)",Leong Po-Chih,"Chow Yun-Fat, Alex Man Chi-Leung, Cecilia Yip Tung, Ku Feng, Shih Kien"
140987,tt0089365,Lily in Love,Lily in Love,1984-10-17,1.5969,6.25,4,[35],en,0,0,90,"Hungarofilm, Mafilm, New Line Cinema",Károly Makk,"Christopher Plummer, Maggie Smith, Elke Sommer, Adolph Green, Szabó Sándor"
469172,tt0089018,Manoel’s Destinies,Manuel na Ilha das Maravilhas,1984-08-02,1.5959,7.313,8,"[14, 12]",pt,0,0,152,"RTP, Rita Filmes, Les Films du Passage, INA",Raúl Ruiz,"Ruben de Freitas, Teresa Madruga, Fernando Heitor, Marco Paulo de Freitas, Diogo Dória"
1198460,tt0297723,The Almost Royal Family,The Almost Royal Family,1984-10-24,1.5958,0.0,0,"[18, 10751, 10770]",en,0,0,52,Scholastic Entertainment,Claude Kerven,"Sarah Jessica Parker, Christine Langner, John Femia, Mary Elaine Monti, Garrett M. Brown"
467363,tt0088125,Sins of the Past,Sins of the Past,1984-04-02,1.5956,5.2,5,"[9648, 53, 10770]",en,0,0,104,"Taft Entertainment Company, ABC",Peter H. Hunt,"Barbara Carrera, Kim Cattrall, Debby Boone, Tracy Reed, Kirstie Alley"
1020291,tt0087236,Fanado,Fanado,1984-01-01,1.5955,9.0,1,[99],fr,0,0,22,,Sana Na N'Hada,
158939,tt0088149,Something About Amelia,Something About Amelia,1984-01-09,1.5952,5.639,18,"[18, 10770]",en,0,0,100,The Leonard Goldberg Company,Randa Haines,"Ted Danson, Glenn Close, Olivia Cole, Roxana Zal, Lane Smith"
42710,tt0088116,Silent Madness,Silent Madness,1984-10-26,1.5944,4.918,49,[27],en,0,0,93,Mag Enterprises,Simon Nuchtern,"Viveca Lindfors, Belinda Montgomery, Solly Marx, Rick Aiello, Elizabeth Kaitan"
318657,tt21972920,"Good Morning, Mr. Orwell","Good Morning, Mr. Orwell",1984-01-01,1.5935,8.1,4,"[35, 10402, 10770, 99]",en,0,0,58,"Educational Broadcasting Corporation, France•3, Thirteen, The WNET Group, Centre Georges Pompidou, WDR","Nam June Paik, Emile Ardolino","George Plimpton, Claude Villers, Peter Gabriel, Laurie Anderson, Joseph Beuys"
150632,tt2998282,Celestial Navigation,Celestial Navigation,1984-04-28,1.5935,0.0,0,[16],en,0,0,15,,Al Jarnow,
1643706,tt0814321,The Switchman,Skretničar,1984-09-24,1.593,0.0,0,"[10770, 18]",sh,0,0,63,Televizija Sarajevo,Muhamed Mehmedović,"Pero Kvrgič, Zaim Muzaferija, Antun Kujavec, Ante Vican, Saša Selenić"
105236,tt0086339,The Ark of the Sun God,I sopravvissuti della città morta,1984-08-17,1.593,5.3,12,"[28, 12, 80]",it,0,0,98,Flora Film,Antonio Margheriti,"David Warbeck, Luciano Pigozzi, Ricardo Palacios, Susie Sudlow, John Steiner"
322622,tt5108294,How Petryk Piatochkin Counted Little Elephants,Як Петрик Пʼяточкін слоників рахував,1984-01-01,1.5925,6.4,10,[16],uk,0,0,10,Kyivnaukfilm,Oleksandr Viken,Nataliya Rozhkova
559478,tt0328104,The Man Who Knew too Much,The Man Who Knew too Much,1984-11-05,1.5912,8.0,2,[18],fa,10000,100000,95,,Yadollah Samadi,"Enayat Shafiee, Jafar Vali, Morteza Ahmadi, Ahmad Alinejad, Mohammad Barsoozian"
15014,tt0085240,Bianca,Bianca,1984-02-23,1.5912,7.519,413,"[18, 35, 9648]",it,0,0,96,"Reteitalia, Faso Film",Nanni Moretti,"Nanni Moretti, Laura Morante, Roberto Vezzosi, Remo Remotti, Claudio Bigagli"
153234,tt0087308,Future Schlock,Future Schlock,1984-01-01,1.5909,5.0,6,"[878, 35]",en,0,0,85,The Ultimate Show,"Barry Peak, Chris Kiely","Mary-Anne Fahey, Mike Bishop, Tracey Callander, Tiriel Mora, Simon Thorpe"
959613,tt0441604,Björnen,Björnen,1984-12-11,1.7833,7.0,1,"[10770, 10749, 35]",sv,0,0,46,"2 Teatern, SVT",Bernt Callenbo,"Anita Wall, Börje Ahlstedt, Sven Lindberg"
293393,tt0087541,Kassensturz,Kassensturz,1984-01-01,1.5901,8.0,1,[35],de,0,0,0,,Rolf Silber,"Christoph M. Ohrt, Tilo Prückner, Kai Fischer, Reno Nonsens, Britta Pohland"
504806,tt0284296,The Martyrdom of St. Sebastian,Das Martyrium des heiligen Sebastian,1984-02-12,1.5895,5.0,2,"[18, 10402]",fr,0,0,82,"TV 2000, WDR, Unitel",Petr Weigl,"Michael Biehn, Nicholas Clay, Franco Citti, Urs Althaus, Pietro Speciale"
703768,,Profession: Conchylicultrice,Profession: Conchylicultrice,1984-03-03,1.5891,0.0,0,[99],fr,0,0,34,Vidéo Out,"Carole Roussopoulos, Claude Vauclare",
1220768,,Lily,Lily,1984-01-01,1.5888,0.0,0,[18],en,0,0,9,,Julie Money,
580185,tt0083353,Young Lust: A Soap Opera,Young Lust: A Soap Opera,1984-04-27,1.5885,3.5,4,[35],en,5000000,0,90,"Paramount Pictures, Robert Stigwood Organization, The Young Lust Production Company Inc.",Gary Weis,"Fran Drescher, Mews Small, Dana Carvey, Dorothy Constantine, Edith Fields"
52778,tt0088330,Until September,Until September,1984-09-21,1.5874,5.0,15,"[18, 10749]",en,0,4100000,95,"United Artists, Metro-Goldwyn-Mayer",Richard Marquand,"Karen Allen, Thierry Lhermitte, Christopher Cazenove, Hutton Cobb, Michael Mellinger"
764508,,Wanted,Hooliya,1984-01-01,1.5858,0.0,0,[],bn,0,0,28,Kino-Eye Films,Tanvir Mokammel,"Asaduzzaman Noor, Humayun Faridi, Enamul Haque, Aly Zaker , Mohammad Zakaria"
1077545,tt1934218,Council Matters,Council Matters,1984-01-01,1.5849,0.0,0,"[16, 99]",en,0,0,10,Leeds Animation Workshop,,
29587,tt0177262,Style Wars,Style Wars,1984-01-23,1.5847,7.54,62,"[10402, 99, 10770]",en,0,0,70,Public Art Films,Tony Silver,"Cap, Daze, Dondi, Kase 2, Eric Haze"
69793,,Romeo & Juliet,Romeo & Juliet,1984-02-08,1.5833,9.0,1,[],es,0,0,0,,,"Natalya Besmertnova, Irek Mukhamedov, Mikhail sharkov, Aleksandr Vetrov"
536800,tt0133257,Verdes Anos,Verdes Anos,1984-05-25,1.5826,5.5,2,[18],pt,0,0,91,,"Giba Assis Brasil, Carlos Gerbase","Werner Schünemann, Marcos Breda, Xala Felippi, Carlos Grubber, Sérgio Lulkin"
129181,tt0087655,Lust for Love of a Chinese Courtesan,愛奴新傳,1984-09-20,1.5825,4.429,7,[18],cn,0,0,88,Shaw Brothers,Chor Yuen,"Candice Yu On-On, Nancy Hu Guan-Chen, Chang Kuo-Chu, Alex Man Chi-Leung, Walter Tso Tat-Wah"
25661,tt0087623,Opium and the Kung Fu Master,洪拳大師,1984-07-14,1.5824,6.9,24,"[28, 35, 18]",cn,0,0,85,Shaw Brothers,Tong Kai,"Ti Lung, Robert Mak Tak-Law, Tong Kai, Chen Kuan-Tai, Leanne Liu"
361174,tt0210641,Street Wise,Delincuente,1984-08-10,1.5815,6.768,28,"[10402, 10749]",es,0,0,98,,Sergio Véjar,"Pedro Fernández, Lucero, Alma Delfina, Arturo Alegría, Nuria Bages"
297664,tt0087767,My Mother's Secret Life,My Mother's Secret Life,1984-02-05,1.5808,8.0,2,"[18, 10770]",en,0,0,100,"ABC Circle Films, Furia/Oringer Productions, ABC",Robert Markowitz,"Loni Anderson, Paul Sorvino, Amanda Wyss, James Sutorius, Sandy McPeak"
320753,tt0088115,Silence of the Heart,Silence of the Heart,1984-10-30,1.5803,6.833,6,"[18, 10770]",en,0,0,100,"Tisch/Avnet Productions Inc., CBS",Richard Michaels,"Mariette Hartley, Dana Hill, Howard Hesseman, Chad Lowe, Silvana Gallardo"
307923,tt1342390,Kalinga Sarpa,Kalinga Sarpa,1984-07-17,1.5798,0.0,0,"[28, 18]",kn,0,0,128,Parimal Productions,D. Rajendra Babu,"Shankar Nag, Manjula, Vajramuni, Thoogudeepa Srinivas, Sundar Raj"
271902,tt0090002,The Woman of Wrath,殺夫,1984-09-08,1.578,5.8,5,[18],zh,0,0,98,"Tomson (Hong Kong) Films Co., Ltd.",Tseng Chuang-Hsiang,"Pat Ha Man-Jik, Yang Li-yin, Chin Fei, Pai Ying, Ying Bai"
320510,tt0086446,Everlasting Love,停不了的愛,1984-03-22,1.5772,6.5,6,"[18, 10749]",cn,0,0,100,Johnny Mak Production,Michael Mak Tong-Kit,"Andy Lau, Irene Wan, Loletta Lee Lai-Chun, Richard Ng Man-Tat, Leung Chau-Mei"
475308,tt0088078,The Seduction of Gina,The Seduction of Gina,1984-01-17,1.5768,5.857,7,[18],en,0,0,91,Bertinelli/Jaffe Productions,Jerrold Freedman,"Valerie Bertinelli, Michael Brandon, Fredric Lehne, Ed Lauter, John Harkins"
113684,tt0087522,The Other Side of Gentleman,君子好逑,1984-06-28,1.5766,6.0,2,"[35, 10749]",cn,0,0,93,Always Good Film Company,Ringo Lam Ling-Tung,"Alan Tam, Brigitte Lin, Chang Kuo-Chu, Bennett Pang Kin-San, Kan Yee-Ching"
84994,tt0176097,Rocktober Blood,Rocktober Blood,1984-10-12,1.5756,4.2,30,"[27, 10402]",en,0,0,88,,Beverly Sebastian,"Tray Loren, Donna Scoggins, Cana Cockrell, Renee Hubbard, Ben Sebastian"
297672,tt0088337,Vamping,Vamping,1984-09-01,1.5755,4.125,4,[18],en,0,0,108,,Frederick King Keller,"Patrick Duffy, Catherine Hyland, Rod Arrants, Fred A. Keller, Polli Magaro"
96465,tt0090299,Waterwalker,Waterwalker,1984-08-25,1.5746,8.3,3,[99],en,0,0,87,ONF | NFB,Bill Mason,"Bill Mason, Wilf Pelletier"
305795,tt0087063,City Killer,City Killer,1984-10-28,1.5737,6.0,6,[53],en,0,0,100,"The Shpetner Company, Sunrise Productions, Inc.",Robert Michael Lewis,"Gerald McRaney, Heather Locklear, Terence Knox, Peter Mark Richman, John Harkins"
45039,tt0086319,The Snowdrop Festival,Slavnosti sněženek,1984-01-01,1.5735,6.629,31,"[35, 18]",cs,0,0,83,Filmové studio Barrandov,Jiří Menzel,"Rudolf Hrušínský, Jaromír Hanzlík, Josef Somr, Petr Čepek, Miloslav Štibich"
195912,tt0088200,Success Is the Best Revenge,Success Is the Best Revenge,1984-05-26,1.5733,6.5,6,[18],en,0,0,91,"Gaumont, Emerald",Jerzy Skolimowski,"Michael York, John Hurt, Anouk Aimée, Michel Piccoli, Michał Skolimowski"
949540,tt12408754,Fayeq Gets Married,فايق يتزوج,1984-06-25,1.5717,0.0,1,[],ar,0,0,90,Babylon Company For Film And Television Production,Ibrahim AbdulJalil,"Qasim Al-Malakh, Sanaa Abdel Rahman, Salim Albasri, Falah Abboud, Laila Mohammed"
78888,tt0320709,Vaidehi Kathirunthal,வைதேகி காத்திருந்தாள்,1984-10-23,1.5714,6.333,3,"[18, 10749]",ta,0,0,141,,Sundarrajan,"Vijayakanth, Revathi, Goundamani, Senthil, Pramila Joshai"
390003,tt0087364,Frontier,De grens,1984-03-26,1.5708,9.0,1,"[53, 18]",nl,0,0,100,,Leon de Winter,"Johan Leysen, Linda van Dyck, Angela Winkler, André Dussollier, Héctor Alterio"
1590326,,Hanuman and the Eleven Ultramen,หนุมาน พบ 11 ยอดมนุษย์,1984-01-01,1.5705,0.0,0,"[878, 28]",th,0,0,105,"Chaiyo Productions, Tsuburaya Productions","Sompote Sands, Shohei Tôjô, Koichi Takano","Sanit Kaewadee, Ouab Somchat, Kaan Boonchoo, Prida Somthobsuuk, Jan Wanpen"
1117129,tt1918896,Küljetuul,Küljetuul,1984-01-01,1.5705,0.0,0,[18],en,0,0,64,,Raul Tammet,"Märt Visnapuu, Talvo Pabut, Tõnu Saar, Kiiri Tamm, Angelina Semjonova"
482230,tt1772835,Ein Sommernachtstraum,Ein Sommernachtstraum,1984-12-23,1.5693,0.0,0,[18],de,0,0,0,,Thomas Langhoff,"Hilmar Baumann, Manfred Borges, Jörg Gudzuhn, Uwe Kockisch, Monika Lennartz"
1421626,,"Amerika, Amerika","Amerika, Amerika",1984-02-25,1.5658,0.0,0,"[10402, 35]",nl,0,0,153,"Tekstpierement BV, Hans Tobi BV, AVRO","Jo Dua, John Schelfhout","Jos Brink, Frank Sanders, Caroline Kaart, Lucy de Lange, Mary Michon"
402041,tt0205739,Among the Wild Chimpanzees,Among the Wild Chimpanzees,1984-01-30,1.565,7.75,4,[99],en,0,0,59,National Geographic,,"Jane Goodall, Alexander Scourby"
428727,,Beach Events,Beach Events,1984-01-01,1.5646,0.0,0,[],en,0,0,8,,Rick Hancox,
758305,,Cinématon XXXI,Cinématon XXXI,1984-04-04,1.5638,8.0,1,[],fr,0,0,30,Les Amis de Cinématon,Gérard Courant,"Robert Cortes, Charles Tesson, Ruth Francken, Dagmar von Gottberg, Geoffroy Hendricks"
1359655,tt10163192,Rajbari,Rajbari,1984-01-01,1.5625,0.0,0,[27],bn,0,0,0,Bongo BD,Kazi Hayat,"Raisul Islam Asad, Sohel Rana, Anjana Sultana"
100688,tt0088034,Sam's Son,Sam's Son,1984-08-17,1.562,6.5,5,[18],en,0,0,104,"Worldvision Enterprises, Michael Landon Productions",Michael Landon,"Eli Wallach, Anne Jackson, Michael Landon, Timothy Patrick Murphy, Hallie Todd"
1282097,,Pettonton Special,Pettonton Special,1984-08-27,1.5619,0.0,0,"[10751, 878, 35]",ja,0,0,71,,Tarou Sakamoto,
661082,tt0085268,Witches' Sabbath,Boszorkányszombat,1984-03-29,1.5617,7.0,1,"[10751, 12, 10749]",hu,0,0,84,"Mokép, Mafilm, Halcyon Studios",János Rózsa,"Antal Páger, Kamondy Imre, Róbert Koltai, Zoltán Papp, Dorottya Udvaros"
493326,tt0445666,Requiem,Reekviem,1984-05-24,1.5615,8.0,1,"[18, 36, 10752]",et,0,0,72,Tallinnfilm,Olav Neuland,"Aarne Üksküla, Andrus Vaarik, Ivo Linna, Sulev Luik, Doris Neuland"
161919,tt0222054,John the Fearless,Jan Zonder Vrees,1984-01-01,1.5603,8.0,3,"[10751, 16, 12]",nl,0,0,80,Belgische Radio en Televisie,Jef Cassiers,"Jan Decleir, Jef Burm, Joris Collet, Dirk de Batist, Jan Pauwels"
1596453,,The Great Talent,Veliki talenat,1984-06-04,1.5601,0.0,0,"[10770, 18]",sh,0,0,93,Televizija Sarajevo,Nikola Stojanović,"Ivo Gregurević, Miralem Zupčević, Branko Cvejić, Ante Vican, Dušica Žegarac"
634710,tt0236631,Too Hot for May,Prea cald pentru luna mai,1984-12-14,1.5594,7.8,4,"[18, 10749]",ro,0,0,88,Casa de Filme 1,Maria Callas Dinescu,"Adrian Păduraru, Marina Procopie, Dan Puric, Stelian Nistor, George Constantin"
197801,tt0087501,The Jesse Owens Story,The Jesse Owens Story,1984-07-09,1.5592,8.083,6,"[18, 36, 10770]",en,0,0,174,"Harve Bennett Productions, Paramount Television",Richard Irving,"Dorian Harewood, Dan Ammerman, Tom Bosley, Georg Stanford Brown, LeVar Burton"
137770,tt2002701,Klipperty Klöpp,Klipperty Klöpp,1984-11-30,1.5588,6.0,1,[],en,0,0,13,,Andrew Kötting,
1749287,tt1228997,Padmavyuham,పద్మవ్యూహం,1984-01-19,1.5579,0.0,0,[18],te,0,0,142,,G. C. Sekar,"Mohan Babu, Gollapudi Maruti Rao, Giri Babu, Chandra Mohan, Prabhakar Reddy"
121495,tt0125494,Kenya Boy,少年ケニヤ,1984-03-10,1.5561,5.7,9,"[16, 12, 14]",ja,0,0,109,"Toei Animation, KADOKAWA",Nobuhiko Obayashi,"Tomoyo Harada, Eiko Masuyama, Ichiro Nagai, Ryōichi Takayanagi, Kaneto Shiozawa"
349612,tt3428548,The Swamp of the Firebird,불새의 늪,1984-05-04,1.5545,0.0,0,[],ko,0,0,88,,Ko Eung-ho,"Won Mi-kyung, Ma Hung-sik, Kim Chu-ryeon, Hong Seong-min, Kim Eul-dong"
59385,tt0087712,Mesrine,Mesrine,1984-02-29,1.5542,5.912,17,"[80, 18]",fr,0,0,110,"G.R. Productions, Parafrance Films",André Génovès,"Nicolas Silberg, Caroline Aguilar, Gérard Sergue, Michel Poujade, Michel Beaune"
850552,,A Last Supper,Ein Abendmahl,1984-01-01,1.552,0.0,0,[],de,0,0,12,,Christine Schlegel,
155688,tt0087174,Draw!,Draw!,1984-07-15,1.5505,6.556,18,"[35, 37, 10770]",en,0,0,98,HBO,Steven Hilliard Stern,"Kirk Douglas, James Coburn, Alexandra Bastedo, Graham Jarvis, Derek McGrath"
1328432,,Ztracené hodinky,Ztracené hodinky,1984-09-04,1.5503,0.0,0,"[10751, 14]",cs,0,0,0,Československá televize Brno,Eugen Sokolovský ml.,"Antonín Kala, Marcela Mikulášková, Jiří Krampol, Lubor Tokoš, Karel Mišurec"
1413422,,On Duty,On Duty,1984-04-16,1.5501,0.0,0,"[99, 18]",en,0,0,0,Channel 4 Television,Cassie McFarlane,"Pearl Wilson, Michael Hamilton, Sylvester Williams, Yvonne Weekes, Lyn Langridge"
47946,tt0086985,Body Rock,Body Rock,1984-09-28,1.5501,4.38,25,"[10402, 18]",en,6000000,1689501,93,,Marcelo Epstein,"Lorenzo Lamas, Vicki Frederick, Cameron Dye, Michelle Nicastro, Ray Sharkey"
634618,tt0411339,El eco,El eco,1984-01-01,1.5494,10.0,1,[18],es,0,0,3,"INCAA, ENERC",Ana Poliak,"Madelyn Dominguez, Susana Martínez"
1563168,tt1402482,Gajendra,Gajendra,1984-02-14,1.5489,0.0,0,"[28, 18]",kn,0,0,156,Gajaraja Pictures,V. Somashekar,"Ambareesh, Pavithra, Vajramuni, Sudheer, T. N. Balakrishna"
66276,tt0235509,Kai Kodukkum Kai,கை கொடுக்கும் கை,1984-06-15,1.5474,6.25,6,[18],ta,0,0,138,,J. Mahendran,"Rajinikanth, Revathi, Rajyalakshmi, V. S. Raghavan, Sowcar Janaki"
255569,tt0087967,R.S.V.P.,R.S.V.P.,1984-12-01,1.547,4.889,9,[35],en,0,0,87,Platinum Pictures,Lem Amero,"Adam Mills, Lynda Wiesmeier, Veronica Hart, Ray Colbert, Harry Reems"
94153,tt0087429,The House of God,The House of God,1984-01-01,1.5463,3.2,5,"[35, 18]",en,8000000,0,108,"United Artists, Metro-Goldwyn-Mayer",Donald Wrye,"Tim Matheson, Charles Haid, Michael Sacks, Lisa Pelikan, Bess Armstrong"
771491,,Zimarroi,Zimarroi,1984-01-01,1.5456,0.0,0,[99],eu,0,0,10,,"Rafael Trecu, Francisco Bernabé",
630778,tt5375502,Terminal Velocity,Terminal Velocity,1984-10-01,1.5453,2.0,1,[28],en,500000,0,0,Cine Paris,Stephen Mitchell,"Joel Hile, Tom Hutchinson, Brinke Stevens"
958991,,Murmurando,Murmurando,1984-03-15,1.5449,0.0,0,"[35, 10770]",pl,0,0,36,"Zespół Filmowy ""Silesia""",Andrzej Barszczyński,"Agata Rzeszewska, Hanna Stankówna, Wiesław Drzewicz, Andrzej Siedlecki, Maciej Szrenica"
49675,tt0086467,The Tragedy of Coriolanus,The Tragedy of Coriolanus,1984-03-26,1.5439,8.0,3,"[18, 10770]",en,0,0,145,"BBC, Time-Life Television Productions",Elijah Moshinsky,"Alan Howard, Patrick Godfrey, Irene Worth, Mike Gwilym, Heather Canning"
442697,tt0087264,The Fix,The Fix,1984-02-19,1.5433,10.0,1,"[28, 80]",en,0,0,95,,Will Zens,"Vince Edwards, Richard Jaeckel, Tony Dale, Julie Hill, Byron Cherry"
582951,tt0269699,Paavam Poornima,പാവം പൂർണ്ണിമ,1984-05-25,1.5432,10.0,1,[80],ml,0,0,133,Beegees Films,Balu Kiriyath,"Mammootty, Menaka Suresh, Mohanlal, Sukumari, Innocent"
1366652,,Tonight Harald,Tonight Harald,1984-01-01,1.543,0.0,0,[10402],de,0,0,0,"Novafilm, Terranova Film- und Fernsehproduktion Otto Meissner KG",Ekkehard Böhmer,"Harald Juhnke, Vivian Reed, Paul Kuhn"
82407,tt0086980,Bloodsuckers from Outer Space,Bloodsuckers from Outer Space,1984-01-03,1.5424,4.722,27,"[35, 27, 878]",en,0,0,81,One Of Those Productions,Glen Coburn,"Thom Meyers, Laura Ellis, Dennis Letts, Glen Coburn, Robert Bradeen"
280371,tt0291894,Ivide Thudangunnu,ഇവിടെ തുടങ്ങുന്നു,1984-07-04,1.5413,7.5,2,"[18, 80, 53]",ml,0,0,137,Sathguna Combines,J Sasikumar,"Mohanlal, Rahman, Rohini, Rajyalakshmi, C I Paul"
617363,tt0195588,Caín,Caín,1984-01-01,1.5408,7.0,1,[18],es,0,0,115,Compañía para el Fomento Cinematográfico - FOCINE,Gustavo Nieto Roa,"Armando Gutiérrez, Marta Liliana Ruiz, Jorge Emilio Salazar"
347580,tt0260928,Giddh: The Vulture,Giddh,1984-01-01,1.5404,6.75,2,[18],hi,0,0,113,,T. S. Ranga,"Om Puri, Smita Patil, Nana Patekar, Achyut Potdar, M. K. Raina"
55727,tt0087666,Making the Grade,Making the Grade,1984-05-18,1.539,5.086,29,[35],en,0,4561346,105,"The Cannon Group, Metro-Goldwyn-Mayer, Golan-Globus Productions",Dorian Walker,"Judd Nelson, Dana Olsen, Jonna Lee, Gordon Jump, Walter Olkewicz"
171367,tt0130040,The Jar,The Jar,1984-04-16,1.5384,4.2,15,"[9648, 27, 53]",en,0,0,89,Magnum Entertainment,Bruce Toscano,"Gary Wallace, Karin Sjöberg, Robert Gerald Witt, Dean Schoepter, Les Miller"
248352,tt0320114,Naan Mahaan Alla,நான் மகான் அல்ல,1984-01-14,1.5382,5.5,4,[],ta,0,0,133,,S. P. Muthuraman,"Rajinikanth, Radha, M. N. Nambiar, V. K. Ramasamy, Cho Ramaswamy"
58970,tt0269337,Horror Heaven,Horror Heaven,1984-01-01,1.5373,5.0,5,"[27, 35, 878]",de,0,0,22,,Jörg Buttgereit,"Jörg Buttgereit, Daktari Lorenz, Harald Lundt, Peter Synthetic"
589394,tt1045229,Screen of Love,Tirai Kasih,1984-01-01,1.5372,0.0,0,[18],id,0,0,102,PT Inem Film,Agus Ellyas,"Tuty Wasiat, Ray Sahetapy, Dasri Yacob, W.D. Mochtar, Ade Irawan"
583359,tt12418422,Spoonful,Spoonful,1984-04-06,1.5365,0.0,0,[99],fr,0,0,82,K.O.C.K. Production,Gérard Courant,"Conny Schenk, Gérard Courant, Titus, Blaise, Liliane Duchêne"
314130,tt0088060,Schulmädchen '84,Schulmädchen '84,1984-04-06,1.5364,4.5,4,[35],de,0,0,81,Lisa Film,Nikolai Müllerschön,"Jacqueline Elber, Petra Campbell, Billy Aibel, Angelica Böck, Rainer Grupe"
524379,tt0254188,Soft Touch,Soft Touch,1984-01-01,1.5362,5.4,5,[35],en,0,0,0,,Kent Ames,"Jennifer Inch, Sue Morrow, Victoria Lake, Jeannine Louise, Jennifer Wyhl"
86277,tt0087543,Katy Caterpillar,"Katy, la oruga",1984-07-05,1.5355,8.021,24,"[12, 16, 10751]",es,0,0,84,"Moro Creativos Asociados, Televicine","José Luis Moro, Santiago Moro","Cristina Camargo, Alfonso Obregon, Héctor Lee, Francisco Colmenero, Diana Santos"
1327883,tt2143566,Svatohor,Svatohor,1984-01-01,1.5351,0.0,0,[16],sk,0,0,30,"Krátký film Praha – Studio Jiřího Trnky, Československá televízia Bratislava",Ivan Renč,Dušan Jamrich
501921,tt0087836,Ohan,おはん,1984-10-06,1.5347,7.0,1,[18],ja,0,0,112,TOHO,Kon Ichikawa,"Sayuri Yoshinaga, Koji Ishizaka, Reiko Ōhara, Michi Kagawa, Chōchō Miyako"
261311,tt1449279,Vamsa Vilakku,வம்ச விளக்கு,1984-10-23,1.5343,0.0,0,[18],ta,0,0,0,,R Krishnamurthy,"Sivaji Ganesan, K R Vijaya, Prabhu, M. N. Nambiar, Radhika Sarathkumar"
84771,tt0087648,Lovelines,Lovelines,1984-11-02,1.534,5.0,12,[35],en,0,289814,93,TriStar Pictures,Rod Amateau,"Greg Bradford, Mary Beth Evans, Don Michael Paul, Tammy Taylor, Stacey Toten"
861286,tt0757174,Charot,Charot,1984-11-16,1.5334,0.0,0,[35],tl,0,0,105,PR Films,Leonardo Pascual,"Roderick Paulate, Panchito, Bomber Moran, Tatlong Itlog, Rodolfo 'Boy' Garcia"
604708,tt0088413,Wolfgirl,Die Wolfsbraut,1984-11-21,1.5334,7.0,1,[],de,0,0,85,NDR,Dagmar Beiersdorf,"Imke Barnstedt, Martine Felton, Lothar Lambert, Albert Heins, Mustafa Iskandarani"
404506,tt0194083,Kolossale Liebe,Kolossale Liebe,1984-05-30,1.5323,9.0,1,[18],de,0,0,137,Jutta Brückner Filmproduktion,Jutta Brückner,"Kirsten Dene, Ulrich Gebauer, Ilse Künkele, Richard Münch, Sandra Marcus"
11766,tt0087827,Obsessive Love,Obsessive Love,1984-10-02,1.5323,5.056,9,"[18, 53, 10770]",en,0,0,96,"Moonlight Productions, CBS, Onza Entertainment, ITC Entertainment",Steven Hilliard Stern,"Yvette Mimieux, Simon MacCorkindale, Constance McCashin, Kin Shriner, Jill Jacobson"
78927,,January 1,ஜனவரி 1,1984-12-06,1.532,0.0,0,"[18, 80, 53]",ta,0,0,121,PNR Pictures,Manivannan,"Vijayakanth, Sulakshana, Sathyaraj, Senthil, Janagaraj"
1323483,tt0086202,Robin of Sherwood: Robin Hood and the Sorcerer,Robin of Sherwood: Robin Hood and the Sorcerer,1984-04-28,1.5319,0.0,0,"[12, 14]",en,0,0,104,"Goldcrest Films International, HTV",Ian Sharp,"Michael Praed, Nickolas Grace, Robert Addie, Ray Winstone, Clive Mantle"
165701,tt0196526,"Darling, Let's Get Naked!",Έλα να αγαπηθούμε ντάρλινγκ,1984-10-18,1.5318,6.176,17,[35],el,0,0,91,Giorgos Karagiannis & Co.,Giannis Dalianidis,"Stathis Psaltis, Stamatis Gardelis, Kaiti Finou, Efi Pikoula, Spyros Kalogirou"
1108992,tt0332027,The Missing Plane,الطائرة المفقودة,1984-10-22,1.5317,8.0,1,"[18, 53]",ar,0,0,0,,Ahmed El Nahas,"Mahmood Yaseen, Sohier Ramzy, Mohey Ismail, Ragaa Youssef, Ahmad Bedir"
163098,tt0088046,Scandalous,Scandalous,1984-01-29,1.5313,4.667,3,[35],en,0,0,92,"Raleigh Films, Angeles Cinema Investors, Lantana Productions",Rob Cohen,"Robert Hays, Ron Travis, M. Emmet Walsh, John Gielgud, Ed Dolan"
280361,tt0292265,Swanthamevide Bandhamevide,സ്വന്തമെവിടെ ബന്ധമെവിടെ,1984-07-04,1.5309,8.0,1,[18],ml,0,0,133,,J Sasikumar,"Jose Prakash, Mohanlal, Lalu Alex, Menaka Suresh, Adoor Bhasi"
1419614,,Kenikmatan,Kenikmatan,1984-02-28,1.5308,0.0,0,[18],id,0,0,78,PT Kanta Indah Film,Nico Pelamonia,"Chintami Atmanegara, Robin Panjaitan, Rachmat Hidayat, Yoseano Waas, Azwar AN"
181269,tt0088077,Secrets of a Married Man,Secrets of a Married Man,1984-09-24,1.5291,3.0,5,"[18, 10770]",en,0,0,100,"ITC Entertainment, NBC",William A. Graham,"William Shatner, Michelle Phillips, Glynn Turman, Cybill Shepherd, Jackson Davies"
1432733,tt0396635,Hiawatha,Hiawatha,1984-12-27,1.5261,8.0,1,[18],en,0,0,80,"Channel 4 Television, Quintet Films",Michael Bogdanov,"Yvonne Bryceland, David Joss Buckley, Jim Carter, Terry Diab, Michael Fenner"
386056,tt0337026,Platzwunder,Platzwunder,1984-01-01,1.5261,10.0,1,[],en,0,0,95,,"Reinhard Kahn, Michael Leiner",
443434,tt0123656,Channel Chaos,Channel Chaos,1984-01-01,1.5251,10.0,1,[35],en,0,0,85,Hatful Productions,Barry Peak,"Jay Hackett, Peter Hosking, Peter Thompson, Vincent Gil, Peter Moon"
48112,tt0087039,One Hundred Days in Palermo,Cento giorni a Palermo,1984-04-06,1.5243,6.9,50,"[18, 80]",it,0,0,106,"TV Cine 2000, La Cecilia, Ombre Et Lumiere, Cooperativa Lavoratori del Cinema e del Teatro (C.L.C.T.)",Giuseppe Ferrara,"Lino Ventura, Giuliana De Sio, Arnoldo Foà, Lino Troisi, Stefano Satta Flores"
1609318,,Television,Television,1984-01-01,1.5236,0.0,0,[35],en,0,0,8,David Ullendorff Productions,David Ullendorff,
84946,tt0084388,Diary for My Children,Napló gyermekeimnek,1984-05-03,1.5235,6.9,35,[18],hu,0,0,106,"Budapest Játékfilmstúdió, Mafilm",Márta Mészáros,"Czinkóczi Zsuzsa, Anna Polony, Földi Teri, Jan Nowicki, Sándor Oszter"
826512,tt0888068,Butcher,屠夫,1984-01-01,1.523,0.0,0,[18],zh,0,0,86,"Long Shong Pictures (H.K.) Limited, Jin Hua Film Co., Ltd.",Wang Chungkuang,"Lau Yuk-Pok, Chen Kuan-Tai, Lu Yi-Feng, Chiang Ching-yen, Li Chang-An"
304367,tt0085364,The Heart of the Night,El corazón de la noche,1984-03-15,1.5218,5.111,9,"[53, 9648, 10749]",es,0,0,108,,Jaime Humberto Hermosillo,"Jorge Balzaretti, Marcela Camacho, Pedro Armendáriz Jr., Roberto Cobo, Manuel Ojeda"
55976,tt0087681,Marche à l'ombre,Marche à l'ombre,1984-10-17,1.5217,6.5,199,[35],fr,0,0,90,"Films A2, Les Films Christian Fechner",Michel Blanc,"Michel Blanc, Gérard Lanvin, Sophie Duez, François Berléand, Bernard Farcy"
678121,tt0349247,Corrupción,Corrupción,1984-04-05,1.5213,6.667,3,"[35, 18]",es,0,0,105,"Cineproducciones Irvsa de Mexico S.A., Películas Rodríguez",Ismael Rodríguez,"Carmen Salinas, Rafael Inclán, Pedro Infante Jr., Alberto Rojas, Abril Campillo"
56550,tt0199651,Secret Service of the Imperial Court,錦衣衛,1984-10-19,1.5213,5.955,11,[28],zh,0,0,87,Shaw Brothers,Tony Lou Chun-Ku,"Bryan Leung, Tony Liu Tian-jue, Nancy Hu Guan-Chen, Ku Feng, Lo Meng"
386101,tt0269661,Onnanu Nammal,ഒന്നാണു നമ്മൾ,1984-12-26,1.5212,7.0,1,"[10749, 35, 18]",ml,0,0,123,AMK Cine Arts,P G Viswambharan,"Mammootty, Seema, Mohanlal, Poornima Bhagyaraj, Adoor Bhasi"
576818,,Curious George,Curious George,1984-01-01,1.5207,6.0,1,[16],en,0,0,15,,John Clark Matthews,"June Foray, Corey Burton"
97975,tt0088157,Special Effects,Special Effects,1984-11-16,1.5204,4.8,47,"[18, 27, 53]",en,0,0,106,"Hemdale, New Line Cinema, Larco Productions",Larry Cohen,"Zoë Lund, Eric Bogosian, Brad Rijn, Kevin O'Connor, Bill Oland"
593019,tt0140795,Aikalainen,Aikalainen,1984-03-16,1.5203,3.25,4,[18],fi,0,0,72,Reppufilmi,Timo Linnasalo,"Paavo Piskonen, Kati Outinen, Rose-Marie Precht, Pekka Laiho, Sulevi Peltola"
78941,tt0373427,Vetri,வெற்றி,1984-02-17,1.5203,8.0,1,"[28, 18]",ta,0,0,135,P S V Pictures,S. A. Chandrasekhar,"Vijayakanth, Viji, M. N. Nambiar, P. S. Veerappa, S. S. Chandran"
452897,tt0292164,Oru Kochu Swapnam,ഒരു കൊച്ചു സ്വപ്നം,1984-03-02,1.5196,8.5,2,[],ml,0,0,124,,Vipin Das,"Ilavarasi, Mohanlal, Nedumudi Venu, Unni Mary, Seema"
430274,tt0085565,Frevel,Frevel,1984-06-29,1.5187,10.0,1,"[80, 18]",de,0,0,0,,Peter Fleischmann,"Angelika Stute, Peter Fleischmann, Isolde Barth, Balduin Baas, Horst Kummeth"
274670,tt0215568,A Billion for Boris,A Billion for Boris,1984-02-01,1.5179,7.0,2,[35],en,0,0,94,Comworld Productions,Alexander Grasshoff,"Scott Schutzman Tiler, Mary Tanner Bailey, Seth Green, Tim Kazurinsky, Lee Grant"
52033,tt0086944,Be Somebody... or Be Somebody's Fool!,Be Somebody... or Be Somebody's Fool!,1984-10-01,1.5171,6.4,6,"[10402, 35, 10751]",en,0,0,52,MCA Home Video,Jeff Margolis,"Mr. T, Valerie Landsburg, Ricky Bell, Michael Bivins, Bobby Brown"
1159095,tt4766374,Ölmez Ağacı,Ölmez Ağacı,1984-01-01,1.5167,0.0,0,[18],tr,0,0,0,Maya Film,Yusuf Kurçenli,"Necla Nazır, Hakan Balamir, Çetin Öner, Gülsen Tuncer, Sema Çeyrekbaşı"
64225,tt0086889,Love on the Ground,L'Amour par terre,1984-10-17,1.5167,5.75,16,"[18, 35]",fr,0,0,176,La Cecilia,Jacques Rivette,"Jane Birkin, Geraldine Chaplin, André Dussollier, Isabelle Linnartz, Sandra Montaigu"
1479681,,Tigerfalle,Tigerfalle,1984-07-06,1.5163,0.0,0,[],de,0,0,0,SRF,,"Stephanie Glaser, Georg Thomalla, Julia Vonderlinn, Edi Huber, Jürgen Brügger"
4659,tt0087669,Mama Mia - Nur keine Panik,Mama Mia - Nur keine Panik,1984-12-07,1.5161,5.833,6,[35],de,0,0,94,Lisa Film,Dieter Pröttel,"Uschi Glas, Thomas Gottschalk, Helmut Fischer, Erni Singerl, Karl Obermayr"
546295,tt2977192,Stomp,Stomp,1984-07-20,1.5158,2.5,2,[16],pl,0,0,7,Telewizyjne Studio Filmów Animowanych w Poznaniu,Maciej Ćwiek,
187015,tt0088376,"I Will Finally Knock You Down, Dad!",望子成蟲,1984-11-02,1.5157,7.7,3,"[35, 28]",cn,0,0,92,Shaw Brothers,Hsu Hsia,"Chin Siu-Ho, Bill Tung Biu, Chen Kuan-Tai, Lo Lieh, Eva Lai"
89921,tt0088359,White Fire,Vivre pour survivre,1984-07-05,1.5154,4.337,49,"[18, 28, 53]",en,0,0,98,"A. F. M., Film Centre International, Les Films JMP",Jean-Marie Pallardy,"Robert Ginty, Fred Williamson, Belinda Mayne, Jess Hahn, Mirella Banti"
44589,tt0087564,The Clan: Tale of the Frogs,Klaani – tarina Sammakoitten suvusta,1984-11-30,1.5144,6.692,13,"[18, 80]",fi,0,0,120,Villealfa Filmproductions,Mika Kaurismäki,"Markku Halme, Minna Soisalo, Sakari Rouvinen, Juhani Niemelä, Antti Litja"
305339,tt0366939,Raavan,Raavan,1984-09-28,1.5142,9.0,1,"[18, 10751]",hi,0,0,0,Johny Bakshi Films,Johny Bakshi,"Smita Patil, Vikram Makandar, Gulshan Arora, Om Puri, Vikas Anand"
642255,tt0087463,The Impostor,The Impostor,1984-11-08,1.5132,4.667,6,[18],en,0,0,100,Comworld Productions,Michael Pressman,"Anthony Geary, Lorna Patterson, Jordan Charney, Penny Johnson Jerald, Ken Olandt"
334301,tt0125402,'Merika,'Merika,1984-09-24,1.5128,7.5,2,[18],tl,0,0,102,"Adrian Films, Tri-Films International",Gil Portes,"Nora Aunor, Bembol Roco, Marilyn Concepcion, Cesar Aliparo, Boogie Abaya"
344801,tt0160436,Comet,Комета,1984-04-01,1.5124,5.333,6,[878],ru,0,0,71,Gorky Film Studios,Richard Viktorov,"Nadezhda Sementsova, Anatoliy Kuznetsov, Alyona Belyak, Dmitriy Zolotukhin, Svetlana Radchenko"
386366,tt3213560,Flying Hair,Latające włosy,1984-01-01,1.5123,5.8,4,"[10749, 16]",pl,0,0,8,,Piotr Dumała,
92807,tt0087402,Hell Riders,Hell Riders,1984-09-10,1.5118,3.545,11,"[18, 28]",en,80000,0,90,"21st Century Distribution, The Cannon Group",James Bryan,"Adam West, Tina Louise, Ross Alexander, Renee Harmon, Melanie Scott"
118641,tt0089759,Overdrawn at the Memory Bank,Overdrawn at the Memory Bank,1984-09-22,1.5107,2.8,28,"[10749, 878, 10770]",en,0,0,83,"Thirteen, RSL, SFTV",Douglas Williams,"Raúl Juliá, Linda Griffiths, Wanda Cannon, Donald Moore, Louis Negin"
177650,tt0087923,Playboy en paro,Playboy en paro,1984-01-01,1.5099,5.0,5,[35],es,0,0,84,José Frade Producciones Cinematográficas,Tomás Aznar,"Andrés Pajares, José Luis López Vázquez, Gracita Morales, José «Saza» Sazatornil, Silvia Tortosa"
1647429,,Internal Migration,Εσωτερική Μετανάστευση,1984-01-01,1.5098,0.0,0,[],el,0,0,22,Greek Film Centre,Vouvoula Skoura,Kitty Arseni
583197,tt0282669,Kurishuyudham,കുരിശുയുദ്ധം,1984-10-08,1.5097,7.0,1,[],ml,0,0,130,Pushpa Movie Productions,Baby,"Prem Nazir, Madhu, Srividya, Mohanlal, Madhavi"
167332,tt0086670,Eine blassblaue Frauenschrift,Eine blassblaue Frauenschrift,1984-12-30,1.5093,6.0,5,[18],de,0,0,240,ORF,Axel Corti,"Friedrich von Thun, Krystyna Janda, Friederike Kammer, Gabriel Barylli, Otto Schenk"
149926,tt0085320,Champions,Champions,1984-04-20,1.5087,6.6,16,"[18, 10749]",en,0,0,106,"Ladbroke, United British Artists (UBA), Archerwest",John Irvin,"John Hurt, Jan Francis, Edward Woodward, Ben Johnson, Kirstie Alley"
391107,tt2714910,Frame Line,Frame Line,1984-04-03,1.5081,6.0,1,[],sv,0,0,22,Filmverkstan,Gunvor Nelson,
797038,tt8036212,Rohamsisakos Madonna,Rohamsisakos Madonna,1984-07-13,1.508,6.0,1,"[35, 10770]",hu,0,0,0,,Gábor Várkonyi,"Gábor Reviczky, Gábor Mádi Szabó, Piroska Molnár, Mariann Mihály, Attila Nagy"
66275,tt0320606,Thambikku Entha Ooru,Thambikku Entha Ooru,1984-04-20,1.506,7.0,6,[18],ta,0,0,165,P. A. Art Productions,Rajashekar,"Rajinikanth, Madhavi, Senthamarai, V. S. Raghavan, Vinu Chakravarthy"
622861,tt0263806,Lights,Огни,1984-04-01,1.505,4.667,3,[10749],ru,0,0,88,Lenfilm,Solomon Shuster,"Evgeniy Leonov-Gladyshev, Tatyana Dogileva, Vladislav Strzhelchik, Georgi Burkov, Oleg Korchikov"
1601990,,Travelling mort,Travelling mort,1984-01-01,1.5025,0.0,0,[],fr,0,0,0,,Lionel Kopp,Jérôme Keen
784118,tt0349601,Marriage with Days off,Házasság szabadnappal,1984-01-01,1.5021,8.0,2,[35],hu,0,0,89,,Gyula Mészáros,"Marianna Moór, Lajos Balázsovits, Anna Götz, György Dörner, Ila Schütz"
29533,tt0087413,The Sexual Story of O,Historia sexual de O,1984-09-20,1.5013,4.237,19,[18],es,0,0,90,Golden Films Internacional S.A.,Jesús Franco,"Alicia Príncipe, Carmen Carrión, Daniel Katz, Mauro Ribera, Mari Carmen Nieto"
589933,tt0087192,Edwin,Edwin,1984-01-01,1.501,8.0,1,"[18, 10770]",en,0,0,90,"ITV, Anglia Television",Rodney Bennett,"Alec Guinness, Renée Asherson, Paul Rogers"
66278,tt0318992,Anbulla Rajinikanth,அன்புள்ள ரஜினிகாந்த்,1984-08-02,1.5007,5.25,5,[18],ta,0,0,180,,K. Natraj,"Rajinikanth, Ambika, Meena, K. Bhagyaraj, Senthamarai"
277924,tt0269823,Sandharbham,സന്ദർഭം,1984-06-21,1.4999,8.0,1,[18],ml,0,0,139,Jubilee Productions,Joshiy,"Mammootty, Saritha, Shalini, Seema, Cochin Haneefa"
10672,tt0086846,Out of Order,Abwärts,1984-05-04,1.4997,6.0,46,[53],de,0,0,90,"Mutoskop, Dieter Geissler Filmproduktion, Laura Film, Maran Film",Carl Schenkel,"Renée Soutendijk, Götz George, Wolfgang Kieling, Hannes Jaenicke, Klaus Wennemann"
639413,tt0643072,Master Ninja,Master Ninja,1984-01-20,1.4992,4.375,8,"[28, 18, 10770]",en,0,0,90,"Michael Sloan Productions, Viacom Productions, Trans World Entertainment","Robert Clouse, Ray Austin","Lee Van Cleef, Tim Van Patten, Sho Kosugi, Bill McKinney, Claude Akins"
1339390,,Blessings on the sober Side,Саруул талын ерөөл,1984-01-18,1.499,0.0,0,[18],mn,0,0,87,Mongolkino,Dorjpalam Ravjaa,"Gursed Dalkhsuren, Sarantuya Sambuu, Dorjsambuu Gursed, Nyamgavaa Ichinkhorloo, Dugarsanjaa Navaan"
71445,tt0086942,The Bay Boy,The Bay Boy,1984-09-06,1.499,5.816,19,"[18, 10749]",en,0,0,107,,Daniel Petrie,"Liv Ullmann, Kiefer Sutherland, Peter Donat, Alan Scarfe, Mathieu Carrière"
1421551,,Destruction,Destruction,1984-01-01,1.4974,0.0,0,"[28, 27, 80]",en,0,0,3,Deathtrip Films,Richard Kern,Brian Moran
242248,tt0088320,A Summer in Hell,Un été d'enfer,1984-04-17,1.497,5.4,15,"[80, 53]",fr,0,0,104,"ATC 3000, Lotus Films, TF1 Films Production",Michael Schock,"Thierry Lhermitte, Véronique Jannot, Daniel Duval, Nana Mouloudji, Corynne Charbit"
1213954,tt0544867,Dirty Movie,Dirty Movie,1984-01-07,1.4969,0.0,0,[35],en,0,0,30,Channel 4 Television,Sandy Johnson,"Rik Mayall, Adrian Edmondson, Robbie Coltrane, Dawn French, Bert Parnaby"
91068,tt0087198,Ellie,Ellie,1984-05-12,1.4967,4.444,9,[35],en,0,0,88,Film Ventures International,Peter Wittman,"Shelley Winters, Edward Albert, Sheila Kennedy, Pat Paulsen, Patrick Tovatt"
157862,tt0087366,Bad Manners,Bad Manners,1984-11-11,1.4953,5.868,19,[35],en,0,0,85,Growing Pains,Robert Houston,"Pamela Adlon, Murphy Dunne, Anne DeSalvo, Karen Black, Martin Mull"
387714,tt0291739,Aduthaduthu,അടുത്തടുത്ത്,1984-09-25,1.4951,10.0,1,"[10751, 18, 10749]",ml,0,0,0,Revathi Productions,Sathyan Anthikad,"Thilakan, Karamana Janardanan Nair, KPAC Lalitha, Sukumari, Rahman"
172947,tt0092261,Dress Off for Life,一脫求生,1984-11-17,1.495,8.0,1,"[18, 27]",cn,0,0,86,H.K. Hsin Wha Motion Picture,Yung-Chang Li,"Michael Chan Wai-Man, Wong Yu, Michelle Yim, Lau Kong, Leung Jun-Git"
279322,tt0246206,Rustum,రుస్తూం,1984-12-20,1.4949,10.0,1,[18],te,0,0,0,,A. Kodandarami Reddy,"Chiranjeevi, Urvashi, Rao Gopal Rao, Nutan Prasad, Gummadi"
289893,tt0088387,Wenn ich dich nicht hätte,Wenn ich dich nicht hätte,1984-09-23,1.4934,9.0,1,[18],de,0,0,0,ZDF,Konrad Sabrautzky,"Elisabeth Bergner, Rudolf Platte, Dagmar Biener"
77673,tt0088344,The Vengeance of the Winged Serpent,La Vengeance du serpent à plumes,1984-11-28,1.4932,4.675,80,"[12, 35]",fr,0,0,104,"AMLF, Conacite Uno, Renn Productions",Gérard Oury,"Coluche, Josiane Balasko, Philippe Khorsand, Jackie Sardou, Luis Rego"
942536,tt5180796,Fidan,Fidan,1984-01-01,1.4913,0.0,0,[18],tr,0,0,97,,Erdoğan Tokatlı,"Fikret Hakan, Talat Bulut, Nur Sürer, Nazli Aydincik, Oktar Durukan"
368392,tt0087025,Call to Glory,Call to Glory,1984-08-13,1.4912,8.0,2,[18],en,0,0,96,Paramount Television,Thomas Carter,"Craig T. Nelson, Cindy Pickett, Elisabeth Shue, David Hollander, Gabriel Damon"
1389579,,Betrayed,Betrayed,1984-01-01,1.4905,0.0,0,[],en,0,0,54,California Star Productions,"Barbara Behr, Jason Whitman","Georgia Van Helsing, Natasha Cole, T.J. Shaw, Jason Whitman"
1356413,,Bauhaus: Archive,Bauhaus: Archive,1984-01-02,1.4897,0.0,0,[],en,0,0,40,,Christopher Collins,"Peter Murphy, Daniel Ash, Kevin Haskins, David J"
119930,tt0087752,Much Ado About Nothing,Much Ado About Nothing,1984-12-22,1.489,7.4,5,"[18, 10749, 10770]",en,0,0,148,"BBC Television Centre, Time-Life Television Productions",Stuart Burge,"Cherie Lunghi, Robert Lindsay, Lee Montague, Katharine Levy, Jon Finch"
421614,tt0233278,Backwards: The Riddle of Dyslexia,Backwards: The Riddle of Dyslexia,1984-03-07,1.4889,8.5,2,"[18, 10770]",en,0,0,46,,Alexander Grasshoff,"Madge Sinclair, River Phoenix, Joaquin Phoenix, Judy Farrell, Stephanie Evans"
242868,tt0088201,Summer Fantasy,Summer Fantasy,1984-05-25,1.4874,5.333,6,"[35, 18, 10749, 10770]",en,0,0,120,"Moonlight Productions, NBC",Noel Nosseck,"Julianne Phillips, Michael Gross, Ted Shackelford, Dorothy Lyman, Danielle von Zerneck"
485431,tt0253971,The Hostage,Заложник,1984-05-25,1.4873,8.75,4,[12],ru,0,0,77,Tajikfilm,Yunus Yusupov,"Bakhram Akramov, Konstantin Butaev, Ali Mukhammad, Isamat Ergashev, Rustam Sagdullaev"
398610,tt0272216,La niña de los hoyitos,La niña de los hoyitos,1984-07-26,1.4866,6.4,5,[],es,0,0,0,"Producciones Galubi S.A. de C.V., Cameron Films, Dynamic Films",Rubén Galindo,"Pedro Fernández, Joaquín Cordero, Maricruz Olivier, Usi Velasco, Greta Braniff"
77168,tt0087399,Heavenly Bodies,Heavenly Bodies,1984-12-15,1.4862,5.705,22,"[18, 10749]",en,0,0,90,"Moviecorp VIII, RSL, Metro-Goldwyn-Mayer, PSO",Lawrence Dane,"Cynthia Dale, Richard Rebiere, Walter George Alton, Laura Henry, Stuart Stone"
760267,,Cinématon XXXVII,Cinématon XXXVII,1984-10-02,1.4858,8.0,1,[],fr,0,0,30,Les Amis de Cinématon,Gérard Courant,"Marie Pillet, Zaza, Rico, Joanna Comino, Judith L. Goddard"
358148,tt1401900,The Smurfic Games,The Smurfic Games,1984-05-20,1.4857,6.9,14,"[16, 10751]",en,0,0,30,,Gerard Baldwin,"Michael Bell, Lucille Bliss, William Callaway, Hamilton Camp, Julie McWhirter"
1567532,tt0263884,The Last Visit,Pēdējā vizīte,1984-10-20,1.4844,7.0,1,"[9648, 10770]",lv,0,0,71,Rīgas kinostudija,Ada Neretniece,"Alla Balter, Gunārs Cilinskis, Juozas Budraitis, Boris Akhanov, Jüri Krjukov"
375114,tt1621207,Killing in the Nude,獻身,1984-11-03,1.4838,4.667,3,"[53, 10749]",zh,0,0,73,"Poly Film (H.K.) Ltd., Shintoho Pictures","Lee Tso-Nam, Raymond Kim Si-Hyeon","Kim Gee-mei, Yasuko Yagami, Kang Peng, Chen Shan, Chang Pei Hua"
1667011,tt8842026,Öfke,Öfke,1984-01-01,1.4835,0.0,0,[18],tr,0,0,0,Burç Film,Hasan Karcı,"Cem Erman, Yeşim Yükselen, Süheyl Eğriboz, Ajlan Aktuğ, Yılmaz Kurt"
1523865,,My Father,Tatăl meu,1984-01-01,1.4834,0.0,0,[16],ro,0,0,7,Studioul Cinematografic Animafilm,Olimp Vărășteanu,
198548,tt0088268,Teppanyaki,鐵板燒,1984-01-26,1.483,5.9,11,[35],cn,0,0,91,"Paragon Films, Hui's Film Production Co., Ltd.",Michael Hui Koon-Man,"Michael Hui Koon-Man, Sally Yeh Chian-Wen, Frances Yip, Lo Hoi-Pang, Paul Che Biu-Law"
537389,tt2236398,The Story of a Man Among Men,修羅の群れ,1984-11-17,1.4824,6.0,1,"[18, 80]",ja,0,0,122,Toei Company,Kōsaku Yamashita,"Hiroki Matsukata, Kinya Kitaoji, Saburo Kitajima, Wakako Sakai, Isao Harimoto"
106725,tt0199829,Ninja Kids,鬼面忍者,1984-07-08,1.4815,5.5,10,[28],en,0,0,88,Hatract Films Ltd.,Ko Pao,"Alexander Lo Rei, Mark Lung, Lu Feng, Chiang Sheng, Luk Yee-Fung"
50215,tt0087315,The Bodyguard,Le Garde du corps,1984-02-15,1.4813,4.779,43,[35],fr,0,0,100,"UGC Films, Uranium Films, Guézel, Yvon, Top n°1",François Leterrier,"Gérard Jugnot, Elisa Servier, Jane Birkin, Sami Frey, Didier Kaminka"
568928,tt0122244,Scrooge's Rock 'N' Roll Christmas,Scrooge's Rock 'N' Roll Christmas,1984-12-23,1.4812,8.0,4,"[10770, 10402]",en,0,0,44,,Lou Tedesco,"Lee Benton, Jack Elam, Bobby Goldsboro, Mike Love, Mary MacGregor"
4270,tt0087314,The Bitch,La garce,1984-09-05,1.48,5.067,15,"[53, 80]",fr,0,0,90,"Sara Films, France•3",Christine Pascal,"Isabelle Huppert, Richard Berry, Vittorio Mezzogiorno, Jean Benguigui, Clément Harari"
992841,tt0087826,Observations Under the Volcano,Observations Under the Volcano,1984-07-03,1.4793,4.5,2,[99],en,0,0,82,Christian Blackwood Productions Inc.,Christian Blackwood,"Anthony Andrews, Jacqueline Bisset, Sergio Calderón, Emilio Fernández, Gabriel Figueroa"
381566,tt1807018,Stars of the Roller State Disco,Stars of the Roller State Disco,1984-12-04,1.479,6.0,5,"[878, 18, 10770]",en,0,0,72,BBC,Alan Clarke,"Perry Benson, Cathy Murphy, Paul McKenzie, Bernice Rowe, Gary Beadle"
181870,tt0087993,Hocus Pocus,人嚇鬼,1984-01-12,1.4784,6.7,11,"[28, 27, 14]",cn,0,0,93,"Bo Ho Films, Paragon Films, Orange Sky Golden Harvest",Chin Yuet-Sang,"Lam Ching-Ying, Stephen Tung Wai, Peter Chan Lung, Chin Yuet-Sang, Tai San"
203663,tt0088386,The Road to Bresson,De weg naar Bresson,1984-05-13,1.4783,6.95,10,[99],nl,0,0,54,Frans Rasker Film,"Jurriën Rood, Leo de Boer","Robert Bresson, Andrei Tarkovsky, Louis Malle, Orson Welles, Dominique Sanda"
304293,tt0320115,Naan Paadum Paadal,நான் பாடும் பாடல்,1984-04-11,1.4781,10.0,1,[],ta,0,0,144,Motherland Pictures,Sundarrajan,"Sivakumar, Mohan, Ambika, Pandiyan, Ilavarasi"
1720540,,Lazawal,Lazawal,1984-11-23,1.4773,0.0,0,"[10749, 18, 10402]",ur,0,0,140,"Noorani Pictures, Noorani Films, Evernew Studios",Mohammad Javed Fazil,"Shabnam, Nadeem, Ghulam Mohiuddin, Javed Sheikh, Zamurrad"
139641,tt1652993,A Kind of Alaska,A Kind of Alaska,1984-12-16,1.4762,6.0,1,[18],en,0,0,100,,Kenneth Ives,"Paul Scofield, Dorothy Tutin, Susan Engel"
759903,,Cinématon XXXVI,Cinématon XXXVI,1984-08-31,1.4746,0.0,0,[],fr,0,0,30,Les Amis de Cinématon,Gérard Courant,"Alain Bergala, Angeline Neveu, Gérald Lafosse, Nadine Alcan, Xavier Lambours"
289130,tt0087023,Caligula's Slaves,Roma: L'Antica Schiave dei Sensi,1984-12-01,1.4744,2.9,8,"[18, 36, 10749]",it,0,0,84,Panam International Cinematografica,Lorenzo Onorati,"Robert Gligorov, Sandra Venturini, Aldo Ralli, Francesco Romei, Maurice Poli"
123223,tt0087121,To Realize,Darse cuenta,1984-08-30,1.4743,7.185,27,[18],es,0,0,100,Rosales S.A.,Alejandro Doria,"Darío Grandinetti, Luis Brandoni, China Zorrilla, Dora Baret, Luisina Brando"
450877,tt0494015,Bacanais Sem Fim,Bacanais Sem Fim,1984-04-06,1.4741,4.5,2,[],pt,0,0,0,,Fauzi Mansur,"Cleide Amaral, Oswaldo Cirillo, Gina Delamare, Luiz Dias, Francisco Hernandes"
31043,tt0087722,Mike's Murder,Mike's Murder,1984-03-09,1.4728,5.431,29,"[18, 9648, 53]",en,6300000,1059966,109,"The Ladd Company, Skyewiay",James Bridges,"Debra Winger, Mark Keyloun, Darrell Larson, Brooke Alderson, Paul Winfield"
393898,,Bodybuilding,Bodybuilding,1984-01-01,1.4717,0.0,0,[99],de,0,0,3,,"A. Hans Scheirl, Ursula Pürrer",
263423,tt0086922,The Autograph,Das Autogramm,1984-02-25,1.4715,6.5,2,[18],de,0,0,92,"Bundesministerium des Inneren (BMI), Euro-America-Films, Ministère de la culture, Von Vietinghoff Filmproduktion, ZDF, Provobis Film",Peter Lilienthal,"Juan José Mosalini, Ángel Del Villar, Anna Larreta, Hanns Zischler, Nikolaus Dutsch"
119842,tt0087559,The Life and Death of King John,The Life and Death of King John,1984-11-24,1.4714,7.333,3,"[36, 18, 10770]",en,0,0,157,"Time-Life Television Productions, BBC",David Giles,"Leonard Rossiter, William Whymper, Mary Morris, Robert Brown, John Castle"
419626,,Anita: Female Snakes,Anita,1984-01-01,1.4708,0.0,0,[27],id,0,0,91,,M Sharieffudin A,"Enny Beatrice, Advent Bangun, Ade Irawan, Linda Husein, Deddy Sutomo"
654255,,Easy Living,Easy Living,1984-04-04,1.4707,0.0,0,[],en,0,0,19,,"Chip Lord, Mickey McGowan",
300797,tt0088430,Silent Romance,伊人再見,1984-08-04,1.4699,4.0,2,[35],en,0,0,97,Always Good Film Company,Frankie Chan Fan-Kei,"Frankie Chan Fan-Kei, Joyce Ni Shu-Chun, Wong Ching, Sylvia So Pooi, Charlie Cho Cha-Lee"
384827,tt0341058,Childhood Friends,童年的朋友,1984-01-01,1.4698,9.0,1,[18],zh,0,0,94,,Huang Shuqin,"Lü Liping, Guo Kaimin"
706497,tt0131429,Hot Heir,Hot Heir,1984-02-15,1.4694,10.0,1,"[28, 18]",en,0,0,90,,Worth Keeter,"Curtis Credel, Ronald Campbell, Bill Gribble, Diane Beatty"
641815,tt0238946,Donald Duck's 50th Birthday,Donald Duck's 50th Birthday,1984-11-13,1.4689,6.667,3,"[99, 10751, 16]",en,0,0,45,"Walt Disney Television, Andrew Solt Productions","Andrew Solt, Phil Savenick","Dick Van Dyke, Ed Asner, Caitlyn Jenner, Cloris Leachman, Kenny Rogers"
155908,tt0087580,King Thrushbeard,Kráľ Drozdia brada,1984-12-01,1.4686,6.6,21,"[10751, 14, 10749]",sk,0,0,94,"Slovenská filmová tvorba, Omnia Film München",Miloslav Luther,"Adriana Tarábková, Lukáš Vaculík, Maria Schell, Gerhard Olschewski, Marián Labuda"
573481,tt9779906,Big Wave,Big Wave,1984-05-25,1.4675,5.0,1,[99],en,0,0,93,Herald Videogram,Walt Mulconery,"Kamasami Kong, Sam George, Rabbit Bartholomew, Peter Townend, Willie Morris"
324598,,Epiphany,Epiphany,1984-01-01,1.4641,0.0,0,[99],en,0,0,25,,Cerith Wyn Evans,
292536,tt0088407,Winter Flight,Winter Flight,1984-12-20,1.4637,6.3,3,"[10749, 18]",en,0,0,89,"Goldcrest Films International, Enigma Productions",Roy Battersby,"Reece Dinsdale, Nicola Cowper, Gary Olsen, Sean Bean, Beverley Hewitt"
47402,tt0084875,A Voyage Round My Father,A Voyage Round My Father,1984-04-19,1.463,7.429,7,[18],en,0,0,81,Thames Television,Alvin Rakoff,"Laurence Olivier, Alan Bates, Jane Asher, Elizabeth Sellars, Michael Aldridge"
89946,tt0091050,Final Mission,Final Mission,1984-07-25,1.4616,4.5,8,"[80, 28, 53]",en,0,0,101,"D.S. Pictures, M.P. Films, Westbrook, Premiere Productions",Cirio H. Santiago,"Richard Young, Christine L. Tudor, John Dresden, Karen Ericson, Kaz Garas"
380456,tt0310274,Der Unbestechliche,Der Unbestechliche,1984-01-08,1.4578,7.0,1,[18],de,0,0,0,,Rudolf Steinboeck,"Karlheinz Hackl, Josef Meinrad, Paula Wessely, Fred Liewehr"
439340,,Covert Action,Covert Action,1984-01-01,1.4569,0.0,0,[],en,0,0,10,,Abigail Child,
145836,tt0206839,David Bowie: Jazzin' for Blue Jean,David Bowie: Jazzin' for Blue Jean,1984-09-01,1.4569,7.6,5,"[10402, 35]",en,0,0,20,,Julien Temple,"David Bowie, Louise Scott, Eve Ferret, Chris Sullivan, Graham Rogers"
420164,tt0252880,Andrey Tarkovsky in Nostalghia,Andreij Tarkovskij in Nostalghia,1984-05-05,1.4562,6.667,6,[99],it,0,0,61,,Donatella Baglivo,"Andrei Tarkovsky, Tonino Guerra, Giuseppe Lanci, Oleg Yankovskiy, Delia Boccardo"
78321,tt0085289,Dog Day,Canicule,1984-01-10,1.456,5.183,60,"[28, 80, 18]",fr,0,0,101,"Cinétélé Productions, Swanie Productions, TF1 Films Production, Top n°1, UGC Films",Yves Boisset,"Lee Marvin, Miou-Miou, Jean Carmet, Victor Lanoux, David Bennent"
306386,tt0268902,Aksharangal,അക്ഷരങ്ങൾ,1984-03-09,1.4559,9.0,1,[18],ml,0,0,132,JMJ Arts,I V Sasi,"Mammootty, Gopi, Seema, Suhasini Maniratnam, Sankaradi"
87243,tt0087499,"The Jerk, Too","The Jerk, Too",1984-01-06,1.4551,4.5,4,"[35, 10770]",en,0,0,92,"Share Productions, Universal Television, 40 Share Productions",Michael Schultz,"Mark Blankfield, Ray Walston, Robert Sampson, Patricia Barry, Barrie Ingham"
255563,tt0087048,Children in the Crossfire,Children in the Crossfire,1984-12-03,1.4539,7.0,1,"[18, 10770]",en,0,0,100,"Gaylord Productions, Schaefer/Karpf Productions",George Schaefer,"Julia Duffy, Charles Haid, David Huffman, Karen Valentine, Niall Tóibín"
287362,tt0088311,You Alone,Tú solo,1984-09-01,1.4535,6.3,10,"[18, 99]",es,0,0,95,"Serva Films, Award Films International",Teo Escamilla,"José Moratalla, El Chino Torero, Lucio Sandin, José Miguel Arroyo, Teo Escamilla"
27940,tt0216755,Formula of Love,Формула любви,1984-12-30,1.4535,7.463,80,"[10749, 35]",ru,0,0,90,Ekran,Mark Zakharov,"Nodar Mgaloblishvili, Aleksandr Abdulov, Semyon Farada, Leonid Bronevoy, Tatyana Pelttser"
276951,tt0087539,Cascade Backwards,Kaskade rückwärts,1984-02-10,1.453,4.286,7,"[10749, 18]",de,0,0,90,DEFA-Studio für Spielfilme,Iris Gusner,"Marion Wiegmann, Johanna Schall, Siegfried Höchst, Jaecki Schwarz, Swetlana Schönfeld"
1198461,tt0182327,Mom's on Strike,Mom's on Strike,1984-11-14,1.4525,0.0,0,"[18, 10751, 10770]",en,0,0,46,Diana Kerew Productions,Joan Darling,"Mary Kay Place, Stephen Keep Mills, Yeardley Smith, George Gaynes, Jenny Rebecca Dweir"
28054,tt0086589,Suburbia,Suburbia,1984-04-13,1.4518,6.6,101,"[18, 10402, 53]",en,0,0,94,New World Pictures,Penelope Spheeris,"Chris Pedersen, Bill Coyne, Jennifer Clay, Timothy Eric O'Brien, Wade Walston"
569175,tt0288118,Woman with Wet Fingers,美加マドカ 指を濡らす女,1984-04-20,1.4505,4.8,6,[18],ja,0,0,89,Nikkatsu Corporation,Tatsumi Kumashiro,"Madoka Mika, Takashi Naito, Kiriko Shimizu, Koichi Ueda, Kibaji Tankobo"
42096,tt0088009,A Year of the Quiet Sun,Rok spokojnego słońca,1984-09-09,1.4503,6.47,33,"[10749, 18]",pl,0,0,110,"TeleCulture, Zespół Filmowy ""Tor"", Ziegler Film",Krzysztof Zanussi,"Maja Komorowska, Scott Wilson, Hanna Skarżanka, Ewa Dałkowska, Vadim Glowna"
1234094,,The Little Bicycle Ran Away,Велосипедик убежал,1984-09-21,1.4498,7.0,1,[16],ru,0,0,10,Uzbekfilm,Kamara Kamalova,
1104720,,Extreme Rock,Extreme Rock,1984-01-01,1.4495,10.0,1,"[99, 12]",en,0,0,30,,Leo Dickinson,"Ron Fawcett, Gill Fawcett"
368341,tt0087600,Last of the Great Survivors,Last of the Great Survivors,1984-01-03,1.4492,7.5,2,"[35, 10770]",en,0,0,95,CBS Entertainment Productions,Jerry Jameson,"Pam Dawber, James Naughton, Thom Bray, Maryedith Burrell, Nedra Volz"
195814,tt0088787,The Beniker Gang,The Beniker Gang,1984-11-02,1.4488,6.2,6,[18],en,0,0,87,Scholastic Productions,Ken Kwapis,"Andrew McCarthy, Jennifer Dundas, Charles Fields, Jeff Alan-Lee, Danny Pintauro"
