id,imdb_id,title,original_title,release_date,popularity,vote_average,vote_count,genre_ids,original_language,budget,revenue,runtime,production_companies,director,cast
969681,tt22084616,Spider-Man: Brand New Day,Spider-Man: Brand New Day,2026-07-29,652.7006,7.849,2755,"[878, 28, 12]",en,225000000,2453024087,145,"Marvel Studios, Columbia Pictures, Pascal Pictures, TSG Entertainment",Destin Daniel Cretton,"Tom Holland, Zendaya, Mark Ruffalo, Jon Bernthal, Jacob Batalon"
1204680,tt1756855,Coyote vs. Acme,Coyote vs. Acme,2026-08-20,526.2222,7.549,440,"[35, 12, 10751]",en,72000000,65750256,103,"Troll Court Entertainment, Keylight Pictures, Warner Animation Group, Warner Bros. Pictures",Dave Green,"Will Forte, Lana Condor, John Cena, Tone Bell, Martha Kelly"
1101383,tt27165187,The End of Oak Street,The End of Oak Street,2026-08-12,435.243,6.936,1080,"[878, 9648, 53]",en,80000000,117234000,100,"Warner Bros. Pictures, Domain Entertainment, Bad Robot, Jackson Pictures",David Robert Mitchell,"Anne Hathaway, Ewan McGregor, Maisy Stella, Christian Convery, Jordan Alexa Davis"
1375646,tt34385135,Colony,군체,2026-05-21,381.3311,8.077,816,"[28, 27, 878]",ko,0,0,123,"Wow Point, Smilegate Entertainment, Midnight Studio",Yeon Sang-ho,"Gianna Jun, Koo Kyo-hwan, Ji Chang-wook, Kim Shin-rock, Shin Hyun-been"
1368337,tt33764258,The Odyssey,The Odyssey,2026-07-15,371.0646,8.015,3776,"[12, 28, 14]",en,250000000,1688914890,173,"Universal Pictures, Syncopy",Christopher Nolan,"Matt Damon, Tom Holland, Anne Hathaway, Robert Pattinson, Himesh Patel"
1294189,tt13611778,The Mongoose,The Mongoose,2026-10-29,301.0893,0.0,0,"[28, 53]",en,0,0,99,"Code Entertainment, The Solution",Mark Vanselow,"Liam Neeson, Marisa Tomei, Ving Rhames, Michael Chiklis, Brett Tucker"
1288445,tt32338669,Mutiny,Mutiny,2026-08-19,264.5423,6.437,415,"[28, 53]",en,40000000,20824283,96,"Punch Palace Productions, MadRiver Pictures",Jean-François Richet,"Jason Statham, Annabelle Wallis, Roland Møller, Ramon Tikaram, Arnas Fedaravičius"
1423191,tt35538033,Resident Evil,Resident Evil,2026-09-16,243.9374,7.639,90,"[27, 878, 12]",en,75000000,8800000,95,"Constantin Film, Subconscious, Vertigo Entertainment, Davis Films, Columbia Pictures, PlayStation Productions, TriStar Pictures",Zach Cregger,"Austin Abrams, Paul Walter Hauser, Kali Reis, Zach Cherry, Johnno Wilson"
1108427,tt27419466,Moana,Moana,2026-07-08,236.7842,7.318,685,"[10751, 14, 35, 12]",en,250000000,308159595,115,"Walt Disney Pictures, Seven Bucks Productions, Flynn Picture Company, 5000 Broadway Productions",Thomas Kail,"Catherine Lagaʻaia, Dwayne Johnson, Rena Owen, John Tui, Frankie Adams"
1440098,tt36073210,Drawn Together,Enfrentados: Marfil,2026-09-09,189.2801,6.6,92,"[10749, 53]",es,0,0,104,Pokeepsie Films,Óscar Pedraza,"Ester Expósito, Hugo Diego Garcia, Pablo Molinero, Lluís Homar, Joaquín Ferreira"
1482547,tt36980377,Zip Wire,Zip Wire,2026-08-31,179.5702,7.6,12,"[28, 53]",en,0,0,95,"Scanner-Rhodes Productions, Untitled Entertainment, Reinvent Yellow",Howard J. Ford,"MyAnna Buring, Joseph Millson, Saffron Burrows, Michael Amariah, Silvia Presente"
1386315,tt34564059,The Runner,The Runner,2026-09-03,160.2724,6.788,513,"[53, 28]",en,0,0,86,"Amazon MGM Studios, Rockwood Pictures",Kevin Macdonald,"Gal Gadot, Damian Lewis, Rory Wilmot, Alfred Enoch, Phoenix Di Sebastiani"
1408162,tt35836025,Vishwanath & Sons,விஸ்வநாத் & சன்ஸ்,2026-08-14,153.9103,7.2,26,"[18, 10749, 35]",ta,0,0,161,"Sithara Entertainments, Srikara Studios, Fortune Four Cinemas",Venky Atluri,"Suriya, Mamitha Baiju, Radhika Sarathkumar, Raveena Tandon, Sunil"
1084244,tt29355505,Toy Story 5,Toy Story 5,2026-06-17,143.7971,8.355,2179,"[16, 10751, 35, 12]",en,250000000,1136476240,102,Pixar,Andrew Stanton,"Joan Cusack, Tom Hanks, Tim Allen, Conan O'Brien, Scarlett Spears"
1393326,tt9000310,Ghost in the Cell,Hantu Dalam Sel,2026-04-16,141.582,7.2,65,"[27, 35, 53]",id,0,0,106,"Come and See Pictures, Rapi Films, Barunson E&A, Legacy Pictures",Joko Anwar,"Abimana Aryasatya, Bront Palarae, Dimas Danang, Endy Arfian, Lukman Sardi"
1137844,tt28014327,Mayday,Mayday,2026-09-03,136.0147,8.001,670,"[28, 35]",en,0,0,111,"Skydance Media, Maximum Effort, GoldDay","Jonathan Goldstein, John Francis Daley","Ryan Reynolds, Kenneth Branagh, Marcin Dorociński, Maria Bakalova, David Morse"
1339713,tt37287335,Obsession,Obsession,2026-05-13,130.418,8.194,5586,"[27, 53]",en,750000,513840715,109,"Tea Shop Productions, Under the Shell, Capstone Pictures, Blumhouse Productions",Curry Barker,"Michael Johnston, Inde Navarrette, Cooper Tomlinson, Megan Lawless, Andy Richter"
1323244,tt29512655,Rage of Stars,Rage of Stars,2026-08-06,125.9185,6.658,155,"[28, 878, 53]",en,0,0,106,Lukra Films,Łukasz Róg,"Andrea Tivadar, Jord Knotter, Jack McEvoy, Elijah Rowen, Małgorzata Klara"
1232569,tt30887701,Pinocchio: Unstrung,Pinocchio: Unstrung,2026-07-22,123.0367,6.625,104,"[27, 14, 9648]",en,500000,821127,82,Jagged Edge Productions,Rhys Frake-Waterfield,"Jude Evan Lloyd, Cameron Bell, Richard Brake, Jessica Balmer, Jack Art Gray"
1315772,tt32890033,Minions & Monsters,Minions & Monsters,2026-06-24,118.4456,7.549,1128,"[12, 16, 35, 10751, 14]",en,85000000,519033384,90,"Universal Pictures, Illumination",Pierre Coffin,"Pierre Coffin, Trey Parker, Christoph Waltz, Allison Janney, Jesse Eisenberg"
1506560,tt37752275,Clash of the Thundermans,Clash of the Thundermans,2026-09-03,104.241,6.833,60,"[10770, 10751, 28]",en,0,0,72,Paramount Television Studios,Trevor Kirschner,"Kira Kosarin, Jack Griffo, Maya Le Clark, Rosa Blasi, Chris Tallman"
1516698,tt37654096,The Last Sunrise,The Last Sunrise,2026-08-26,103.2852,6.765,179,"[10749, 18]",en,0,0,107,"Amazon MGM Studios, Ethea Entertainment, Luber-Roklin Entertainment, Pitt Street Productions, Aquarius Films, The Last Sunrise",Carlson Young,"Maia Reficco, Fernando Lindez, Eva Longoria, Chloé Sweetlove, Andrés Velencoso"
1621552,tt39390497,Facing El Chapo,La captura,2026-08-21,102.8604,8.827,723,"[80, 28, 53]",es,0,0,91,Draco Films,Chava Cartas,"Alfonso Herrera, Noé Hernández, Hector Kotsifakis, Paola Fernández, Gerardo Trejoluna"
1058424,tt27369017,Hope,호프,2026-07-15,104.9859,7.362,76,"[878, 9648, 28]",ko,46000000,41212538,157,"Forged Films, Plus M Entertainment, Westworld Story",Na Hong-jin,"Hwang Jung-min, Zo In-sung, Hoyeon, Lee Sang-hee, Alicia Vikander"
1127384,tt29516222,Deep Water,Deep Water,2026-04-30,97.2774,7.3,556,"[27, 53]",en,40000000,7340233,107,"Magenta Light Studios, Arclight Films, Simmons/Hamilton Productions, Nostromo Pictures, Aristos Films, DW Film Holdings, Rabbits Black, Blue Rider Pictures",Renny Harlin,"Aaron Eckhart, Ben Kingsley, Molly Belle Wright, Angus Sampson, Elijah Tamati"
1469930,tt38497679,Project Sacrifice,Tumbal Proyek,2026-05-13,97.1327,3.8,3,"[27, 53]",id,0,0,106,Dee Company,Jeropoint,"Callista Arum, Kiesha Alvaro, Karina Suwandi, Eduwart Manalu, Fuad Idris"
687163,tt12042730,Project Hail Mary,Project Hail Mary,2026-03-15,93.8207,8.64,7826,"[878, 12]",en,200000000,684234722,157,"Lord Miller, Amazon MGM Studios, Pascal Pictures, Open Invite Entertainment, Waypoint Entertainment","Phil Lord, Christopher Miller","Ryan Gosling, Sandra Hüller, James Ortiz, Lionel Boyce, Milana Vayntrub"
1130948,tt27844906,Rosebush Pruning,Rosebush Pruning,2026-04-23,86.9879,6.19,50,"[35, 18, 53]",en,0,85294,95,"Kavac Film, The Match Factory, MUBI, Sur Film, Crybaby, The Apartment Pictures, In Bloom, Cinema Inflámavel, Gold Rush Pictures, Rosebushpruning",Karim Aïnouz,"Callum Turner, Riley Keough, Jamie Bell, Lukas Gage, Tracy Letts"
980431,tt18259538,Avatar Aang: The Last Airbender,Avatar Aang: The Last Airbender,2026-07-24,85.6244,9.143,1151,"[16, 12, 14, 28]",en,0,0,99,"Nickelodeon Movies, Paramount Pictures, Flying Bark Productions, Studio Mir, Avatar Studios",Lauren Montgomery,"Eric Nam, Dave Bautista, Jessica Matten, Román Zaragoza, Steven Yeun"
1185806,tt29356163,PAW Patrol: The Dino Movie,PAW Patrol: The Dino Movie,2026-07-23,90.7564,7.838,117,"[16, 12, 10751, 14, 35]",en,40000000,138326933,88,"Spin Master, Nickelodeon Movies, Paramount Animation",Cal Brunker,"Carter Young, Mckenna Grace, Terry Crews, Meredith MacNeill, Ron Pardo"
1275779,tt15047880,Disclosure Day,Disclosure Day,2026-06-10,83.5122,7.472,3361,"[878, 53]",en,115000000,241186430,146,"Universal Pictures, Amblin Entertainment",Steven Spielberg,"Emily Blunt, Josh O'Connor, Colin Firth, Eve Hewson, Colman Domingo"
1083381,tt26657236,Backrooms,Backrooms,2026-05-27,83.6218,7.045,3315,"[27, 9648, 878]",en,10000000,394122453,111,"Atomic Monster, 21 Laps Entertainment, A24, Phobos, The North Road Company",Kane Parsons,"Chiwetel Ejiofor, Renate Reinsve, Finn Bennett, Lukita Maxwell, Mark Duplass"
1599993,tt34224947,Animals,Animales,2026-02-05,82.6255,6.213,47,"[35, 53]",es,0,0,0,Star Distribution,José Ramón Alama,"Nashla Bogaert, Frank Perozo, Pamela Sued, David Maler, Camila Issa"
1560520,tt32333324,Batman: Knightfall Part 1: Knightfall,Batman: Knightfall Part 1: Knightfall,2026-06-23,77.2879,9.186,334,"[16, 28, 12, 878]",en,0,0,79,"Warner Bros. Animation, DC",Jeff Wamester,"Anson Mount, Michael Mando, Pablo Schreiber, Jeff Bennett, Luis Bermudez"
1301421,tt32565993,The Sheep Detectives,The Sheep Detectives,2026-04-30,78.1671,7.937,1668,"[35, 10751, 9648]",en,75000000,131550648,109,"Working Title, Three Strange Angels, Amazon MGM Studios",Kyle Balda,"Hugh Jackman, Nicholas Braun, Nicholas Galitzine, Molly Gordon, Julia Louis-Dreyfus"
860508,tt11561116,The Whisper Man,The Whisper Man,2026-08-27,74.5985,6.81,711,"[80, 18, 53]",en,50000000,0,111,AGBO,James Ashcroft,"Robert De Niro, Michelle Monaghan, Adam Scott, Acston Luca Porto, Michael Keaton"
1180894,tt6215522,Under Your Feet,Bajo tus pies,2026-02-19,70.3325,5.18,25,[27],es,0,0,93,Basque Films,Cristian Bernard,"Maribel Verdú, Sofía Otero, Erik Probanza, Urko Olazábal, Marcelo Galván"
1228710,tt30825738,The Mandalorian and Grogu,The Mandalorian and Grogu,2026-05-20,79.5213,7.48,1655,"[28, 12, 878]",en,165000000,345166617,132,"Lucasfilm Ltd., Fairview Entertainment",Jon Favreau,"Pedro Pascal, Jeremy Allen White, Sigourney Weaver, Brendan Wayne, Lateef Crowder"
1081003,tt8814476,Supergirl,Supergirl,2026-06-24,72.3058,6.685,2338,"[28, 12, 878]",en,175000000,126366532,108,"DC Studios, Troll Court Entertainment, The Safran Company, Domain Entertainment",Craig Gillespie,"Milly Alcock, Eve Ridley, Matthias Schoenaerts, Jason Momoa, David Krumholtz"
1514682,tt37603783,Above & Below,Above & Below,2026-07-29,82.1719,6.0,39,"[53, 80]",en,0,328837,95,"Capstone Pictures, AF Films, Match Point",Jesse V. Johnson,"Laura Marano, Christina Ochoa, Mario Tardón, Antonio Banderas, Ramiro Alonso"
813418,tt14119302,Hot Spot,Hot Spot,2026-08-21,71.6218,5.05,20,"[878, 28, 80, 14, 53]",en,6000000,256350,101,"Madants, Neda Film, Film i Väst, Zentropa International Sweden",Agnieszka Smoczyńska,"Andrzej Konopka, Noomi Rapace, Reika Kirishima, Filippa Kaye, George Aurimas Cris"
1302904,tt32588798,Practical Magic 2,Practical Magic 2,2026-09-09,71.0185,6.031,64,"[10749, 14, 35]",en,75000000,46000000,130,"Di Novi Pictures, Warner Bros. Pictures, Blossom Films, Fortis Films, Domain Entertainment, Alcon Entertainment",Susanne Bier,"Sandra Bullock, Nicole Kidman, Joey King, Maisie Williams, Xolo Maridueña"
1318467,tt33253206,The Last Kiss,The Last Kiss,2026-09-15,69.2784,6.5,11,"[27, 9648, 53]",en,0,0,97,"Blumhouse Productions, Man in a Tree Productions",Yoko Okumura,"Mckenna Grace, Arkira Chantaratananond, Jaden Michael, Riley Davis, Bergman Freedman"
1101412,tt31192372,Fall 2: Deadpoint,Fall 2: Deadpoint,2026-09-01,67.063,6.811,37,[53],en,3000000,9256541,98,"Tea Shop Productions, Capstone Pictures, Flawless Production, Cousin Jones","Peter Spierig, Michael Spierig","Harriet Slater, Arsema Thomas, Tom Brittney, Virginia Gardner, Sahajak Boonthanakit"
1273221,tt32093575,Scary Movie,Scary Movie,2026-06-03,62.6531,6.389,1904,[35],en,30000000,231886052,96,"Wayans Bros. Entertainment, Miramax",Michael Tiddes,"Marlon Wayans, Shawn Wayans, Anna Faris, Regina Hall, Olivia Rose Keegan"
1656489,tt41228546,Sultana,Sultana,2026-04-17,62.2377,5.5,2,"[18, 10402]",tr,0,0,120,"Rodi Medya, Saros Film",Ali Kemal Güven,"Tuba Büyüküstün, Derya Pınar Ak, Seray Kaya, Begüm Akkaya, Rojbin Erden"
1723013,tt42764234,Hibla 2,Hibla 2,2026-06-30,60.1533,3.0,1,[18],tl,0,0,80,Vivamax,Topel Lee,"Aliya Raymundo, Margaret Diaz, Albie Casiño, Ghion Layug"
1284465,tt32273171,The Death of Robin Hood,The Death of Robin Hood,2026-06-18,60.0313,6.222,311,"[12, 18, 28]",en,25000000,3200000,123,"Lyrical Media, Ryder Picture Company",Michael Sarnoski,"Hugh Jackman, Jodie Comer, Bill Skarsgård, Murray Bartlett, Noah Jupe"
1226863,tt28650488,The Super Mario Galaxy Movie,The Super Mario Galaxy Movie,2026-04-01,59.9669,8.225,3684,"[10751, 35, 12, 14, 16]",en,110000000,1012203331,98,"Illumination, Universal Pictures, Nintendo","Michael Jelenic, Aaron Horvath","Chris Pratt, Charlie Day, Anya Taylor-Joy, Jack Black, Keegan-Michael Key"
1288059,tt32332915,I Want Your Sex,I Want Your Sex,2026-07-29,59.6975,6.181,72,[35],en,10000000,2000000,90,"Black Bear Pictures, Desperate Pictures",Gregg Araki,"Olivia Wilde, Cooper Hoffman, Mason Gooding, Chase Sui Wonders, Johnny Knoxville"
1377237,tt31349844,Runner,Runner,2026-09-07,59.3503,7.8,25,"[28, 35, 53]",en,0,6432956,97,"Broken Road Productions, AllyCat Entertainment, Nickel City Pictures, A Higher Standard, G2 Dispatch, Angel Studios, International Media Funds Management, Bright White Light",Scott Waugh,"Alan Ritchson, Owen Wilson, Rodrigo Santoro, Leila George, Kate Box"
1594914,tt19035928,Lucky Strike,Lucky Strike,2026-06-26,58.1283,6.875,45,"[28, 10752]",en,10000000,803112,102,"Perfection Hunter Productions, Millennium Media, BondIt Media Capital",Rod Lurie,"Scott Eastwood, Colin Hanks, Aunjanue Ellis-Taylor, Taylor John Smith, Lorne MacFadyen"
1212763,tt31170389,Evil Dead Burn,Evil Dead Burn,2026-07-07,57.9133,7.681,1539,[27],en,20000000,71491178,110,"New Line Cinema, Screen Gems, Ghost House Pictures",Sébastien Vaniček,"Souheila Yacoub, Tandi Wright, Hunter Doohan, Luciane Buchanan, Erroll Shand"
936075,tt11378946,Michael,Michael,2026-04-22,56.6803,8.635,4356,"[10402, 18]",en,250000000,1032616139,128,"Lionsgate, GK Films, Optimum Productions",Antoine Fuqua,"Jaafar Jackson, Colman Domingo, Nia Long, Juliano Krue Valdi, KeiLyn Durrel Jones"
454639,tt0427340,Masters of the Universe,Masters of the Universe,2026-06-03,51.7763,7.125,2132,"[28, 14, 878]",en,200000000,113763426,141,"Escape Artists, Mattel Studios, Amazon MGM Studios",Travis Knight,"Nicholas Galitzine, Camila Mendes, Idris Elba, Jared Leto, Alison Brie"
1290821,tt32357218,Shelter,Shelter,2026-01-28,49.9773,7.761,1873,"[28, 80, 53]",en,50000000,53933639,107,"Black Bear Pictures, Punch Palace Productions, CineMachine, Stampede Ventures",Ric Roman Waugh,"Jason Statham, Bodhi Rae Breathnach, Naomi Ackie, Daniel Mays, Harriet Walter"
1433367,tt37853455,One Night Only,One Night Only,2026-08-06,49.9653,6.534,131,"[10749, 35]",en,25000000,15728345,103,"Universal Pictures, Olive Bridge Entertainment",Will Gluck,"Monica Barbaro, Callum Turner, Maya Hawke, King Princess, Molly Ringwald"
1314481,tt33612209,The Devil Wears Prada 2,The Devil Wears Prada 2,2026-04-29,48.7318,7.042,2332,"[35, 18]",en,100000000,691379651,119,"20th Century Studios, Wendy Finerman Productions",David Frankel,"Anne Hathaway, Meryl Streep, Emily Blunt, Stanley Tucci, Kenneth Branagh"
1523145,tt38190257,Your Heart Will Be Broken,Твоё сердце будет разбито,2026-03-26,47.9251,7.082,122,[10749],ru,3716000,7578000,134,"All Media A Start Company, START Studio, Sverdlovsk Film Studio, Yellow, Black & White, Premier Studios",Mikhail Vaynberg,"Daniel Vegas, Veronika Zhuravleva, Ivan Trushin, Maksim Saprykin, Alya Mayer"
1110034,tt19838566,Kraken,Kraken,2026-02-06,47.7023,6.266,321,"[27, 28, 53]",no,1000000,14329678,94,"Handmade films in Norwegian Woods, Nordisk Film Norway",Pål Øie,"Sara Khorami, Mikkel Bratt Silset, Ingvild Holthe Bygdnes, Øyvind Brandtzæg, Jenny Evensen"
1327819,tt26443616,Hoppers,Hoppers,2026-03-04,47.4254,8.2,2344,"[12, 16, 35, 10751, 878]",en,150000000,389685783,104,Pixar,Daniel Chong,"Piper Curda, Bobby Moynihan, Jon Hamm, Kathy Najimy, Dave Franco"
1124142,tt27706593,The Rivals of Amziah King,The Rivals of Amziah King,2026-08-13,47.0505,6.771,59,"[80, 18, 53]",en,6000000,1403346,131,"Black Bear Pictures, Heyday Films, G.E.D. Media",Andrew Patterson,"Matthew McConaughey, Kurt Russell, Angelina LookingGlass, Cole Sprouse, Scott Shepherd"
1439930,tt36042156,The Punisher: One Last Kill,The Punisher: One Last Kill,2026-05-12,45.0384,8.276,2227,"[28, 18, 80]",en,0,0,51,"Marvel Studios, Kevin Feige Productions",Reinaldo Marcus Green,"Jon Bernthal, Deborah Ann Woll, Jason R. Moore, Judith Light, Kelli Barrett"
1280738,tt33311069,The Furious,火遮眼,2026-06-10,44.6996,8.188,725,"[28, 80, 53]",zh,20000000,39745080,113,"Edko Films, XYZ Films, Zhejiang Hengdian Film Production",Kenji Tanigaki,"Xie Miao, Joe Taslim, Yang Enyou, Yayan Ruhian, JeeJa Yanin"
1625673,tt39493762,Blood Covenant,Blood Covenant,2026-05-26,44.6568,5.5,2,[27],en,0,0,85,Black Mandala Films,"Mariano Cattaneo, Spencer Keller, Kate Trefry, Bret Miller, Javier Yañez Sanz, Hasan Can Dağlı",
1545484,tt30247172,Deathwoods,Deathwoods,2026-08-07,43.9789,6.3,3,"[27, 35]",en,85000,0,83,Simpatico Pictures,"Jake Kopronica, Deryk Wehrley","Felissa Rose, Jessa Jupiter Flux, KateLynn E. Newberry, Anna Clary, Celeste Blandon"
1304313,tt32612507,Lee Cronin's The Mummy,Lee Cronin's The Mummy,2026-04-15,43.0159,7.872,2666,"[27, 9648]",en,22000000,90552113,133,"Atomic Monster, Blumhouse Productions, New Line Cinema, Domain Entertainment, Wicked/Good, Wild Atlantic Pictures",Lee Cronin,"Jack Reynor, Laia Costa, May Calamawy, Natalie Grace, Shylo Molina"
1003596,tt21357150,Avengers: Doomsday,Avengers: Doomsday,2026-12-16,41.9211,0.0,0,"[878, 28, 12]",en,0,0,165,"Marvel Studios, Kevin Feige Productions, AGBO","Joe Russo, Anthony Russo","Robert Downey Jr., Chris Evans, Chris Hemsworth, Pedro Pascal, Paul Rudd"
1291595,tt32393988,Insidious: Out of the Further,Insidious: Out of the Further,2026-08-19,41.8608,6.5,154,"[27, 53]",en,18000000,156753376,106,"Blumhouse Productions, Screen Gems, Stage 6 Films, Atomic Monster, TSG Entertainment",Jacob Chase,"Amelia Eve, Island Austin, Brandon Perea, Lin Shaye, Maisie Richardson-Sellers"
1007757,tt29552248,Swapped,Swapped,2026-05-01,41.4212,8.869,2184,"[12, 16, 10751, 14]",en,7,7,102,"Skydance Animation, Skydance Animation",Nathan Greno,"Michael B. Jordan, Juno Temple, Tracy Morgan, Cedric the Entertainer, Justina Machado"
1122573,tt27681354,In the Grey,In the Grey,2026-05-13,41.4092,7.59,981,"[28, 53]",en,70000000,27117528,97,"C2 Motion Picture Group, Toff Guy Films, Black Bear Pictures, Red Sea Film Foundation",Guy Ritchie,"Henry Cavill, Jake Gyllenhaal, Eiza González, Carlos Bardem, Michael Vu"
1384216,tt21285562,The Dog Stars,The Dog Stars,2026-08-26,41.2147,6.625,275,"[878, 53, 12]",en,110000000,37416959,119,"20th Century Studios, Scott Free Productions",Ridley Scott,"Jacob Elordi, Margaret Qualley, Josh Brolin, Guy Pearce, Allison Janney"
1564614,tt39143902,Leviticus,Leviticus,2026-06-17,41.0907,6.8,505,"[27, 10749]",en,3500000,8493480,88,"Causeway Films, Salmira Productions, Screen Australia, VicScreen, Arenamedia, Lazy Susan Films",Adrian Chiarella,"Joe Bird, Stacy Clausen, Mia Wasikowska, Nicholas Hope, Tyallah Bullock"
1698863,tt41605854,The Odyssey,The Odyssey,2026-07-03,41.0381,4.032,555,"[12, 14, 28]",en,0,0,86,The Asylum,Marcel Walz,"Myrom Kingery, Morgan Flanagan, Patrick Byrnes, Dominic Keating, Llana Barron"
1641580,tt28370319,The Last Assassins,The Last Assassins,2026-08-11,40.9429,5.2,5,[878],en,0,0,84,,James Anthony Usas,"Athena Park, Josh Bainbridge, Donno Mitoma, Lora Burke, Morgan Bedard"
1265609,tt15940132,War Machine,War Machine,2026-02-12,40.6778,7.484,2464,"[28, 878, 53]",en,73000000,0,110,"Lionsgate, Hidden Pictures, Huge Film, Range Media Partners",Patrick Hughes,"Alan Ritchson, Stephan James, Blake Richardson, Dennis Quaid, Esai Morales"
1727780,tt28638842,Borderline,Borderline,2026-07-17,40.3801,5.969,16,[53],en,0,0,94,"Gen1 Entertainment, LLC",Ryan Jordan,"Marissa Arguijo, Michael-Eoin Stanney, Marcus Jean Pirae, Dominic Hernandez, Nigel Vonas"
931285,tt17490712,Mortal Kombat II,Mortal Kombat II,2026-05-06,39.2271,7.806,2581,"[28, 14, 12]",en,80000000,129470110,116,"New Line Cinema, Atomic Monster, Broken Road Productions, Fireside Films, Domain Entertainment",Simon McQuoid,"Karl Urban, Adeline Rudolph, Ludi Lin, Jessica McNamee, Martyn Ford"
1171145,tt32430579,Crime 101,Crime 101,2026-02-11,38.1691,7.0,1357,"[80, 53]",en,90000000,72900246,141,"Working Title, The Story Factory, RAW, Amazon MGM Studios, Wild State",Bart Layton,"Chris Hemsworth, Mark Ruffalo, Halle Berry, Barry Keoghan, Monica Barbaro"
1284041,tt32268156,The Last House,The Last House,2026-08-06,38.0742,6.865,1354,"[27, 878, 53]",en,0,0,110,"Chernin Entertainment, 3 Arts Entertainment",Louis Leterrier,"Greta Lee, Wagner Moura, Riley Chung, Noah Alexander Sosnowski, Emma Ho"
840464,tt14850054,Greenland 2: Migration,Greenland 2: Migration,2026-01-07,37.004,6.383,1545,"[12, 53, 878]",en,90000000,44856736,98,"STXfilms, Anton, Thunder Road, G-BASE, CineMachine, Lionsgate",Ric Roman Waugh,"Gerard Butler, Morena Baccarin, Roman Griffin Davis, Tommie Earl Jenkins, Trond Fausa Aurvåg"
1297842,tt27613895,GOAT,GOAT,2026-02-11,36.8494,8.058,1083,"[16, 35, 10751]",en,90000000,193566330,100,"Sony Pictures Animation, Unanimous Media, Modern Magic, Columbia Pictures, MACRO, TSG Entertainment",Tyree Dillihay,"Caleb McLaughlin, Gabrielle Union, Stephen Curry, Aaron Pierre, Nicola Coughlan"
1213243,tt27530512,Toxic: A Fairy Tale for Grown-ups,ಟಾಕ್ಸಿಕ್,2026-08-26,36.346,8.027,74,"[28, 80, 18]",kn,60000000,3386250,192,"KVN Productions, Monster Mind Creations",Geetu Mohandas,"Yash, Kiara Advani, Nayanthara, Huma Qureshi, Tara Sutaria"
1413976,tt35309713,Citizen Vigilante,Citizen Vigilante,2026-06-19,36.0953,6.504,398,"[53, 28, 80]",en,0,0,89,"Event Film Distribution, Borvel Film, Bolu Filmproduktion und Verleih",Uwe Boll,"Armie Hammer, Costas Mandylor, Désirée Giorgetti, Steffen Mennekes, Neb Chupin"
1329016,tt33095251,Tony,Tony,2026-08-07,35.1089,7.642,74,"[18, 35]",en,0,17800000,107,"Star Thrower Entertainment, Zapruder Films, A24",Matt Johnson,"Dominic Sessa, Antonio Banderas, Emilia Jones, Leo Woodall, Stavros Halkias"
822653,tt14523706,Puella Magi Madoka Magica the Movie -Walpurgisnacht: Rising-,劇場版 魔法少女まどか☆マギカ〈ワルプルギスの廻天〉,2026-08-28,34.6996,9.0,2,"[16, 18, 9648, 14]",ja,0,11850000,120,"SHAFT, Aniplex","Yukihiro Miyamoto, Akiyuki Shinbo","Aoi Yuuki, Chiwa Saito, Kaori Mizuhashi, Eri Kitamura, Ai Nonaka"
1462861,tt22406048,Spider Island,Spider Island,2026-08-28,34.1161,5.053,19,"[35, 27]",en,0,0,0,"Vertigo Films, Fiction Films, NOW Films",Christopher Smith,"Rose Williams, Tim McInnerny, Avani Gregg, Abraham Lewis, Carlotta Banat"
1487861,tt37042085,Elize: Shadows of a Woman,Elize: Sombras de uma Mulher,2026-07-22,33.0466,7.529,210,"[53, 80, 18]",pt,0,0,93,Boutique Filmes,Vellas,"Lorena Comparato, Henrique Kimura, Denise Weinberg, Gustavo Falcão, Julia Shimura"
1325734,tt33071426,The Drama,The Drama,2026-04-01,32.4366,6.9,1799,"[10749, 35, 18]",en,28000000,132588401,105,"A24, Square Peg, Dilemma Films",Kristoffer Borgli,"Zendaya, Robert Pattinson, Alana Haim, Mamoudou Athie, Hailey Benton Gates"
1558568,tt38616652,Go Team!,"Gracias, equipo",2026-09-11,32.3398,5.239,23,[35],es,0,0,93,Zeta Studios,Diego Núñez Irigoyen,"Alexandra Jiménez, Maribel Verdú, Pedro Casablanc, Raúl Tejón, Blanca Martínez"
950028,tt14173636,The Invite,The Invite,2026-06-25,32.2559,7.264,538,"[35, 18, 10749]",en,12000000,55505476,107,"Annapurna Pictures, FilmNation Entertainment, Permut Presentations",Olivia Wilde,"Seth Rogen, Olivia Wilde, Penélope Cruz, Edward Norton, Skip Howland"
1669051,tt40705143,Kesong Puti,Kesong puti,2026-04-24,32.2289,3.75,4,[18],tl,0,0,78,Vivamax,Rodante Pajemna Jr.,"Apphle Celso, Van Allen Ong, Rinoa Halili, Mark Dionisio, Aya Fortes"
1355228,tt33354945,Gandhari,गांधारी,2026-09-03,31.8998,5.85,10,"[28, 18, 53]",hi,0,0,117,"Kathha Pictures, Outsiders Films",Devashish Makhija,"Taapsee Pannu, Ishwak Singh, Mita Vashisht, Swastika Mukherjee, Chhaya Kadam"
1032863,tt22526100,The Love Hypothesis,The Love Hypothesis,2026-09-23,31.867,0.0,0,"[10749, 35]",en,0,0,0,"MRC, Amazon MGM Studios, Small Victory Productions, The Cantillon Company",Claire Scanlon,"Lili Reinhart, Tom Bateman, Rachel Marsh, Jaboukie Young-White, Nicholas Duvernay"
1522689,tt38061210,Why Did I Get Married Again?,Why Did I Get Married Again?,2026-09-08,31.6931,7.1,22,"[35, 10749, 18]",en,0,0,112,Tyler Perry Studios,Tyler Perry,"Tyler Perry, Taraji P. Henson, Jill Scott, Richard T. Jones, Tasha Smith"
1432706,tt29719182,Bury the Devil,Bury the Devil,2026-03-06,31.5388,5.773,22,"[27, 53]",en,0,0,84,Delirium Pictures,Adam O'Brien,"Emmanuelle Lussier Martinez, Bill Rowat, Mark Antony Krupa, Dawn Ford"
1365884,tt38267923,Call My Agent! The Movie,Dix Pour Cent ! Le Film,2026-08-29,31.1736,6.514,70,"[35, 18]",fr,0,0,117,"Mon Voisin Productions, Mother Production, Mediawan",Émilie Noblet,"Camille Cottin, Thibault de Montalembert, Grégory Montel, Liliane Rovère, Fanny Sidney"
1288341,tt36926359,Seven Snipers,Seven Snipers,2026-04-30,30.9264,6.029,138,"[28, 53]",en,0,0,87,"Filmbarr, Monster Pictures Studios, Head Gear Films, Screen Queensland, Metrol Technology, Kreo Films, Signature Films, Sandy Pictures",Sandra Sciberras,"Radha Mitchell, Tim Roth, Annabel Wolfe, Ioan Gruffudd, Ryan Kwanten"
1731694,tt43679852,LEGO Star Wars: The Mandalorian,LEGO Star Wars: The Mandalorian,2026-09-02,30.8911,6.839,28,"[16, 878, 12, 10751, 28]",en,0,0,50,"Lucasfilm Ltd., The LEGO Group",Chris Buckley,"Gavin Hammon, Amy Sedaris, Bill Burr, David Pasquesi, Katee Sackhoff"
87513,tt2012616,Motor City,Motor City,2026-07-23,30.4542,6.241,114,"[28, 53, 80]",en,30000000,0,104,"Stampede Ventures, Gramercy Park Media, Peachtree Media Partners, Ace of Spades, Syndicate Entertainment, Third Man Records, Black Bear Pictures",Potsy Ponciroli,"Alan Ritchson, Ben Foster, Shailene Woodley, Lionel Boyce, Amar Chadha-Patel"
1480574,tt36948232,Just Play Dead,Just Play Dead,2026-08-28,30.3776,5.905,42,"[53, 80]",en,0,0,97,"Head Gear Films, Gemstone film, Highland Film Group",Martin Campbell,"Samuel L. Jackson, Eva Green, María Pedraza, Eoin Macken, Jason Fernández"
1481343,tt36958312,The Devil's Mouth,The Devil's Mouth,2026-07-29,29.8707,6.495,782,"[27, 53]",en,0,0,106,"Amazon MGM Studios, Thunder Road, Lionsgate",Jeff Wadlow,"Kathryn Newton, Lana Condor, Nico Hiraga, Gavin Casalegno, Tommi Rose"
1198994,tt8036976,Send Help,Send Help,2026-01-22,29.6223,7.026,2292,"[27, 53, 35]",en,40000000,94041481,113,"Raimi Productions, 20th Century Studios, TSG Entertainment",Sam Raimi,"Rachel McAdams, Dylan O'Brien, Edyll Ismail, Xavier Samuel, Dennis Haysbert"
1509599,tt37458495,Gatta Kusthi 2,கட்டா குஸ்தி 2,2026-07-03,29.5396,4.9,7,"[35, 18]",ta,0,0,153,"Vels Film International, Vishnu Vishal Studioz",Chella Ayyavu,"Vishnu Vishal, Aishwarya Lekshmi, Zara Zyanna, Karunas, Munishkanth"
1613798,tt37989803,Vengeance,Venganza,2026-02-26,29.4144,7.51,311,"[28, 53]",es,0,0,103,"El Estudio, Amazon MGM Studios",Rodrigo Valdes,"Omar Chaparro, Alejandro Speitzer, Paola Nuñez, Natalia Solián, Luis Alberti"
1380291,tt34378301,Tom Clancy's Jack Ryan: Ghost War,Tom Clancy's Jack Ryan: Ghost War,2026-05-20,29.3593,6.927,778,"[28, 53]",en,0,0,107,"Sunday Night Productions, Paramount Pictures, Big Indie Pictures",Andrew Bernstein,"John Krasinski, Wendell Pierce, Sienna Miller, Michael Kelly, Max Beesley"
1159559,tt27047903,Scream 7,Scream 7,2026-02-25,29.3581,6.228,1282,"[27, 9648, 80]",en,45000000,213835967,114,"Paramount Pictures, Spyglass Media Group, Project X Entertainment",Kevin Williamson,"Neve Campbell, Courteney Cox, Isabel May, Jasmin Savoy Brown, Mason Gooding"
1612018,tt39316472,Jackass: Best and Last,Jackass: Best and Last,2026-06-25,29.2898,7.488,244,"[28, 35, 99]",en,10000000,27795255,92,"Paramount Pictures, MTV Entertainment Studios, Domain Entertainment, Dickhouse Productions",Jeff Tremaine,"Johnny Knoxville, Steve-O, Chris Pontius, Jason 'Wee Man' Acuña, Dave England"
1307118,tt32654916,Soulm8te,Soulm8te,2026-07-31,29.2252,7.435,332,"[27, 878, 53]",en,0,0,99,"Blumhouse Productions, Atomic Monster, Universal Pictures",Kate Dolan,"David Rysdahl, Lily Sullivan, Claudia Doumit, Arty Froushan, Elijah Isaiah Cook"
1631807,tt37275992,The Secret Woman,Den hemmelige kvinde,2026-08-28,29.0989,6.311,111,"[18, 53, 9648]",da,0,0,119,SF Studios,Barbara Topsøe-Rothenborg,"Natalie Madueño, Claes Bang, Pål Sverre Hagen, Stina Ekblad, Ingrid Bolsø Berdal"
1433568,tt38633224,The Rope Curse 4: Kuntilanak,粽邪4：坤蒂拉娜,2026-08-27,28.6686,0.0,0,"[53, 9648, 27]",zh,0,0,0,WOWING Entertainment Group,Liao Shih-han,"Chen Bo-zheng, Hsu An-chih, Vera Chen Hsueh-chen, Hangee Liu, Hu Yu-heng"
1318447,tt16431404,Apex,Apex,2026-04-24,28.6646,6.889,1926,"[28, 53]",en,0,0,96,"Chernin Entertainment, Ian Bryce Productions, Secret Menu, RVK Studios",Baltasar Kormákur,"Charlize Theron, Taron Egerton, Eric Bana, Caitlin Stasey, Bessie Holland"
1471168,tt43706402,Barreda,Barreda,2026-08-28,27.7214,7.228,68,"[18, 80, 36]",es,0,0,105,"About Entertainment, Infinity Hill, Amazon MGM Studios",Daniela Goggi,"Luis Machín, Carla Peterson, Mercedes Morán, Maite Lanata, Margarita Páez"
1318413,tt32547691,Pressure,Pressure,2026-05-28,27.3214,7.687,419,"[53, 36, 10752]",en,30000000,20245995,101,"Working Title, StudioCanal UK, StudioCanal",Anthony Maras,"Andrew Scott, Brendan Fraser, Kerry Condon, Chris Messina, Damian Lewis"
1430077,tt35672862,Hokum,Hokum,2026-04-29,27.2668,6.9,860,"[27, 53]",en,5000000,25023390,108,"Spooky Pictures, Image Nation Studios, Cweature Features, Team Thrives, Tailored Films, Fís Éireann/Screen Ireland",Damian McCarthy,"Adam Scott, Peter Coonan, David Wilmot, Florence Ordesh, Michael Patric"
1668364,tt41617470,Desire,Deseo,2026-05-07,27.0755,6.726,250,"[9648, 18]",es,0,0,97,"Las películas del Apache, El Estudio",Teresa Simone,"Ludwika Paleta, José María Yázpik, Óscar Casas, Leonardo Ortizgris, Matías Coronado"
977942,tt36983905,The Uprising,The Uprising,2026-09-10,27.0218,6.9,12,"[28, 36, 18]",en,20000000,5084631,128,"Blumhouse Productions, Supernix, Thank You Pictures, Atomic Monster, Electric Shadow Company, FilmNation Entertainment",Paul Greengrass,"Andrew Garfield, Jamie Bell, Stephen Dillane, Tom Hollander, Cosmo Jarvis"
1168190,tt33046197,The Wrecking Crew,The Wrecking Crew,2026-01-28,26.9484,7.096,1267,"[28, 35, 80, 9648]",en,78500000,89000000,125,"Amazon MGM Studios, On the Roam, Dogbone Entertainment, Henness Ridge Entertainment, 6th & Idaho Motion Picture Company, Reunion Pacific Entertainment",Ángel Manuel Soto,"Dave Bautista, Jason Momoa, Temuera Morrison, Morena Baccarin, Roimata Fox"
1380417,tt34379051,By Any Means,By Any Means,2026-09-02,26.804,7.8,18,"[36, 80, 18]",en,30000000,14002888,107,"Hammerstone Studios, Thunder Road, Freedom Principle, Municipal Pictures, North.Five.Six., Script 2 Screen, Wonder Street, LB Entertainment, Jeff Rice Films, Siena Film Foundation, Harbor Fund, Ballpoint Productions, Fieldhouse Productions, Bright White Light, International Media Funds Management",Elegance Bratton,"Yahya Abdul-Mateen II, Mark Wahlberg, Nicole Beharie, Josh Lucas, David Strathairn"
1709391,tt39390582,Hanuman Ansh,हनुमान अंश,2026-08-07,26.7527,8.6,10,"[10751, 18]",hi,0,28640000,150,,Vishal Chaturvedi,"Chandan Anand, Shobhinaw Satyaa, Purnima Tiwari, Vihaan Shedge, Anil Rastogi"
1514026,tt37281055,Buddy,Buddy,2026-08-27,26.6186,7.934,61,"[27, 35]",en,3000000,21748706,95,"BoulderLight Pictures, Low Spark Films, SIPUR, SUBSTANCE",Casper Kelly,"Keegan-Michael Key, Cristin Milioti, Delaney Quinn, Caleb Williams, Madison Polan"
1489543,tt35712605,G.D.N,ஜி.டி.என்,2026-08-07,26.4042,7.0,1,[18],ta,0,60641,147,"Tricolor Films, Varghese Moolans Pictures",Krishnakumar Ramakumar,"R. Madhavan, Priyamani, Sathyaraj, Jayaram, Dushara Vijayan"
1515615,tt36935050,Kissing Is the Easy Part,Kissing Is the Easy Part,2026-02-13,26.1882,7.341,85,"[10749, 35]",en,0,0,101,"Blue Ice Pictures, WEBTOON Productions",Fawzia Mirza,"Asher Angel, Paris Berelc, Jennifer Robertson, Tom Keat, Rosalie Turmel"
1228834,tt9601292,The Fix,The Fix,2026-09-10,25.7496,8.2,5,"[28, 53]",en,32000000,0,142,"Astral Future, Dreamtime Entertainment, Oakhurst Entertainment, BondIt Media Capital, Latigo Films, Blue Rider Pictures, Rabbits Black, Thomasville Pictures, Eyevox Entertainment",Guy Moshe,"Zachary Levi, Liam Neeson, Wes Chatham, Titus Welliver, Navid Negahban"
1266127,tt33978029,Ready or Not: Here I Come,Ready or Not: Here I Come,2026-03-19,25.5462,7.562,1626,"[27, 35]",en,14000000,42940054,108,"Searchlight Pictures, Mythology Entertainment, Radio Silence, Big Indie Pictures, Vinson Films","Matt Bettinelli-Olpin, Tyler Gillett","Samara Weaving, Kathryn Newton, Sarah Michelle Gellar, Shawn Hatosy, Nestor Carbonell"
1321008,tt32315584,Black Box,Black Box,2026-06-25,25.0519,6.0,88,"[27, 53]",en,1000000,224611,85,"Capstone Studios, Hammerstone Studios, Inzide Media",Steven Quale,"Tom Brittney, Holly White, Betsy Blue-English, Dane Whyte O'Hara, Kaja Chan"
1630409,tt39749953,The Debt Collector,คนเดือดทวงแค้น,2026-07-20,24.7855,7.971,137,"[28, 53, 80]",th,0,0,134,Jungka Bangkok,Surapong Ploensang,"Nadech Kugimiya, Pittaya Saechua, Chaiwat Thongsaeng, Nuanprang Treechit, Jonathan Holman"
1465063,tt36583977,Forgotten Island,Forgotten Island,2026-09-10,24.726,8.6,7,"[16, 12, 14, 35, 10751]",en,0,0,109,DreamWorks Animation,"Januel Mercado, Joel Crawford","H.E.R., Liza Soberano, Dave Franco, Lea Salonga, Jenny Slate"
964849,tt34383465,Nightborn,Yön lapsi,2026-07-01,24.5754,5.939,131,[27],fi,5900000,0,92,"Elokuvayhtiö Komeetta, Getaway Films, BlueLight, Filmai LT",Hanna Bergholm,"Rupert Grint, Seidi Haarla, Pamela Tola, Pirkko Saisio, Rebecca Lacey"
1719326,tt42764218,The Cheating Wife,The Cheating Wife,2026-06-26,25.9199,4.3,3,[18],tl,0,0,76,Vivamax,Mikko Baldoza,"Cess Garcia, Allison Ross, Vince Rillon, Primo Angeles"
1318621,tt34477910,Descendants: Wicked Wonderland,Descendants: Wicked Wonderland,2026-07-16,24.0074,7.492,180,"[14, 10770, 10751, 12]",en,0,0,98,"Suzanne Todd Productions, Potato Monkey Productions, GWave Productions, Disney Kids & Family, Bear Claw Productions",Kimmy Gatewood,"Kylie Cantrall, Malia Baker, Liamani Segura, Rita Ora, Brandy Norwood"
1306368,tt32642706,The Rip,The Rip,2026-01-13,23.9019,7.087,1923,"[28, 53, 80]",en,100000000,0,113,Artists Equity,Joe Carnahan,"Matt Damon, Ben Affleck, Teyana Taylor, Steven Yeun, Catalina Sandino Moreno"
1428226,tt30332656,Until the End of the World,Hasta el Fin del Mundo,2026-07-23,23.6583,7.471,34,[18],es,0,0,98,AF Films,Emiliano Castro Vizcarra,"Mauricio Ochmann, Aislinn Derbez, Daniel Pérez Prada, Melina Figueroa, Miguel Ángel Jiménez"
1263337,tt7526136,Heart of the Beast,Heart of the Beast,2026-09-19,23.5224,0.0,0,"[12, 53]",en,0,0,101,"Paramount Pictures, Wild Chickens Productions, Temple Hill Entertainment, Domain Entertainment, GulfStream Pictures, Kino World",David Ayer,"Brad Pitt, J.K. Simmons, Anna Lambe"
1599191,,Renegade Immortal: Battle of the Immortal Slayer,仙逆剧场版：弑仙之战,2026-10-01,23.3942,0.0,0,"[16, 28, 12, 14]",zh,0,0,0,"Tencent Video, Build Dream, Ran Dong Yuzhou Studio Group",TouXiong Shi,Shi Zekun
1339588,tt32499466,Finding Emily,Finding Emily,2026-05-21,23.2311,6.7,54,"[10749, 35]",en,0,3007926,111,"Working Title, Parkville Pictures, Focus Features",Alicia MacDonald,"Spike Fearn, Angourie Rice, Prasanna Puwanarajah, Minnie Driver, Cora Kirk"
1656061,tt39315819,Immortal Combat,Immortal Combat,2026-04-24,23.0579,4.8,21,"[28, 878, 12]",en,0,0,88,The Asylum,Monroe Robertson,"Dominique Swain, Eve Fournier, Roxanne G.C. Brooks, Charlit Dae, Samuel Selman"
1368314,tt33763941,Passenger,Passenger,2026-05-20,23.0259,7.306,873,"[27, 53]",en,15000000,31620508,94,"18Hz Productions, Coin Operated, Paramount Pictures, Domain Entertainment",André Øvredal,"Jacob Scipio, Lou Llobell, Melissa Leo, Joseph Lopez, Miles Fowler"
1400837,tt36586020,Other Mommy,Other Mommy,2026-10-07,23.0216,0.0,0,[27],en,0,0,93,"Blumhouse Productions, Atomic Monster, Spin a Black Yarn",Rob Savage,"Jessica Chastain, Arabella Olivia Clark, Jay Duplass, Dichen Lachman, Arian Moayed"
1567937,tt38775487,V,空枪,2026-08-19,22.5616,5.7,6,"[18, 80]",cn,0,0,160,"广东珠影影视制作有限公司, 广东联瑞木马影业有限公司, Zhejiang Hengdian Film Production, Pearl River Film Group 珠江电影集团",Han Yan,"Zhu Yilong, Tan Jianci, Tony Leung Ka-fai, Michelle Wai Si-Nga, Kara Wai Ying-Hung"
1305781,tt32649961,Blades of the Guardians,镖人：风起大漠,2026-02-17,22.4882,8.186,231,"[28, 12]",zh,123000000,203356793,126,"Alibaba Pictures Group, DF Pictures, Damai Entertainment, Peace Film Production Co., Huaxia Film Distribution, China Film Group Corporation",Yuen Woo-ping,"Wu Jing, Nicholas Tse Ting-Fung, Chen Lijun, Yu Shi, Sun Yizhou"
1297311,tt32263577,Quantum Supremacy,Quantum Supremacy,2026-02-16,22.3311,4.0,5,"[878, 16, 12, 28]",en,0,0,77,Ruthless Studios,Jesse Baget,"Cuba Gooding Jr., Mike Ayiotis, Storm Watters, Andrew Helbig, Richie Ammons"
1119449,tt1341338,"Good Luck, Have Fun, Don't Die","Good Luck, Have Fun, Don't Die",2026-02-13,22.1237,7.121,1017,"[878, 28, 35]",en,20000000,9755038,134,"Constantin Film, Blind Wink, 3 Arts Entertainment, North.Five.Six.",Gore Verbinski,"Sam Rockwell, Juno Temple, Haley Lu Richardson, Michael Peña, Zazie Beetz"
1340206,tt33296751,Tuner,Tuner,2026-05-21,21.8805,7.619,434,"[80, 18, 53]",en,7000000,13505364,108,"Black Bear Pictures, Elevation Pictures, English Breakfast Productions",Daniel Roher,"Leo Woodall, Dustin Hoffman, Havana Rose Liu, Lior Raz, Tovah Feldshuh"
1292415,tt7708226,Beast,Beast,2026-04-10,21.8441,7.495,186,"[28, 18]",en,0,0,115,"Broken Open Pictures, Deeper Water Films, Black Pearl Productions, Storm Alley Entertainment, Lionsgate, Grindstone Entertainment Group",Tyler Atkins,"Daniel MacPherson, Luke Hemsworth, Russell Crowe, Mojean Aria, Kelly Gale"
1249663,tt28171304,Kangaroo Kids,Kangaroo Kids,2026-02-17,21.7739,0.0,0,[10751],en,0,0,0,Sunn Stream Productions,Fairai Branscombe Richmond,"Branscombe Richmond, Robbie Allen, Emily Ashby, Josefina Baeza, Ella Branstetter"
1248832,tt31450459,Digger,Digger,2026-09-30,21.4448,0.0,0,[35],en,130000000,0,129,"Warner Bros. Pictures, Legendary Pictures, TC Productions, M Productions, Domain Entertainment",Alejandro G. Iñárritu,"Tom Cruise, Riz Ahmed, John Goodman, Sandra Hüller, Michael Stuhlbarg"
1608445,tt37673293,Tarung: Unforgiven,Tarung: Unforgiven,2026-05-07,21.3918,8.2,5,"[28, 80, 18]",ms,2000000,5832817,100,"Alpha47 Films, Icon Pictures, Astro Shaw",Razaisyam Rashid,"Mierul Aiman, Aedy Ashraf, Zul Ariffin, Bront Palarae, Amir Ahnaf"
1698856,tt41087705,Master of the Universe,Master of the Universe,2026-05-22,21.3543,5.1,82,"[878, 28, 14]",en,0,0,81,The Asylum,Marcel Walz,"Matthew Gademske, Morgan Flanagan, Krymis J Fernando, Antonio Valles, Telisha Johnson"
1272837,tt32141377,28 Years Later: The Bone Temple,28 Years Later: The Bone Temple,2026-01-14,21.327,7.095,1745,"[27, 53, 878]",en,63000000,58527279,109,"Columbia Pictures, TSG Entertainment, DNA Films",Nia DaCosta,"Ralph Fiennes, Alfie Williams, Jack O'Connell, Erin Kellyman, Chi Lewis-Parry"
614945,tt10375624,Voicemails for Isabelle,Voicemails for Isabelle,2026-06-20,21.2309,8.309,903,"[10749, 35, 18]",en,0,0,119,"Escape Artists, Sony Pictures",Leah McKendrick,"Zoey Deutch, Nick Robinson, Harry Shum Jr., Leah McKendrick, Ciara Bravo"
1084187,tt26678938,Pretty Lethal,Pretty Lethal,2026-03-13,21.2143,6.782,497,"[28, 53, 27]",en,0,0,89,"87North Productions, GulfStream Pictures, Amazon MGM Studios, Tempo Productions",Vicky Jewson,"Maddie Ziegler, Lana Condor, Iris Apatow, Millicent Simmonds, Avantika"
1471224,tt38814447,Bazaar (Murder in the Building),Le Crime du 3e étage,2026-03-11,20.9573,6.441,76,"[35, 18, 80]",fr,0,0,106,"Jerico, SND, Jerico Films, Vendôme Films",Rémi Bezançon,"Gilles Lellouche, Laetitia Casta, Guillaume Gallienne, Isabel Aimé González Sola, Jenna Knafo"
1316092,tt32897959,“Wuthering Heights”,“Wuthering Heights”,2026-02-11,20.7245,6.655,1347,"[10749, 18]",en,80000000,241601072,136,"MRC, LuckyChap Entertainment, Lie Still, Warner Bros. Pictures, Domain Entertainment",Emerald Fennell,"Margot Robbie, Jacob Elordi, Hong Chau, Shazad Latif, Alison Oliver"
1236153,tt31050594,Mercy,Mercy,2026-01-19,20.5148,7.079,1690,"[878, 53, 80, 9648]",en,60000000,54708061,100,"Atlas Entertainment, Amazon MGM Studios, Bazelevs",Timur Bekmambetov,"Chris Pratt, Rebecca Ferguson, Kali Reis, Kylie Rogers, Chris Sullivan"
1159831,tt30851137,The Bride!,The Bride!,2026-03-04,20.134,6.1,656,"[878, 27, 14]",en,80000000,23944025,127,"First Love Films, Warner Bros. Pictures, In The Current Company, Domain Entertainment",Maggie Gyllenhaal,"Jessie Buckley, Christian Bale, Peter Sarsgaard, John Magaro, Jeannie Berlin"
1330021,tt33100314,Remarkably Bright Creatures,Remarkably Bright Creatures,2026-05-07,19.9532,8.4,911,"[18, 9648]",en,0,0,114,"Anonymous Content, Night Owl Stories",Olivia Newman,"Sally Field, Lewis Pullman, Colm Meaney, Alfred Molina, Joan Chen"
875828,tt15574124,Peaky Blinders: The Immortal Man,Peaky Blinders: The Immortal Man,2026-03-05,19.5483,7.178,1219,"[80, 18]",en,0,0,112,"BBC Film, Garrison Drama, Nebulastar",Tom Harper,"Cillian Murphy, Barry Keoghan, Rebecca Ferguson, Tim Roth, Stephen Graham"
1470130,tt36647890,The Mortuary Assistant,The Mortuary Assistant,2026-02-13,19.5421,5.299,179,"[27, 9648]",en,0,1300011,91,"Epic Pictures Group, Creativity Capital, Dread, Traverse Terror",Jeremiah Kipp,"Willa Holland, Paul Sparks, John Adams, Mark Steger, Shelly Gibson"
1484222,tt42735860,In the Name of Love,อัศจรรย์วันทอง,2026-09-03,19.3677,0.0,0,"[18, 10749, 14, 35]",th,0,0,135,Black Dragon Entertainment,Piyakarn Butprasert,"Waruntorn Paonil, Prin Suparat, Kanawut Traipipattanapong, Wipawee Patnasiri, Patara Eksangkul"
949536,tt18212138,Kill Code,Kill Code,2026-04-16,19.2102,4.974,19,"[28, 53, 878]",en,20000000,19426,87,Powell and Price Productions,Justin Price,"Franzi Schissler, Frank Grillo, Harvey Keitel, Tyrese Gibson, Peter Stormare"
1483525,tt37803364,Possible Love,가능한 사랑,2026-09-23,19.1569,0.0,0,[18],ko,0,0,165,"Pinehouse Film, NOWFILM, Anonymous Content",Lee Chang-dong,"Jeon Do-yeon, Sul Kyung-gu, Zo In-sung, Cho Yeo-jeong, Jo Yuri"
1598766,tt41293342,Crayon Shin-chan the Movie: Very Bizarre! My Yokai Vacation,クレヨンしんちゃん 奇々怪々！オラの妖怪バケ～ション,2026-07-31,18.9595,0.0,0,"[12, 16, 35]",ja,0,0,0,"TOHO, Shin-Ei Animation, Futabasha, TV Asahi, ADK Emotions",Masaki Watanabe,"Yumiko Kobayashi, Miki Narahashi, Toshiyuki Morikawa, Satomi Korogi"
1630423,tt39749979,My Dearest Assassin,เลือดรักนักฆ่า,2026-05-06,18.8741,8.546,293,"[28, 18, 10749]",th,0,0,128,Sunwrite Moonact,Taweewat Wantha,"Pimchanok Luevisadpaibul, Thanapob Leeratanakachorn, Sivakorn Adulsuttikul, Chartayodom Hiranyasthiti, Theerachai Wimolchaireuk"
1275215,tt31986446,Aves de Corral,Aves de Corral,2026-03-06,18.5384,4.5,4,"[35, 80, 18]",es,0,0,0,Delicias 13 Pictures,Antonio Vicent,"Diego Anido, Pedro Casablanc, Olivia Baglivi, José Luis García Pérez, Antonio Durán 'Morris'"
1530121,tt21452628,The Girl in the River,The Girl in the River,2026-09-04,18.0897,7.3,9,"[80, 53]",en,0,0,92,"Andrew Stevens Entertainment, Black Diamond Films, Eyevox Entertainment, HBK F.C.",Brando Benetton,"Maggie Grace, Devon Sawa, Ralph Macchio, Tiffany Haddish, Andrew Stevens"
1010755,tt28682323,The Strangers: Chapter 3,The Strangers: Chapter 3,2026-02-05,17.8712,5.888,285,"[27, 53]",en,8500000,11031947,92,"Lionsgate, Fifth Element Productions, Lipsync Productions, Sherbone Media, Stream Media, Elipsis Capital",Renny Harlin,"Madelaine Petsch, Richard Brake, Ema Horvath, Gabriel Basso, Pedro Leandro"
1315303,tt33028778,Primate,Primate,2026-01-01,17.7305,6.484,886,"[27, 53]",en,21000000,41235665,89,"18Hz Productions, Paramount Pictures, Domain Entertainment",Johannes Roberts,"Johnny Sequoyah, Jessica Alexander, Troy Kotsur, Victoria Wyant, Gia Hunter"
1430698,tt30217600,The Bay,The Bay,2026-07-02,17.7226,5.672,32,"[53, 27]",en,0,0,87,"Roundtable Entertainment, Laguna Six, Del Rey Films, Peak Distribution Partners, WeBros Entertainment, Cosmic Distribution, Architect",Phil Volken,"Francesca Eastwood, Dani Oliveros, Alexander Wraith, Ta'imua, Calan Scherer"
1632181,tt40187050,Accidental Partners,Socias por accidente,2026-03-12,17.6747,8.8,381,"[35, 10749]",es,0,0,110,"Videocine, ViX, TelevisaUnivision Mexico",Ihtzi Hurtado,"Angelique Boyer, Bárbara de Regil, Diego Klein, Lucía Uribe, Isabella Camil"
1383731,tt34471850,Protector,Protector,2026-02-20,17.4618,8.395,588,"[28, 53]",en,0,1993982,90,"Aanaxion Studio, 828 Productions, BondIt Media Capital, Magenta Light Studios, Blossom Studio, Allbarun Company, SSS Entertainment, American Picture House Corporation, CaliWood Pictures",Adrian Grünberg,"Milla Jovovich, Matthew Modine, Isabel Myers, D. B. Sweeney, Don Harvey"
1303331,tt27548557,Dhamaal 4,धमाल ४,2026-07-10,17.4307,3.955,11,[35],hi,21000000,0,143,"T-Series, Devgan Films, Maruti International, Panorama Studios",Indra Kumar,"Ajay Devgn, Arshad Warsi, Riteish Deshmukh, Javed Jaffrey, Sanjay Mishra"
1300968,tt32558705,The Hunger Games: Sunrise on the Reaping,The Hunger Games: Sunrise on the Reaping,2026-11-18,17.4044,0.0,0,"[878, 28, 12]",en,150000000,0,0,"Lionsgate, Color Force, about:blank, Studio Babelsberg",Francis Lawrence,"Joseph Zada, Ralph Fiennes, Jesse Plemons, Mckenna Grace, Whitney Peak"
1381027,tt34381258,Good Boy,Good Boy,2026-03-05,17.3907,7.308,295,"[53, 18, 9648]",en,0,0,110,"Recorded Picture Company, Skopia Film, Wytwórnia Filmów Dokumentalnych i Fabularnych, Venatu Capital, CANAL+ Polska, TVN Warner Bros. Discovery",Jan Komasa,"Stephen Graham, Andrea Riseborough, Anson Boon, Kit Rakusen, Monika Frajczyk"
1650558,tt39891410,Abot Langit,Abot Langit,2026-03-13,17.3254,6.0,2,[10749],tl,0,0,70,Vivamax,Topel Lee,"Aliya Raymundo, JC Tan, Jio Yoshida, Zel Fernandez, Jetleline Esquivel"
1511675,tt37544379,Kingdom 5: The Clash of Souls,キングダム 魂の決戦,2026-07-17,17.205,8.5,2,"[28, 12, 10752]",ja,0,0,133,"TOHO, CREDEUS",Shinsuke Sato,"Kento Yamazaki, Ryo Yoshizawa, Kanna Hashimoto, Yuki Yamada, Etsushi Toyokawa"
1698575,tt42839367,"Snoopy Presents: There's No Place Like Home, Snoopy","Snoopy Presents: There's No Place Like Home, Snoopy",2026-07-30,17.1508,8.413,40,"[16, 10751]",en,0,0,32,"WildBrain Studios, Charles M. Schulz Creative Associates",Ridd Sorensen,"Riley Kai Vargas, Terry McGurrin, Rob Tinkler, Kitai O'Garro, Josephine Nisbett"
1242332,tt31195136,Normal,Normal,2026-04-16,17.1401,7.273,587,"[28, 80, 53]",en,10000000,6095691,91,"Aperture Media Partners, QWGmire, OPE Partners, Le Foole, Tradecraft, Normal Films",Ben Wheatley,"Bob Odenkirk, Henry Winkler, Lena Headey, Billy MacLellan, Ryan Allen"
1404304,tt35051162,The Isolate Thief,The Isolate Thief,2026-07-10,17.1347,6.881,21,"[37, 28, 18]",en,0,0,95,Hideout Pictures,John Suits,"Mackenzie Foy, Odeya Rush, Sean Bean, Joe Pantoliano, Jack Kesy"
1314826,tt32881432,Yellow Eyes,Yellow Eyes,2026-08-18,17.1174,4.813,8,[27],en,0,0,86,Yale Entertainment,Jesse Korman,"Nena Martins, Michael Kunicki, Jimmy Chung, William Derrick III, Margo O’Donnell"
1285959,tt32298956,The Passenger,The Passenger,2026-06-05,15.4319,5.587,52,[53],en,0,0,93,"Van Evera, Dark Castle Entertainment, Amasia Entertainment, Chandler Fogden Lyman Entertainment Law",Vadim Perelman,"Djimon Hounsou, Kodi Smit-McPhee, Leigh-Ann Rose, Carolina Campos, Tegan Couchman"
1084577,tt26735622,Balls Up,Balls Up,2026-04-15,18.4272,5.845,333,"[35, 28, 12]",en,0,0,104,"Skydance Media, Reese Wernick Productions, Amazon MGM Studios",Peter Farrelly,"Mark Wahlberg, Paul Walter Hauser, Sacha Baron Cohen, Benjamin Bratt, Luciano Szafir"
1170608,tt31378509,Dune: Part Three,Dune: Part Three,2026-12-15,16.9646,0.0,0,"[878, 12]",en,0,0,140,Legendary Pictures,Denis Villeneuve,"Timothée Chalamet, Zendaya, Jason Momoa, Florence Pugh, Rebecca Ferguson"
1375441,tt34206385,Primetime,Primetime,2026-09-23,18.0713,5.3,3,"[80, 18, 53]",en,0,0,110,"A24, Icki Eneo Arlo, Square Peg, Range Media Partners",Lance Oppenheim,"Robert Pattinson, Merritt Wever, Skyler Gisondo, Phoebe Bridgers, Matthew Maher"
1263532,tt32358025,Beast Race,Corrida dos Bichos,2026-03-17,16.8322,6.983,119,"[28, 878, 53]",pt,0,0,124,O2 Filmes,"Fernando Meirelles, Rodrigo Pesavento, Ernesto Solis","Matheus Abreu, Rodrigo Santoro, Isis Valverde, Thainá Duarte, Bruno Gagliasso"
680493,tt22868010,Return to Silent Hill,Return to Silent Hill,2026-01-21,20.4307,5.379,828,"[27, 9648]",en,23000000,47976996,106,"Konami, Davis Films, Ashland Hill Media Finance, Supernix, WIP, Richmond Pictures, Lipsync Productions, Electric Shadow Company, Maze Pictures, Penzing Studios, Black Sail Pictures",Christophe Gans,"Jeremy Irvine, Hannah Emily Anderson, Ljiljana Velimirov, Giulia Pelagatti, Evie Templeton"
1762506,tt33510831,Band of Brothers: Legacy,Band of Brothers: Legacy,2026-09-09,16.2693,9.0,11,"[99, 10752]",en,0,0,60,Playtone,Chase Millsap,"Damian Lewis, Richard D. Winters, Ron Livingston, Neal McDonough, Frank John Hughes"
1284046,tt32268691,Onslaught,Onslaught,2026-09-02,20.3103,6.083,24,"[28, 27, 53]",en,15000000,3097067,92,"A24, Ryder Picture Company, Lyrical Media, Breakaway Civilization, 828 Productions",Adam Wingard,"Adria Arjona, Dan Stevens, Eric Wareheim, Reginald VelJohnson, Michael Biehn"
1390300,tt34685692,Over Your Dead Body,Over Your Dead Body,2026-03-14,17.7612,6.435,599,"[28, 35, 53]",en,0,2055131,105,"87North Productions, XYZ Films, 74 Entertainment, IPR.VC",Jorma Taccone,"Jason Segel, Samara Weaving, Timothy Olyphant, Juliette Lewis, Keith Jardine"
1292695,tt31728330,They Will Kill You,They Will Kill You,2026-03-25,18.0447,6.9,1127,"[28, 35, 27, 53]",en,20000000,19382152,95,"Nocturna, New Line Cinema, Domain Entertainment, Film Afrika",Kirill Sokolov,"Zazie Beetz, Patricia Arquette, Myha'la, Paterson Joseph, Tom Felton"
1363387,tt35050712,Saccharine,Saccharine,2026-05-22,16.4907,6.974,175,[27],en,0,456091,113,"Carver Films, XYZ Films, Stan, Thrum Films, Screen Australia, IPR.VC, VicScreen, Maslow Entertainment",Natalie Erika James,"Midori Francis, Danielle Macdonald, Madeleine Madden, Robert Taylor, Showko Showfukutei"
1432474,tt34895535,Nimrods,Nimrods,2026-08-06,20.7122,7.0,11,"[35, 10402]",en,0,1295050,107,"Live Nation Studios, Process Media, Green Day, Legion M",Lee Kirk,"Mason Thames, Kylr Coffman, Ryan Foust, Jenna Fischer, Mckenna Grace"
1510795,tt37697399,"Shake, Rattle & Roll: Evil Origins","Shake, Rattle & Roll: Evil Origins",2026-06-05,14.8211,5.864,22,[27],tl,0,0,148,Regal Entertainment,"Shugo Praico, Joey De Guzman, Ian Loreños","Carla Abellana, Richard Gutierrez, Ivana Alawi, Manilyn Reynes, Janice de Belen"
799882,tt14181714,The Bluff,The Bluff,2026-02-17,15.6954,6.756,223,"[18, 28, 53]",en,0,0,103,"AGBO, Cinestar Pictures, Big Indie Pictures, RocketScience",Frank E. Flowers,"Priyanka Chopra Jonas, Karl Urban, Safia Oakley-Green, Ismael Cruz Cordova, Temuera Morrison"
1472951,tt29218808,Infiltrate,Infiltrate,2026-07-09,15.3097,8.1,20,"[28, 53]",en,0,0,93,Kemodo Entertainment,James Mark,"Orphée Ladouceur-Nguyen, Alain Moussi, Tim Rozon, Finn McCager Higgins, Lisa Berry"
1141970,tt15840272,Morte Cucina,ครัวสาว,2026-07-02,15.8476,5.4,4,"[53, 18]",th,0,0,96,"185 Films, Volos Films, Deal Productions, Gorylah Pictures, Little River Pictures",Pen-Ek Ratanaruang,"Thanutphon Boonsang, Nopachai Jayanama, Kris Srepoomseth, Tadanobu Asano, Supinun Chotiphiphatwanich"
1308767,tt32104007,Young Washington,Young Washington,2026-07-02,14.0995,7.857,119,"[36, 10752, 18]",en,20000000,44888507,121,"Angel Studios, 10 Ton Productions, Wonder Project, 2521 Entertainment, Red 56, Provident Films, Wild Atlantic Pictures",Jon Erwin,"William Franklyn-Miller, Ben Kingsley, Mary-Louise Parker, Leo Hanna, Mia Rodgers"
1279493,tt32321803,The Get Out,The Get Out,2026-06-18,24.9986,6.0,78,"[28, 53]",en,0,0,111,"Nickel City Pictures, A Higher Standard, G2 Dispatch, Life & Soul Pictures, Fifth Season",Derrick Borte,"Russell Crowe, Luke Evans, Teresa Palmer, Daniel Zovatto, Josh McConville"
1317672,tt36331860,Love Me Love Me,Love Me Love Me,2026-02-12,15.7057,6.086,314,"[10749, 18]",en,0,0,99,"Lotus Production, Amazon MGM Studios, Leone Film Group",Roger Kumble,"Pepe Barroso, Mia Jenkins, Luca Melucci, Andrea Guo, Michelangelo Vizzini"
1477317,tt36958376,Your Fault: London,Your Fault: London,2026-06-17,15.7943,7.444,197,"[10749, 18]",en,0,0,123,"Pokeepsie Films, 42, Amazon MGM Studios","Dani Girdwood, Charlotte Fassler","Asha Banks, Matthew Broome, Louisa Binder, Joel Nankervis, Scarlett Rayner"
1212934,tt30441926,Olmo,Olmo,2026-08-07,15.2542,0.0,0,"[35, 18]",en,0,0,84,"Plan B Entertainment, Teorema",Fernando Eimbcke,"Aivan Uttapa, Gustavo Sánchez Parra, Diego Olmedo, Andrea Suarez Paz, Rosa Armendariz"
1340102,tt38953026,Lion Fist,Lion Fist,2026-09-10,15.2375,6.0,5,[28],en,350000,0,91,"Lowe Films, Quest Media",Taim M. Adams,"Mathis Landwehr, Li Yanlong, Kurt McKinney, Keith Cooke, Brice Akuesson"
1397385,tt34888871,Little Brother,Little Brother,2026-06-18,15.2023,6.404,368,[35],en,0,0,102,Middle Child Pictures,Matt Spicer,"John Cena, Eric Andre, Michelle Monaghan, Christopher Meloni, Sherry Cola"
1433583,tt10794054,The Weight,The Weight,2026-09-16,15.1084,6.813,8,"[18, 53, 80]",en,0,0,112,"Fields Entertainment, Under the Influence Productions, Augenschein Filmproduktion, Logical Content Ventures, Construction Film",Padraic McKinley,"Ethan Hawke, Russell Crowe, Julia Jones, Austin Amelio, Avi Nash"
999136,tt3515878,Do Not Enter,Do Not Enter,2026-03-19,14.9666,6.273,350,[27],en,0,0,91,"Suretone Pictures, Lionsgate",Marc Klasfeld,"Francesca Reale, Nicholas Hamilton, Adeline Rudolph, Jake Manley, Shane Paul McGhie"
1382832,tt34494076,Hungry,Hungry,2026-06-03,14.9047,7.0,266,"[53, 27]",en,0,0,93,Signature Entertainment,James Nunn,"Madison Davenport, Tracey Bonner, Joaquim de Almeida, Michel Curiel, Samantha Coughlan"
949838,tt36304003,72 HOURS,72 HOURS,2026-07-20,14.7885,6.794,437,"[35, 80]",en,0,0,105,"Sony Pictures, Davis Entertainment, Counterbalance Entertainment, HartBeat Productions, Will Packer Productions, The Story Company",Tim Story,"Kevin Hart, Marcello Hernández, Mason Gooding, Kam Patterson, Ben Marshall"
1283515,tt32261958,Verity,Verity,2026-09-30,14.7524,0.0,0,"[9648, 53]",en,40000000,0,117,"Eat the Cat, Semi-Formal Productions, Somewhere Pictures, Shiny Penny Productions, Heartbones Entertainment, Amazon MGM Studios",Michael Showalter,"Dakota Johnson, Anne Hathaway, Josh Hartnett, Ismael Cruz Cordova, Brady Wagner"
1545621,tt39123115,Detective Conan: Fallen Angel of the Highway,名探偵コナン ハイウェイの堕天使,2026-04-10,14.719,7.4,21,"[16, 28, 9648, 80]",ja,0,0,109,"TMS Entertainment, TOHO, Nippon Television Network Corporation, Shogakukan, Yomiuri Telecasting Corporation, Shogakukan-Shueisha Productions",Takahiro Hasui,"Minami Takayama, Wakana Yamazaki, Rikiya Koyama, Megumi Hayashibara, Miyuki Sawashiro"
1226699,tt35060353,The Wrong Girls,The Wrong Girls,2026-08-14,14.5921,5.893,28,"[35, 80, 878]",en,0,0,99,"Nevermind, Point Grey Pictures, Savage Rose Films, NEON, 100 Zeros",Dylan Meyer,"Kristen Stewart, Alia Shawkat, LaKeith Stanfield, Zack Fox, Tony Hale"
696393,tt8879928,Cold Storage,Cold Storage,2026-01-22,14.5586,6.755,775,"[27, 878, 35]",en,10000000,4048606,99,"Pariah, StudioCanal UK, StudioCanal",Jonny Campbell,"Georgina Campbell, Joe Keery, Sosie Bacon, Vanessa Redgrave, Lesley Manville"
1193501,tt29550683,Whistle,Whistle,2026-01-20,14.5059,6.319,691,"[27, 9648]",en,2000000,4987632,100,"No Trace Camping, Wild Atlantic Pictures",Corin Hardy,"Dafne Keen, Sophie Nélisse, Sky Yang, Jhaleil Swaby, Alissa Skovbye"
1240889,tt35298123,Teenage Sex and Death at Camp Miasma,Teenage Sex and Death at Camp Miasma,2026-08-06,14.3689,6.7,112,"[35, 27, 10749]",en,8000000,7533008,112,"MUBI, Plan B Entertainment",Jane Schoenbrun,"Hannah Einbinder, Gillian Anderson, Amanda Fix, Arthur Conti, Eva Victor"
1517123,tt37660509,On the Road,En el camino,2026-06-03,14.3181,7.667,9,"[18, 53, 80]",es,0,0,93,"Animal de Luz Films, Producciones Año Bisiesto, The Maestros, La Corriente del Golfo, Terminal, Instituto Mexicano de Cinematografía, Eficine",David Pablos,"Victor Prieto Simental, Osvaldo Sánchez, Mariano López Sosa, Héctor Cárdenas, Obdulia Morales"
1480387,tt35892608,undertone,undertone,2026-03-12,14.261,6.012,649,"[27, 9648]",en,500000,21555603,94,"Black Fawn Films, Slaterverse Pictures, KINO Studios, Spooky Pictures, DimensionGate, Feel Everything Productions",Ian Tuason,"Nina Kiri, Adam DiMarco, Michèle Duquet, Keana Bastidas, Jeff Yung"
1491920,tt36103784,Kung Fu Soccer,功夫女足,2026-07-11,14.1739,6.111,27,"[18, 35, 28]",zh,0,0,106,"Shanghai Maoyan Film 上海猫眼影业, China Film Group Corporation, 深圳电影制片厂",Stephen Chow,"Zhang Xiaofei, Dilraba Dilmurat, Zhang Yixing, Carina Lau, Takeru Satoh"
1477712,tt36893729,Ice Cream Man,Ice Cream Man,2026-08-03,14.162,4.4,58,"[27, 35]",en,5500000,5909790,86,"The Horror Section, Media Capital Technologies, Head Gear Films, Mass Appeal, Metrol Technology, dentsu, Sixth Dimension",Eli Roth,"Ari Millen, Charlie Zeltzer, Shiloh O’Reilly, Kiori Mirza Waldman, Sarah Abbott"
791523,tt2056785,Wildwood,Wildwood,2026-10-21,14.1009,0.0,0,"[16, 12, 14]",en,0,0,132,LAIKA,Travis Knight,"Peyton Elizabeth Lee, Jacob Tremblay, Carey Mulligan, Mahershala Ali, Arthur Knight"
1679730,tt42186253,THE RIBBON HERO,THE RIBBON HERO リボンヒーロー,2026-08-07,13.9887,6.4,24,"[16, 14, 18, 28]",ja,0,0,112,"Twin Engine, OUTLINE",Yuki Igarashi,"Saaya, Seiran Kobayashi, Koki Uchiyama, Mayumi Shintani, Haruhiko Jo"
467905,tt4357198,How to Make a Killing,How to Make a Killing,2026-02-16,13.9313,6.971,743,"[35, 53]",en,15000000,21598574,105,"StudioCanal, Blueprint Pictures",John Patton Ford,"Glen Powell, Margaret Qualley, Jessica Henwick, Bill Camp, Zach Woods"
1202033,tt32278481,Enola Holmes 3,Enola Holmes 3,2026-06-30,13.9307,6.73,682,"[12, 80, 9648]",en,0,0,109,"Legendary Pictures, PCMA Productions",Philip Barantini,"Millie Bobby Brown, Henry Cavill, Helena Bonham Carter, Louis Partridge, Himesh Patel"
1641319,tt39538786,Sniper: No Nation,Sniper: No Nation,2026-03-13,13.899,6.72,100,"[28, 53]",en,0,0,96,"Destination Films, Blue Ice Pictures, Blue Ice Africa",Trevor Calverley,"Chad Michael Collins, Ryan Robbins, Manuel Rodriguez-Saenz, Josh Brener, Tom Berenger"
1212461,tt29544916,Obex,Obex,2026-01-09,13.8927,6.125,24,"[14, 12, 27]",en,5000,32453,91,"Cartuna, True Friend, Ley Line Entertainment, Salem Street Entertainment, Spartan Media Acquisitions",Albert Birney,"Albert Birney, Dorothy the Dog, Callie Hernandez, Paisley Isaacs, Frank Mosley"
1669057,tt41698360,Check-In,Check-In,2026-05-01,13.8867,6.2,4,[18],tl,0,0,0,Vivamax,Christopher Novabos,"Aliya Raymundo, Anya Austria, VR Relosa, Chester Grecia"
1414413,tt32394984,Brothers Under Fire,Brothers Under Fire,2026-04-15,13.8601,5.698,48,"[28, 53, 9648, 18]",en,0,0,99,"Highland Film Group, Align",Justin Chadwick,"Kiefer Sutherland, Tommy Martinez, Ashton Sanders, Solly McLeod, Laura Osma"
1497463,tt37284855,All That We Never Were,Todo lo que nunca fuimos,2026-06-04,13.699,8.158,98,"[18, 10749]",es,0,0,0,"Versus Entertainment, LyO Media, Bixagu Entertainment, Elefantec Global, Crea4U, 3SIX9 Studios",Jorge Alonso,"Margarida Corceiro, Maxi Iglesias, Natalia Rodríguez, Sebastián Zurita, Adriana Hormigos"
1358005,tt33397980,Office Romance,Office Romance,2026-06-04,13.656,6.425,379,"[10749, 35]",en,0,0,115,"Ryder Picture Company, Nuyorican Productions, For the Table, Hey Buddy, Netflix",Ol Parker,"Jennifer Lopez, Brett Goldstein, Betty Gilpin, Edward James Olmos, Bradley Whitford"
1595852,tt38235625,Boulevard,Boulevard,2026-04-10,13.5223,7.5,196,"[10749, 18]",es,0,0,113,"Sony Pictures Entertainment Iberia, Espotlight, WEBTOON Productions, Maitemindua Zinema, Lightbox Animation Studios, Amets Kalea AIE",Sonia Méndez,"Eve Ryan, Mikel Niso, Esther Acebo, Luis Zahera, Biel Antón"
1400940,tt34890576,Clayface,Clayface,2026-10-21,13.5109,0.0,0,"[27, 53, 878]",en,40000000,0,0,"DC Studios, Domain Entertainment, 6th & Idaho Motion Picture Company, Troll Court Entertainment, The Safran Company",James Watkins,"Tom Rhys Harries, Naomi Ackie, Eddie Marsan, Max Minghella, David Dencik"
1643135,tt40231163,Run Hide Fight: Infidels,Run Hide Fight: Infidels,2026-09-15,13.3251,5.5,4,"[28, 53]",en,5000000,0,129,"The Daily Wire, Bonfire Legend, Tall Street Productions",Kyle Rankin,"Jonathan Majors, JC Kilcoyne, Tyler Aser, Stephen Hailo, James Bingham"
1391021,tt34386754,Once Upon a Time in the Middle East,欢迎来龙餐馆,2026-08-08,13.3244,9.1,38,"[18, 10752]",zh,0,305600000,140,"Bad Monkey (Shanghai) 上海坏猴子, 梦将军（上海）影业有限公司, Alibaba Pictures Group, China Film Group Corporation",Wen Muye,"Shen Teng, Jiang Qiming, Omar Sherif, Aarif Rahman, Sherif Sabry"
1290417,tt32362890,Thrash,Thrash,2026-04-09,13.2339,6.155,821,"[27, 53]",en,0,0,84,"Sony Pictures, Hyperobject Industries",Tommy Wirkola,"Phoebe Dynevor, Whitney Peak, Djimon Hounsou, Alyla Browne, Stacy Clausen"
1729723,tt43141030,Yellow Mirror,Yellow Mirror,2026-08-26,13.1563,8.08,56,"[16, 35, 878]",en,0,0,27,"Gracie Films, 20th Television Animation",Matthew Faughnan,"Dan Castellaneta, Nancy Cartwright, Julie Kavner, Yeardley Smith, Patti Harrison"
1422011,tt35519455,It Ends,It Ends,2026-08-21,13.0492,5.384,43,"[27, 9648]",en,80000,1083125,89,"Snoot Entertainment, Growing Up Dead Films, Above .330",Alexander Ullom,"Phinehas Yoon, Akira Jackson, Noah Toth, Mitchell Cole, Jenny Doyle"
1493400,tt6743524,Camp Rock 3,Camp Rock 3,2026-08-13,13.0033,6.455,123,"[10402, 35, 18, 10770]",en,0,0,93,"Chorus Boy, Disney Channel, Bear Claw Productions, Powered by Jonas, DLG Entertainment, Potato Monkey Productions, Obstinate Headstrong Girl",Veronica Rodriguez,"Liamani Segura, Malachi Barton, Lumi Pollack, Hudson Stone, Casey Trotter"
1378537,tt34339725,Mirzapur: The Movie,मिर्ज़ापुर - द मूवी,2026-09-03,12.9869,6.9,18,"[28, 80, 18, 53]",hi,8766456,0,197,"Excel Entertainment, Amazon MGM Studios",Gurmmeet Singh,"Pankaj Tripathi, Ali Fazal, Divyendu Sharma, Jitendra Kumar, Ravi Kishan"
1115544,tt27552099,Mike & Nick & Nick & Alice,Mike & Nick & Nick & Alice,2026-03-14,12.9801,6.682,459,"[35, 878, 28]",en,0,0,107,"20th Century Studios, Mad Chance",BenDavid Grabinski,"James Marsden, Vince Vaughn, Eiza González, Keith David, Jimmy Tatro"
1441228,tt39108319,Irumudi,ఇరుముడి,2026-08-20,12.9316,6.6,18,"[18, 10751, 28]",te,0,0,152,Mythri Movie Makers,Shiva Nirvana,"Ravi Teja, Nakshathra C M, Priya Bhavani Shankar, Sai Kumar, Ajay Ghosh"
1440050,tt34459219,The Breadwinner,The Breadwinner,2026-05-29,12.7718,7.286,91,"[35, 10751]",en,25000000,20247080,100,"Wonder Project, TriStar Pictures, Nateland Entertainment, One Man Canoe, TSG Entertainment",Eric Appel,"Nate Bargatze, Mandy Moore, Stella Grace Fitzgerald, Birdie Borria, Charlotte Ann Tucker"
1367642,tt33714084,Reminders of Him,Reminders of Him,2026-03-11,12.7527,7.804,418,"[10749, 18]",en,30000000,89039780,114,"Universal Pictures, Heartbones Entertainment, Little Engine Productions",Vanessa Caswill,"Maika Monroe, Tyriq Withers, Rudy Pankow, Bradley Whitford, Lauren Graham"
1530941,tt37931873,Gintama the Movie 2026: Yoshiwara in Flames,新劇場版 銀魂 -吉原大炎上-,2026-02-13,12.6669,9.0,18,"[16, 28, 878, 35]",ja,0,0,0,"Warner Bros. Japan, BN Pictures",Naoya Ando,"Tomokazu Sugita, Daisuke Sakaguchi, Rie Kugimiya, Satoshi Hino, Yuhko Kaida"
898704,tt13570066,Desert Warrior,Desert Warrior,2026-04-23,12.5983,6.2,42,"[36, 10752, 28]",en,150000000,742066,127,"MBC Studios, JB Pictures, AGC Studios, Studio Mechanical",Rupert Wyatt,"Anthony Mackie, Aiysha Hart, Sami Bouajila, Sharlto Copley, Ben Kingsley"
1207162,tt25868520,Rise of the Conqueror,Rise of the Conqueror,2026-04-09,12.5789,5.9,25,"[36, 28, 12, 10752]",en,30000000,0,119,"Mystery Box, Taurus Film, Signature Films, Signature Films, Signature Entertainment, Capture, Well Go USA Entertainment",Jacob Schwarz,"Christian Mortensen, Mahesh Jadu, Joshua Jo, Sayed Badreya, Yulduz Rajabova"
1624564,tt37594685,Restless and Anxious,Libang Libu,2026-04-23,12.4775,8.5,2,[35],ms,0,3500053,107,"Tangerine Films, Skop Productions Sdn. Bhd.",Bobby Husaini,"Amerul Affendi, Beto Kusyairy, Nabila Huda, Ozlynn Waty, Sara Ali"
1361774,tt33499146,The Dink,The Dink,2026-07-23,12.3574,6.357,136,[35],en,0,0,103,"Red Hour, Rivulet Entertainment",Josh Greenbaum,"Jake Johnson, Mary Steenburgen, Chloe Fineman, Aaron Chen, Patton Oswalt"
1356963,tt30420705,Little Lorraine,Little Lorraine,2026-04-17,12.2526,7.083,12,"[80, 18]",en,0,0,115,"Wango Films, Photon Films",Andy Hines,"Stephen Amell, Sean Astin, J Balvin, Matt Walsh, Rhys Darby"
1235877,tt33379543,Jana Nayagan,ஜன நாயகன்,2026-07-22,12.1858,5.3,20,"[28, 18]",ta,0,0,183,"KVN Productions, The Route",H. Vinoth,"Vijay, Pooja Hegde, Bobby Deol, Mamitha Baiju, Priyamani"
1412598,tt33479805,Killer Whale,Killer Whale,2026-01-16,12.1643,5.37,188,"[53, 27, 28]",en,0,0,89,"Jaggi Entertainment, Metrol Technology, Ace Entertainment Films, Head Gear Films, Asia Pacific Film Group, Screen Queensland",Jo-Anne Brechin,"Virginia Gardner, Mel Jarnson, Mitchell Hope, Isaac Crawley, Scott James George"
1479832,tt37501035,DC,டிசி,2026-08-07,12.138,8.0,21,"[10749, 28, 18]",ta,2646327,10585310,142,"Sun Pictures, G Squad (IN)",Arun Matheswaran,"Lokesh Kanagaraj, Wamiqa Gabbi, Sanjana Krishnamoorthy, Avinash Raghudevan, Jawahar Sakthi"
1507796,tt31936369,On the Sea,On the Sea,2026-07-24,12.1194,7.2,11,"[18, 10749]",en,0,0,115,Red Union Films,Helen Walsh,"Barry Ward, Lorne MacFadyen, Liz White, Henry Lawfull, Celyn Jones"
1575337,tt38872297,Cosmic Princess Kaguya!,超かぐや姫！,2026-01-22,12.1102,8.095,116,"[16, 14, 10402, 878]",ja,0,0,141,"Studio Colorido, Studio Chromato, Twin Engine",Shingo Yamashita,"Yuko Natsuyoshi, Anna Nagase, Saori Hayami, Miyu Irino, Yuma Uchida"
1477104,tt36841161,Shaun the Sheep: The Beast of Mossy Bottom,Shaun the Sheep: The Beast of Mossy Bottom,2026-09-17,12.1061,6.6,5,"[16, 35, 10751, 12, 27]",en,0,0,81,"Aardman, StudioCanal","Steve Cox, Matthew Walker","Justin Fletcher, John Sparkes, Kate Harbour, Simon Greenall, Nina Sosanya"
1314786,tt32880540,Agent Zeta,Zeta,2026-03-20,12.1051,6.6,186,"[18, 53]",es,0,0,133,Fonte Films,Dani de la Torre,"Mario Casas, Mariela Garriga, Luis Zahera, Nora Navas, Christian Tappan"
1122030,tt28363783,Alpha,अल्फा,2026-07-02,12.0467,5.0,25,"[28, 53]",hi,10500000,1856084,141,Yash Raj Films,Shiv Rawail,"Alia Bhatt, Sharvari, Bobby Deol, Anil Kapoor, Dibyendu Bhattacharya"
1542877,tt38649153,Assassination Classroom the Movie: Our Time,劇場版「暗殺教室」みんなの時間,2026-03-20,11.9893,7.357,14,"[16, 35, 28, 878]",ja,0,0,87,"Shueisha, Lerche",Masaki Kitamura,"Jun Fukuyama, Tomokazu Sugita, Shizuka Itoh, Mai Fuchigami, Nobuhiko Okamoto"
1102883,tt27200708,Mother Mary,Mother Mary,2026-04-16,11.8938,5.691,194,"[10402, 18, 53]",en,20000000,2982197,112,"A24, Augenschein Filmproduktion, Topic Studios, Sailor Bear, IPR.VC, Homebird Productions, Access Entertainment",David Lowery,"Anne Hathaway, Michaela Coel, Hunter Schafer, FKA twigs, Sian Clifford"
1504358,tt36590417,Don't Say Good Luck,Don't Say Good Luck,2026-08-13,11.8829,7.3,115,"[35, 10402, 18]",en,0,0,96,"Original Headquarters, Range Studios, Happy Madison Productions",Julia Hart,"Sunny Sandler, Melanie Lynskey, Max Greenfield, Stephanie Beatriz, Bebe Neuwirth"
1732625,tt43689138,LEGO Disney Princess: Magical Mayhem,LEGO Disney Princess: Magical Mayhem,2026-08-21,11.8646,7.208,12,"[16, 14, 35, 12]",en,0,0,22,"The LEGO Group, Atomic Cartoons","Randi Rodrigues, Jake Wilkinson","Jodi Benson, Auliʻi Cravalho, Mandy Moore, Katherine Von Till, Ming-Na Wen"
1146058,tt12824390,The Pout-Pout Fish,The Pout-Pout Fish,2026-01-01,11.7717,5.2,16,"[16, 10751, 12, 35]",en,10000000,4834402,91,"MIMO Studios, Like A Photon Creative, Macmillan Films, Cosmic Dino Studio, Alceon Entertainment Partners, Eclectik Vision, Screen Queensland, Sola Media, Maslow Entertainment",Ricard Cussó,"Nick Offerman, Nina Oyama, Miranda Otto, Amy Sedaris, Jordin Sparks"
1363974,tt38650409,That Time I Got Reincarnated as a Slime the Movie: Tears of the Azure Sea,劇場版 転生したらスライムだった件 蒼海の涙編,2026-02-27,11.7496,8.23,61,"[16, 14, 12, 35]",ja,0,0,105,"8bit, Bandai Namco Filmworks, BN Pictures",Yasuhito Kikuchi,"Miho Okasaki, Mao Ichimichi, Tomoaki Maeno, Makoto Furukawa, Sayaka Senbongi"
1398655,tt34915693,Blue Film,Blue Film,2026-05-08,15.4079,7.4,14,[18],en,0,0,85,"Blindcopy, Fusion Entertainment",Elliot Tuttle,"Reed Birney, Kieron Moore, Turner Beckett"
1654313,tt43625959,Unanswered//butterfly,Unanswered//butterfly,2026-05-09,10.6165,9.0,2,"[28, 878, 16, 14, 12]",ja,0,0,118,Polygon Pictures,Tadahiro Yoshihira,"Koki Uchiyama, Tomoyo Kurosawa, Yoshitsugu Matsuoka, Haruka Tomatsu, Ayahi Takagaki"
1356963,tt30420705,Little Lorraine,Little Lorraine,2026-04-17,11.669,7.1,13,"[53, 80, 18]",en,0,0,115,"Wango Films, Photon Films",Andy Hines,"Stephen Amell, Sean Astin, J Balvin, Matt Walsh, Rhys Darby"
1755291,tt44766123,NAZA,NAZA,2026-09-30,11.1578,0.0,0,[99],en,0,0,80,"The Guardian, JW Films, Placeholder Films, Unseen Hand","Yuval Abraham, Rachel Szor",Yuval Abraham
1245859,tt31349852,Savage House,Savage House,2026-06-05,11.5855,6.9,44,"[35, 18]",en,0,564513,114,"Record Player Films, Deluge Pictures, Moon7, Valmont Productions, Calculus Media",Peter Glanz,"Richard E. Grant, Claire Foy, Jack Farthing, Bel Powley, Kíla Lord Cassidy"
1542261,tt38201958,Doraemon the Movie: New Nobita and the Castle of the Undersea Devil,映画ドラえもん 新・のび太の海底鬼岩城,2026-02-27,10.4911,7.3,10,"[16, 12, 14, 10751]",ja,0,27260879,102,"TOHO, Fujiko Productions, Shogakukan, TV Asahi, Shin-Ei Animation, ADK, Shogakukan-Shueisha Productions",Tetsuo Yajima,"Wasabi Mizuta, Megumi Oohara, Yumi Kakazu, Subaru Kimura, Tomokazu Seki"
1153576,tt27419420,Street Fighter,Street Fighter,2026-10-14,11.8772,0.0,0,"[28, 14]",en,0,0,119,"Capcom, Legendary Pictures",Kitao Sakurai,"Andrew Koji, Noah Centineo, Callina Liang, Joe Anoa'i, David Dastmalchian"
1437696,tt37304295,Fatherland,Ojczyzna,2026-06-19,12.2572,7.091,22,"[18, 36]",pl,11700000,0,82,"Our Films, Extreme Emotions, Nine Hours, Chapter 2, Wytwórnia Filmów Fabularnych we Wrocławiu, CANAL+ Polska, Dolnośląskie Centrum Filmowe, Silesia Film, Circle One, ARTE France Cinéma, Pathé",Paweł Pawlikowski,"Sandra Hüller, Hanns Zischler, August Diehl, Anna Madeley, Devid Striesow"
1341138,tt33305867,Spa Weekend,Spa Weekend,2026-08-20,15.4523,6.8,31,[35],en,20000000,10154377,97,"Suzanne Todd Productions, Black Bear Pictures","Jon Lucas, Scott Moore","Leslie Mann, Michelle Buteau, Anna Faris, Isla Fisher, Adam Demos"
1309083,tt32639175,Dolly,Dolly,2026-03-06,10.4554,5.688,231,[27],en,0,1062322,83,"Witchcraft Motion Picture Company, Gentile Entertainment Group, Mama Bear Studios, Monarque Entertainment, Set Point Entertainment",Rod Blackhurst,"Max Lindsey, Fabianne Therese, Seann William Scott, Ethan Suplee, Russ Tiller"
1268127,tt32606470,Humint,휴민트,2026-02-11,11.1414,7.4,182,"[53, 28, 18]",ko,16000000,13207600,120,Filmmaker R&K,Ryoo Seung-wan,"Zo In-sung, Park Jeong-min, Park Hae-joon, Shin Sae-kyeong, Robert Maaser"
1562642,tt38686316,Ghost Soldier,Ghost Soldier,2026-11-04,11.8278,0.0,0,"[28, 53]",en,0,0,0,"Columbia Pictures, Mandalay Pictures, Project X Entertainment, TSG Entertainment",William Eubank,"Jim Caviezel, Olivia Thirlby, Beau Knapp, Garret Dillahunt, Shea Whigham"
1740877,tt43729889,Storm on Sesame Street,Storm on Sesame Street,2026-08-03,11.0503,6.8,9,"[10751, 16]",en,0,0,30,,Scott Preston,"Chris Knowings, Suki Lopez, Alan Muraoka, Michelle Buteau, Post Malone"
1671548,tt41791573,Dear You,给阿嬷的情书,2026-04-30,10.6755,8.775,69,"[18, 10751, 35]",zh,0,0,118,Damai Entertainment,Lan Hongchun,"Li Sitong, Wang Yantong, Wu Shaoqing, Zheng Runqi, Wang Xiaohui"
1397485,tt32432654,Girls Like Girls,Girls Like Girls,2026-06-18,11.2842,7.566,61,"[10749, 18]",en,0,1913765,95,"Marc Platt Productions, BuzzFeed Studios, CR8IV DNA",Hayley Kiyoko,"Maya da Costa, Myra Molloy, Zach Braff, Levon Hawke, Alozie LaRose"
1116201,tt27564844,Iron Lung,Iron Lung,2026-01-30,11.2921,6.931,429,"[27, 9648, 878]",en,3000000,51226173,125,Markiplier Studios,Mark Fischbach,"Mark Fischbach, Caroline Kaplan, Troy Baker, Elsie Lovelock, Elle LaMont"
1596335,tt39150120,The AI Doc: Or How I Became an Apocaloptimist,The AI Doc: Or How I Became an Apocaloptimist,2026-03-27,9.5726,7.2,24,[99],en,0,0,105,"Playgrounds, Cottage M, Fishbowl Films","Daniel Roher, Charlie Tyrell","Daniel Roher, Sam Altman, Daniela Amodei, Dario Amodei, Emily M. Bender"
1368881,tt34611082,Ladies First,Ladies First,2026-05-21,10.3712,5.938,530,"[35, 14]",en,0,0,94,"3dot Productions, Netflix",Thea Sharrock,"Sacha Baron Cohen, Rosamund Pike, Tom Davis, Emily Mortimer, Weruche Opia"
1140521,tt7734244,The Magic Faraway Tree,The Magic Faraway Tree,2026-03-26,15.2063,6.239,69,"[12, 10751, 14]",en,0,32241102,110,"Neal Street Productions, Ashland Hill Media Finance, Palisades Park Pictures, Elysian Film Group, StudioCanal UK",Ben Gregor,"Billie Gadsdon, Nicola Coughlan, Delilah Bennett-Cardy, Phoenix Laroche, Nonso Anozie"
1291335,tt32306991,Solo Mio,Solo Mio,2026-02-05,10.3934,7.53,286,"[10749, 35]",en,4000000,26420914,96,"A Higher Standard, Nickel City Pictures, Kinnane Brothers, LB Entertainment, Angel Studios","Charles Kinnane, Daniel Kinnane","Kevin James, Nicole Grimaudo, Kim Coates, Jonathan Roumie, Alyson Hannigan"
1701141,tt38630008,Gator Face,Gator Face,2026-09-11,10.9188,4.7,5,"[27, 53]",en,0,0,80,Epic Pictures Group,Padraig Reynolds,"Amariah Dionne, Tabitha Brownstone, Nicholas Kolasinski, Barron Regan, Ellie Shaddix"
1447853,tt36152310,Oasis: Don't Look Back in Anger,Oasis: Don't Look Back in Anger,2026-09-09,10.8878,7.5,17,"[99, 10402]",en,0,0,123,"Magna Studios, Sony Music Vision, Sony Music Entertainment UK","Dylan Southern, Will Lovelace","Liam Gallagher, Noel Gallagher, Paul Arthurs, Gem Archer, Andy Bell"
1601243,tt27674706,Oscar Shaw,Oscar Shaw,2026-01-09,10.8556,6.684,38,"[28, 80, 53, 37]",en,0,0,93,,"R. Ellis Frazier, Justin Nesbitt","Michael Jai White, Tyrese Gibson, Isaiah Washington, Andrew C. English Jr., Cecile Cubiló"
1341137,tt33305882,A Great Awakening,A Great Awakening,2026-04-03,10.8496,7.042,24,"[36, 18]",en,0,4900750,129,"Sight & Sound Films, Roadside Attractions",Joshua Enck,"John Paul Sneed, Jonathan Blair, JT Schaeffer, Josh Bates, Joe Dignoti"
1571101,tt6150344,Evolution,Evolution,2026-02-06,10.8252,6.842,19,"[16, 10751, 35]",en,0,0,94,"The Thinklab, Kapers Animation, 3 Doubles Producciones, Beta Fiction Spain","Julio Soto Gurpide, Zayra Muñoz Dominguez","Elena Jiménez, Claudia Caneda, Juan Amador Pulido, Luis Posada, Andrea Villaverde"
1515729,tt37971394,Blast,Blast,2026-05-28,10.7989,7.8,67,"[28, 53]",ta,0,798851,143,AGS Entertainment,Subash K Raj,"Arjun Sarja, Abhirami, Preity Mukhundhan, Vivek Prasanna, John Kokken"
1284186,tt32268992,Sacrifice,Sacrifice,2026-04-09,10.7714,4.9,13,"[12, 35, 28]",en,0,0,103,"Mid March Media, Heretic, Lady Killer Productions, Iconoclast, Film4 Productions, GUCCI, Head Gear Films, Metrol Technology",Romain Gavras,"Chris Evans, Anya Taylor-Joy, Vincent Cassel, Salma Hayek Pinault, John Malkovich"
1493859,tt37209937,Pizza Movie,Pizza Movie,2026-03-13,10.7548,6.356,156,"[35, 12, 14]",en,0,0,98,"American High, All Things Comedy, LD Entertainment","Nick Kocher, Brian McElhaney","Gaten Matarazzo, Sean Giambrone, Lulu Wilson, Jack Martin, Peyton Elizabeth Lee"
910850,tt32915652,MOBILE SUIT GUNDAM HATHAWAY The Sorcery of Nymph Circe,機動戦士ガンダム  閃光のハサウェイ キルケーの魔女,2026-01-30,10.698,7.904,26,"[16, 878, 10752, 18]",ja,0,18420625,115,"SUNRISE, Bandai Namco Filmworks",Shukou Murase,"Kensho Ono, Reina Ueda, Junichi Suwabe, Soma Saito, Kenjiro Tsuda"
1739206,tt43700444,Untold Mr. T: I Pity the Fool,Untold Mr. T: I Pity the Fool,2026-09-08,10.6763,7.81,21,[99],en,0,0,48,,Scott Weintrob,"Mr. T, Terry Crews, Dirk Benedict, Sylvester Stallone, Ronald Reagan"
1049471,tt23724682,Outcome,Outcome,2026-04-06,10.651,5.4,254,"[35, 18]",en,80000000,0,84,"Apple Studios, Strong Baby Productions",Jonah Hill,"Keanu Reeves, Jonah Hill, Cameron Diaz, Matt Bomer, Susan Lucci"
1088434,tt14507394,Hellfire,Hellfire,2026-05-14,10.5223,5.286,14,"[28, 53]",en,0,0,94,"Price Productions II, Skipstone Pictures, Millman Productions, Ron Lee Productions, Saban Films, Umbrelic Entertainment, Edge Code Films, Focus-Fox Studio, Satyricon Pictures, Vibrant Pictures",Isaac Florentine,"Stephen Lang, Harvey Keitel, Scottie Thompson, Dolph Lundgren, Chris Mullinax"
1107166,tt1764551,Psycho Killer,Psycho Killer,2026-02-20,10.4995,6.596,230,"[80, 27, 9648]",en,10000000,2376805,91,"New Regency Pictures, Vertigo Entertainment, Constantin Film, Regency Enterprises",Gavin Polone,"Georgina Campbell, James Preston Rogers, Malcolm McDowell, Logan Miller, Grace Dove"
1694978,tt41604789,Chum,Chum,2026-05-27,10.494,4.7,44,[27],en,0,0,87,"Redwire Pictures, Green Light Pictures, KED Media",Jonathan Zuck,"Alice Eve, Eric Michael Cole, Jim Klock, Elle Haymond, Sarah Siadat"
1584215,tt38238651,The Internship,The Internship,2026-01-13,10.3592,6.4,146,[28],en,0,0,91,SP Media Group,James Bamford,"Lizzy Greene, Megan Boone, Sky Katz, Philip Winchester, Alix Villaret"
1724816,tt43553022,Helena,Helena,2026-07-03,10.2878,4.0,1,[18],tl,0,0,70,Vivamax,Omar Deroca,"Jenn Rosa, Lea Bernabe, Van Allen Ong, Aya Fortes, Marlon Marcia"
1244523,tt10377864,Beware Boiúna,Beware Boiúna,2026-10-01,10.2535,0.0,0,"[12, 27, 53]",en,0,0,104,"Constantin Film, JB Pictures, Jaguar Bite, North.Five.Six.",Mike P. Nelson,"Logan Marshall-Green, Kiana Madeira, Jessica Rothe, Jackson Bews, Juan Pablo Shuk"
1637319,tt39389429,Hannah Montana 20th Anniversary Special,Hannah Montana 20th Anniversary Special,2026-03-23,10.2521,7.177,96,"[99, 10402]",en,0,0,59,"HopeTown Entertainment, Unwell Productions",Sam Wrench,"Miley Cyrus, Alex Cooper, Tish Cyrus-Purcell, Noah Cyrus, Billy Ray Cyrus"
1656220,tt41983440,23 000 Lives,23 000 Leben,2026-07-02,10.1747,6.078,77,[18],de,0,0,112,"Flimmer, Flute Film, Sunnysideup Filmproduktion",Markus Goller,"Louis Hofmann, Mala Emde, Katharina Stark, Frederick Lau, Maria Dragus"
1758599,,Manual Wind,Cuerda Manual,2026-10-15,10.1678,0.0,0,[18],es,0,0,0,Gawx Films Ltd.,Gustavo Obregón,"Santiago Sandoval, Cristina Alanis, Juan Luis Medina, Rodrigo Olguín, Mónica de la Isla Yáñez"
1455079,tt36352591,"You, Me & Tuscany","You, Me & Tuscany",2026-04-09,11.1205,7.372,109,"[10749, 35]",en,18000000,22435563,105,"Will Packer Productions, Universal Pictures",Kat Coiro,"Halle Bailey, Regé-Jean Page, Lorenzo de Moor, Marco Calvani, Isabella Ferrari"
1057265,tt23865918,Peddi,పెద్ది,2026-06-03,9.2984,5.8,69,"[28, 18]",te,36500000,35700000,189,"Sukumar Writings, Vriddhi Cinemas",Buchi Babu Sana,"Ram Charan, Janhvi Kapoor, Shiva Rajkumar, Jagapati Babu, Divyendu Sharma"
1381071,tt34384661,Godzilla Minus Zero,ゴジラ-0.0,2026-11-03,9.0147,0.0,0,"[878, 27, 28]",ja,0,0,135,"TOHO, Robot Communications, TOHO Studios",Takashi Yamazaki,"Ryunosuke Kamiki, Minami Hamabe, Yuki Yamada, Kuranosuke Sasaki, Jun Kunimura"
1390382,tt34688195,Couture,Coutures,2026-02-18,9.7369,6.214,63,[18],fr,0,0,104,"CG Cinéma, Closer Media, France 3 Cinéma",Alice Winocour,"Angelina Jolie, Anyier Anei, Ella Rumpf, Louis Garrel, Vincent Lindon"
1198984,tt29713093,We Bury the Dead,We Bury the Dead,2026-01-01,11.109,6.147,380,"[27, 53]",en,0,3745163,95,"Campfire Studios, Gramercy Park Media, Lotterywest, ScreenWest, Screen Australia, The Penguin Empire",Zak Hilditch,"Daisy Ridley, Brenton Thwaites, Mark Coles Smith, Matt Whelan, Chloe Hurst"
1763332,tt38782910,Orang Perang,Orang Perang,2026-10-01,9.4862,0.0,0,"[28, 80, 18, 36, 10752]",ms,0,0,0,"Nanord Studio Production, 3 Line Media Sdn Bhd, Haks",Hashim Rejab,"Niezam Zaidi, Ammar Alfian Aziz, Syazwan Zulkifly, Fadhli Masoot, Adam Corrie Lee"
1468683,tt36619926,Heartstopper Forever,Heartstopper Forever,2026-07-14,9.2156,7.2,265,"[10749, 18]",en,0,0,110,See-Saw Films,Wash Westmoreland,"Kit Connor, Joe Locke, William Gao, Yasmin Finney, Corinna Brown"
855435,tt14619456,Faces of Death,Faces of Death,2026-04-10,11.4076,5.692,133,"[27, 80]",en,7400000,2610000,97,"Legendary Pictures, Angry Films, Divide / Conquer",Daniel Goldhaber,"Barbie Ferreira, Dacre Montgomery, Josie Totah, Aaron Holliday, Kurt Yue"
1604975,tt39196126,AEW Dynasty,AEW Dynasty,2026-04-12,10.6952,8.294,17,[28],en,0,0,261,All Elite Wrestling,,"Maxwell Jacob Friedman, Tyson Smith, David Stephen Finlay III, Connor Deutsch, Gabriel McMenamin"
1645603,tt33296064,Night of the Living Dead,Night of the Living Dead,2026-07-03,9.1468,4.9,73,[27],en,0,0,87,Tiki Terrors,Christopher Ray,"Vivica A. Fox, Brittany Underwood, Robert Carradine, Dee Wallace, Eva Ceja"
1445363,tt35003538,EPiC: Elvis Presley in Concert,EPiC: Elvis Presley in Concert,2026-02-18,8.5029,8.204,103,"[10402, 99]",en,0,23463883,98,"Bazmark, Authentic Studios, Sony Music Vision",Baz Luhrmann,"Elvis Presley, James Burton, John Wilkinson, Charlie Hodge, Jerry Scheff"
1664436,,Mother Monster,Monstruo madre,2026-04-18,9.905,0.0,0,[],es,0,0,11,Alanorte Cine Digital,María Canale,"María Canale, Sebastián Francia, Elena Francia Canale, Baltazar Francia Canale"
1088548,tt28088049,Bitter Christmas,Amarga Navidad,2026-03-20,9.5728,6.3,142,"[18, 35]",es,11700000,4755643,111,El Deseo,Pedro Almodóvar,"Bárbara Lennie, Leonardo Sbaraglia, Aitana Sánchez-Gijón, Victoria Luengo, Patrick Criado"
662707,tt1742179,Starbright,Starbright,2026-02-27,9.468,5.7,20,"[12, 28]",en,30000000,0,148,Lucente Filmed Entertainment,Francesco Lucente,"John Rhys-Davies, Ted Levine, Elisabeth Röhm, Diego Boneta, Alexandra Dowling"
192139,tt33070884,The Brink of War,The Brink of War,2026-08-13,9.4027,7.2,23,"[18, 36]",en,21000000,5046257,117,"2521 Entertainment, SK Global Entertainment, Designed Epic, Angel Studios",Michael Russell Gunn,"Jeff Daniels, Jared Harris, J.K. Simmons, Hope Davis, Branka Katić"
1760040,tt40431884,102 Minutes: Inside the Towers,102 Minutes: Inside the Towers,2026-09-11,9.4712,10.0,2,[99],en,0,0,102,"Arrow Media, Rock’n Robin Productions",Grace Chapman,
1421155,tt38221401,Ikatan Darah,Ikatan Darah,2026-04-30,9.6469,6.45,10,"[28, 80, 53]",id,0,0,119,"Uwais Pictures, Legacy Pictures, KG Pictures, Uwais Team, Kebon Studio, Raid Rapid Active",Sidharta Tata,"Livi Ciananta, Derby Romero, Ismi Melinda, Lydia Kandou, Teuku Rifnu Wikana"
1074074,tt33451014,The Beloved,El ser querido,2026-05-16,9.533,6.9,82,[18],es,0,0,135,"Movistar Plus, Caballo Films, Le Pacte",Rodrigo Sorogoyen,"Javier Bardem, Victoria Luengo, Melina Matthews, Malena Villa, Mourad Ouani"
1487864,tt43640198,Nando Between Two Worlds - A Sintonia Film,Nando Entre Dois Mundos: Um Filme Sintonia,2026-08-12,9.1466,6.02,25,"[80, 53, 18]",pt,0,0,109,Gullane Entretenimento,Johnny Araújo,"Christian Malheiros, Duda Pimenta, Julia Yamaguchi, JottaPê﻿, Bruna Mascarenhas"
1281331,tt37510326,The Social Reckoning,The Social Reckoning,2026-10-07,9.6678,0.0,0,"[18, 53]",en,0,0,112,"Columbia Pictures, Escape Artists, Alcon Entertainment, The Gotham Group, TSG Entertainment",Aaron Sorkin,"Jeremy Strong, Mikey Madison, Jeremy Allen White, Wunmi Mosaku, Betty Gilpin"
1451867,tt35237771,Ghost Elephants,Ghost Elephants,2026-02-27,9.4005,7.645,62,[99],en,0,0,99,"Sobey Road Entertainment, Skellig Rock, The Roots Production Service",Werner Herzog,"Werner Herzog, Steve Boyes, Kerllen Costa, Xui, Xui Dawid"
1659155,tt41111628,The Truthers,Los creyentes,2026-07-24,9.3954,5.735,102,"[53, 18, 9648]",es,0,0,106,El Desorden Crea,Roger Gual,"Jose Coronado, Stéphanie Magnin, Fanny Gautier, Alberto Olmo, Israel Ruiz"
1752159,tt44322266,Turning Point: Generation 9/11,Turning Point: Generation 9/11,2026-09-02,9.3736,6.152,23,[99],en,0,0,99,Luminant Media,Brian Knappenberger,"Michael Smoak, Garrett M. Graff, Anand Gopal, Jenny Pachucki, Bruce Hoffman"
1291659,tt32386654,The Wizard of the Kremlin,Le Mage du Kremlin,2026-01-21,9.304,6.5,249,[18],fr,0,8440584,136,"Curiosa Films, Gaumont, France 2 Cinéma, Tribune Pictures, LB Entertainment, Jeff Rice Films, PCE Films",Olivier Assayas,"Paul Dano, Jude Law, Alicia Vikander, Tom Sturridge, Will Keen"
1627792,tt39376926,Sagaran,Sagaran,2026-02-06,9.2484,4.5,2,[18],tl,0,0,70,Vivamax,Sid T. Pascua,"Ashley Lopez, Yda Manzano, Marco Gomez, Ralmon Mendoza, Kurt Veneracion"
1556321,tt42680348,Death Whisperer: Saming the Werebeast,ธี่หยด: สมิงเขาขวาง,2026-09-30,9.1943,0.0,0,"[27, 53, 28]",th,0,0,111,"Minds@Work, M Studio","Narit Yuvaboon, Thanadet Pradit, Chalit Krileadmongkon","Nadech Kugimiya, Ongart Cheamcharoenpornkul, Maylada Susri, Wichapas Sumettikul, Sahajak Boonthanakit"
1198654,tt29714073,Bad Apples,Bad Apples,2026-09-10,9.1753,6.9,16,"[35, 53]",en,0,0,100,"Pulse Films, Vice Studios, Good Oranges Films",Jonatan Etzler,"Saoirse Ronan, Eddie Waller, Nia Brown, Jacob Anderson, Rakie Ayola"
1541560,tt38128726,Stop! That! Train!,Stop! That! Train!,2026-06-12,9.1617,5.1,49,"[28, 35]",en,20000000,3992733,90,"World of Wonder, Unapologetic Projects",Adam Shankman,"RuPaul, Jujubee, Ginger Minj, Brooke Lynn Hytes, Marcia Marcia Marcia"
1340076,tt33204691,Untitled Home Invasion Romance,Untitled Home Invasion Romance,2026-01-27,9.1042,5.615,52,"[35, 28, 53, 10749, 27]",en,0,0,85,"Motion Picture Corporation of America, Brad Krevoy Television",Jason Biggs,"Jason Biggs, Meaghan Rath, Anna Konkle, Justin H. Min, Arturo Castro"
1631506,tt36599947,The Hanged Woman,La ahorcada,2026-04-22,9.0703,5.627,59,[27],es,0,0,91,"Bemybaby Films, Imposible Films, RTVE",Miguel Ángel Lamata,"Amaia Salamanca, Eduardo Noriega, Cosette Silguero, Norma Ruiz, Anastasia Fauteck"
1444249,tt36052167,The Highest Stakes,The Highest Stakes,2026-04-14,8.9874,5.9,7,[53],en,0,0,101,SP Media Group,Tony Dean Smith,"Seth Green, Kevin Dillon, Dylan Walsh, Charlie Weber, Dan Bucatinsky"
1522333,tt29704888,Carry On Jatta 4,Carry On Jatta 4,2026-06-26,8.7931,7.0,2,[35],pa,0,0,142,Humble Motion Pictures,Smeep Kang,"Gippy Grewal, Binnu Dhillon, Jaswinder Bhalla, Karamjit Anmol, Sargun Mehta"
1548113,tt37969426,The Muppet Show,The Muppet Show,2026-02-03,8.7735,7.19,121,"[35, 10751, 10402, 10770]",en,0,0,32,"The Muppets Studio, Point Grey Pictures, 20th Television",Alex Timbers,"Bill Barretta, Dave Goelz, Eric Jacobson, Peter Linz, David Rudman"
1321179,tt38626703,The King's Warden,왕과 사는 남자,2026-02-04,8.7151,7.1,31,"[36, 18]",ko,6900000,111782570,117,"BA Entertainment, Onda Works",Chang Hang-jun,"Yoo Hai-jin, Park Ji-hoon, Yoo Ji-tae, Jeon Mi-do, Kim Min"
1284016,tt32267691,Power Ballad,Power Ballad,2026-05-18,8.7044,7.1,106,"[35, 10402, 18]",en,0,3394770,99,"Likely Story, 30WEST, Fís Éireann/Screen Ireland, Treasure Entertainment, Distressed Films, Media Capital Technologies",John Carney,"Paul Rudd, Nick Jonas, Peter McDonald, Marcella Plunkett, Havana Rose Liu"
1255833,tt28535715,Whalefall,Whalefall,2026-10-14,8.6697,0.0,0,[53],en,0,0,98,"Imagine Entertainment, 20th Century Studios, Jurassic Party",Brian Duffield,"Austin Abrams, Josh Brolin, Elisabeth Shue, John Ortiz, Jane Levy"
1662317,tt40792117,The Crash,The Crash,2026-05-14,8.61,6.87,185,"[99, 80]",en,0,0,95,RAW,Gareth Johnson,"Mackenzie Shirilla, Tim Troup, Rosie Graham, Bubba Turner, Faythe Walsh"
1592032,tt39393717,Furious Attack,怒袭,2026-02-12,8.5839,6.0,4,"[28, 80, 53]",zh,0,0,77,,Huang Yi,"Andy On Chi-Kit, Philip Ng Wan-Lung, Justin Cheung, Eason Hung Chun-Ga, Charlene Houghton"
1759059,tt42644806,Desert Palms,Desert Palms,2026-09-02,8.5146,10.0,1,[35],en,0,0,32,"World without End, Produced Productions",Tristan Seniuk,"David Lowe, Richard Tanner, Jordan Preston, Matt Tramel, Ben Solenberger"
1442669,tt37163509,La Vénus électrique,La Vénus électrique,2026-05-12,8.5022,7.228,92,"[35, 18, 36]",fr,0,0,122,"Les Films Pelléas, Versus Production, France 2 Cinéma, Pio & Co, Tovo Films, RTBF, Proximus, BeTV & Orange",Pierre Salvadori,"Pio Marmaï, Anaïs Demoustier, Gilles Lellouche, Vimala Pons, Gustave Kervern"
1372443,tt30093348,Mr. Irrelevant,Mr. Irrelevant,2026-12-25,8.502,0.0,0,[18],en,36000000,0,125,"Skydance Sports, Domain Entertainment, Blackjack Films, Megamix",Jonathan Levine,"David Corenswet, Isabel May, Michael Shannon, David Krumholtz, Greg Hatton"
1529513,tt33184184,Kong Tao,蛊降,2026-03-19,8.496,6.3,3,"[12, 53]",zh,0,0,90,Mega Films,Peiji Wu,"Supassrathip Akkrathaweepatch, Keung Ho-man, Glenn Yong, Bront Palarae, Yumi Wong"
1468229,tt37091259,Ernie & Emma,Ernie & Emma,2026-09-04,8.4948,0.0,0,[35],en,0,0,88,,Bruce Campbell,"Bruce Campbell, Cerina Vincent, Ted Raimi, Robin McAlpine, William Earl Ray"
1759123,,Between Us,Entre Dos,2026-09-01,8.4636,0.0,0,"[10749, 18]",en,0,0,15,,Sara Brunacci,"Inti Santana, Sylvana García"
1542187,tt37963237,Varavu,വരവ്,2026-07-16,8.4505,4.5,2,"[28, 53]",ml,0,0,143,Olga Productions,Shaji Kailas,"Joju George, Murali Gopy, Arjun Ashokan, Sukanya, Deepak Parambol"
1685882,tt42262473,Modha Rathri,மொத ராத்திரி,2026-08-21,8.4174,7.0,1,"[10749, 35]",ta,0,0,155,Mythri Movie Makers,Raja Karuppasamy,"Rishikanth, Anishma Anilkumar, Chetan, A. Venkatesh, Bagavathi Perumal"
1538497,tt38077943,Hexed,Hexed,2026-11-25,8.4007,0.0,0,"[12, 16, 10751, 14]",en,0,0,0,Walt Disney Animation Studios,"Jason Hand, Fawn Veerasunthorn","Hailee Steinfeld, Rashida Jones, Tracey Ullman, Stephen Fry, Jodie Foster"
445466,tt6628920,Idiots,Idiots,2026-08-20,8.3143,5.3,6,"[35, 80]",en,0,0,100,"Gramercy Park Media, Peachtree Media Partners, Rough House Pictures, Bonneville Pictures, NewStar Financing, Cosmic Distribution",Macon Blair,"Dave Franco, O'Shea Jackson Jr., Mason Thames, Kiernan Shipka, Peter Dinklage"
1401459,tt35410859,Fjord,Fjord,2026-06-13,8.3135,7.19,71,[18],ro,4750000,407491,146,"Mobra Films, Why Not Productions, Eye Eye Pictures, Snowglobe, Aamu Film Company, Garagefilm International, Film i Väst, France 3 Cinéma, Goodfellas",Cristian Mungiu,"Sebastian Stan, Renate Reinsve, Lisa Carlehed, Ellen Dorrit Petersen, Lisa Loven Kongsli"
1260649,tt26735127,Jumanji: Open World,Jumanji: Open World,2026-12-23,8.3124,0.0,0,"[12, 35, 14]",en,0,0,0,"Matt Tolmach Productions, Seven Bucks Productions, Columbia Pictures, The Detective Agency, TSG Entertainment",Jake Kasdan,"Dwayne Johnson, Kevin Hart, Jack Black, Karen Gillan, Awkwafina"
1447971,tt36535318,Scare Out,惊蛰无声,2026-02-17,8.2988,6.25,22,"[80, 53, 28]",zh,0,186971064,104,"Damai Entertainment, 中中（北京）影业有限公司, Beijing Lifeng Culture 北京黎枫文化发展有限公司, China Film Group Corporation, 上海中中影业有限公司",Zhang Yimou,"Jackson Yee, Zhu Yilong, Song Jia, Lei Jiayin, Yang Mi"
1217584,tt37969901,Torrente for President,Torrente presidente,2026-03-13,8.2279,6.1,150,[35],es,0,0,103,"Bowfinger, Atresmedia Cine, Amiguetes Entertainment",Santiago Segura,"Santiago Segura, Gabino Diego, Carlos Areces, Ramón Langa, Francisco Nicolás"
718833,tt12574330,Bokshi,Bokshi,2026-10-09,8.2132,0.0,0,"[27, 18]",hi,0,0,142,Lorien Motion Pictures,Bhargav Saikia,"Prasanna Bisht, Mansi Multani, Swaroopa Ghosh, Rohit Tiwari, Sandeep Shridhar Dhabale"
1437511,tt35866986,How to Rob a Bank,How to Rob a Bank,2026-11-11,8.2068,0.0,0,"[80, 53]",en,0,0,0,"87North Productions, Imagine Entertainment, Amazon MGM Studios",David Leitch,"Nicholas Hoult, Zoë Kravitz, Anna Sawai, Rhenzy Feliz, Pete Davidson"
1553969,tt38551209,Sheep in the Box,箱の中の羊,2026-05-29,8.1761,6.396,24,"[18, 878]",ja,0,4294141,126,"Fuji Television Network, GAGA Corporation, TOHO, AOI Pro.",Hirokazu Kore-eda,"Haruka Ayase, Daigo Yamamoto, Kuwaki Rimu, Nana Seino, Kanichiro"
1061798,tt36955518,Jim Queen and the Quest for Chloroqueer,Jim Queen à la recherche de la Chloroqueer,2026-06-17,8.1009,7.9,86,"[16, 35]",fr,0,0,85,"Bobbypills, uMedia, RTBF, uFund","Marco Nguyen, Nicolas Athané","Alex Ramirès, Jéremy Gillet, Shirley Souagnon, François Sagat, Elisabeth Wiener"
1148365,tt28498219,Matchbox the Movie,Matchbox the Movie,2026-10-08,8.0793,0.0,0,"[28, 35, 12]",en,0,0,127,"Mattel Studios, Skydance Media",Sam Hargrave,"John Cena, Jessica Biel, Sam Richardson, Arturo Castro, Teyonah Parris"
1517206,tt36543744,Bouchra,Bouchra,2026-06-03,8.0621,6.1,5,"[16, 18, 35]",en,0,0,83,"Fondazione Prada, 2 Lizards, Hi! Production, SB Films","Orian Barki, Meriem Bennani","Meriem Bennani, Orian Barki, Fayçal Azizi, Ariana Faye Allensworth, Hassan Hamdani"
1511057,tt37540875,Roommates,Roommates,2026-04-13,8.0221,6.464,168,[35],en,30000000,0,108,Happy Madison Productions,Chandler Levack,"Sadie Sandler, Chloe East, Billy Bryk, Sarah Sherman, Martin Herlihy"
1508938,tt37518144,Sgt. Frog,新劇場版☆ケロロ軍曹 復活して速攻地球滅亡の危機であります！,2026-06-26,8.0144,0.0,0,[16],ja,0,0,106,BN Pictures,Fumitoshi Oizaki,"Kumiko Watanabe, Etsuko Kozakura, Jouji Nakata, Takehito Koyasu, Takeshi Kusao"
1157869,tt36646880,Parallel Tales,Histoires parallèles,2026-05-14,7.1005,5.7,54,"[18, 9648, 53]",fr,12800000,0,139,"Memento Production, Panache Productions, La Compagnie Cinématographique, Lucky Red, France 3 Cinéma, Anonymous Content, Red Sea Fund",Asghar Farhadi,"Isabelle Huppert, Virginie Efira, Vincent Cassel, Pierre Niney, Adam Bessa"
1176962,tt25399154,Rose,Rose,2026-04-17,7.6784,7.7,32,[18],de,0,0,94,"Schubert, Row Pictures, Walker & Worm Film, ORF, ZDF",Markus Schleinzer,"Sandra Hüller, Caro Braun, Marisa Growaldt, Robert Gwisdek, Godehard Giese"
1592947,tt39112381,Sex,Seks,2026-01-01,6.7781,10.0,1,[18],en,200,0,11,Northern Sheep Cinema,Andrej Tomin,"Bojana Kužet, Dimitrije Todorović"
1496696,tt9213874,Breeder,Breeder,2026-10-16,8.3198,0.0,0,"[27, 53]",en,0,0,97,"Rabbits Black, Hadron Films, Mitchell & Start Films, Four J Films",Alex Goyette,"Daniel Doheny, Dot-Marie Jones, Maddie Phillips, Tanaya Beatty, Carmen Moore"
656908,tt27988879,Ramayana,रामायण,2026-11-05,8.1045,0.0,0,"[18, 14, 28]",hi,230000000,0,310,"Monster Mind Creations, Prime Focus Studios, DNEG",Nitesh Tiwari,"Ranbir Kapoor, Sai Pallavi, Yash, Ravi Dubey, Arun Govil"
1276704,tt32155665,53 Sundays,53 domingos,2026-03-26,9.0413,5.921,76,"[35, 18]",es,0,0,78,Imposible Films,Cesc Gay,"Javier Cámara, Carmen Machi, Javier Gutiérrez, Alexandra Jiménez, Ricardo Lacámara"
1380316,tt34379307,Is God Is,Is God Is,2026-05-14,7.6624,5.9,131,"[18, 53]",en,14800000,4857896,100,"Linden Productions, Orion Pictures, Viva Maude, CYRK",Aleshea Harris,"Kara Young, Mallori Johnson, Vivica A. Fox, Sterling K. Brown, Janelle Monáe"
1465585,tt36590218,Yanuni,Yanuni,2026-04-24,6.3322,5.0,2,"[18, 99]",en,0,0,112,"Malaika Pictures, Appian Way, Nia Tero, Age of Union, TELLUX-Film",Richard Ladkani,"Juma Xipaia, Hugo Loss, Tuppak Tawary Xipaia, Yanuni Xipaia Loss"
1556616,tt38897659,Summer House,Yaz Evi,2026-06-06,8.102,6.8,23,"[10749, 10751, 18, 9648]",tr,0,0,0,OGM Pictures,Erdem Tepegöz,"Mina Demirtaş, Derya Pınar Ak, Onur Seyit Yaran, Çağdaş Onur Öztürk, Kamil Güler"
891621,tt15799564,Wild Horse Nine,Wild Horse Nine,2026-11-04,7.5475,0.0,0,"[35, 80, 53]",en,5000000,0,118,"Searchlight Pictures, Blueprint Pictures, Film4 Productions, TSG Entertainment, Fabula",Martin McDonagh,"John Malkovich, Sam Rockwell, Steve Buscemi, Mariana di Girolamo, Ailín Salas"
1263012,tt15181326,Dead Man's Wire,Dead Man's Wire,2026-01-09,8.4307,6.5,222,"[80, 18, 53]",en,13000000,2248569,106,"Elevated Films, Balcony 9 Productions, RNA Pictures, TPC, Sobini Films, Co Created Media, Copper Island, Last Mile Productions, Wrong Turn Productions, SIPUR, Construction Film, Streamline Global, Pressman Film, Space Pilot Media, WME Independent, Pinstripes, Film Manufacturers, LB Entertainment, Edith Productions, YO Productions, Filmhedge, Sillen Productions, Punch Once, Eterna, Notorious Productions Film Fund, VL Entertainment, Raised by Wolves Pictures",Gus Van Sant,"Bill Skarsgård, Dacre Montgomery, Cary Elwes, Myha'la, Kelly Lynch"
1710886,tt42995027,Sugar Mommy,Sugar Mommy,2026-06-09,7.3539,0.0,0,[18],tl,0,0,75,Vivamax,Christopher Novabos,"Jamilla Obispo, Ashley Lopez, Aerol Carmelo, Rash Flores"
1582770,tt39139925,Dhurandhar: The Revenge,धुरंधर: द रिवेंज,2026-03-18,7.9952,7.3,162,"[28, 80, 53]",hi,14330000,152900759,235,"Jio Studios, B62 Studios",Aditya Dhar,"Ranveer Singh, Arjun Rampal, Rakesh Bedi, R. Madhavan, Manav Gohil"
1633263,tt39602729,Wonderful Nightmare,Wonderful Nightmare,2026-04-04,7.0213,8.136,33,"[35, 10749, 18]",tl,0,0,122,Viva Films,RC Delos Reyes,"Kim Molina, Jerald Napoles, Al Tantay, Althea Ruedas, Achilles Wenceslao"
539745,tt2467700,Animal Farm,Animal Farm,2026-04-30,8.1297,6.4,112,"[16, 35, 18, 10751, 878]",en,35000000,6268861,95,"Aniventure, The Imaginarium, Cinesite Animation",Andy Serkis,"Seth Rogen, Gaten Matarazzo, Steve Buscemi, Glenn Close, Laverne Cox"
1508168,tt37535100,Bethlehem Kudumba Unit,ബെത്‌ലഹേം കുടുംബ യൂണിറ്റ്,2026-08-21,8.2319,8.8,19,"[10749, 35, 18]",ml,2410029,0,155,"Bhavana Studios, Fahadh Faasil and Friends Private Limited, Working Class Hero",Girish A. D.,"Nivin Pauly, Mamitha Baiju, Sangeeth Prathap, Suresh Krishna, Shyam Mohan"
1586876,tt39026173,Chiikawa the Movie: The Secret of the Mermaid Island,映画ちいかわ 人魚の島のひみつ,2026-07-24,7.9726,7.3,8,"[16, 10751, 12, 14]",ja,0,98587064,99,"QTORY, CyPic, TOHO",Kei Oikawa,"Haruka Aoki, Makoto Tanaka, Ari Ozawa, Yuka Iguchi, Takayuki Asai"
1400336,tt34966140,Focker-in-Law,Focker-in-Law,2026-11-25,7.5391,0.0,0,"[35, 10749]",en,0,0,105,"Universal Pictures, Tribeca Productions, Red Hour, Delirious Media, Particular Pictures, Paramount Pictures",John Hamburg,"Ben Stiller, Robert De Niro, Ariana Grande, Skyler Gisondo, Owen Wilson"
1195803,tt29611136,Wicker,Wicker,2026-10-21,6.6569,0.0,0,"[10749, 14, 35]",en,0,0,105,"Topic Studios, Tango Entertainment, South of the River Pictures, Votiv Films, Yoki, Escape Plan, Lobo Films","Eleanor Wilson, Alex Huston Fischer","Olivia Colman, Alexander Skarsgård, Peter Dinklage, Elizabeth Debicki, Marli Siu"
1763612,,Orang Sebelah,Orang Sebelah,2026-11-26,7.3318,0.0,0,[27],id,0,0,0,Avantgarde Production,Chiska Doppert,"Cassandra Lee, Esta Pramanita, Luna Fathia, Sadiya Aisye, Ryuken Lie"
1765072,tt45368240,You Can See Everything,You Can See Everything,2026-10-16,7.1534,0.0,0,[99],en,0,0,174,"Blow Out Productions, To Be Formed","Nathan Fielder, Lance Oppenheim","Elizabeth Holmes, Nathan Fielder, Billy Evans, Amanda Seyfried, Christopher Abbott"
1461254,tt39833109,Salmokji: Whispering Water,살목지,2026-04-08,6.617,6.1,28,"[27, 53]",ko,2020000,17450000,96,The LAMP,Lee Sang-min,"Kim Hye-yoon, Lee Jong-won, Kim Jun-han, Kim Young-sung, Oh Dong-min"
1327688,tt24326458,One Mile: Chapter One,One Mile: Chapter One,2026-02-20,8.0409,6.752,143,"[28, 80]",en,0,0,90,"Kapital Entertainment, Nomadic Pictures",Adam Davidson,"Ryan Phillippe, Amélie Hoeferle, Sara Canning, Sage Linder, Beverley Elliott"
1083884,tt21109170,Signal One,Signal One,2026-06-05,7.6529,6.3,51,"[9648, 878]",en,0,0,87,"Darius Films, Productivity Media, MPX Films",Jonathan Sobol,"Isabelle Fuhrman, Josh Hutcherson, David Thewlis, Dennis Quaid, Vanessa Smythe"
848700,tt37118301,Minotaur,Minotaure,2026-10-14,6.6648,0.0,0,"[18, 80, 53]",fr,0,0,135,"MK Productions, CG Cinéma, Razor Film Produktion, Forma Pro Films, ARTE France Cinéma, ZDF, whiz movies",Andrey Zvyagintsev,"Dmitriy Mazurov, Iris Lebedeva, Varvara Shmykova, Juris Žagars, Anatoliy Belyy"
1032892,tt6341826,In the Blink of an Eye,In the Blink of an Eye,2026-01-26,7.4426,5.817,167,"[878, 18]",en,0,0,94,"Searchlight Pictures, Mighty Engine",Andrew Stanton,"Kate McKinnon, Rashida Jones, Daveed Diggs, Jorge Vargas, Tanaya Beatty"
1424965,tt34959976,Ice Skater,Ice Skater,2026-08-20,7.7099,2.0,1,"[18, 53]",en,0,0,83,"A Xanaheim Original, Inkas Film & T.V. Productions, Whatevergroup",Taavi Vartia,"Thea Sofie Loch Næss, Nikos Koukas, Mimi Roivainen, Jasmin Simonen"
1378742,tt33512134,Drive Through Fire,Drive Through Fire,2026-09-11,7.0315,7.2,5,"[28, 80, 53]",en,0,0,87,Red Sea Media,Lauren Bond,"Michael Jai White, Dan Bakkedahl, Jim Carlson, Jennifer Bond, Kate Duffy"
1242937,tt30842022,The Dreadful,The Dreadful,2026-02-20,7.4102,5.976,83,[27],en,0,0,94,"Black Magic, Redwire Pictures, StoryBoard Media, Illium Pictures",Natasha Kermani,"Sophie Turner, Kit Harington, Marcia Gay Harden, Laurence O'Fuarain, Jonathan Howard"
1281195,tt8760666,Truly Naked,Truly Naked,2026-04-15,7.25,6.729,24,"[18, 10749]",en,0,0,102,"Isabella Films, Cinéma Defacto, Ici & Là Productions, Prime Time",Muriel d'Ansembourg,"Caolán O'Gorman, Andrew Howard, Alessa Savage, Safiya Benaddi, Lyndsey Marshal"
1426964,tt39369643,State of Fear,Salve Geral: Irmandade,2026-02-10,6.5445,5.785,79,"[28, 53, 80, 18]",pt,0,0,103,O2 Filmes,Pedro Morelli,"Naruna Costa, Camilla Damião, Seu Jorge, David Santos, Marcélia Cartaxo"
1432631,tt35723557,Idhayam Murali,இதயம் முரளி,2026-07-10,6.8574,6.8,10,"[10749, 35, 18]",ta,0,0,164,"Dawn Pictures, Think Music",Aakash Baskaran,"Atharvaa Murali, Preity Mukhundhan, Kayadu Lohar, Natarajan Subramaniam, Rakshan"
1676318,tt37540328,Back to the 90s,Back to the 90s,2026-08-18,7.5819,5.6,24,"[10749, 35, 10402]",de,0,0,92,"Wiedemann & Berg Television, DO Productions",Facundo Scalerandi,"Jacob Rott, Luis Freitag, Bene Schulz, Julien Brown, Tim Schäcker"
1596291,tt39162904,Queen of Chess,Queen of Chess,2026-01-27,6.297,7.52,76,[99],en,0,0,93,Moxie Films,Rory Kennedy,"Judit Polgár, Garry Kasparov, László Polgár, Sofia Polgár, Klára Polgár"
1034716,tt22740896,People We Meet on Vacation,People We Meet on Vacation,2026-01-06,7.7804,6.966,728,"[35, 10749]",en,1000000,0,116,"3000 Pictures, Temple Hill Entertainment, HarperCollins Publishers",Brett Haley,"Emily Bader, Tom Blyth, Sarah Catherine Hook, Jameela Jamil, Miles Heizer"
1645614,tt38735159,The Righteous,Los justos,2026-03-09,6.6737,5.4,10,"[35, 18]",es,0,0,0,Nephilim Producciones,"Jorge Lara, Fernando Pérez","Carmen Machi, Vito Sanz, Pilar Castro, Bruna Cusí, Ane Gabarain"
1538273,tt39260895,Pyaar Prema Kalyanam,ப்யார் ப்ரேமா கல்யாணம்,2026-08-21,6.7922,6.857,14,"[10749, 35, 18]",ta,0,0,127,Rise East Entertainments Pvt Ltd,Elan,"Elan, Saanve Megghana, Radhika Sarathkumar, M. S. Bhaskar, Yogi Babu"
1165366,tt28553375,De Gaulle: Résistance,La bataille de Gaulle : L'âge de fer,2026-06-03,7.5117,7.8,193,"[36, 18]",fr,25000000,18752948,160,"Pathé, Auvergne-Rhône-Alpes Cinéma, TF1 Films Production, Ness Films, Beside Productions, LDRP, Logical Content Ventures, Belvédère, Aonia Ventures, Ouroboros Entertainment, Stags Participations II",Antonin Baudry,"Simon Abkarian, Simon Russell Beale, Florian Lesieur, Benoît Magimel, Mathieu Kassovitz"
1382513,tt29283995,Hen,Κότα,2026-02-20,8.0808,7.135,26,"[12, 18]",el,0,0,96,"Pallas Film, View Master Films, Twenty Twenty Vision Filmproduktion, ZDF/Arte, FocusFox",György Pálfi,"Yannis Kokiasmenos, Maria Diakopanagiotou, Argyris Pandazaras, Antonis Kafetzopoulos, Antonis Tsiotsiopoulos"
1437703,tt35854741,Flies,Moscas,2026-07-01,7.8269,6.667,9,"[18, 35]",es,0,0,101,"Teorema, Instituto Mexicano de Cinematografía, Eficine, Kinotitlán, K & S Films",Fernando Eimbcke,"Bastián Escobar, Teresa Sánchez, Hugo Ramírez, Enrique Arreola, Liam Rivera"
938150,tt5095076,Wardriver,Wardriver,2026-03-04,7.3577,7.369,103,"[53, 80]",en,0,59225,93,"Highland Film Group, Star Thrower Entertainment",Rebecca Thomas,"Dane DeHaan, Sasha Calle, Mamoudou Athie, Jeffrey Donovan, William Belleau"
1760395,tt44949874,Stolen Babies,Stolen Babies,2026-09-01,6.4874,10.0,1,[99],en,0,0,88,Finestripe Productions,Kate Schofield,"Keir Starmer, Marion McMillan, Ann Keen, Joan Chambers, Mark Lloyd-Fox"
1616131,tt37961750,A Child of My Own,Un hijo propio,2026-07-30,7.3402,8.559,76,[99],es,0,0,96,"Micromundo Producciones, Gato Grande Productions",Maite Alberdi,"Ana Celeste, Armando Espitia, Luisa Guzmán, Ángeles Cruz, Mayra Sérbulo"
1628071,tt38682795,Ip Man: Kung Fu Legend,宗师叶问2,2026-07-22,7.337,6.368,19,[28],zh,0,0,94,Kai Pictures,Li Liming,"Dennis To Yu-Hang, Philip Condron, Steven Dasz, Lee Yiu-King, Yan Yanlong"
1711175,tt41516436,Summerween,Summerween,2026-06-26,7.3338,5.8,5,"[27, 53]",en,0,0,87,The Asylum,Ryan Ebert,"Clint Morrison, Sophia Sabol, Cole Chapleski, Brian Latimer, Chase Breithoff"
1639712,,Normal Planet,Normal Planet,2026-04-19,7.321,5.0,1,"[16, 99]",fr,0,0,30,Les Films Invisibles,"Ekiem Barbier, Guilhem Causse, Quentin L'helgoualc'h",
1689518,,Christiane Taubira : une loi pour mémoire,Christiane Taubira : une loi pour mémoire,2026-05-06,7.3162,6.0,2,"[99, 36]",fr,0,0,0,"Timeless Media Group, Axe Sud, Fondation pour la Mémoire de l’Esclavage, France Télévisions, Outre-mer •1",Mathilde Damoisel,"Christiane Taubira, François Hollande, Naïma Moutchou, Valérie Pécresse, Jean-Marc Ayrault"
1318335,tt36187539,The Rays and Shadows,Les Rayons et les Ombres,2026-03-18,7.2691,7.527,112,"[18, 36]",fr,35000000,0,199,"Curiosa Films, Waiting for Cinéma, France 3 Cinéma, Gaumont",Xavier Giannoli,"Jean Dujardin, Nastya Golubeva Carax, August Diehl, Olivier Chantreau, Anna Próchniak"
1367220,tt33988385,Karuppu,கருப்பு,2026-05-14,7.2689,6.8,29,"[28, 14]",ta,16000000,3345079,152,Dream Warrior Pictures,RJ Balaji,"Suriya, Trisha Krishnan, RJ Balaji, Indrans, Anagha Maya Ravi"
1288220,tt32331644,A Mosquito in the Ear,A Mosquito in the Ear,2026-06-11,7.2658,5.2,2,[18],en,0,0,90,"Greenmachine Films, Foothill Productions, Whiskey Stream Films, Steak & Rosé, 5X Media, Wooden Trailer Productions, 3DMC, Ratan Films, Spirit Pictures, Lasutra Pictures, Mirador Pictures",Nicola Rinciari,"Jake Lacy, Nazanin Boniadi, Ruhi Pal, Micky Singh, Sanya Sagar"
1763668,,Ecos,Ecos,2026-09-04,7.2613,0.0,0,"[18, 53, 878]",pt,1500,0,0,"Agrupa Cultura, Matinta Filmes",André Arruda Nascimento,"Henrique Augusto, Rubens Byscaya, Luiza Gutjahr, Andre Texugo"
1748841,tt37593831,Dark Hollow,Dark Hollow,2026-09-04,7.2533,4.2,2,"[27, 28, 878]",en,0,0,95,"Brainstorm Media, Dark Atlantic, Dark Tower Films, Dakoit Pictures",Daniel Byers,"June Schreiner, David Garelik, J.Stephen Brantley, Brennon Weese, Ian Deighan"
1550338,tt44147164,The Last Scene,Öngörü,2026-08-28,7.2418,6.833,9,"[18, 10749]",tr,0,0,96,Ay Yapım,Ali Bilgin,"Hilal Altınbilek, Serkan Çayoğlu, Olcay Yusufoğlu, Bora Karakul, Sema Mumcu"
1168719,tt27811632,Silent Friend,Silent Friend,2026-01-15,7.2316,7.1,53,[18],de,3000000,755049,147,"Pandora Film, Galatée Films, Inforg-M&M Film, Rediance, ZDF/Arte, ARTE France Cinéma, Allons Voir",Ildikó Enyedi,"Tony Leung Chiu-wai, Luna Wedler, Enzo Brumm, Sylvester Groth, Martin Wuttke"
1117898,tt2321555,The Cat in the Hat,The Cat in the Hat,2026-11-04,7.2148,0.0,0,"[16, 35, 12, 14, 10751]",en,0,0,91,"DNEG, Dr. Seuss Enterprises, Warner Bros. Pictures Animation, A Stern Talking To, Domain Entertainment","Erica Rivinoja, Alessandro Carloni","Bill Hader, Xochitl Gomez, Tiago Martinez, Matt Berry, Quinta Brunson"
1634949,tt39847629,Lorne,Lorne,2026-04-17,7.1251,6.875,16,[99],en,0,449135,101,Tremolo Productions,Morgan Neville,"Lorne Michaels, Steve Higgins, Michael Che, Colin Jost, Tom Schiller"
1510745,tt37538172,Bodycam,Bodycam,2026-03-12,7.0936,6.02,122,[27],en,0,124154,75,"Superchill, Essential Film Group",Brandon Christensen,"Jaime M. Callica, Sean Rogerson, Catherine Lough Haggquist, Angel Prater, Keegan Connor Tracy"
1589248,tt38662472,"My Best Friend, His Girlfriend and Me","Mein bester Freund, seine Freundin und ich",2026-08-14,7.0914,6.2,40,[35],de,0,0,98,Wiedemann & Berg Television,Marco Petry,"Kostja Ullmann, Janina Uhse, David Kross, Ferdinand Hofer, Clara Immel"
1145899,tt33029380,Marsupilami,Marsupilami,2026-02-04,7.0726,6.4,166,"[12, 35, 10751]",fr,33555600,22174000,99,"Pathé, Dupuis, BAF Prod, TF1 Films Production, Artémis Productions, Logical Content Ventures",Philippe Lacheau,"Philippe Lacheau, Jamel Debbouze, Tarek Boudali, Élodie Fontan, Julien Arruti"
1688652,tt42373968,Gary,Gary,2026-05-05,7.0657,6.6,66,"[18, 35]",en,0,0,60,FX Productions,Christopher Storer,"Ebon Moss-Bachrach, Jon Bernthal, Marin Ireland, Gillian Jacobs, Nation Sage Henrikson"
1428862,tt33474179,Firebreak,Cortafuego,2026-02-19,6.8243,6.313,179,"[53, 18]",es,0,0,107,Espotlight,David Victori,"Belén Cuesta, Enric Auquer, Candela Martínez, Joaquín Furriel, Diana Gómez"
1417285,tt39392225,The Stain,ราคี,2026-02-26,6.5783,4.7,3,"[27, 53, 10749]",th,0,0,105,Be On Cloud,"Bhanbhassa Dhubthien, Krisda Witthayakhajorndet, Ping Lumpraploeng","Engfa Waraha, Nattawin Wattanagitiphat, Jespipat Tilapornputt, Sarocha Chankimha, Padung Songsang"
1743296,tt16155872,Cannelloni,Canelones,2026-08-06,6.4612,5.0,2,"[35, 53]",es,0,0,91,"Orsai Cine, Digi Cine","Christian Basilis, Ana Laura Gussoni","Verónica Llinás, Darío Barassi, Agustín Aristarán, César Bordón, Máximo Artusi Pérez"
1659389,tt41295042,One Piece Heroines,ONE PIECE HEROINES,2026-07-05,6.6851,6.8,22,"[16, 28, 35]",ja,0,0,24,"Toei Animation, Fuji Television Network",Haruka Kamatani,"Akemi Okamura, Yuriko Yamaguchi, Maaya Sakamoto, Takehito Koyasu, Mayumi Tanaka"
1363979,tt38650422,The Dangers in My Heart: The Movie,劇場版 僕の心のヤバイやつ,2026-02-13,7.1769,8.1,10,"[16, 10749]",ja,0,606400,101,"Shin-Ei Animation, TV Asahi, avex pictures, TV Asahi Music, movic, dentsu, BS Asahi, Akita Shoten",Chen Dali,"Hina Youmiya, Shun Horie, Yukari Tamura, Momoka Terasawa, Ayaka Asai"
1422041,tt35511966,La bola negra,La bola negra,2026-09-25,6.3364,0.0,0,"[18, 10752]",es,0,255,155,"Movistar Plus, Le Pacte, El Deseo, Telefónica Audiovisual Digital, Los Esquiadores","Javier Ambrossi, Javier Calvo","Guitarricadelafuente, Miguel Bernardeau, Carlos González, Milo Quifes, Lola Dueñas"
1405769,tt34888646,I Can Only Imagine 2,I Can Only Imagine 2,2026-02-19,9.6383,8.3,49,"[10402, 18]",en,18000000,18734382,110,"Kingdom Story Company, Mission Pictures International, Lionsgate, LD Entertainment, Kevin Downes Productions","Brent McCorkle, Andrew Erwin","J. Michael Finley, Milo Ventimiglia, Sophie Skelton, Arielle Kebbel, Sammy Dell"
1662414,tt41367695,Propeller One-Way Night Coach,Propeller One-Way Night Coach,2026-05-15,8.4663,6.3,54,"[12, 18, 10751]",en,0,0,60,"JTP Films, Kids At Play",John Travolta,"Clark Shotwell, Kelly Eviston-Quinnett, Ella Bleu Travolta, Olga Hoffmann, Charlie Berger"
1465943,tt36596965,Mandaadi,மண்டாடி,2026-09-10,6.204,8.0,2,"[28, 18]",ta,836000,0,153,R S Infotainment,Mathimaran Pugazhendhi,"Soori, Suhas, Mahima Nambiar, Sathyaraj, Mithun Jai Sankar"
1503762,tt13609648,Sense and Sensibility,Sense and Sensibility,2026-09-23,7.9917,0.0,0,"[18, 10749]",en,0,0,132,"Focus Features, Working Title, November Pictures, Kiddo Films",Georgia Oakley,"Daisy Edgar-Jones, Esmé Creed-Miles, Caitríona Balfe, Bodhi Rae Breathnach, Frank Dillane"
1716513,tt43140112,Extreme Makeover: Homer Edition,Extreme Makeover: Homer Edition,2026-06-17,6.4725,7.4,73,"[16, 35, 10751]",en,0,0,48,"Gracie Films, 20th Television Animation","Matthew Nastuk, Timothy Bailey","Dan Castellaneta, Julie Kavner, Nancy Cartwright, Yeardley Smith, Harry Shearer"
1300926,tt32557122,The Angry Birds Movie 3,The Angry Birds Movie 3,2026-12-23,7.2455,0.0,0,"[16, 35, 10751]",en,0,0,96,"Rovio Animation, SEGA of America, Flywheel Media, One Cool Films, dentsu, AB3 Investments, Prime Focus Studios, DNEG",John Rice,"Jason Sudeikis, Josh Gad, Danny McBride, Rachel Bloom, Emma Myers"
1451344,tt36876775,Husbands in Action,남편들,2026-06-15,6.1087,7.325,126,"[35, 28, 80]",ko,0,0,110,TPS Company,Park Gyu-tae,"Jin Sun-kyu, Gong Myoung, Kim Ji-seok, Yoon Kyung-ho, Kang Han-na"
1560681,tt38681832,Colors of Evil: Black,Kolory zła: Czerń,2026-06-10,7.0746,6.783,161,"[53, 9648, 80]",pl,0,0,110,Aurum Film,Adrian Panek,"Jakub Gierszał, Marianna Zydek, Andrzej Chyra, Beata Ścibakówna, Adam Bobik"
1421552,tt35514520,Panda Plan: The Magical Tribe,熊猫计划之部落奇遇记,2026-02-17,6.2928,6.281,16,"[28, 35, 10751, 14]",zh,0,0,100,"Emei Film Studio, Maoyan Entertainment, Uni Media, Beijing Enlight Pictures, Huaxia Film Distribution",Derek Hui Wang-Yu,"Jackie Chan, Ma Li, Qiao Shan, Yu Yang, Wang Yinglu"
1442211,tt35933404,Balandrau: Where the Fierce Wind Blew,Balandrau: Where the Fierce Wind Blew,2026-02-20,7.6644,7.0,22,[18],ca,0,0,106,"Lastor Media, Vilaüt Films, Goroka, Balandrau Films AIE, 3Cat",Fernando Trullols,"Álvaro Cervantes, Marc Martínez, Bruna Cusí, Anna Moliner, Pep Ambròs"
1764235,,Disonance,Disonansi,2026-09-04,5.9175,0.0,0,"[99, 18]",id,0,0,19,Studio Film UPI,Sabili Abdillah,"Suhendi Endong, Shela, Kristinus Endong, Ismail Sholeh, Agus Supardiman Salimin"
1418582,tt40001699,Here the Whole Time,Quinze Dias,2026-06-18,7.071,7.344,80,"[35, 10749]",pt,0,0,101,"Conspiração Filmes, Agência Nacional do Cinema - ANCINE, Ministério da Cultura/Governo Federal",Daniel Lieff,"Miguel Lallo, Diego Lira, Débora Falabella, Mika Soeiro, Isabella Moreira"
1213898,tt30387012,Border 2,बॉर्डर २,2026-01-23,6.2099,7.6,35,"[28, 18, 10752]",hi,33000000,21000000,201,"T-Series, J.P. Films",Anurag Singh,"Sunny Deol, Varun Dhawan, Diljit Dosanjh, Ahan Shetty, Mona Singh"
1658653,tt34885279,Vanishing Point,消失的人,2026-05-01,6.4214,6.4,15,"[9648, 53, 80]",zh,0,0,140,,Cheng Wei-hao,"Ryan Zheng Kai, Liu Haocun, Roy Chiu, Jerry Lee, Jiang Yan"
1659087,tt40891145,180,180,2026-04-16,6.7432,5.888,148,"[53, 80, 18, 10770]",en,0,0,94,Ten30 Pictures,Alex Yazbek,"Prince Grootboom, Noxolo Dlamini, Danica De La Rey, Warren Masemola, Desmond Dube"
1723460,tt43619305,A Toxic Love Story,A Toxic Love Story,2026-07-22,6.74,6.377,53,[99],en,0,0,91,Curious Films,Alexandra Lacey,"Amanda Wear, Gavin Marck, Katia Plotnikoff, Lainey Baldwin"
1036081,tt22797990,Khalifa: The Ruler,ഖലീഫ: The Ruler,2026-08-20,6.7038,7.1,4,"[80, 28]",ml,0,0,157,"Jiinu Abraham Innovation, London Studios",Vysakh,"Prithviraj Sukumaran, Mohanlal, Neil Nitin Mukesh, Indrans, Shammi Thilakan"
1628123,tt39578533,BTS THE COMEBACK LIVE | ARIRANG,BTS 컴백 라이브: ARIRANG,2026-03-21,6.6995,8.8,115,[10402],ko,0,0,66,"Done+Dusted, HYBE, Bighit Music","Hamish Hamilton, Cameron Whitelaw","RM, Jin, SUGA, j-hope, Jimin"
1712439,tt41892623,Behind the Screens,เพื่อนรัก เพื่อนลับ,2026-07-23,6.6872,7.0,3,"[18, 53]",th,0,0,96,"Nob Productions, Dream Maker Entertainment",Micky Wee,"Nawat Kulrattanarak, Rachwin Wongviriya, Ray MacDonald, Pitisak Yaowananon, Pisanu Chutanimsakul"
1339876,tt27673536,Mardaani 3,मर्दानी 3,2026-01-30,6.6755,7.6,44,"[28, 80, 53]",hi,0,0,131,Yash Raj Films,Abhiraj Minawala,"Rani Mukerji, Mallika Prasad, Janki Bodiwala, Jisshu Sengupta, Mikhail Yawalkar"
1421903,tt35514120,Werwulf,Werwulf,2026-12-25,6.6403,0.0,0,[27],en,0,0,0,"Working Title, Maiden Voyage Pictures, Focus Features",Robert Eggers,"Aaron Taylor-Johnson, Lily-Rose Depp, Willem Dafoe, Bodhi Rae Breathnach, Ralph Ineson"
1730821,,레즈비언 부부의 아내 불륜,레즈비언 부부의 아내 불륜,2026-07-17,6.6266,0.0,0,[],ko,0,0,0,,,"Seon Yool, Chae Won, Lee Mi-na, Lee Soo, So Ra"
1451078,tt36451817,Raakaasa,రాకాస,2026-04-03,6.6148,6.2,19,"[14, 35]",te,0,0,130,"Pink Elephant Pictures, Zee Studios",Manasa Sharma,"Sangeeth Shobhan, Nayan Sarika, Raadhya, Vennela Kishore, Getup Srinu"
1645957,,Observing as the World Burns,Observing as the World Burns,2026-03-04,6.5829,0.0,0,[18],en,0,0,32,Good-Reel Moving Pictures,Ethan T.K. Trinh,Ethan T.K. Trinh
1400357,tt34966562,The Christophers,The Christophers,2026-03-30,6.5692,6.9,78,"[80, 35, 18]",en,0,0,100,"Department M, Butler & Sklar Productions",Steven Soderbergh,"Michaela Coel, Ian McKellen, Jessica Gunning, James Corden, Ferdy Roberts"
1187326,tt36164852,Tad and The Magic Lamp,Tadeo Jones y La Lámpara Maravillosa,2026-08-26,6.5531,6.5,12,"[16, 35, 10751]",es,0,0,94,"Mediaset España, Ikiru Films, Anangu Grup, Lightbox Animation Studios, Telecinco Cinema, Tadeo Films, Movistar Plus",Enrique Gato,"Óscar Barberán, Michelle Jenner, Luis Posada, Joseph Balderrama, Trevor White"
1751701,tt36809539,After Impact,After Impact,2026-09-15,6.5469,5.25,2,"[53, 12]",en,100000,0,95,PWA Media Ltd,"Michiel Rensen, Liam Carter","Michiel Rensen, Maxie Li, Riki Antonievich, Will Clague, Stephanie Ramlose"
1627824,tt39565775,Rocky's Cat-astrophe,Rocky's Cat-astrophe,2026-02-27,6.5338,7.8,24,"[16, 10751]",en,0,0,44,Guru Studio,"Joey So, Jamie Whitney","Jesse Gervasi, Jackson Reid, Lilly Bartlam, Kai Harris, Lucien Duncan-Reid"
1436219,tt35836619,Pizza Movies,Pizza Movies,2026-03-26,6.5067,5.5,10,"[35, 10749, 18]",es,0,0,91,"El Cansancio, Bambina, Scorpora, Pioneros-Media Offline",Carlo Padial,"Judit Martín, Berto Romero, Raúl Arévalo, Joaquín Reyes, Bruna Cusí"
1199193,tt29713815,Pose,Pose,2026-02-25,6.491,5.854,41,[53],en,0,0,77,"Good Pals, SSS Film Capital, SSS Entertainment, The Syndicate, American Picture House Corporation",Jamie Adams,"James McAvoy, Lucas Bravo, Leila Farzad, Almudena Amor, Aisling Franciosi"
1274706,tt32129938,The Marked Woman,La desconocida,2026-06-05,6.4894,5.615,126,"[53, 80]",es,0,0,109,K & S Films,Gabe Ibáñez,"Candela Peña, Ana Rujas, Pol López, Manolo Solo, Kira Miró"
1465685,tt36589709,The Devil Within,Caminando con el diablo,2026-03-06,6.473,5.3,10,[53],es,0,0,84,"La Canica Films, Mother Superior",Rubén Pérez-Barrena,"Tamar Novas, Marina Salas, Iván Marcos, Annick Weerts, Alban Petit"
1630433,tt39744394,The Red Line,เส้นตาย สายลวง,2026-03-22,6.471,6.825,80,"[53, 80, 18]",th,0,0,135,Song Sound Production,Sitisiri Mongkolsiri,"Nittha Jirayungyurn, Esther Supreeleela, Chutima Maholakul, Todsapol Maisuk, Tonhon Tantivejakul"
1433117,tt37458112,Kara,கர,2026-04-30,6.4632,5.922,33,"[80, 18, 53, 28]",ta,0,0,161,"Vels Film International, Think Studios",Vignesh Raja,"Dhanush, Karunas, Jayaram, K. S. Ravikumar, Suraj Venjaramoodu"
1662432,tt41368989,Finding Harry: The Craft Behind the Magic,Finding Harry: The Craft Behind the Magic,2026-04-05,6.4558,7.613,40,[99],en,0,0,26,14 Florence Road Films,Eliot Rausch,"Nick Frost, Dominic McLaughlin, Arabella Stanton, Alastair Stout, John Lithgow"
1627796,tt39376898,Pansamantala,Pansamantala,2026-02-13,6.4493,6.5,4,[18],tl,0,0,0,Vivamax,King Abalos,"Karen Lopez, Marlon Marcia, Paula Santos, Rhian Rivera, Athena Red"
1309396,tt36749000,The Doll,La Poupée,2026-04-22,6.4437,6.0,33,"[35, 10749]",fr,0,0,100,"Novoprod, Atelier de Production, 31 Juin Films, Les Films du Parc, Borsalino Productions, Paprika Films",Sophie Beaulieu,"Vincent Macaigne, Cécile de France, Zoé Marchal, Adèle Journeaux, Gilbert Melki"
1239198,tt31116965,My Dearest Señorita,Mi querida señorita,2026-04-17,6.4407,6.558,43,"[18, 10749]",es,0,0,116,Suma Content,Fernando González Molina,"Elisabeth Martínez, Anna Castillo, Nagore Aranburu, Eneko Sagardoy, Manu Ríos"
1376415,tt35495035,The Money Maker,L'Affaire Bojarski,2026-01-12,6.4353,7.068,161,"[36, 18, 80]",fr,0,0,128,"Les Compagnons du Cinéma, Auvergne-Rhône-Alpes Cinéma, Le Bureau Films, France 2 Cinéma, Cactus Films",Jean-Paul Salomé,"Reda Kateb, Sara Giraudeau, Bastien Bouillon, Quentin Dolmaire, Pierre Lottin"
1257147,tt37458193,My Best Friend,Minha Melhor Amiga,2026-09-03,6.4286,8.458,11,[35],pt,0,0,125,"Paris Entretenimento, Agência Nacional do Cinema - ANCINE",Susana Garcia,"Ingrid Guimarães, Mônica Martelli, Giulia Benite, Gabi Amaral, Ricardo Pereira"
1567605,tt38773219,Ebenezer,Ebenezer,2026-11-11,6.4277,0.0,0,"[14, 35]",en,0,0,0,"Paramount Pictures, Domain Entertainment, Wattsco, IN.2 FILM",Ti West,"Johnny Depp, Rupert Grint, Andrea Riseborough, Tramell Tillman, Ian McKellen"
1239134,tt29540862,Bhooth Bangla,भूत बंगला,2026-04-16,6.4161,5.609,64,"[27, 35]",hi,14000000,20000000,163,"Balaji Motion Pictures, Cape of Good Films",Priyadarshan,"Akshay Kumar, Wamiqa Gabbi, Paresh Rawal, Tabu, Jisshu Sengupta"
1408170,tt5256640,Lenin,లెనిన్,2026-07-10,6.4145,6.2,6,"[28, 18, 10749]",te,0,0,156,"Sithara Entertainments, Manam Enterprises, Annapurna Studios",Murali Kishor Abburu,"Akhil Akkineni, Bhagyashri Borse, Sivaji Sontineni, Easwari Rao, Brahmaji"
1595124,tt14413964,Steps,Steps,2026-11-20,6.4063,0.0,0,"[16, 14, 35, 10751]",en,0,0,0,"Netflix Animation Studios, Paper Kite Productions",Alyce Tzue,"Ali Wong, Amanda Seyfried, Stephanie Hsu, Bette Midler, Nikki Glaser"
1693436,tt41698663,Pinay Kamasutra,Pinay Kamasutra,2026-05-19,6.4047,4.0,1,"[10770, 10749]",tl,0,0,71,Vivamax,Ray Gibraltar,Ataska Mercado
1598785,tt39228706,Milky☆Subway: The Galactic Limited Express - the Movie,銀河特急 ミルキー☆サブウェイ 各駅停車劇場行き,2026-02-06,6.3386,8.75,44,"[16, 28, 12, 35, 878]",ja,0,3700000,46,"Shin-Ei Animation, Bit grooove promotion, Bandai Namco Filmworks",Yohei Kameyama,"Momoka Terasawa, Anna Nagase, Mikako Komatsu, Hisako Kanemoto, Makoto Koichi"
1422562,tt35524793,The Moment,The Moment,2026-01-30,6.3374,6.367,83,"[10402, 35, 53]",en,4000000,5168044,103,"Studio365, A24, Atlantic Records, Good World, 2AM",Aidan Zamiri,"Charli xcx, Alexander Skarsgård, Rosanna Arquette, Hailey Benton Gates, Jamie Demetriou"
1269325,tt27050858,Drishyam: The Conclusion,दृश्यम्: द कन्क्लूजन,2026-10-02,6.3348,0.0,0,"[53, 18, 9648]",hi,0,0,170,"Viacom18 Studios, Panorama Studios, Pen Studios",Abhishek Pathak,"Ajay Devgn, Tabu, Shriya Saran, Rajat Kapoor, Jaideep Ahlawat"
1315657,tt32888226,Yellow Letters,Gelbe Briefe,2026-03-05,6.3259,7.261,44,[18],de,0,0,128,"if... Productions, Haut et Court, Liman Film",İlker Çatak,"Özgü Namal, Tansu Biçer, Yusuf Akgün, Emre Bakar, İpek Bilgin"
1154538,tt35522483,Nirvanna the Band the Show the Movie,Nirvanna the Band the Show the Movie,2026-02-02,6.2938,7.7,126,"[35, 878, 12]",en,1200000,5191174,100,"Crave, Zapruder Films",Matt Johnson,"Matt Johnson, Jay McCarrol, Ben Petrie, Ethan Eng, Michael Scott"
1227877,tt30827810,I Love Boosters,I Love Boosters,2026-05-21,6.2257,6.174,109,"[35, 878, 80]",en,20000000,9204473,113,"Savage Rose Films, Waypoint Entertainment, Ryder Picture Company, Annapurna Pictures, NEON, Metro Designers Productions, The Sun Exploding Words, Sounds, & Pictures",Boots Riley,"Keke Palmer, Naomi Ackie, Taylour Paige, Poppy Liu, Eiza González"
1250502,tt34284946,I'm Game,ഐ ആം ഗെയിം,2026-09-03,6.2219,8.0,1,"[28, 53, 18]",ml,0,0,173,Wayfarer Films,Nahas Hidayath,"Dulquer Salmaan, Kayadu Lohar, Antony Varghese, Mysskin, Kathir"
610361,tt22046822,You're Fired,Уволить Жору,2026-02-12,6.1909,1.0,1,[35],ru,0,0,91,"Vice Films, Central Partnership",Maryus  Vaysberg,"Danila Kozlovsky, Mikhail Galustyan, Elena Fomina, Vadim Andreyev, Olga Tumaykina"
1712454,tt41517310,Shark Frenzy,Shark Frenzy,2026-07-17,6.1876,5.5,4,"[27, 53]",en,0,0,82,The Asylum,Ryan Ebert,"David Chokachi, Sophia Sabol, Sarafina King, Brian Latimer, Emily Huffines"
1658214,tt39376946,Scorpio Nights 4,Scorpio Nights 4,2026-03-31,6.1782,8.0,4,[18],tl,0,0,83,"Vivamax, Mabolo Drive Pictures",Bobby Bonifacio,"Apphle Celso, Sahara Bernales, Albie Casiño, Marco Mora, Rolando Toralba"
1760254,,TREE HOUSE,TREE HOUSE,2026-09-07,6.1749,0.0,0,"[16, 10751, 14, 18]",el,0,0,9,Film School of the Aristotle University of Thessaloniki,Nasia Koko,
1475799,tt32378175,Haiwaan,हैवान,2026-09-11,6.166,0.0,0,"[80, 53]",hi,0,0,164,"KVN Productions, Thespian Films",Priyadarshan,"Akshay Kumar, Saif Ali Khan, Boman Irani, Shriya Pilgaonkar, Saiyami Kher"
1450527,tt30691214,Forbidden Fruits,Forbidden Fruits,2026-03-26,6.1364,5.842,98,"[27, 35]",en,0,1765893,103,"MXN Entertainment, Madhouse Films, Lollipop Woods, 100 Zeros, Quadrant Motion Pictures",Meredith Alloway,"Lili Reinhart, Jordan Duarte, Victoria Pedretti, Alexandra Shipp, Zack Thompson"
1481609,tt36959329,Closing Night,Closing Night,2026-09-12,6.1171,10.0,1,[53],en,0,0,0,"Fictitious, Téléfilm Canada, Metafilms",Cody Fern,"Sarah Paulson, Naomi Watts, Dianne Wiest, Toby Wallace, Odessa A'zion"
1397201,tt38109660,Golden Kamuy -The Abashiri Prison Raid-,ゴールデンカムイ 網走監獄襲撃編,2026-03-13,6.1143,7.357,35,"[28, 18, 36, 12]",ja,0,0,124,"TOHO, CREDEUS, Shueisha, WOWOW",Kenji Katagiri,"Kento Yamazaki, Anna Yamada, Gordon Maeda, Asuka Kudo, Shuntaro Yanagi"
1316427,tt35512499,7 Dogs,7 كلاب,2026-05-27,6.1131,6.1,13,"[28, 35]",ar,40000000,0,123,"General Entertainment Authority, Riyadh Season","Adil El Arbi, Bilall Fallah","Ahmed Ezz, Karim Abdel Aziz, Monica Bellucci, Nasser Al Qasabi, Sayed Ragab"
1530510,tt37961742,Mexico 86,México 86,2026-05-21,6.1105,7.775,118,"[35, 36, 18]",es,0,0,95,"Phototaxia Pictures, Gaumont",Gabriel Ripstein,"Diego Luna, Karla Souza, Daniel Giménez Cacho, Álvaro Guerrero, Memo Villegas"
1763052,,Concerto Muerto,Concerto Muerto,2026-09-16,6.1056,0.0,0,"[14, 10402]",en,0,0,6,,"Jack McLaughlin, Joey Greenberg","Jack McLaughlin, Axel Catteral, Marisa Nieto, Grace Porosky, Kelly Maestas Tonrey"
1515899,tt39018643,Billie Eilish - Hit Me Hard and Soft: The Tour (Live in 3D),Billie Eilish - Hit Me Hard and Soft: The Tour (Live in 3D),2026-05-06,6.1048,8.5,65,"[10402, 99]",en,20000000,26721893,114,"Interscope Films, Darkroom Records, Lightstorm Earth","James Cameron, Billie Eilish","Billie Eilish, FINNEAS, Andrew Marshall, Solomon Smith, Abraham Nouri"
1241574,tt13868840,No Good Men,Kabul Jan,2026-05-28,6.0942,7.25,4,"[35, 10749, 18]",ps,3200000,0,103,"Adomeit Film, La Fabrica Nocturna Cinéma, Motlys, Amerikafilm, Wolf Pictures, Hubert Bals Fund",Shahrbanoo Sadat,"Shahrbanoo Sadat, Anwar Hashimi, Liam Hussaini, Yasin Negah, Torkan Omari"
1632473,tt39741670,"This, That, and Everything in Between","Ganito, Ganyan, Ganoon",2026-08-13,6.0792,6.375,4,"[18, 10751]",tl,0,0,112,Unitel Straight Shooters,Cholo Laurel,"Jodi Sta. Maria, Agot Isidro, Gardo Versoza, Ruby Ruiz, Gabriel Lazaro"
1329471,tt33365126,Carolina Caroline,Carolina Caroline,2026-06-05,6.0631,6.75,72,"[80, 18, 10749, 53]",en,0,0,107,"Bee-Hive Productions, Star Thrower Entertainment, Create & Complete Entertainment, The Wonder Company, MacPac Entertainment, FilmNation Entertainment",Adam Rehmeier,"Samara Weaving, Kyle Gallner, Kyra Sedgwick, Jon Gries, Tommy G. Kendrick"
1266800,tt37495239,The Desert Child,L'enfant du désert,2026-04-08,6.0351,7.667,28,"[12, 10751]",fr,0,3108495,92,"Mai Juin Productions, StudioCanal, uMedia",Gilles de Maistre,"Kev Adams, Nahel Tran, Nahïl Bouazzaoui, Neige de Maistre, Adriane Gradziel"
1616674,tt39370887,Me Before Me,Aku Sebelum Aku,2026-07-11,6.0345,6.682,22,[18],id,0,0,127,Wahana Kreator,Gina S. Noer,"Bima Sena, Ringgo Agus Rahman, Widuri Puteri, Prastiwi Dwiarti, Aming"
1635276,tt39465484,Eat Pray Bark,Eat Pray Bark,2026-04-01,6.0129,5.637,117,[35],de,0,0,91,OLGA FILM,Marco Petry,"Alexandra Maria Lara, Rúrik Gíslason, Devid Striesow, Anna Herrmann, Doğa Gürer"
1506747,tt37446301,Hugo 24,Hugo 24,2026-05-15,6.0092,6.0,1,"[18, 53]",es,0,0,91,"Clapham, RV Entertainment, Dadá Films, Lágrima Films, NonStop, Caramel Films",Luc Knowles,"Arón Piper, Marco Cáceres, Marta Etura, Greta Fernández, Javier Pereira"
1700944,tt42111424,"Love, Ngo","Love, Ngo",2026-06-03,6.0062,9.5,2,[35],tl,0,0,83,Viva Films,Darryl Yap,"Jerald Napoles, Gina Alajar, Louise delos Reyes, Candy Pangilinan, Malupiton"
1620034,tt39382052,"Marty, Life Is Short","Marty, Life Is Short",2026-05-11,5.9987,8.0,33,[99],en,0,0,102,Imagine Documentaries,Lawrence Kasdan,"Martin Short, Lawrence Kasdan, Steve Martin, Eugene Levy, Nancy Dolman"
1633056,tt43515101,All Wishes Come True!,八仙！,2026-07-10,5.9936,7.885,26,"[35, 16, 14, 12]",zh,0,208328000,143,"Pearl Studio, CMC Pictures, Tianjin Maoyan Weiying Culture Media 天津猫眼微影文化传媒, Shanghai Ruyi Film & TV Production 上海儒意影视制作, China Film Group Corporation, Youth Light Film",Mu Zhengyang,"Chen Hao, Li Shaozhe, Lidong, Huang Guo, Dong Tianyi"
1381273,tt34385689,Paper Tiger,Paper Tiger,2026-11-12,5.9692,0.0,0,"[80, 18, 53]",en,15000000,0,115,"RT Features, Leone Film Group, Keep Your Head Productions",James Gray,"Adam Driver, Miles Teller, Scarlett Johansson, Gavin Goudey, Roman Engel"
1739202,tt43700441,Untold Raygun: Breaking Badly,Untold Raygun: Breaking Badly,2026-09-01,5.9529,5.964,14,[99],en,0,0,72,"Stardust Frames, Propagate Content, Warner Bros. International Television Production Australia","Chapman Way, Maclain Way","Rachael Gunn, Samuel Free, Beverly Gunn, Russell Gunn, Sammy Tinylocks"
1636891,tt36363971,Mexicali,Mexicali,2026-03-13,5.952,7.842,73,"[28, 18]",en,0,0,99,Bleiberg Entertainment,Luke LaFontaine,"Bren Foster, Tania Raymonde, Plutarco Haza, Kris Van Damme, Louis Mandylor"
1249508,tt28500290,Grizzly Night,Grizzly Night,2026-01-30,5.9449,6.257,68,"[27, 53, 18]",en,3000000,0,93,Four J Films,Burke Doeren,"Charles Esten, Oded Fehr, Brec Bassinger, Joel Johnstone, Lauren Call"
1755880,,Piece,Piyesa,2026-09-18,5.9435,0.0,0,[10402],tl,0,0,20,"Young Vision Room, Sonnet Entertainment, Arapaap Creatives",Ryand Ugalde,"Nichole Ballesteros, Clarence Garcia, Paul Enrico Mariano Centro"
1476614,tt36834996,All of a Sudden,急に具合が悪くなる,2026-06-19,5.9284,7.9,50,[18],ja,0,0,196,"Cinéfrance Studios, Office Shirous, Bitters End, Tarantula, Heimatfilm, ARTE France Cinéma, GapBusters, Same Player, Marignan Films, Fictive, Dauphin Films, Saudade Film",Ryusuke Hamaguchi,"Virginie Efira, Tao Okamoto, Kyōzō Nagatsuka, Kodai Kurosaki, Jean-Charles Clichet"
1476682,tt36834010,Gail Daughtry and the Celebrity Sex Pass,Gail Daughtry and the Celebrity Sex Pass,2026-07-09,5.927,6.1,36,[35],en,3500000,1441364,94,"Likely Story, Oval-5, Ling Light Times Media, Align, A Hot Dog",David Wain,"Zoey Deutch, John Slattery, Ken Marino, Miles Gutierrez-Riley, Ben Wang"
1596248,tt39151344,If I Go Will They Miss Me,If I Go Will They Miss Me,2026-09-11,5.9259,5.5,2,[18],en,120000,0,95,"Spark Features, Further Adventures, Merino Films, Cedar Road, LinLay Productions",Walter Thompson-Hernández,"Bodhi Dell, J. Alphonse Nicholson, Danielle Brooks, Kelvin Adekunle, Bre-Z"
1576953,tt39018561,Sengkolo: Petaka Satu Suro,Sengkolo: Petaka Satu Suro,2026-01-22,5.9224,6.0,2,[27],id,0,0,104,"MVP Pictures, Folago Pictures",Deni Saputra,"Aulia Sarah, Agla Artalidia, Cindy Nirmala, Dimas Aditya, Sharon Jovian"
1307373,tt29028515,Wasteman,Wasteman,2026-02-20,5.9221,7.3,90,"[80, 18, 53]",en,1200000,1205018,91,"Bankside Films, Hoopsa Films, Agile Films, It's All Made Up Productions",Cal McMau,"David Jonsson, Tom Blyth, Alex Hassell, Neil Linpow, Paul Hilton"
1532494,tt42004417,The Monkey Hero,เห้งเจียแจ๊ส,2026-04-30,5.9073,4.333,3,"[35, 14, 12]",th,0,0,116,"M Studio, Film Guru, Positive Thinking",Poj Arnon,"Padung Songsang, Choosak Iamsuk, Kajbhunditt Jaidee, Jakarin Puribhat, Nipaporn Thititanakarn"
1285669,tt32135632,LifeHack,LifeHack,2026-05-15,5.8713,7.2,23,"[53, 80]",en,0,0,97,"Screenlife Liverpool, Sky Original Productions, The Avenue Entertainment, Highland Film Group, Bazelevs",Ronan Corrigan,"Georgie Farmer, Yasmin Finney, Roman Hayeck-Green, James Scholz, Jessica Reynolds"
1732097,tt43683795,Euphoria: A Look Back,Euphoria: A Look Back,2026-07-24,5.871,4.444,9,[99],en,0,0,60,HBO,Sam Levinson,"Sam Levinson, Hunter Schafer, Jacob Elordi, Alexa Demie, Maude Apatow"
1384514,tt34498564,The Vvaan,द वन,2026-09-25,5.8596,0.0,0,"[28, 12, 53]",hi,0,0,0,"TVF Motion Pictures, Balaji Telefilms, 11:11 Productions",Deepak Kumar Mishra,"Sidharth Malhotra, Tamannaah Bhatia, Nimrat Kaur, Maniesh Paul, Sunil Grover"
1424435,tt33514933,Wings of Dread,万米危机,2026-07-03,5.8564,6.4,7,"[28, 80, 53]",zh,0,0,87,iQIYI Pictures （重复 同 iQiyi Motion Pictures）,"Ashton Chen Xiaolong, Qin Pengfei","Ashton Chen Xiaolong, Iko Uwais, Qu Jingjing, Nita Hsia Jo-Yen, Hong Shuang"
1323625,tt8637438,Night Patrol,Night Patrol,2026-01-16,5.822,4.938,104,"[27, 9648]",en,0,0,104,"Phantom Four, XYZ Films, BondIt Media Capital",Ryan Prows,"Jermaine Fowler, Justin Long, RJ Cyler, Freddie Gibbs, Phil Brooks"
1379486,tt34374553,Victorian Psycho,Victorian Psycho,2026-09-25,5.8194,0.0,0,"[27, 53]",en,0,0,102,"Anton, Traffic., Anonymous Content",Zachary Wigon,"Maika Monroe, Thomasin McKenzie, Ruth Wilson, Jason Isaacs, Evie Templeton"
1227241,tt32237111,Maa Inti Bangaram,మా ఇంటి బంగారం,2026-06-18,5.8045,6.861,18,"[28, 53, 18]",te,2363450,10504000,158,Tralala Moving Pictures,B. V. Nandini Reddy,"Samantha Ruth Prabhu, Gulshan Devaiah, Diganth Manchale, Gautami Tadimalla, Anand"
1626188,tt43676563,Novak Djokovic: The Wolf in Winter,Novak Djokovic: The Wolf in Winter,2026-08-20,5.7756,7.167,9,[99],en,0,0,93,"Words + Pictures, Sadoux Productions, Little Room Films, Sweet Relief, Big Sam Productions",Jason Hehir,"Novak Djokovic, Andre Agassi, Pete Sampras, Rafael Nadal, Boris Becker"
1545486,tt38286171,Unmadham,ഉന്മാദം,2026-07-31,5.7651,6.9,5,[53],ml,0,0,141,Panorama Studios,Kiran Das,"Kunchacko Boban, Lijomol Jose, Raina Radhakrishnan, Gokulan, Vigneshwar Suresh"
1446616,tt36118360,Tu Yaa Main,तू या मैं,2026-02-11,5.164,6.393,61,"[53, 10749]",hi,0,0,145,Colour Yellow Productions,Bejoy Nambiar,"Adarsh Gourav, Shanaya Kapoor, Kshitee Jog, Parul Gulati, Ansh Chopra"
1473148,tt37020296,Gentle Monster,Gentle Monster,2026-09-17,5.5587,0.0,0,[18],de,0,0,114,"Film AG, Komplizen Film, Kazak Productions, Kjellson & Wik, Film i Väst, ORF, ZDF, ZDF/Arte, DESMAR, IPR.VC, mk2 Films, Ad Vitam Production, Alamode Film",Marie Kreutzer,"Léa Seydoux, Catherine Deneuve, Jella Haase, Laurence Rupp, Sylvester Groth"
1705729,tt34584846,Man of War,Man of War,2026-07-03,5.6247,6.6,34,"[28, 53, 10752]",en,0,0,111,"Denton Film, Irish Channel Studios",William Kaufman,"LaMonica Garrett, Andrew Howard, Linds Edwards, Rosmary Yaneva, Jason Patric"
1712451,tt43640339,Resident Dead,Resident Dead,2026-09-04,5.4348,5.333,3,[27],en,0,0,89,The Asylum,Ryan Ebert,"John Wells, Thandiwe McMillan, Hamid-Reza Benjamin Thompson, Jarod Brock, Isabel Ramirez"
1392469,tt35064672,Cocktail 2,कॉकटेल २,2026-06-19,5.5463,5.529,35,"[10749, 35]",hi,15872640,12947333,150,"Maddock Films, LUV Films",Homi Adajania,"Kriti Sanon, Shahid Kapoor, Rashmika Mandanna, Tiku Talsania, Neelu Kohli"
1619020,tt31613224,Io+Te,Io+Te,2026-02-05,5.7841,5.8,10,"[35, 10749]",it,0,0,0,"Genesis S.r.l., Artimagiche Film, Marche Film Commission, Rainbow",Valentina de Amicis,"Matteo Paolillo, Ester Pantano, Camilla Semino Favro, Eva Cela, Jacqueline Luna"
1373198,tt14201728,Twisted,Twisted,2026-02-06,5.4072,4.7,53,"[27, 53]",en,93,0,93,"Envision Media Arts, Twisted Pictures, Republic Pictures",Darren Lynn Bousman,"Djimon Hounsou, Lauren LaVera, Mia Healey, Neal McDonough, Alicia Witt"
1757312,tt44179583,The Disenchantment,El Desencanto,2026-10-15,5.3597,0.0,0,"[18, 14]",es,22500,0,16,"Escac Films, Du Cardelin Studio, Persi Motion Pictures",Marta Martín,"Valentina Viteri, Llorenç González"
1572073,tt37455571,The Deadly Little Mermaid,The Deadly Little Mermaid,2026-03-06,5.1348,4.759,27,[27],en,0,0,80,"ChampDog Films, ITN Distribution",Cameron Uzoka,"Elliott Eason, Sophia Carroll, Eleanor Mackenzie, Anastasia Nikolaeva, Maddy Baskerville"
1305715,tt31738051,Unexpected Family,过家家,2026-01-01,4.7589,8.0,44,"[35, 18]",zh,0,6566477,121,Wuhan Legend Film and Television Arts,Li Taiyan,"Jackie Chan, Peng Yuchang, Jiaming Zhang, Pan Binlong, Ping Li"
1585657,tt38708913,Spring Blossoms,Тюльпаны,2026-03-05,5.2399,0.0,0,"[35, 18]",ru,0,0,88,"Bazelevs, Red Pepper Film, NMG Studio","Anna Kuznetsova, Yulia Lysova, Yuliya Uzkikh, Vladislav Ikonnikov, Yury Korobeynikov","Elena Yakovleva, Aleksey Serebryakov, Yuliya Topolnitskaya, Vyacheslav Chepurchenko, Nikolay Kolyada"
1587964,tt10370856,They Fight,They Fight,2026-06-08,4.4608,4.6,5,"[18, 28]",en,0,0,95,"Mandalay Pictures, Argent Pictures, A/Vantage Pictures, Andscape, North of Now",Sheldon Candis,"André Holland, Samira Wiley, Wendell Pierce, Toussaint Francois Battiste, Anthony B. Jenkins"
1364953,tt15284556,Mārama,Mārama,2026-04-17,5.5242,6.2,37,"[27, 18, 9648]",en,0,0,89,"Sweetshop & Green, Vendetta Films, MPI Media Group",Taratoa Stappard,"Ariāna Osborne, Toby Stephens, Umi Myers, Erroll Shand, Jordan Mooney"
1509381,tt38891101,Oradour,Oradour,2026-08-30,6.0305,5.286,7,"[18, 36, 10770, 10752]",fr,0,0,0,"MakingProd, Sequel Prod, M2thep Entertainment, BeHive Production, TF1, RTL-TVi, RTL Belgium, RTL Play",Pierre Aknine,"M. Pokora, Caroline Anglade, Chloé Stefani, Giulia Sagner, Martin Swabey"
1760421,,Le Trésor,Le Trésor,2026-09-01,5.0122,0.0,0,[16],en,0,0,35,"Panique!, Autour de Minuit, Nadasdy Film, Lunanime","Vincent Patar, Stéphane Aubier","Bruce Ellison, Stéphane Aubier, Vincent Patar, Fred Mannin, Benoît Poelvoorde"
1440304,tt39314864,Tough Luck,Mauvaise Pioche,2026-04-01,5.256,6.0,38,[35],fr,0,0,0,M.E.S. Productions,Gérard Jugnot,"Gérard Jugnot, Thierry Lhermitte, Philippe Lacheau, Zabou Breitman, Jean-Pierre Darroussin"
1630958,,The Birth,The Birth,2026-01-16,5.9409,0.0,0,"[27, 18, 14]",en,0,0,4,,"Saeid Ghasemi, Müslüm Emre Alagöz",Abed Elnaggar
1319522,tt36958999,Gohan,โกฮัง..หัวใจโกโฮม,2026-04-02,5.3838,7.1,14,[18],th,0,0,145,"GDH 559, BASK","Nattawut Poonpiriya, Atta Hemwadee, Chayanop Boonprakob","Yasushi Kitajima, Chatchai Chinnasri, Poe Mamhe Thar, Nophand Boonyai, Jinjett Wattanasin"
1165369,tt35856133,De Gaulle: Liberté,La Bataille de Gaulle : J’écris ton nom,2026-06-26,5.6077,7.832,179,"[36, 18]",fr,25000000,13764497,159,"Pathé, Auvergne-Rhône-Alpes Cinéma, TF1 Films Production, Belvédère, Ness Films, Beside Productions, LDRP, Logical Content Ventures, Aonia Ventures, Ouroboros Entertainment, Stags Participations II",Antonin Baudry,"Simon Abkarian, Niels Schneider, Thierry Lhermitte, Karim Leklou, Anamaria Vartolomei"
1548369,,Rock Bottom,Gungo y Los Juegos Cavernícolas,2026-09-03,5.2205,0.0,0,"[16, 35, 12]",es,0,0,88,"3 Doubles Producciones, Huevocartoon Producciones","Gabriel Riva Palacio Alatriste, Rodolfo Riva Palacio Alatriste","Ricky Limón, Karen Torres, Joaquín Cosío, Daniel Sosa, Gabriel Riva Palacio Alatriste"
1648678,tt40233113,Orangutan,Orangutan,2026-04-22,5.2491,7.25,4,"[99, 10751]",en,0,0,82,"Disneynature, Wildstar Films",Mark Linfield,Josh Gad
1492198,tt37171180,Artificial,Artificial,2026-12-25,4.8818,0.0,0,"[35, 18]",en,40000000,0,140,"Heyday Films, Jennifer Fox Productions, Frenesy Film",Luca Guadagnino,"Andrew Garfield, Yura Borisov, Jason Schwartzman, Cooper Koch, Cooper Hoffman"
1320660,tt33054858,Pati Patni Aur Woh Do,पति पत्नी और वो दो,2026-05-15,5.1761,6.0,20,"[35, 18, 10749]",hi,0,0,117,"T-Series, B.R. Studios",Mudassar Aziz,"Ayushmann Khurrana, Wamiqa Gabbi, Rakul Preet Singh, Sara Ali Khan, Vijay Raaz"
1391239,tt34718200,The Debut,The Debut,2026-12-10,5.6447,0.0,0,"[10402, 35, 18]",en,0,0,105,"Topic Studios, Fruit Tree, Rego Park",Jesse Eisenberg,"Julianne Moore, Paul Giamatti, Halle Bailey, Jesse Eisenberg, K. Todd Freeman"
1288069,tt6262770,Tenzing,Tenzing,2026-10-09,6.2116,0.0,0,"[18, 36]",en,0,0,126,"Cross City Films, See-Saw Films, Apple Studios",Jennifer Peedom,"Genden Phuntsok, Tom Hiddleston, Willem Dafoe, Caitríona Balfe, Thinley Lhamo"
1327690,tt24326462,One Mile: Chapter Two,One Mile: Chapter Two,2026-02-27,6.1057,6.682,132,"[28, 80]",en,0,0,84,"Kapital Entertainment, Nomadic Pictures",Adam Davidson,"Ryan Phillippe, Amélie Hoeferle, Sara Canning, Sage Linder, Beverley Elliott"
1628367,tt39664733,Kartavya,कर्त्तव्य,2026-05-15,5.3236,7.0,34,"[80, 18, 53]",hi,0,0,109,Red Chillies Entertainment,Pulkit,"Saif Ali Khan, Rasika Dugal, Sanjay Mishra, Saurabh Dwivedi, Zakir Hussain"
843352,tt12446086,Legend of the White Dragon,Legend of the White Dragon,2026-08-28,5.2114,7.5,2,"[28, 878]",en,508578,0,97,"Bat in the Sun Productions, Paradox House",Aaron Schoenke,"Jason David Frank, Aaron Schoenke, Jason Faunt, Rachele Brooke Smith, Michael Madsen"
1625455,tt35941605,Polong,Polong,2026-05-28,7.0555,8.6,5,"[27, 9648, 53]",ms,700000,3720983,120,"Apuu Films, Primeworks Studios, Golden Star Pictures, Astro Shaw",Zulkarnain Azhar,"Mimi Lana, June Lojong, Fad Anuar, Nadiya Nissa, Namron"
1758420,tt33085346,Mormon UNO,Mormon UNO,2026-07-24,4.3857,0.0,0,[35],en,0,0,19,"Studio 9:18, Tag Movie Productions",Diego Ramos,"David Flores, Julian Chavez, Alex Jerard, Joshua Gonzalez Johnson, Torey Gerace"
1671541,tt43515124,Three Kingdoms: The Beginning,三国第一部：争洛阳,2026-06-27,5.7886,6.333,3,"[16, 36]",zh,0,0,137,Light Chaser Animation Studios,Xie Junwei,"Kai Wang, Wei Chao, 万昊, Li Nan, Chang Wentao"
1429605,tt34622232,F Valentine's Day,F Valentine's Day,2026-02-12,5.5587,6.0,80,"[10749, 35]",en,0,0,95,"Gravitas Ventures, Indy Entertainment, Showdown Productions, Valletta Pictures, Shout! Factory",Mark Gantt,"Virginia Gardner, Skylar Astin, Marisa Tomei, Jake Cannavale, Sabrina Bartlett"
1339210,tt33249097,Affection,Affection,2026-05-08,5.1798,5.738,42,"[27, 878]",en,0,0,90,"Superconductive, Minutehand Pictures, Circa 1888",BT Meza,"Jessica Rothe, Joseph Cross, Julianna Layne"
1625901,tt39444441,The Dating App Killer: The Monica White Story,The Dating App Killer: The Monica White Story,2026-02-14,5.4142,6.857,7,"[53, 10770]",en,0,0,86,"Lifetime, Rohm Feifer Entertainment, Studio TF1 America",Elisabeth Röhm,"Lela Rochon, Jarod Joseph, Katrina Reynolds, Trezzo Mahoro, Kendall Cross"
1699820,tt40448536,Vibeland Chronicles,Vibeland Chronicles,2026-01-02,5.2626,4.0,1,[53],en,0,0,57,,,"Samuel Ademola, Jessica Chapdelain, Alex Demenno, Lamondo Hill II, Felix Merback"
1398486,tt33509147,Maigret and the Dead Lover,Maigret et le mort amoureux,2026-02-18,5.3907,5.986,35,"[9648, 18, 80]",fr,0,0,80,"SBS Productions, Versus Production, Proximus, BeTV, Orange",Pascal Bonitzer,"Denis Podalydès, Olivier Rabourdin, Micha Lescot, Laurent Poitrenaux, Irène Jacob"
1588838,tt36454145,To the Max,La fiera,2026-02-06,5.1035,6.294,51,"[18, 12]",es,0,1030147,113,"Mod Producciones, Atresmedia Cine",Salvador Calvo,"Carlos Cuevas, Miguel Bernardeau, Miguel Ángel Silvestre, José Manuel Poga, David Marcé"
1457866,tt36408401,THE FURTHER MIS-ADVENTURES OF CLIFF BOOTH,THE FURTHER MIS-ADVENTURES OF CLIFF BOOTH,2026-11-25,5.7933,0.0,0,"[18, 35, 53]",en,200000000,0,0,"Heyday Films, Netflix, Plan B Entertainment",David Fincher,"Brad Pitt, Elizabeth Debicki, Scott Caan, Carla Gugino, Yahya Abdul-Mateen II"
1268609,tt39387657,Pavane,파반느,2026-02-19,4.8962,7.3,67,"[10749, 18]",ko,0,0,113,"Plus M Entertainment, The LAMP",Lee Jong-pil,"Ko Asung, Moon Sang-min, Byun Yo-han, Lee E-dam, Han Yu-eun"
1366906,tt33303521,The Gates,The Gates,2026-03-13,5.0213,7.66,100,[53],en,0,0,99,"Indy Entertainment, Rebellium Films, Core 4 Films",John Burr,"Mason Gooding, Algee Smith, Keith Powers, James Van Der Beek, Brad Leland"
1633264,tt39792948,Louis Theroux: Inside the Manosphere,Louis Theroux: Inside the Manosphere,2026-03-10,5.5517,6.628,148,[99],en,0,0,92,Mindhouse Productions,Adrian Choa,"Louis Theroux, HSTikkyTokky, Myron Gaines, Sneako, Justin Waller"
1631917,tt39751309,18th Rose,18th Rose,2026-04-09,4.6499,7.9,31,"[18, 10749, 35]",tl,0,0,131,Clever Minds Inc.,Dolly Dulu,"Xyriel Manabat, Kyle Echarri, Cris Villanueva, Nikki Valdez, Cai Cortez"
1514381,tt39817594,EgyBest,إيجي بست,2026-03-19,5.4076,0.0,0,[18],ar,0,0,114,"ThePlanet Studios, Immersive Studios, Film Square, Orient Films",Marwan Abdelmoniem,"Ahmed Malek, Salma Abu Deif, Marwan Pablo, Mohamed Abduo, Hanan Youssef"
1694783,tt42205735,Toronto Apartment,Toronto Apartment,2026-07-15,4.1029,0.0,0,[35],en,7200,0,70,,Tristan Wheeler,"Tristan Wheeler, Alex Jodi Verge, Mitchell Graw, Owen Hooper, Jessica Grossman"
1518769,tt16899022,Singh vs Kaur 2,Singh vs Kaur 2,2026-09-11,4.7327,0.0,0,"[10749, 35, 28, 18]",pa,0,0,155,"Humble Motion Pictures, SVF Entertainment",Navaniat Singh,"Gippy Grewal, Shehnaaz Gill, Prince Kanwaljeet, Raghveer Boli, Honey Mattu"
1728566,tt43659029,Murder Game,致命潮汐,2026-07-09,5.6016,6.0,5,"[80, 28]",zh,0,0,69,,"Bo Yin, Guan Su","A Yixia, Temur Mamisashvili, Cheng Chaoyue, Zhang Jinming, Chen Xianmin"
1564324,tt8758494,Adam's Eight,Adams Acht,2026-09-17,5.1296,6.0,1,[18],de,0,0,0,"Ninety-Minute Film, Sunday Filmproduktion, Majestic Film",Hannu Salonen,"Oliver Masucci, Felix Kammerer, Svenja Jung, Leonard Kunz, Nick Romeo Reimann"
1634230,tt39832540,Whatcha Want,Whatcha Want,2026-09-12,5.6532,0.0,0,"[10402, 18]",en,0,0,90,"Crave, Mongrel Media, Téléfilm Canada, CBC",Mina Shum,"Isabella Wei, Ming-Na Wen, Tzi Ma"
1623125,tt39314348,A Gorilla Story: Told by David Attenborough,A Gorilla Story: Told by David Attenborough,2026-04-16,4.853,7.854,48,[99],en,0,0,78,"Silverback Films, Appian Way",James Reed,David Attenborough
1719606,,Flowery Voices,Flowery Voices,2026-07-10,4.7411,0.0,0,[18],en,0,0,5,Der Schreibstift des Schriftstellers,Dylan Früh,"Aidan Stafford Chesemore, Ashton Fox"
1065834,tt35668756,Kattalan,കാട്ടാളൻ,2026-05-14,5.6258,5.5,10,"[28, 53]",ml,0,0,119,Cubes Entertainments,Paul George,"Antony Varghese, Sunil Varma, Dushara Vijayan, Jagadish, Kabir Duhan Singh"
1688804,tt32889884,Freefall: A Reckoning for Boeing,Freefall: A Reckoning for Boeing,2026-08-14,5.6171,7.0,38,[99],en,0,0,95,"Imagine Documentaries, Moxie Films",Rory Kennedy,"John Barnett, Rob Turkewitz, Sam Mohawk, Roy Irvin, Sam Salehpour"
1623376,tt39400168,Blue Lock,ブルーロック,2026-08-07,4.5101,8.5,2,"[28, 18]",ja,0,0,128,TOHO,Yusuke Taki,"Fumiya Takahashi, Kaito Sakurai, Kyohei Takahashi, Kouta Nomura, Yuzu Aoki"
1427540,tt40204609,Free at Heart,Free at Heart,2026-10-29,4.6,0.0,0,"[18, 10751, 10749]",de,0,0,116,"Junifilm, Bremedia Produktion, SR",Max Hegewald,"Linus Moog, Aurel Klug, Annika Kuhl, Oliver Bigalke, Marlena Strawe"
1375161,tt29630464,Don't Move,Don't Move,2026-09-11,4.7177,2.5,2,"[27, 53]",en,0,0,94,"Impractical Productions, Redline Entertainment",Maclain Nelson,"Lyndsy Fonseca, Russ, Tom Cavanagh, Hunter King, Joseph Lee Anderson"
1760101,,Lite beleilig,Lite beleilig,2026-06-09,4.421,10.0,1,[35],no,1000,0,11,,Mina Vesteraas Ramstad,"Mathilde Støer Holm, Trym Visnes, Tiril Sophie Øvstetun Nilsen, Maiken Persen, Mathilda Nystad Tindvik"
1742458,tt38907741,Confinement,Confinement,2026-09-01,4.7522,6.231,13,"[53, 27]",en,0,0,92,SP Media Group,Peter Howitt,"Nathalie Emmanuel, Eloise Lovell Anderson, Charlie Hiscock, Ben Cura, Tina Gray"
1359685,tt33341714,El mal,El mal,2026-01-16,5.1417,5.3,16,"[53, 27]",es,0,0,129,"Frágil Zinema, RTVE",Juanma Bajo Ulloa,"Natalia Tena, Belén Fabra, Tony Dalton, Fernando Gil, María Schwinning"
1623740,tt39530053,Snake 5: Monster City,大蛇5：怪兽都市,2026-01-29,5.289,5.7,3,"[28, 12, 14, 27]",zh,0,0,0,,Lin Zhenzhao,"Zhang Aoyue, Liang Songqing, Bao Bei'er, Xing Yu, Jiang Chao"
1428990,tt35669125,This Is Not a Test,This Is Not a Test,2026-02-20,5.4054,5.6,77,"[53, 27]",en,0,150000,102,"Anova Pictures, BondIt Media Capital, North Avenue Pictures, WorldOne Entertainment",Adam MacDonald,"Olivia Holt, Froy Gutierrez, Carson MacCormac, Corteon Moore, Chloe Avakian"
1641629,tt43617372,You+Me – Against the World,Toi+Moi - Seuls contre tous,2026-09-18,5.169,5.6,9,"[10749, 18]",fr,0,0,93,"Amazon Studios France, Originals by Trésor, Trésor Films, Amazon MGM Studios",Manon Gaurin,"Vittoria Di Savoia, Lucas Barski, Zoé Garcia, Léo Legrand, Jean-Yves Berteloot"
1746465,tt43692925,Plötzlich Schwiegervater,Plötzlich Schwiegervater,2026-08-19,5.1659,0.0,0,"[10770, 35]",de,0,0,88,Bavaria Fiction,Till Endemann,"Uwe Ochsenknecht, Nina Gummich, Helgi Schmid, Alwara Höfels, Leslie Malton"
1706702,tt37542993,Daniel and the Fiery Furnace,Daniel and the Fiery Furnace,2026-09-18,5.1657,0.0,0,[18],en,0,0,108,"Pinnacle Peak Pictures, Unveil Studios, EKKL","Matthew Kooman, Daniel Kooman","Mena Massoud, Elijah Alexander, Sophia Decaro, Vladimir Angelove, Zaki Ali"
1492640,tt6933238,UNABOMBER,UNABOMBER,2026-09-25,5.1621,0.0,0,"[53, 80, 36]",en,0,0,0,"MRC, 2.0 Entertainment",Janus Metz,"Jacob Tremblay, Russell Crowe, Shailene Woodley, Annabelle Wallis, Alexander Ludwig"
1629382,tt37800570,Street Flow 3,Banlieusards 3,2026-03-04,5.1611,6.041,61,[18],fr,0,0,112,"Les Films Velvet, Srab Films","Leïla Sy, Alix Mathurin","Alix Mathurin, Bakary Diombera, Jammeh Diangana, Cherine Ghemri, Karim Zenoud"
1599230,tt37363222,Elsinore,Elsinore,2026-11-20,5.1514,0.0,0,[18],en,0,0,104,"Lucky Red, LD Entertainment, Magnolia Mae Films, StudioCanal UK",Simon Stone,"Andrew Scott, Olivia Colman, Billie Piper, Johnny Flynn, Luke Thompson"
1317448,tt34906817,No Place to Be Single,Non è un paese per single,2026-05-08,5.1387,6.702,114,"[10749, 35]",it,0,0,103,Italian International Film,Laura Chiossone,"Matilde Gioli, Cristiano Caccamo, Amanda Campana, Sebastiano Pigazzi, Cecilia Dazzi"
1341422,tt34625288,The Eyes of Others,Gli occhi degli altri,2026-03-19,5.1308,5.845,29,"[18, 53]",it,5000000,0,90,"Vision Distribution, Vivo Film, Tarantula, Wildside, MiC",Andrea De Sica,"Filippo Timi, Jasmine Trinca, Matteo Olivetti, Anna Ferzetti, Vincenzo Crea"
1154730,tt36107185,La Gradiva,La Gradiva,2026-10-21,5.1273,0.0,0,[18],fr,0,0,145,"Les Films du Poisson, BiBi Film, ARTE France Cinéma",Marine Atlan,"Colas Quignard, Antonia Buresi, Mitia Capellier-Audat, Suzanne Gerin, Hadya Fofana"
1437396,tt35856037,Your Mother Your Mother Your Mother,Your Mother Your Mother Your Mother,2026-09-25,5.1225,0.0,0,"[18, 80]",en,0,0,111,"Two & Two Pictures, Orion Pictures",Bassam Tariq,"Mahershala Ali, John Cho, Giancarlo Esposito, Abubakr Ali, Laith Nakli"
1760262,tt44942157,Instadocs: The Decoy Plane,Instadocs: The Decoy Plane,2026-09-04,5.113,6.0,5,[99],en,0,0,29,Words + Pictures,,"Donald Trump, Alex Brandon, Gram Slattery, Recep Tayyip Erdoğan, Volodymyr Zelenskyy"
1616267,tt14812664,The Man with the Big Hat,The Man with the Big Hat,2026-03-14,5.1089,0.0,0,"[99, 10402]",en,300000,0,85,"Three Chords And The Truth, Bracken Films, Flintlock Pictures",Austin Lee Sayre,"Steven Fromholz, Lyle Lovett, Ray Benson, Butch Hancock, Terry Lickona"
1169516,tt28540171,Welcome To The Jungle,Welcome To The Jungle,2026-06-25,5.106,5.026,38,"[28, 35, 12]",hi,0,0,170,"Base Industries Group, Cape of Good Films, Nadiadwala Grandson Entertainment, Seeta Films",Ahmed Khan,"Akshay Kumar, Suniel Shetty, Arshad Warsi, Jacqueline Fernandez, Disha Patani"
1592203,tt38672581,Doctor Glas,Doktor Glas,2026-02-27,5.0897,7.5,4,"[53, 18]",sv,0,0,110,"Triangledrama, Unlimited Stories",Erik Leijonborg,"Isac Calmroth, Thea Sofie Loch Næss, Christian Fandango Sundgren, Alexander Abdallah, Gunnel Fred"
1236045,tt31049299,Animals,Animals,2026-10-09,5.0808,0.0,0,"[80, 53]",en,0,0,106,"Artists Equity, Makeready, Fifth Season",Ben Affleck,"Ben Affleck, Kerry Washington, Steven Yeun, Gillian Anderson, Adriana Paz"
1476928,tt38607663,Na Willa,Na Willa,2026-03-18,5.0772,7.8,9,"[18, 10751]",id,0,0,118,"Visinema Pictures, Visinema Studios",Ryan Adriandhy,"Luisa Adreena, Freya Mikhayla, Arsenio Rafisqy, Azamy Syauqi, Irma Rihi"
1376856,tt31969655,The Paradise,ది ప్యారడైస్,2026-09-23,5.0677,0.0,0,"[28, 53, 18]",te,15665796,0,165,Sri Lakshmi Venkateswara Cinemas,Srikanth Odela,"Nani, Kayadu Lohar, Mohan Babu, Raghav Juyal, Sonali Kulkarni"
1449400,tt34706535,Reckless,Reckless,2026-02-07,5.0643,6.429,28,"[28, 35, 80, 53]",en,0,0,91,"Red Sea Media, Anything But Ordinary Films, BondIt Media Capital",Elliott Montello,"Scott Adkins, Vinnie Jones, Nicole Deon, Kris Johnson, Dean Gaffney"
1266791,tt35591633,Alter Ego,Alter ego,2026-03-04,5.0616,6.338,102,[35],fr,0,0,100,"Atelier de Production, 2L Productions","Nicolas Charlet, Bruno Lavaine","Laurent Lafitte, Olga Kurylenko, Blanche Gardin, Marc Fraize, Zabou Breitman"
1407885,tt31078765,Rainbow on Mars,Pelangi di Mars,2026-03-18,5.0569,5.0,5,"[12, 18, 10751, 878]",id,300000,0,112,"Mahakarya Pictures, Guava Film, DossGuavaXR Studio, Multi Buana Kreasindo, Produksi Film Negara, AZ Films, Cinevara Studio, RANS Entertainment",Upie Guava,"Messi Gusti, Lutesha, Rio Dewanto, Livy Renata, Myesha Lin"
1699155,tt42863533,Maternal Instinct,Maternal Instinct,2026-06-11,5.0426,7.113,128,"[99, 80]",en,0,0,97,Story Syndicate,Jessica Dimmock,"Jessica Brookes, Wade Griffin, Taylor Parker, Reagan Simmons-Hancock"
1519320,tt38066519,AEW All In: London,AEW All In: London,2026-08-30,5.0426,9.2,8,[],en,0,0,255,All Elite Wrestling,,"Tyson Smith, William Ospreay, Mercedes Varnado, Danielle Paultre, Nicholas Massie"
1684240,tt41777258,Jamie Vardy,Jamie Vardy,2026-05-12,5.0219,7.5,37,[99],en,0,0,90,"Orchard Studios, Revue Studios",Jesse Vile,"Jamie Vardy, Rebekah Vardy, Marc Albrighton, Wes Morgan, Andy King"
1758925,tt44934786,Go Home,Go Home,2026-09-06,5.0159,0.0,0,[18],en,10000,0,23,,Gin Huang,"Kirsten Bakker, Elisa van Riessen, Hansje Görtz, Willemijn van Helden, Britt Scheltens"
1686940,tt42417569,GCW: One Night Only 2026 (Philadelphia),GCW: One Night Only 2026 (Philadelphia),2026-05-02,5.0136,7.0,1,"[18, 28]",en,0,0,217,Game Changer Wrestling,,"Nicholas W. Wilson, Joseph Fitzpatrick, Atticus Cogar, Marcus Mathers, Matthew Tremont"
1741201,tt39750720,Chompoo: Lost​ &​ Forgotten​,คดีชมพู่:​ เด็กหายที่ถูกลืม,2026-08-20,4.9887,5.692,13,[99],th,0,0,85,"Beach House Pictures, Thai Films Works",Nontawat Numbenchapol,"Tanawat Tantiwaleeawat, Karin Sirirungnapat, Sirisawat Kaewdam, Laksanayaporn Sriutta, Phetkasem Suriyawongwongsa"
1590613,tt39400218,Cerita Lila,Cerita Lila,2026-06-18,4.9564,5.0,3,[27],id,0,0,106,"MVP Pictures, Folago Pictures, PK Films, Legacy Pictures, Show Token",Bobby Prasetyo,"Lutesha, Shareefa Daanish, Myesha Lin, Firzanah Alya, Sara Wijayanto"
1542352,tt38693888,Youth,யூத்,2026-03-19,4.9546,6.9,22,"[35, 10749, 18]",ta,752800,7528000,141,Paarvathaa entertainment,Ken Karunaas,"Ken Karunaas, Anishma Anilkumar, Suraj Venjaramoodu, Devadarshini, Meenakshi Dinesh"
1715492,tt43595399,Shipwrecked: Nightmare at Sea,Shipwrecked: Nightmare at Sea,2026-07-10,4.9494,7.177,79,[99],en,0,0,90,RAW,Chiara Messineo,"John Scimone, Meghan Scimone, Patricia Sandoval, Nicholas Taliaferro, Stefania Vincenzi"
1538457,tt38097205,Meesaya Murukku 2,மீசைய முறுக்கு 2,2026-09-25,4.9482,0.0,0,"[35, 10749, 18]",ta,0,0,0,Avni Cinemax,HipHop Tamizha Adhi,"HipHop Tamizha Adhi, Ketika Sharma, Chaithra J Achar, Ramya Ranganathan, Harshath Khan"
1484913,tt39632269,Ikka,Ikka,2026-07-10,4.945,5.738,21,"[18, 53]",hi,0,0,141,Alchemy Films (IN),Siddharth P. Malhotra,"Sunny Deol, Akshaye Khanna, Tillotama Shome, Dia Mirza, Sanjeeda Sheikh"
1547543,tt36935400,La Visita,La Visita,2026-02-07,4.9419,0.0,0,[],es,3000,0,0,,Jaume Najarro,"Blai Martín, Sara Galván, Jaume Najarro, Cinta Cabré Ódena, Sergi Abelló"
1590037,,Burza,Burza,2026-09-05,4.9271,0.0,0,[18],pl,0,0,24,La Meva Mort,Frida Zazueta,"Hanna Niklewicz, Guillermo Vaidovits, Esaú Bucio, Antonio González"
1517127,tt36392223,Drifter,Drifter,2026-09-12,4.9223,5.0,1,"[28, 18]",en,0,0,147,Raison D’Etre,Sung Kang,"Sung Kang, Adam Lizotte-Zeisler, James Pumphrey, Tamara Braun, Emelia Hartford"
1280015,tt32212403,Sunny Dancer,Sunny Dancer,2026-08-12,4.9124,6.786,13,"[18, 35]",en,0,305519,106,"Embankment Films, 27 Ten Productions, Athenaeum Productions",George Jaques,"Bella Ramsey, Daniel Quinn-Toye, Ruby Stokes, Earl Cave, Conrad Khan"
1516724,tt38607784,Good Vibes Only,Pour le plaisir,2026-05-06,4.9005,6.213,47,[35],fr,0,7164147,95,"Vendôme Production, Baxtory Films, TF1 Studio, Studio TF1",Reem Kherici,"Alexandra Lamy, François Cluzet, Mitty Hazanavicius, Delphine Baril, François-Xavier Demaison"
1389149,tt39631179,Accused,अक्यूज़्ड,2026-02-27,4.8927,5.688,77,"[53, 9648, 18]",hi,0,0,107,Dharmatic Entertainment,Anubhuti Kashyap,"Konkona Sen Sharma, Pratibha Ranta, Aditya Nanda, Mashhoor Amrohi, Monica Mahendru"
1658896,tt41142128,Breach,Breach,2026-03-27,4.8885,6.1,4,[878],en,0,0,65,,"Nick Azzaro, Bruno Centofanti, Aleksandra Czenczek, Stephan Eigenmann, Roy Huang","Annabel Bates, Brian Bovell, Femi Houghton, Roy Huang, Sophie Kennedy Clark"
1642859,tt36163614,Iron Maiden: Burning Ambition,Iron Maiden: Burning Ambition,2026-05-07,4.8874,8.55,70,"[99, 10402]",en,0,2547000,105,Universal Pictures Content Group,Malcolm Venville,"Steve Harris, Bruce Dickinson, Nicko McBrain, Adrian Smith, Dave Murray"
1217505,tt29375937,You're Dating a Narcissist!,You're Dating a Narcissist!,2026-03-27,4.8733,6.95,20,"[35, 10749]",en,0,0,91,The Wonder Company,Ann Marie Allison,"Marisa Tomei, Sherry Cola, Ciara Bravo, Marco Pigossi, José María Yázpik"
1617852,tt33987666,Speed Faster,Speed Faster,2026-01-23,4.8686,7.4,9,"[28, 53]",en,0,0,87,Quiver Entertainment,Jason Park,"Jason Park, Christopher Deon, Luke Dingess, Maria Mae Lopez, Brandon Dunlap"
1506736,tt37510017,Thudakkam,തുടക്കം,2026-08-07,4.8466,6.0,4,"[28, 18]",ml,0,0,137,Aashirvad Cinemas,Jude Anthany Joseph,"Vismaya Mohanlal, Saikumar, Mohanlal, Aashish Joe Antony, Gibin Gopinath"
1418657,tt14500286,The Yeti,The Yeti,2026-04-04,4.8441,5.886,79,"[27, 53]",en,0,0,93,"Torfoot Films, Hardscrabble Film Company","Gene Gallerano, William Pisciotta","Brittany Allen, Eric Nelsen, Corbin Bernsen, William Sadler, Heather Lind"
1462229,tt38035835,Pegasus 3,飞驰人生3,2026-02-17,4.8439,7.021,47,"[18, 35]",zh,80000000,656459523,126,"Shanghai PMF Media, Maoyan Entertainment, Damai Entertainment, Wanda Pictures, Bona Film Group, Fun Age Pictures, Zhejiang Hengdian Film Production, China Film Group Corporation, Shanghai Ruyi Film & TV Production 上海儒意影视制作",Han Han,"Shen Teng, Yin Zheng, Johnny Huang, Zhang Benyu, Wei Xiang"
1020047,tt1333644,In the Hand of Dante,In the Hand of Dante,2026-06-12,4.8383,5.385,61,"[18, 80, 53]",en,25000000,0,153,"DreamCrew, MeMo Films, Twin Productions, Screen Capital, Tribune Pictures, Getaway Entertainment, ArtOfficial Productions, World Vision Films, Rock Films, Valor Capital, Exemplary Films, Mad Gene Media, Green Dragon",Julian Schnabel,"Oscar Isaac, Gal Gadot, Gerard Butler, John Malkovich, Louis Cancelmi"
1725116,tt43140642,Simpsley,Simpsley,2026-07-03,4.8371,8.032,77,"[16, 35, 80]",en,0,0,24,"20th Television Animation, Gracie Films",Debbie Bruce Mahan,"Dan Castellaneta, Julie Kavner, Nancy Cartwright, Yeardley Smith, Hank Azaria"
1595481,tt39140662,Kidnapped: Elizabeth Smart,Kidnapped: Elizabeth Smart,2026-01-20,4.8362,7.252,111,"[99, 80]",en,0,0,91,Minnow Films,Benedict Sanderson,"Elizabeth Smart, Steevan Glover, John Stableforth, Brian David Mitchell, Wanda Barzee"
1610418,tt38353877,The House on Haunted Grounds,The House on Haunted Grounds,2026-01-09,4.8311,6.1,28,[27],en,0,0,69,DBS Films,Brendan Rudnicki,"Logan Wallace, Andrew Thomas, Stuart Maxheimer, Cashmere Moniqué, Dylan DeVane"
1125701,tt7374950,Midwinter Break,Midwinter Break,2026-02-20,4.8233,7.2,27,[18],en,4000000,1002905,90,"Shoebox Films, Family Affair Films, Film4 Productions, Randan Film and Television Productions, Protagonist Pictures, Screen Scotland",Polly Findlay,"Lesley Manville, Ciarán Hinds, Niamh Cusack, Julie Lamberton, Ed Sayer"
1575207,tt38873792,Dilan 1997,Dilan ITB 1997,2026-04-30,4.8185,6.6,5,"[18, 10749]",id,0,0,110,Falcon Pictures,"Fajar Bustomi, Pidi Baiq","Ariel, Niken Anjani, Raline Shah, Wafda Saifan, Rangga Nattra"
1767115,tt33035227,Cement,Cement,2026-10-10,4.8149,0.0,0,"[18, 10402]",en,0,0,9,,Alek Abate,"Hillary Sproul, Bart Elliott, Janelle Yull, Tut Gregory, Cashton Tate Rehklau"
1215638,tt32635378,Checkered Ninja 3,Ternet Ninja 3,2026-01-01,4.8126,8.4,28,"[16, 28, 35]",da,0,0,84,"Pop Up Production, Sudoku ApS, A. Film Production","Thorbjørn Christoffersen, Anders Matthesen","Anders Matthesen, Flora Ofelia Hofmann Lindahl, Louis Næss-Schmidt, Emma Sehested Høeg"
1533029,tt39398162,The Loved One,The Loved One,2026-02-11,4.8078,5.545,11,"[10749, 18]",tl,0,4789581,100,"Viva Films, Cornerstone Studios",Irene Emma Villamor,"Anne Curtis, Jericho Rosales, Catriona Gray, Jackie Lou Blanco, Adrian Alandy"
1261188,tt28793125,The Swedish Connection,Den svenska länken,2026-02-13,4.8062,7.397,87,"[18, 36, 10752]",sv,0,0,102,Way Creative Films,"Marcus Olsson, Thérèse Ahlbeck","Henrik Dorsin, Sissela Benn, Jonas Karlsson, Johan Glans, Olle Jansson"
675871,tt8820258,Super Troopers 3,Super Troopers 3,2026-08-06,4.8056,6.5,16,"[35, 80, 9648]",en,20000000,6858200,100,"Broken Lizard Industries, Searchlight Pictures, Cataland Films, TSG Entertainment",Jay Chandrasekhar,"Jay Chandrasekhar, Kevin Heffernan, Steve Lemme, Paul Soter, Erik Stolhanske"
1688163,tt41700228,Hayok,Hayok,2026-05-15,4.8049,4.667,3,[18],tl,0,0,0,Vivamax,Topel Lee,"Apphle Celso, Stephanie Raz, Nico Locco, Chester Grecia"
890216,tt4634974,Pacific,Pacífico,2026-09-18,4.8004,10.0,1,"[27, 878]",es,10000000,0,105,"FilmSharks International, Patagonia Films, Gobierno de Colombia",Gonzalo Gutiérrez,"María Gabriela de Faría, Manolo Cardona, Claudio Cataño, Ricardo Abarca, Diana Neira"
1648760,tt38598321,The Seemingly Perfect Family,The Seemingly Perfect Family,2026-03-15,4.7878,6.0,1,"[53, 10770]",en,0,0,87,"Storyteller Studios, Lifetime",Lisa France,"Rylee Reagan, Sarah Nicklin, Violet SinClair, Sharonne Lanier, Patric Palkens"
1279865,tt32192760,A New Dawn,花緑青が明ける日に,2026-03-06,4.7875,7.0,10,"[16, 18]",ja,0,0,75,"Asmik Ace, Miyu Productions, Studio Outrigger",Yoshitoshi Shinomiya,"Riku Hagiwara, Kotone Furukawa, Miyu Irino, Takashi Okabe"
1621949,tt39965213,Qu'est-ce qu'on va faire de toi ?,Qu'est-ce qu'on va faire de toi ?,2026-02-11,4.7843,7.833,6,[99],fr,0,0,0,"Haut et Court Doc, ARTE, CNC, Playmobil France","Salma Cheddadi, Karelle Fitoussi",
1760472,,Жемчужная моя,Жемчужная моя,2026-09-26,4.7828,0.0,0,[99],ru,0,0,16,"FSRC, Cultural Root",Sofya Gorlenko,
1763711,,Hyper Misao Produce ~HYPE!4~,ハイパーミサヲプロデュース興行『HYPE!4』,2026-09-15,4.7813,8.0,1,"[14, 18, 35, 28, 10402, 10749]",ja,0,0,136,"Tokyo Joshi Pro-Wrestling, CyberFight",Hyper Misao,"Chika Nanase, Shino Suzuki, Kira Summer, Ririko Ishizawa, Yuki Kamifuku"
829487,tt31828554,Je m'appelle Agneta,Je m'appelle Agneta,2026-04-28,4.7757,6.718,85,"[35, 18, 10749]",sv,0,0,114,SF Studios,Johanna Runevad,"Eva Melander, Claes Månsson, Jérémie Covillault, Anne-Marie Ponsot, Björn Kjellman"
1760743,,Blue Danube,Danubio Azul,2026-09-07,4.775,0.0,0,[99],es,0,0,0,Tatú Carreta,Juan Baistrocchi,Walter Rodríguez
1408207,tt34491649,Zero A.D.,Zero A.D.,2026-12-03,4.7727,0.0,0,"[18, 53]",en,0,0,0,"Angel Studios, Kasbah Films, 2521 Entertainment, Cloud9 Studios",Alejandro Monteverde,"Deva Cassel, Jamie Ward, Jim Caviezel, Sam Worthington, Ben Mendelsohn"
1395839,tt38348232,The Curse,ザ・カース,2026-01-16,4.7694,5.5,2,"[53, 9648, 27]",ja,0,0,95,Rights Cube,Ken'ichi Ugana,"Yukino Kaizu, YU, Yutaka Kyan, Tammy Lin, Mimi Shao"
1413097,tt35291758,Melania,Melania,2026-01-30,4.7693,3.525,182,[99],en,40000000,16661439,105,"New Element Media, Muse Films, RatPac Documentary Films, RatPac Entertainment, FilmNation Entertainment",Brett Ratner,"Melania Trump, Donald Trump, Barron Trump, Hervé Pierre, Rania Al Abdullah"
1264821,tt30224625,Cats in the Museum 2: Treasures of Egypt,Коты Эрмитажа 2. Тайна египетского зала,2026-03-26,4.7667,6.0,3,[16],ru,0,0,90,"Licensing Brands, Cinema Foundation of Russia",Vasily Rovensky,"Roman Kurtsyn, Daria Blokhina, Snezhana Samokhina, Diomid Vinogradov"
1618090,tt39373342,A Statement,A Statement,2026-10-03,4.7623,0.0,0,"[35, 18]",en,0,0,104,"Sony Pictures Classics, Anonymous Content, Slow Pony, Aloe Entertainment, Jigsaw Productions, Artists Equity, Hammerstone Studios, Concordia Studio, Andrew Lauren Productions, Galisteo Media",Tom McCarthy,"Paul Rudd, Paul Giamatti, Evan Peters, Amy Ryan, John Turturro"
858035,tt14371256,Klara and the Sun,Klara and the Sun,2026-10-21,4.7557,0.0,0,"[878, 18, 35]",en,0,0,0,"3000 Pictures, Heyday Films, Defender Films, TSG Entertainment, Spyglass Media Group",Taika Waititi,"Jenna Ortega, Mia Tharia, Amy Adams, Natasha Lyonne, Aran Murphy"
1469164,tt35887288,Casa Grande,Casa Grande,2026-05-01,4.7547,6.967,15,"[18, 37]",en,0,0,114,"ESX Entertainment, Lila Lane Pictures",Juan Pablo Arias Munoz,"John Pyper-Ferguson, Christina Moore, Madison Lawlor, Lou Diamond Phillips, Daniel Edward Mora"
1531626,tt39793801,Descendants/ZOMBIES Worlds Collide: Concert Special,Descendants/ZOMBIES Worlds Collide: Concert Special,2026-02-19,4.7541,6.9,7,[10402],en,0,0,63,"Disney Concerts, Fulwell 73 Productions, Disney Branded Television, Disney Channel",Paul Dugdale,"Kylie Cantrall, Freya Skye, Malia Baker, Malachi Barton, Dara Reneé"
1602727,tt37284356,Night King,夜王,2026-02-14,4.7441,6.9,25,"[35, 18]",cn,0,14407500,133,"Edko Films, Guava Pictures Limited, Maoyan Entertainment",Jack Ng Wai-Lun,"Dayo Wong Chi-Wah, Sammi Cheng Sau-Man, Louise Wong Tan-Nei, Fish Liew Chi-Yu, Yeung Wai-Lun"
1499071,tt36576750,Cold War 1994,寒戰1994,2026-05-01,4.738,6.5,22,"[28, 18, 80]",cn,0,46907049,117,"Edko Films, Wanda Pictures, Shanghai Ruyi Film & TV Production 上海儒意影视制作, China Film Group Corporation, Edko Beijing Films",Leung Lok-Man,"Daniel Wu, Terrance Lau Chun-Him, Wu Kang-ren, Gardner Tse Kwan-Ho, Louise Wong Tan-Nei"
1599729,tt39213727,Semua Akan Baik-Baik Saja,Semua Akan Baik-Baik Saja,2026-05-13,4.7373,7.2,3,"[18, 35]",id,0,0,113,"Tiger Wong Entertainment, Legacy Pictures, RANS Entertainment, Role Entertainment, 786 Production, Ben Films, Masih Belajar Pictures",Baim Wong,"Reza Rahadian, Christine Hakim, Raihaanun, Happy Salma, Ari Irham"
1509968,tt33363309,"We, Brothers","We, Brothers",2026-08-18,4.737,10.0,1,"[18, 80]",en,9000,0,30,"Jones Pictures, Lighthouse Productions",Renata Jones,"Pedro Wagner, Paulo Pagliossa, Mickael Kornblum, Gabby Ballhausen, Pietra Cezimbra"
1433842,tt35718349,Relationship Goals,Relationship Goals,2026-02-04,4.7358,6.31,71,"[10749, 35]",en,0,0,96,"Amazon MGM Studios, Franklin Entertainment",Linda Mendoza,"Kelly Rowland, Method Man, Robin Thede, Annie Gonzalez, Dennis Haysbert"
1759692,tt32267820,RESIDENCE,RESIDENCE,2026-01-19,4.7279,10.0,1,"[27, 35]",en,0,0,12,Go South Films,Thomas Simon,"Ashley Lenz, Tyler Harlow, Aaron Jay Rome, Krishna Smitha, Tyler Huxtable"
1639398,tt32205214,Mexican Psycho,Psicópata: El Asesino del Conejo Blanco,2026-03-19,4.7254,7.162,105,"[53, 27]",es,0,0,99,,J. Xavier Velasco,"Adriana Llabrés, Hoze Meléndez, Andrés Almeida, Horacio García Rojas, Ruth Ramos"
1584077,tt2949118,First Witch,First Witch,2026-10-08,4.7096,0.0,0,[],en,0,0,0,,"L.A. Lopes, Manuel H. Da Silva","Shannon Elizabeth, Karina Correa, James Murray, Cristian Wadsworth Vargas, Lambros Bryan Demos"
1409853,tt35224721,Neglected,Neglected,2026-05-08,4.6948,6.268,28,"[28, 53]",en,0,0,92,"Red Sea Media, Latigo Films",David Lipper,"Josh Duhamel, Dylan Sprouse, Til Schweiger, Jeremy London, Jason London"
1444466,tt36300841,Awarapan 2,आवारापन २,2026-08-14,4.6842,0.0,0,"[28, 18, 10749]",hi,5400000,14000000,142,Vishesh Films,Nitin Kakkar,"Emraan Hashmi, Shabana Azmi, Disha Patani, Suvinder Vicky, Vijayant Kohli"
1756552,tt44709899,Love?,Love?,2026-08-22,4.6753,0.0,0,[99],en,100,0,7,,Boston B.,"Ana Paula Rosas, Sarah Griffin, Mattia Ribichesu, Boston B."
1693442,tt41700241,Monay,Monay,2026-05-22,4.6734,0.0,0,[18],tl,0,0,0,Vivamax,Christopher Novabos,"Sahara Bernales, Kim Yashii, Rash Flores, Sahil Khan"
1444454,tt35705871,Diary of a Mad Old Man,Diary of a Mad Old Man,2026-09-11,4.6714,0.0,0,[18],ja,0,0,119,"Fourier Films, Melograno Films, Nobu Pictures, Cinetrain, Tannpopo, Berjaya Entertainment Sdn. Bhd.",Wayne Wang,"Fan Bingbing, Lily Franky, Youki Kudoh, Takumi Saitoh, Asana Mamoru"
1500890,tt37369064,Lockbox,Lockbox,2026-07-02,4.6661,6.6,18,[27],en,0,0,105,"Capstone Studios, Brightlight Pictures, MGM+ Studios, Pique Pictures, Dark Castle Entertainment",Daniel Stamm,"Carla Gugino, Lou Taylor Pucci, Katharine Isabelle, Roman Kinsella, Donald Sales"
1573869,tt38934731,The Scent Of Pho,Mùi Phở,2026-02-17,4.6593,5.0,2,"[10751, 18, 35]",vi,0,0,111,Beta Productions,Minh Beta,"Thu Trang, Xuân Hinh, Quốc Tuấn, Hà Hương, Thanh Hương"
1129104,tt11662534,Flavia,Flavia,2026-04-12,4.6535,5.688,8,"[10751, 12, 9648, 35]",en,0,0,92,"Protagonist Pictures, The Mazur Kaplan Company, Mystic Point",Bharat Nalluri,"Molly Belle Wright, Martin Freeman, Toby Jones, Jonathan Pryce, Annette Badland"
1739320,tt42000821,Racing Heart,Racing Heart,2026-07-28,4.651,0.0,0,[],es,0,0,0,,,
1645368,tt40435390,Forsaken,L'abandon,2026-05-13,4.6475,7.6,61,[18],fr,0,0,100,"Outside Films, Les Films du Kiosque, France 3 Cinéma, uMedia, UGC",Vincent Garenq,"Antoine Reinartz, Emmanuelle Bercot, Nedjim Bouizzoul, Emma Boumali, Azize Kabouche"
1761080,tt15808136,The Climb,The Climb,2026-07-31,4.6451,0.0,0,[18],en,0,0,14,"Way Down Films, Trulight Pictures, Ion Studios Entertainment, Hot Pixel Creative",Justin Hogan,"Shawnee Badger, Adam J. Harrington, Matt Edwards, Caitlin Duffy, Aria Goodson"
1317872,tt28541577,Sardar 2,சர்தார் 2,2026-09-10,4.6368,4.0,1,"[28, 53]",ta,0,0,165,,P. S. Mithran,"Karthi, S. J. Suryah, Malavika Mohanan, Ashika Ranganath, Rajisha Vijayan"
1546319,tt33089858,Kill Will,Kill Will,2026-01-31,4.6367,4.8,6,"[28, 35, 80]",en,0,0,93,Light in the Attic Films,Dave Fairman,"Matthew Swift, Ashley Killips, Tom Storer, Trevor Penn, Abi Van Andel"
1391325,tt37076917,Uncle Trouble +2,La familia Benetón +2,2026-04-17,4.6274,4.909,11,[35],es,0,0,87,"Bowfinger, Esto También Pasará, Glow, SDB Films, Atresmedia Cine",Joaquín Mazón,"Leo Harlem, El Langui, Alí Dia, Diego Montejo, Gala Bichir"
1568027,tt43612870,Checkout: The Movie,קופה ראשית: הסרט,2026-06-17,4.6273,6.25,4,[35],he,0,0,91,"United King Films, Kan, July August Productions, Ministry of Culture and Sport, Israeli Film Fund",Kobi Havia,"Keren Mor, Noa Koler, Amir Shurush, Dov Navon, Yaniv Swissa"
1760176,,Fellas,Fellas,2026-10-14,4.6168,0.0,0,[35],en,0,0,42,"Birthday Cat, You Can Smell It Films",Matthew Danger Lippman,"Matthew Danger Lippman, Matt Allan, Will Brown, Nick Newman, Greer Cohen"
1285895,tt32298494,Late Fame,Late Fame,2026-08-07,4.6139,6.3,3,[18],en,0,0,97,"Killer Films, Fresh Fish Films, Morning Moon Productions, Working Barn Productions, mk2 Films",Kent Jones,"Willem Dafoe, Greta Lee, Edmund Donovan, Clay Singer, Arthur Langlie"
1585239,tt38058097,Club Kid,Club Kid,2026-11-04,4.6091,0.0,0,"[35, 18]",en,0,0,126,"Topic Studios, Stay Gold Features, Rapt Films, Twin Productions",Jordan Firstman,"Jordan Firstman, Reggie Absolom, Diego Calva, Cara Delevingne, Kirby Howell-Baptiste"
1754613,tt32206785,Meat Daddy,Meat Daddy,2026-09-12,4.6029,0.0,0,"[53, 27, 35]",en,8500,0,87,Aldergrove Studios,Branden Wittchen,"Nicolas Angelosanto, Chris Slater, Madeline Armit, Luca Steele McLean"
1678102,,No Go: The Child,死亡禁区实录,2026-09-11,4.6004,0.0,0,"[9648, 53, 27]",zh,0,0,0,"iQIYI, Damai Entertainment, 聚欢乐影业",Shenghe Wang,"Deng Jiajia, Su Xiaoding, Hai Lu, Sun Rui, Liu Xun"
1623568,tt39441416,Agito: Superpower War,アギトー超能力戦争ー,2026-04-29,4.5993,7.1,6,"[28, 12, 878]",ja,0,0,97,"Toei Company, Ishimori Production",Ryuta Tasaki,"Jun Kaname, Yuna Kogawa, Touko Fujita, Jun Yamasaki, Akiyoshi Shibata"
1431804,tt33219707,40 Dates and 40 Nights,40 Dates and 40 Nights,2026-06-16,4.594,7.02,25,"[35, 10749]",en,0,0,101,"Lucky Number 8 Productions, Rebellium Films",Andy Delaney,"Bailee Madison, Joel Courtney, Jack Schumacher, Luxy Banner, Eric Nelsen"
1465557,tt36589928,"Our Hero, Balthazar","Our Hero, Balthazar",2026-03-27,4.5658,6.806,18,"[18, 35]",en,0,313949,96,"Spacemaker Productions, Oh Boy, Curious Gremlin, Arkhum Productions, Giant Leap Media Ventures, Bureau Unknown",Oscar Boyson,"Jaeden Martell, Asa Butterfield, Chris Bauer, Pippa Knowles, Danny McCarthy"
1622688,,Baby Udon,Baby Udon,2026-09-03,4.5652,6.0,2,"[18, 10749]",id,0,0,115,"Sumargo Film, Lyto Pictures",Fajar Bustomi,"Caitlin Halderman, Denny Sumargo, Vonny Anggraini, Naufal Samudra, Ayya Renita"
1601797,tt35979013,¿Quieres ser mi novia?,¿Quieres ser mi novia?,2026-02-12,4.5635,8.655,200,"[35, 10749]",es,0,197388,97,Videocine,Ihtzi Hurtado,"Ludwika Paleta, Juanpa Zurita, Harold Azuara, Yuriria del Valle, Moisés Arizmendi"
1616400,tt39368489,#SKYKING,#SKYKING,2026-03-12,4.5596,7.239,23,[99],en,0,0,91,"ABC News Studios, Fifth Season",Patricia E. Gillespie,Richard Russell
1232667,tt30343126,"Miss You, Love You","Miss You, Love You",2026-05-29,4.5574,6.676,17,[18],en,0,0,98,"The Walsh Company, MWM Studios, Faxon/Rash Productions",Jim Rash,"Allison Janney, Andrew Rannells, Suzy Nakamura, Bonnie Hunt, Oscar Nuñez"
1442396,tt32065777,Nagabandham: The Secret Treasure,నాగబంధం,2026-07-02,4.5432,4.5,4,"[18, 14, 28]",te,0,0,196,"Abhishek Pictures, NIK Studios",Abhishek Nama,"Virat Karrna, Nabha Natesh, Daksha Nagarkar, Anasuya Bharadwaj, Mahesh Manjrekar"
1464883,tt36580119,The President's Cake,The President's Cake,2026-01-22,4.5397,7.372,113,[18],en,0,4084,106,"Maiden Voyage Pictures, Missing Piece Films, Spark Features, Working Barn Productions",Hasan Hadi,"Baneen Ahmed Nayyef, Sajad Mohamad Qasem, Waheed Thabet Khreibat, Rahim AlHaj, Muthanna Malaghi"
1618200,,The Dark Heaven,தீ டார்க் ஹெவன்,2026-09-18,4.5393,0.0,0,"[80, 53]",ta,0,0,0,,Balaaji,"Sidhu Sid, Tharshika, Riythvika, Vela Ramamoorthy, Nizhalgal Ravi"
1649424,tt41858262,70 Up,70 Up,2026-09-15,4.5371,10.0,1,[99],en,0,0,180,"MultiStory Media, ITV Studios",Asif Kapadia,"Nicholas Hitchon, Tony Walker, John Brisby, Bruce Balden, Charles Furneaux"
1516102,tt37800767,Sri Sri,Sri Sri,2026-12-03,4.5282,0.0,0,"[10749, 18]",te,0,0,0,Sri Lakshmi Venkateswara Cinemas,Ravi Nelakuditi,"Dulquer Salmaan, Pooja Hegde, Dheekshith Shetty, Vinali Bhatnagar, Ramya Krishnan"
1629049,tt39367709,The Ascent,The Ascent,2026-03-19,4.5104,0.0,0,[99],en,0,0,102,"Good Complex, Tower Way, TIME Studios","Edward Drake, Scott Veltri, Francis Cronin","Mandy Horvath, Julius John White, Carel Verhoef, Sally Grierson"
1244517,tt21045208,Tow,Tow,2026-03-20,4.508,6.667,33,[18],en,0,243331,105,"The Exchange, Cake or Death Pictures, Astro Lion Pictures, Gramercy Park Media, Hollywood Media Productions, Minnow Productions, Votiv Films",Stephanie Laing,"Rose Byrne, Dominic Sessa, Octavia Spencer, Ariana DeBose, Demi Lovato"
1652947,tt39715030,Tuklas,Tuklas,2026-03-20,4.5079,7.0,2,[18],tl,0,0,0,Vivamax,,"Skye Gonzaga, Chino Villaluna, Denzel Cruza, Keesha Falcon, Alexa Armecin"
1536433,tt39311354,Sad Girlz,Chicas tristes,2026-08-12,4.5047,7.4,7,[18],es,0,0,90,"Martini Shot Films, Colectivo Colmena, Potenza Producciones, Promenades Films, Instituto Mexicano de Cinematografía, Eficine, Montgó Films, CTT Exp & Rentals",Fernanda Tovar,"Rocío Guzmán, Darana Álvarez, Tatsumi Milori, Tomás García Agraz, Mónica del Carmen"
1422120,tt34435532,Mermaid,Mermaid,2026-04-08,4.5018,5.2,10,"[18, 35, 27]",en,0,0,106,"Bad Grey, Candy Pictures, Pilot Moon",Tyler Cornack,"Johnny Pemberton, Avery Potemri, Kevin Nealon, Kirk Fox, Tom Arnold"
1329071,tt37679242,The Stories,القصص,2026-06-17,4.4965,6.3,6,"[18, 10402, 35]",ar,0,0,101,"Film AG, Cinenovo, Film Clinic, Fox in the Snow Films, Wrong Men, Lagoonie Film Production, Shofha, Film Square, Film i Väst",Abu Bakr Shawky,"Nelly Karim, Amir El-Masry, Valerie Pachner, Amr Abed, Ahmed Kamal"
1631789,,Hold,Hold,2026-02-08,4.4889,0.0,0,[18],en,100,0,8,,Luke J. McDonough,"Bella Truman, Silas Webb, Annie Ward"
1421594,tt5072334,Inside the Trustor Scandal,Trustorhärvan,2026-08-05,4.4849,6.45,10,"[99, 80]",sv,0,0,102,Nexiko,Karin af Klintberg,"Joachim Posener, Thomas Johansson, Richard Djursén, Gunnar Lindstedt, Jochum Söderström"
1610413,tt39307872,One Last Adventure: The Making of Stranger Things 5,One Last Adventure: The Making of Stranger Things 5,2026-01-11,4.4842,7.247,95,[99],en,0,0,123,MakeMake,Martina Radwan,"Ross Duffer, Matt Duffer, Paul Dichter, Kate Trefry, Caitlin Schneiderhan"
1308553,tt30447822,Hai Jawani Toh Ishq Hona Hai,है जवानी तो इश्क होना है,2026-06-04,4.4824,5.3,30,"[10749, 35]",hi,0,0,137,"Tips Industries, Maximilian Films Ltd.",David Dhawan,"Varun Dhawan, Mrunal Thakur, Pooja Hegde, Maniesh Paul, Chunky Panday"
1259983,tt31777964,Guru,Gourou,2026-01-28,4.4665,6.061,264,"[18, 53]",fr,0,0,126,"Ninety Films, WY Productions, StudioCanal, Panache Productions, M6 Films",Yann Gozlan,"Pierre Niney, Marion Barbeau, Anthony Bajon, Christophe Montenez, Jonathan Turnbull"
787844,tt12308018,Newborn,Newborn,2026-04-10,4.4637,5.375,8,"[18, 53, 80]",en,0,0,102,"Yoruba Saxon, Creative Wealth Media Finance, Mansa Studios",Nate Parker,"David Oyelowo, Olivia Washington, Barry Pepper, Jimmie Fails, Aiden Stoxx"
487802,tt37968650,The Last Photograph,The Last Photograph,2026-09-13,4.459,5.929,14,"[12, 18]",en,0,0,135,"Hollywood Gang Productions, The Stone Quarry, Jaguar Bite, Telecinco Cinema",Zack Snyder,"Stuart Martin, Fra Fee, Marlon Moreno, Costanza Andrade"
1684226,tt42192201,Bride of the Year,Bruid van die Jaar,2026-05-15,4.4554,6.958,36,"[35, 10749, 10751]",af,0,0,98,Rous House Productions,Joshua Rous,"Carine Rous, Bouwer Bosch, Armand Aucamp, Laura-lee Mostert, Lisa Tredoux"
1645164,tt38574284,Serpenti,Serpenti,2026-09-10,4.4548,6.263,19,"[18, 35]",it,0,0,0,PACO Cinematografica,Roberto De Paolis,"Leonardo Lidi, Alessandro Borghi, Pietro Castellitto, Valeria Golino, Daniele Parisi"
1535392,tt37897646,Malaikat Malam,Malaikat Malam,2026-03-26,4.4518,7.3,3,"[18, 10749, 28]",ms,0,3022846,111,"Skop Productions Sdn. Bhd., Viper Studios, Astro Shaw, Primeworks Studios",Nazifdin Nasrudin,"Syafiq Kyle, Tracie Sinidol, Amir Nafis, Kodi Rasheed, Juzzthin"
1243741,tt13165898,Ballistic,Ballistic,2026-04-17,4.4431,5.8,82,"[53, 18]",en,4000000,0,91,"Fella Films, BondIt Media Capital, Envision Media Arts",Chad Faust,"Lena Headey, Hamza Haq, Amybeth McNulty, Jordan Kronis, Enrico Colantoni"
1290792,tt32192973,One Spoon of Chocolate,One Spoon of Chocolate,2026-05-01,4.4418,5.7,23,"[28, 18, 53]",en,0,1000000,114,"RZA Productions, Xen Diagram Media",RZA,"Shameik Moore, Blair Underwood, RJ Cyler, Paris Jackson, Emyri Crutchfield"
1580803,tt37762750,Susana and Elvira: No Plan B,Susana y Elvira: Sin plan B,2026-05-28,4.4344,6.75,14,"[10749, 35, 18]",es,0,0,0,"Púlsar Studios, Jaguar Bite",Maria Gamboa,"Manuela González, Mabel Moreno, Emmanuel Restrepo, Claudio Cataño, Emmanuel Esparza"
1391074,tt34705112,Busboys,Busboys,2026-04-17,4.4315,4.563,24,[35],en,0,0,93,,Jonah Feingold,"David Spade, Theo Von, Bobby Lee, Tim Dillon, Kam Patterson"
1554956,tt36980182,The Incomer,The Incomer,2026-09-04,4.4305,6.2,4,"[35, 18]",en,0,0,102,"BFI, Screen Scotland, Little Walnut Productions, Day Zero Productions, Head Gear Films, Inevitable Pictures, Keeper Pictures, Metrol Technology, Pilea Pictures",Louis Paxton,"Domhnall Gleeson, Gayle Rankin, Grant O'Rourke, Emun Elliott, Michelle Gomez"
1404684,tt36842933,Just an Illusion,Juste une illusion,2026-04-15,4.4289,7.3,208,"[35, 18]",fr,0,15742625,119,"Quad Films, Ten Films, Gaumont, TF1 Films Production","Olivier Nakache, Éric Toledano","Louis Garrel, Camille Cottin, Simon Boublil, Alexis Rosenstiehl, Pierre Lottin"
1765643,,Lobster Film,Lobster Film,2026-09-08,4.4212,0.0,0,[10749],en,0,0,5,Meerturtle Productions,Luke J. McDonough,
1618784,tt36778423,Fight Against Evil 3,东北警察故事3,2026-01-30,4.4077,6.6,21,"[28, 80, 35, 18]",zh,0,0,100,"Cavelries Film Co., Ltd., Lian Ray Pictures",Yang Bingjia,"Xie Miao, Lin Xiao Jie, Cui Zhijia, Huang Miyi, Philip Ng Wan-Lung"
1591675,tt39094466,Look Back,ルックバック,2026-09-11,4.4063,7.8,8,[18],ja,0,929800,100,"K2 Pictures, Shueisha",Hirokazu Kore-eda,"Natsuki Deguchi, Aju Makita, Fuuri Nanase, Rokka Okada, Masaki Suda"
1532610,tt37967547,INK,INK,2026-12-11,4.401,0.0,0,"[18, 36]",en,0,0,116,"Media Res, House Productions, Decibel Films, StudioCanal",Danny Boyle,"Jack O'Connell, Guy Pearce, Claire Foy, Blake Harrison, Patrick Kennedy"
1707519,,Promise Versus Action: Bridging the Gap Till the Coast is Clear,Promise Versus Action: Bridging the Gap Till the Coast is Clear,2026-06-04,4.3969,10.0,1,[99],en,0,0,6,,Tomas J Crabtree,"George Bradburn, Matt McEwen, Gary Jolliffe, Tim Poate"
1297446,tt32490110,Slanted,Slanted,2026-03-13,4.393,5.833,60,"[27, 35, 878]",en,0,906216,104,"Tideline Entertainment, Mountain Top Pictures",Amy Wang,"Shirley Chen, Mckenna Grace, Amelie Zilber, Vivian Wu, Maitreyi Ramakrishnan"
1599189,,剑来院线剧场版 十三之争,剑来院线剧场版 十三之争,2026-12-01,4.3872,0.0,0,"[16, 28, 12]",zh,0,0,0,,,Chen Zhenghua
1572116,tt38807889,Monster Mia,Monster Mia,2026-09-03,4.3871,9.7,3,"[16, 14, 10751]",de,10400000,0,81,"ARX Anima, Arxlight Pictures, P!B!T! Films, M.A.R.K. 13, Ikiru Films",Verena Fels,"Maresa Sedlmeir, Matthias Klie, Sebastian Griegel, Mio Lechenmayr, Lea Kalbhenn"
1650804,,Dear Amelia,Dear Amelia,2026-03-21,4.3855,0.0,0,"[10749, 18]",en,500,0,5,,Kennedy Marshall,"Owen Floyd, Madalyn Fowler, Josiah Rey, Kendall Lilli Mecca, Aidan McClintock"
880067,tt15532464,Strung,Strung,2026-06-18,4.3816,7.642,74,"[9648, 53]",en,0,8570,119,"Blumhouse Productions, Peachtree & Vine, Blackmaled Productions, Universal Pictures",Malcolm D. Lee,"Chlöe Bailey, Lynn Whitfield, Lucien Laviscount, Anna Diop, Romy Woods"
1659209,tt29717607,Melodrama,Melodrama,2026-05-29,4.3784,0.0,0,"[18, 10749]",es,0,0,90,"Lantica Media, Aurora Dominicana",Andrés Farías Cintrón,"Mercedes Morales, Jimmy Jean-Louis, Sarah Jorge León, Cyndie Lundy, Adriana Zayas"
1322532,tt33702073,Cek Khodam,Cek Khodam,2026-07-16,4.3687,5.0,4,"[35, 27]",id,0,0,110,Dee Company,Jeropoint,"Saputra Kori, Jirayut, Benidictus Siregar, Angie Williams, Adi Sudirja"
1761367,,The Leading Role,Головний герой,2026-09-01,4.3593,0.0,0,[99],uk,0,0,76,"ТОВ ""Рікі-Тікі-Таві""",Myroslav Latyk,"Volodymyr Kanivets, Oleh Ivanytsia, Daniil Mireshkin, Oleh Scherbyna, Volodymyr Rashchuk"
1649758,tt40232255,Meal Ticket,Meal Ticket,2026-03-19,4.3582,7.7,5,[99],en,0,0,95,"Creative Control, Roc Nation, Known","Corey Colvin, Carlton Sabbs","Patrick Ewing, Paul Pierce, Jalen Rose, Grant Hill, Blake Griffin"
1600502,tt35520399,"Honestly, I'm Fine",PAAZ,2026-02-26,4.3581,6.9,14,[18],nl,0,0,110,"KeyFilm, Incredible Film",Anne de Clercq,"Gaite Jansen, Jonas Smulders, Gijs Blom, Ariane Schluter, Peter Blok"
1590909,tt38773544,IBUKU,IBUKU,2026-10-08,4.3526,0.0,0,[18],id,0,0,95,"ANP Talenta Media, Memorieslight Pictures, Yasa Buana Film, Chinese Shadows, knockonwood, Shasha & Co Production",Eddie Cahyono,"Christine Hakim, Ayushita Nugraha, Landung Simatupang, Tika Bravani, Udik Supriyanta"
1431068,tt37333137,Main Vaapas Aaunga,मैं वापस आऊंगा,2026-06-11,4.3514,7.16,25,"[10749, 18, 9648]",hi,7300000,9300000,167,"Applause Entertainment, Window Seat Films, Birla Studios",Imtiaz Ali,"Naseeruddin Shah, Vedang Raina, Sharvari, Diljit Dosanjh, Anjana Sukhani"
1698443,tt38573778,"Yo, Narciso","Yo, Narciso",2026-08-13,4.3496,6.5,2,"[35, 10749]",es,0,0,95,"Preludio Producciones, Pampa Films, Gloriamundi Films, Tolmur, Gloriamundi Producciones",Adrián Suar,"Adrián Suar, Natalia Oreiro, Julieta Zylberberg, Sofía Morandi, Mariano Saborido"
1359005,tt33440748,Per Aspera Ad Astra,星河入梦,2026-02-17,4.34,7.984,63,"[878, 18, 12]",zh,0,0,111,"Zhejiang Hengdian Film Production, Lian Ray Pictures, 深定格文化传媒无锡有限公司, Shanghai Film Group 上海电影（集团）(SFG), 浙江影视（集团）有限公司, Weibo Corporation, Guava Pictures Limited, China Film Group Corporation",Han Yan,"Dylan Wang, Victoria Song, Zu Feng, Luo Haiqiong, Wang Duo"
1318304,tt32758159,Once More,ஒன்ஸ் மோர்,2026-08-28,4.34,0.0,0,"[10402, 10749, 35]",ta,0,0,137,Million Dollar Studios,Vignesh Srikanth,"Arjun Das, Aditi Shankar, Dravid Selvam, Sona Olickal, Anusha Prabhu"
1620551,tt38589464,Feel My Voice,Non abbiam bisogno di parole,2026-04-03,4.3365,6.9,150,"[10402, 18, 35]",it,0,0,105,Small Forward Productions,Luca Ribuoli,"Sarah Toscano, Serena Rossi, Carola Insolera, Emilio Insolera, Antonio Iorillo"
1572830,,Once Upon A Time,不成功穿越指南,2026-07-02,4.3317,5.75,5,"[35, 18]",zh,0,0,115,,"Feng Yiping, Hao Xinyue","Yang Haoyu, Zhan Xin, Liu Lin, Jeff Shi, Liu Shou"
1440049,tt34890320,Preschool,Preschool,2026-03-17,4.3195,6.2,12,[35],en,0,0,104,"Republic Pictures, Dakota Kid Productions, The Long Game, Republic Pictures",Josh Duhamel,"Josh Duhamel, Michael Socha, Antonia Thomas, Charity Wakefield, Fenella Woolgar"
1744876,tt41559858,Fito Páez: The World Within a Song,Fito Páez: El mundo cabe en una canción,2026-09-03,4.3149,5.2,10,"[99, 10402]",es,0,0,112,Anima Films,Matías Gueilburt,"Fito Páez, Carlos Vandera, Mariela Vitale, Eugenia Kolodziej, Charly García"
1511403,tt37971318,King 100,కింగ్100,2026-12-24,4.3137,0.0,0,"[28, 18]",te,0,0,0,Annapurna Studios,Ra. Karthik,"Nagarjuna Akkineni, Tabu, Sushmitha Bhat, Aishwarya Rajesh"
1741109,tt43732885,WWE SummerSlam 2026: Saturday,WWE SummerSlam 2026: Saturday,2026-08-01,4.3124,7.35,10,"[28, 18]",en,0,0,173,World Wrestling Entertainment,,"Phil Brooks, Cody Rhodes, Isaac Odugbesan, Brock Lesnar, Gionna Daddio"
1437981,tt39328391,Coward,Coward,2026-10-21,4.3083,0.0,0,"[18, 10749, 10752]",fr,0,0,120,"The Reunion, Versus Production, Topkapi Films, France 2 Cinéma, Lumen, VTM, RTBF, Proximus, BeTV & Orange",Lukas Dhont,"Emmanuel Macchia, Valentin Campagne, Jef Jacobs, Willem De Schryver, Liam Jacqmin"
1287809,tt32161395,The Sheriff,The Sheriff,2026-04-02,4.2915,6.2,5,"[80, 28]",en,1000000,0,107,"Whiskey Panda Studios, Scatena & Rosner Films",Josh Tessier,"Michael Edwards, Henning Baum, Tom Berenger, Mark Dacascos, Jim Meskimen"
1628116,tt39578551,BTS: THE RETURN,BTS: 더 리턴,2026-03-27,4.2898,8.56,50,"[99, 10402]",ko,0,0,93,"This Machine Filmworks, HYBE",Bao Nguyen,"RM, Jin, SUGA, j-hope, Jimin"
1646950,tt39400149,Capture,Capture,2026-03-17,4.2856,4.917,18,[27],en,0,0,85,"377 Films, Traverse Terror",Bruce Wemple,"Kaitlyn Lunardi, Cedric Gegel, Chris Cimperman, Grant Schumacher, Leah Eckardt"
1128377,tt27497165,In Cold Light,In Cold Light,2026-01-23,4.2855,5.851,57,"[53, 80]",en,0,0,96,"XYZ Films, Lithium Studios, IPR.VC, Peripheria Productions",Maxime Giroux,"Maika Monroe, Troy Kotsur, Allan Hawco, Helen Hunt, Jesse Irving"
1709585,tt42761198,Djinn Wedding,Cinlerin Düğünü,2026-09-16,4.2852,0.0,0,[18],tr,0,0,132,Ferit Karahan Films,Ferit Karahan,"Demet Özdemir, İlhan Şen, Kaan Yıldırım, Sarp Bozkurt, Helin Kandemir"
1383233,,The Penthouse,The Penthouse,2026-08-26,4.2721,0.0,0,"[27, 9648, 53]",en,0,0,102,"Aquila Emas Sdn Bhd, Saydam Baryl",Stepan Burnashev,"Soji Arai, Irina Mikhaylova, Josiah Hogan, Kween Keela, Sanpagan"
1423251,tt31593809,Biker,బైకర్,2026-04-03,4.2714,6.2,4,"[12, 18, 10751]",te,0,0,162,UV Creations,Abhilash Reddy,"Sharwanand, Dr. Rajasekhar, Malvika Nair, Atul Kulkarni, Brahmaji"
1634301,,Vanaveera,Vanaveera,2026-02-13,4.2703,7.5,6,"[28, 18]",te,0,0,0,,,"Chammak Chandra, Simran Choudhary, Nandu Vijay Krishna"
1631485,tt34682220,Strangers in the Park,Parque Lezama,2026-02-19,4.2692,6.514,36,"[35, 18]",es,0,0,115,100 Bares,Juan José Campanella,"Eduardo Blanco, Luis Brandoni, Verónica Pelaccini, Agustín Aristarán, Manuela Menéndez"
1627865,tt39568462,Evil Has Always Had a Name,Evil Has Always Had a Name,2026-02-02,4.2666,7.2,10,[27],ja,0,0,4,Capcom,Rich Lee,"Maika Monroe, Olivia Aray"
1658982,tt40898187,The Roast of Kevin Hart,The Roast of Kevin Hart,2026-05-10,4.259,6.141,32,[35],en,0,0,172,"Casey Patterson Entertainment, 199 Productions, HartBeat Productions",Beth McCarthy-Miller,"Kevin Hart, Shane Gillis, Dwayne Johnson, Tony Hinchcliffe, Jeff Ross"
1596303,tt39150288,The Last First: Winter K2,The Last First: Winter K2,2026-10-02,4.2582,0.0,0,[99],en,0,0,98,"Ventureland, Propagate Content, West Buttermilk, Object Studios",Amir Bar-Lev,"John Snorri Sigurjónsson, Muhammad Ali Sadpara, Sajid Sadpara"
1699250,tt38240059,Final Transmissions,Final Transmissions,2026-09-04,4.2574,0.0,0,"[27, 53]",en,20000,0,0,The Horror Hippies,"Sophia Cacciola, Evan Churchill, Nick Cotrufo, Alex Hera, Steven Hugh Nelson, Aviv Rubinstien, Michael J. Epstein","Nick Dailey, Fayna Sanchez, Brian Villalobos, Akasha Villalobos, Daniel Simpson"
1169537,tt29330744,Batwara 1947,बटवारा १९४७,2026-08-13,4.2567,6.0,1,"[28, 18, 10752]",hi,0,0,145,Aamir Khan Productions,Rajkumar Santoshi,"Sunny Deol, Preity Zinta, Shabana Azmi, Ali Fazal, Karan Deol"
1596260,tt38906892,Night Nurse,Night Nurse,2026-07-10,4.2484,4.867,15,"[18, 53]",en,0,0,95,"Missing Link Productions, Gary Prairie Productions",Georgia Bernstein,"Cemre Paksoy, Bruce McKenzie, Eléonore Hendricks, Colleen Rose Trundy, Mimi Rogers"
1286656,tt11995650,I Play Rocky,I Play Rocky,2026-11-06,4.2465,0.0,0,"[18, 36]",en,0,0,128,"Eden Rock Media, Baha Productions, Fireside Films, FilmNation Entertainment, International Media Funds Management",Peter Farrelly,"Anthony Ippolito, AnnaSophia Robb, Stephan James, Matt Dillon, P.J. Byrne"
1756247,,STARTING FIRES,STARTING FIRES,2026-06-16,4.2458,0.0,0,[],en,0,0,5,Pink Moose Productions,Josh Triezenberg,"Janet Leyva, David Triezenberg, Demetri Bouzos, Jennifer Triezenberg"
1645214,tt39715009,Ligo,Ligo,2026-03-03,4.2358,5.0,1,[99],tl,0,0,70,Vivamax,Roman Perez Jr.,Ayanna Misola
947493,tt36639956,Iron Boy,Le Corset,2026-10-14,4.2341,0.0,0,[16],fr,0,0,90,"eddy, Beside Productions, France 3 Cinéma, Auvergne-Rhône-Alpes Cinéma, Regular Production, RTBF, Eddy Cinéma",Louis Clichy,"Gary Clichy, Rod Paradot, Dimitri Colas, Aurélie Vassort, Brune Moulin"
1714841,tt26863388,关索岭,关索岭,2026-06-25,7.3658,0.0,0,"[28, 36, 10752]",zh,0,0,0,,Daniel Yu,"Zhang Danfeng, Zhang Aoyue, Chen Duling, Zhang Mingming, Liu Yang"
1627624,tt37202764,Last Call,Last Call,2026-03-19,3.491,7.0,5,"[28, 53]",el,0,0,96,"Tanweer Productions, View Master Films, Greek Film Centre, ERT, Nova",Sherif Francis,"Orfeas Avgoustidis, Maria Nafpliotou, Giorgos Benos, Dimitris Lalos, Renia Louizidou"
1243460,tt33603921,Joe's College Road Trip,Joe's College Road Trip,2026-02-12,4.0772,6.042,72,[35],en,0,0,109,"Tyler Perry Studios, Netflix",Tyler Perry,"Tyler Perry, Jermaine Harris, Amber Reign Smith, Bethany Anne Lind, Jeremy Gimenez"
1157265,,Dahaan,ଦାହାନ୍,2026-09-11,4.4442,0.0,0,[27],or,0,0,132,Amiya Patnaik Productions,Anupam Patnaik,"Barsha Patnaik, Aurosikha Mishra, Sijan Mahapatra, Partha Sarathi Ray, Nishant Majithia"
1388805,tt43442522,LINKIN PARK: UNSHATTER,LINKIN PARK: UNSHATTER,2026-09-30,4.1198,0.0,0,"[10402, 99]",en,0,0,108,"CJ 4DPLEX, CJ 4DPLEX America, hungryman",Joe Hahn,"Mike Shinoda, Emily Armstrong, Joe Hahn, Dave Farrell, Colin Brittain"
1601082,tt39227311,Cheetahs Up Close with Bertie Gregory,Cheetahs Up Close with Bertie Gregory,2026-01-01,4.1599,7.833,27,[99],en,0,0,45,"National Geographic, Wildstar Films",Jigar Ganatra,"Bertie Gregory, Baz Kessy, Tom Walker, Denis Mollel, Kelvin Munisi"
1628675,,Land of Wonders,Край чудес,2026-10-01,4.5335,0.0,0,"[16, 12]",ru,0,0,0,Chernovik Production Company,Denis Chernov,"Andrey Lyovin, Sergey Golubtsov, Leonid Kanevsky, Vitaliya Kornienko, Mikhail Khrustalev"
1521346,tt38599274,Un hombre de verdad,Un hombre de verdad,2026-06-12,4.3595,4.0,1,[18],es,0,0,0,"Kairos Films, The Other Film Production, Naif Films",Liteo Pedregal,"Carlos Olalla, Olivia Molina, Rosario Pardo, Natalia Dicenta, Laura de la Uz"
1336166,tt33184695,Rolling Loud: The Movie,Rolling Loud: The Movie,2026-10-02,4.467,0.0,0,"[35, 10402]",en,0,0,0,"American High, Live Nation Studios",Jeremy Garelick,"Owen Wilson, Matt Rife, Christine Ko, Sexyy Red, Travis Scott"
1305672,tt32634330,I Know Who You Are,抓特务,2026-06-19,4.4927,6.867,16,"[36, 18]",zh,12000000,16300000,142,"Alibaba Pictures Group, China Film Group Corporation",Feng Xiaogang,"Lei Jiayin, Hu Ge, Chuo Ni, Zhang Yao, Lin Xiaofan"
1732363,tt43681849,The Gull,The Gull,2026-03-29,4.6142,0.0,0,"[16, 35]",en,0,0,2,,Fiach Ó'Corráin,
1659169,tt41157050,Sleeping Dog,Sleeping Dog,2026-05-08,3.521,6.667,3,[99],en,0,0,98,Midnightbrew Productions,Michael Lazovsky,"Jeremy Kenyon Lockyer Corbell, John Lear, John B. Alexander, Edmund Storms, David Grusch"
1597538,tt39283969,Angkinin Mo Ako,Angkinin Mo Ako,2026-05-15,4.1971,0.0,0,[18],tl,0,0,70,Vivamax,Topel Lee,"Cess Garcia, Sheena Cole, Juan Calma, Dara Lima, Sarah Pulido"
1660526,tt43437558,Please,Please,2026-06-08,4.3549,7.0,2,"[16, 35, 18]",en,0,0,9,"Apparat Filmproduktion, Passion Paris, Böhle Studios, Film i Väst, Mikrofilm, Kuli Film, CNC, Miyu Productions, Czech Audiovisual Fund, Norsk Filminstitutt, Finnish Film Foundation, Svenska Filminstitutet, Pictanovo, Région Hauts-de-France, ARTE, Fond For Lyd Og Bilde, YLE, The Swedish Arts Grants Committee, Have A Nice Day Films, Dockhus Animation AB, Anima",Anna Mantzaris,"Stellan Skarsgård, Molly Nilsson, Jonatan Unge, Ika Nord, Johan Edström"
1541125,tt38035813,Make Zhonghe Great Again,年会不能停！2,2026-07-24,10.1506,7.0,3,"[35, 18]",zh,0,1600000,126,"Tianjin Maoyan Weiying Culture Media 天津猫眼微影文化传媒, China Film Group Corporation, Shanghai Ruyi Film & TV Production 上海儒意影视制作",Dong Runnian,"Zhang Ruoyun, Bai Ke, Gao Ye, Dong Chengpeng, Sabrina Zhuang"
1742376,tt43706236,Bride,Bride,2026-07-18,4.3431,0.0,0,[53],en,100,0,6,B-Theory,Boston B.,"Lucero Abbate, Victor Vergniolle"
1602705,tt39240255,A Letter to My Youth,Surat untuk Masa Mudaku,2026-01-29,4.2606,7.87,27,[18],id,0,0,135,Buddy Buddy Pictures,Sim F.,"Millo Taslim, Agus Wibowo, Kathleen Thomas, Willem Bevers, Verdi Solaiman"
1146344,tt6374142,Misdirection,Misdirection,2026-02-10,4.2216,6.232,99,"[28, 80, 53]",en,0,0,88,"Storyoscopic Films, Patriot Pictures, Abbott Street Films",Kevin Lewis,"Olga Kurylenko, Frank Grillo, Oliver Trevena, Landa Morland, Vladislav Lapidus"
1565790,tt36853497,Double Occupancy,Double Occupancy,2026-06-12,3.9946,6.167,3,"[10749, 18, 14]",ta,0,0,132,Avni Cinemax,Aswin Kandasamy,"Santhosh Sreeram, Reshma Venkatesh, Samyuktha Viswanathan, Vinoth Kishan, VTV Ganesh"
1600338,tt39734954,Almost Us,Almost Us,2026-05-06,3.8697,10.0,1,"[10749, 35]",tl,0,0,102,"Project 8 Projects, Regal Entertainment",Dan Villegas,"JM Ibarra, Fyang Smith, Yukii Takahashi, Sam Samarita, JM Salvado"
1756952,,Behind The Sins,Gemuruh Maruk,2026-09-11,4.1222,0.0,0,[18],id,0,0,12,Liberosis Films,Arya Dhiwa,"Enzo Rici, Ojing J. Raharjo, Krisanita Dina, Raki Oramahi"
1489931,tt27411060,Suzzanna: Witchcraft,Suzzanna: Santet Dosa di Atas Dosa,2026-03-18,4.1207,7.0,6,"[18, 27, 14, 53]",id,0,0,135,"Soraya Intercine Films, Legacy Pictures, Navvaros",Azhar Kinoi Lubis,"Luna Maya, Reza Rahadian, Clift Sangra, Andy /rif, Iwa K"
1626176,,Slice of Luna,Slice of Luna,2026-01-15,4.1206,10.0,1,[18],id,0,0,12,"Best Production, Sinema Di Meja Makan",Annara Jingga,"Annara Jingga, Ahmad Faiz Rhamadani"
1597535,tt39240269,Breast Friends Forever,Breast Friends Forever,2026-01-09,4.1186,6.8,4,[35],tl,0,0,86,Vivamax,Easy Ferrer,"Astrid Lee, Audrey Avila, Janno Gibbs, Allen Legazpi, Karlo De Leon"
1632334,tt38875976,Kraken. The Black Book of Hours,Kraken: El libro negro de las horas,2026-04-24,4.1156,6.125,8,"[80, 53, 9648]",es,0,0,0,"Isla Audiovisual, Zebra Producciones, Amazon Studios","Manuel Sanabria, Joaquín Llamas","Alejo Sauras, Maggie Civantos, Natalia Rodríguez, Martin Urrutia, Aitziber Luma"
1248230,tt27666105,Splash City,Splash City,2026-07-20,4.113,6.0,5,"[80, 53]",en,0,0,100,"4 Ways Entertainment, Lionsgate",Alex Ferrufino,"T.J. Atoms, Reed Shannon, Christopher Ammanuel, Zach Sowers, Destiny Hernandez"
1604628,tt39298503,Wild London,Wild London,2026-01-01,4.1125,8.316,19,[99],en,0,0,58,Passion Planet,Joe Loncraine,David Attenborough
1475803,tt36822418,Governor,गवर्नर,2026-06-12,4.1121,5.6,6,"[18, 53]",hi,0,0,122,Sunshine Pictures,Chinmay Mandlekar,"Manoj Bajpayee, Noushad Mohamed Kunju, Adah Sharma, Madhoo, John Forbes"
1655419,tt41592057,Everytime,Everytime,2026-08-06,4.1086,7.8,5,[18],de,0,0,119,"The Barricades, ZDF, Panama Film",Sandra Wollner,"Birgit Minichmayr, Tristán López, Lotte Keiling, Carla Hüttermann, Hermann Beyer"
1474226,tt36822366,Evil Dress,El vestido,2026-02-13,4.1059,6.7,7,[27],es,0,0,75,"AF Films, Forgotten 2 Entertainment, S.L. Production, E-Media Canary Projects",Jacob Santana,"Belén Rueda, Vera Centenera, Santiago Molero, Elena Irureta, Belén Écija"
1327447,tt29135677,Vanilla,Vainilla,2026-05-20,4.1057,6.0,1,"[18, 35]",es,0,0,96,"Fomento al Cine Mexicano (FOCINE), Redrum, Huasteca Casa Cinematográfica, Instituto Mexicano de Cinematografía",Mayra Hermosillo,"Aurora Dávila, María Castellá, Natalia Plascencia, Paloma Petra, Rosy Rojas"
1656632,tt41022199,Jerry West: The Logo,Jerry West: The Logo,2026-04-16,4.1033,5.5,2,[99],en,0,0,121,"Khalabo Ink Society, Propagate Content, Prime Video Sports",Kenya Barris,"Jerry West, Kareem Abdul-Jabbar, Stephen Curry, Kevin Durant, Magic Johnson"
1760498,,Futuro Decadance,Futuro Decadance,2026-06-16,4.0957,0.0,0,[99],pt,0,0,0,Maremoto Filmes,Leviathan,"Bárbara Nagman, DJ Bacana, Seven Colby, Bonita Musaki, Penelope Hadid"
1736062,tt43702934,Disney Worldbuilders,Disney Worldbuilders,2026-08-16,4.0956,0.0,0,[99],en,0,0,58,Iwerks & Co.,Leslie Iwerks,"Bob Iger, Dave Filoni, James Cameron, Jared Bush, Jennifer Lee"
1473878,tt34386603,Speed Demon,Speed Demon,2026-05-20,4.0865,4.833,24,[27],en,0,0,93,"Triumphant Pictures, RainMaker Films",Jon Keeyes,"Katie Cassidy, William H. Macy, John Patrick Jordan, Michael Emery, Allen McCullough"
1510539,tt38461457,Promised Spaces,តោពីរ,2026-05-16,4.0839,0.0,0,[18],km,0,0,76,"Big Time Production, Bocalupo Films, Fiskultura Films, Anti-Archive",Ivan Marković,"Vollak Kong, Chea Loch, Vita Vong, Lyer Von, Theara Or"
1509364,tt37520501,The Montenegro Affair,Affaire Montenegro,2026-09-09,4.0812,0.0,0,"[80, 9648]",fr,401,0,13,Rikch'Ariy Studios,,"Fernanda Ávalos, Samy Leonhart, César Camán, Alonso Montoya, Alex Lauzon"
1537280,tt34872408,Googie,Googie,2026-02-12,4.0809,0.0,0,[99],en,0,0,90,Design Onscreen,Jake Gorst,"Alison Martino, Alan Hess"
1739186,tt43700434,Untold: The Testimony of Vince Young,Untold: The Testimony of Vince Young,2026-08-25,4.0774,6.357,14,[99],en,0,0,78,Campfire Studios,John Henion,Vince Young
1619430,tt39373119,Tape Me,Tape Me,2026-01-30,4.0704,0.0,0,[27],en,0,0,122,Blood Pact Films,Christopher Outridge,"Rachel Rose Gilmour, John Joyner, Daniel Stagliano, Janani Nathan, Edie Pilar Monroy"
1599090,tt38598912,Skyscraper Live,Skyscraper Live,2026-01-23,4.0701,7.557,44,"[12, 99]",en,0,0,117,Plimsoll Productions,Joe DeMaio,"Alex Honnold, Elle Duncan, Emily Harrington, Mark Rober, Sanni McCandless"
1189885,tt29423057,The Morrigan,The Morrigan,2026-04-09,4.0661,4.4,5,[27],en,0,0,96,Cowboy Cosmonaut Films,Colum Eastwood,"Saffron Burrows, James Cosmo, Emily Flain, Art Parkinson, Jonathan Forbes"
1323909,tt33029387,Red Riding,Red Riding,2026-03-13,4.0604,5.167,9,"[27, 53]",en,635000,0,86,House54,Craig Conway,"Victoria Tait, Lynsey Beauchamp, Ian Whyte, Bill Fellows, Jenny Quinn"
1401832,tt35284965,Ketticè,Ketticè,2026-09-03,4.0499,4.0,2,[18],it,0,0,107,"Frenesy Film, The Apartment Pictures, MeMo Films, PiperFilm, First Picture",Giovanni Tortorici,"Salvatore Gallina, Rachele Testagrossa, Monica Bellucci, Davide Cirri, Rocco Sanfilippo"
1410937,tt35254624,Balan - The Boy,ബാലൻ  - The Boy,2026-06-19,4.0491,7.6,14,"[18, 53]",ml,0,0,140,"KVN Productions, Thespian Films",Chidambaram,"Adhisheshan K R, Muhammed Zinaan, Farzana Palathingal, Tovino Thomas, Lal Jr."
1610181,tt40502137,Pressure Cooker,প্রেশার কুকার,2026-03-21,4.0373,0.0,0,"[80, 53, 18]",bn,0,0,172,"Kanon Films, Impress Telefilm",Raihan Rafi,"Nazifa Tushi, Shobnom Bubly, Mariya Shanto, Snigdha Chowdhury, Fazlur Rahman Babu"
1523553,tt16390372,Dark Horse,Dark Horse,2026-11-19,4.0366,0.0,0,"[18, 80]",en,20010400,0,100,Go Up Entertainment,Cyrus Nowrasteh,"Jim Caviezel, Sergio Barreto, Edward Finlay, Marcus Ornellas, Lynn Collins"
1078581,tt26452616,Giant,Giant,2026-01-09,4.0356,7.0,41,"[18, 36]",en,0,0,110,"Balboa Productions, AGC Studios, BondIt Media Capital",Rowan Athale,"Amir El-Masry, Pierce Brosnan, Toby Stephens, Katherine Dow Blyton, Asan N'Jie"
1589713,tt39059815,Dance of the Damned,Badut Gendong,2026-05-27,4.0345,8.0,4,"[28, 18, 27, 14, 53]",id,0,0,101,"Magma Entertainment, Legacy Pictures, Komet Productions, Skop Productions Sdn. Bhd., Astro Shaw, Virtuelines Entertainment, Applause Entertainment, Caravan Studio, Visual Media Studio, Alunan",Charles Gozali,"Marthino Lio, Clara Bernadeth, Derby Romero, Dayinta Melira, Iskak Khivano"
1522380,,Multwoh,Multwoh,2026-09-23,4.0342,0.0,0,"[27, 35, 10749]",tl,0,0,120,Spicy Mama Creative Studio,Rodina Singh,"Sassa Gurl, João Constancia, John Lapus, Iyah Mina, Phi Palmos"
607833,tt43741215,The Intern,인턴,2026-09-16,4.0325,8.5,2,"[18, 35]",ko,0,0,133,"Anthology Studios, Warner Bros. Korea",Kim Do-young,"Choi Min-sik, Han So-hee, Kim Jun-han, Ryu Hye-young, Kim Keum-soon"
1257868,tt12477096,Couples Weekend,Couples Weekend,2026-05-08,4.0311,5.792,12,"[35, 18]",en,0,0,96,"51 Entertainment, Voltage Pictures",Nora Kirkpatrick,"Alexandra Daddario, Daveed Diggs, Josh Gad, Ashley Park, Kevin Pollak"
1635521,tt39715022,Vigilante,Vigilante,2026-03-17,4.0299,1.0,1,[28],tl,0,0,96,Vivamax,Christian Paolo Lat,"Diego Loyzaga, Robb Guinto, Vince Rillon, Archie Adamos, Raffy Tejada"
1747682,,Restaurant Kids,Restaurant Kids,2026-09-16,4.0287,8.0,1,[99],en,0,0,12,ONF | NFB,Sylvia Mok,
1618945,tt39354078,Yoh! Bestie,Yoh! Bestie,2026-02-06,4.0245,6.26,48,"[10749, 35]",en,0,0,95,,Johnny Barbuzano,"Katlego Lebogang, Didie Makobane, Kagiso Modupe, Fikile Mthwalo, Siya Sepotekele"
1533222,tt7395324,Past Life,Past Life,2026-03-20,4.0242,5.4,5,[53],en,0,0,100,"Grimmfest Films, Worldwide Entertainment and Media, Templeheart Films, Hosscat Productions, M2 MediaPost, Slated, Uprising Studio",Simeon Halligan,"Aneurin Barnard, Nicholas Farrell, Jeremy Piven, Tim McInnerny, Pixie Lott"
1458215,tt36415524,The Gentleman Thief,The Gentleman Thief,2026-07-31,4.0229,5.8,21,"[28, 80, 53]",en,0,0,97,"Convergence Entertainment, Prime Video India",Randall Emmett,"John Travolta, Lukas Haas, Rebecca De Mornay, Natali Yura, Emily Skinner"
1596287,tt20495188,Frank & Louis,Frank & Louis,2026-12-10,4.0187,0.0,0,[18],en,0,0,95,"Zodiac Pictures, Caspian Films, SRF, SRG SSR",Petra Biondina Volpe,"Kingsley Ben-Adir, Rob Morgan, Residente, Rosalind Eleazar, Indira Varma"
1716269,tt39060117,Rumah Singgah,Rumah Singgah,2026-08-27,4.0161,7.625,4,[18],id,0,0,113,"Mandela Pictures, Limelight Pictures, Senara Films",Dyan Sunu Prastowo,"Adhisty Zara, Devano, Ciccio Manassero, Messi Gusti, Aming"
1396368,tt34865348,A Son,Un hijo,2026-05-15,4.0145,8.0,3,[18],es,0,0,95,"Capitán Araña, Guion Alto, Veleta Films AIE",Nacho La Casa,"Macarena García, Ian Cortegoso, Hugo Silva, Jesús Carroza, Javier Aguayo"
1519340,tt39307081,Jangan Buang Ibu,Jangan Buang Ibu,2026-06-25,4.0138,6.5,2,"[18, 10751]",id,0,0,119,"Leo Pictures, Legacy Pictures, Narasi Semesta, TIX ID, Role Entertainment",Hadrah Daeng Ratu,"Nirina Zubir, Refal Hady, Amanda Manopo, Saputra Kori, Dwi Sasono"
1497123,,Finn,Finn,2026-03-04,4.0125,0.0,0,"[18, 12]",en,2720,0,10,,Sullivan Tarrant,"Gideon Gamble, Woodrow Thompson, Olivia Driver"
1651233,tt40660080,Son-in-Law,El yerno,2026-04-18,4.0074,5.692,13,"[35, 18]",es,0,0,102,Fabula,Gerardo Naranjo,"Adrián Vázquez, Jero Medina, David Gaitán, Verónica Bravo, Eduardo España"
1632812,tt33599043,Nothing Between Us,Nada entre los dos,2026-05-21,4.0067,5.692,26,"[10749, 35]",es,0,0,90,"Concreto Films, Particular Crowd, Cimarrón Cine",Juan Taratuto,"Gael García Bernal, Natalia Oreiro, Leonardo Daniel, Pia Watson, Axel Madrazo"
1649218,tt30229628,"Femení, singular","Femení, singular",2026-09-18,3.9995,0.0,0,[18],ca,0,0,0,"A Lot of Films, Gaia Audiovisuals S.L., ICEC",Xavi Puebla,"Vico Escorcia, Nora Navas, Kasia Kapcia, Sergio Caballero, Mònica Almirall"
1759464,tt41864139,Fire & Ice,Fire & Ice,2026-08-29,3.9994,0.0,0,"[37, 10402]",en,0,0,20,,Valentin-Rareș Fogoroș,"Samuel Druhora, Ada Dumitru, Tobi Ibitoye, Adrian Nour, Jennifer Salcudean"
1497348,tt39018552,Alas Roban,Alas Roban,2026-01-15,3.9873,4.708,12,"[18, 27, 9648]",id,0,111,111,"Unlimited Production, Narasi Semesta, Legacy Pictures, Dwi Abisatya Persada, Lighthouse Capital Management",Hadrah Daeng Ratu,"Michelle Ziudith, Rio Dewanto, Fara Shakila, Taskya Namya, Imelda Therinne"
1469458,tt36628923,Sambhavam Adhyayam Onnu,സംഭവം അദ്ധ്യായം ഒന്ന്,2026-03-06,3.9845,7.167,18,"[14, 53, 18]",ml,0,0,127,Nalla Cinema Production,Jithu Satheesan Mangalathu,"Askar Ali, Vineeth Kumar, Sidharth Bharathan, Assim Jamal, Senthil Krishna Rajamani"
1486860,tt32875624,Haunted 3D: Echoes of the Past,Haunted 3D: Echoes of the Past,2026-06-12,3.9784,10.0,2,"[27, 10749, 53]",hi,0,0,140,"Promoedge Media, VSB Pictures",Vikram Bhatt,"Mimoh Chakraborty, Chetna Pande, Shruthi Prakash, Gaurav Bajpai, Praneet Bhatt"
1756308,,Inheritor,Inheritor,2026-08-30,3.9733,10.0,1,[27],en,0,0,14,Pulp Pictures,Ryan Lilienfield,"Nastasia Koulich, Piper Verbrick, Alyssa Renee Olson, Madison Beehner"
1376400,tt32329539,Crawlers,Crawlers,2026-09-24,3.9729,0.0,0,"[27, 53]",en,0,0,86,"Badlands, Thunder Road, Sagesse Productions, Fresco Film, Renegade Capital",Ángel Gómez Hernández,"Matilda Lutz, Gregg Sulkin, Melina Matthews, Paul S. Tracey, Andrea Scott Méndez"
1078446,tt32432428,Violent Night 2,Violent Night 2,2026-12-02,3.97,0.0,0,"[28, 35, 14]",en,0,0,0,"87North Productions, Universal Pictures",Tommy Wirkola,"David Harbour, Kristen Bell, Daniela Melchior, Jared Harris, Joe Pantoliano"
1751323,,Bad Parenting,Bad Parenting,2026-09-10,3.9679,0.0,0,[18],en,20000,0,13,"Sweetshop, Tony Petersen films","Christian Mckenzie, Patrick Li Chen","Jimmy Maslin Fong, LEO MASLIN FONG, LOGAN MASLIN FONG, Billy Hinchliff, Hannah Howland"
1561687,tt38674977,Made in Korea,மேட் இன் கொரியா,2026-03-12,3.9678,7.25,42,[18],ta,0,0,113,Rise East Entertainments Pvt Ltd,Ra. Karthik,"Priyanka Arul Mohan, Rishikanth, Park Hye-jin, Baek Si-hun, Jang Jae-hyeon"
1643524,tt39379386,Onobiren,Onobiren,2026-03-06,3.964,10.0,1,"[18, 10751]",en,0,0,104,Laju Iren Films,Famous Odion Iraoya,"Ruby Akubueze, Deyemi Okanlawon, Bisola Aiyeola, Norbert Young, Desmond Bryce"
1527449,tt29271639,Nina Roza,Nina Roza,2026-04-24,3.9619,10.0,1,[18],fr,0,0,103,"Colonelle Films, UMI Films, Ginger Light Films, Echo Bravo, PREMIERstudio",Geneviève Dulude-De Celles,"Galin Stoev, Ekatarina Stanina, Sofia Stanina, Chiara Caselli, Christian Bégin"
1735309,tt44688627,Istimewa,Istimewa,2026-09-17,3.9607,6.0,1,[18],id,0,0,119,Kairos Film,Ruben Adrian,"Mathias Muchus, Yanni Melwani, Ajil Ditto, Agus Kuncoro, Maxime Mustofa"
1573054,tt38492840,Play House,Play House,2026-09-19,3.9596,0.0,0,[27],en,100000,0,85,"CHROMA, Skinny Ghost, Divide / Conquer",Nicolas Curcio,"Will Harrison, Jessica Sula, Jordan Gonzalez, James Urbaniak, Nina Millin"
1400763,tt34967068,Touch Me,Touch Me,2026-03-20,3.9582,5.5,19,"[27, 878, 35]",en,0,0,99,"Rustic Films, Growing Tree Films, Yellow Veil Pictures",Addison Heimann,"Olivia Taylor Dudley, Lou Taylor Pucci, Jordan Gavaris, Marlene Forte, Paget Brewster"
1637228,,La Madame,La Madame,2026-02-17,3.9571,0.0,0,[99],es,0,0,22,Limbus Filmak,Alexander Lemus Gadea,
1665724,tt41794494,Shera,Shera,2026-05-15,3.8361,0.0,0,"[28, 18]",pa,0,0,145,,Savio Sandhhu,"Parmish Verma, Sonal Chauhan, Yograj Singh, Manav Vij, Hashneen Chauhan"
1638635,tt39091623,Living Dead Girl (Behind the Screams),Living Dead Girl (Behind the Screams),2026-02-01,2.9706,10.0,1,"[99, 12]",en,0,0,78,"CreateOf, Buried Alive Records",Steve Haining,"Molly Rennick, Anthony Puddu, Darien Lugo, Jordan Storring, Michael Roman-Durante"
1629369,tt32572716,The Truth and Tragedy of Moriah Wilson,The Truth and Tragedy of Moriah Wilson,2026-03-19,3.8899,7.453,53,"[99, 80]",en,0,0,97,"PMZ Pictures, Unreasonable Studios",Marina Zenovich,Olivia Sinnott
1594615,tt32317643,Lift,Lift,2026-02-26,3.5332,7.0,2,"[18, 9648, 53]",id,0,0,98,"Trois Global Films, Trois Films, Maxima Pictures",Randy Chans,"Ismi Melinda, Shareefa Daanish, Verdi Solaiman, Alfie Alfandy, Tegar Satrya"
1263904,tt34663597,Sleep No More,Monster Pabrik Rambut,2026-06-04,3.1184,7.2,3,"[27, 14]",id,0,0,96,"Palari Films, Giraffe Pictures, Hassaku Lab, In Good Company, Beacon Film, Apsara Films, Phoenix Films, Imajinari, Jagartha, TIX ID, Trinity Entertainment Network, Culture Entertainment, Mod films, DRM Entertainment",Edwin,"Rachel Amanda, Lutesha, Iqbaal Ramadhan, Didik Nini Thowok, Sal Priadi"
1248251,tt29959401,Mollywood Times,മോളിവുഡ് ടൈംസ്,2026-06-05,3.7586,6.2,15,"[35, 18]",ml,0,0,167,Ashiq Usman Productions,Abhinav Sunder Nayak,"Naslen, Roshan Shanavas, Althaf Salim, Sangeeth Prathap, Sharafudheen"
1469513,tt38841795,Youngling,Малыш,2026-02-26,3.5836,5.5,2,"[18, 10752]",ru,0,0,114,"Bubblegum Production, Channel One, Cinema Foundation of Russia",Andrey Simonov,"Gleb Kalyuzhny, Ivan Alexeev, Oleg Vasilkov, Sergey Umanov, Pavel Chertok"
786567,tt8205190,Gandhi Talks,Gandhi Talks,2026-01-30,3.6201,7.333,3,[35],ta,0,0,133,"Movie Mill Entertainment, Zee Studios, Kyoorius Digital Private Limited, Pincmoon Meta Studios",Kishor Pandurang 'Belekar',"Vijay Sethupathi, Arvind Swamy, Aditi Rao Hydari, Divay Dhamija, Siddharth Jadhav"
1651866,,Solo Mission,Solo Mission,2026-03-13,3.3048,0.0,0,[28],de,0,0,14,"Deutsche POP, Lunessa Filmproduction",Patrick Glück,"Tuan Ryu Jin, Quentin Bates, Damian Buchinger, Robin Harsch, Gerd Höring"
1310573,tt37660515,Barrio Triste,Barrio Triste,2026-07-10,3.8531,10.0,1,"[80, 18]",en,0,0,84,"EDGLRD, WeOwnTheCity",STILLZ,"Juan Pablo Baena, Tomas Tinoco Higuita, Bryan Erlin Garcia, Samuel Andres Celis, Brahian Acecedo"
1591834,tt38046984,Familia a la deriva,Familia a la deriva,2026-01-22,3.7825,8.328,116,"[10751, 35]",es,0,0,98,"Pampa Films, Gloriamundi Producciones, Tiger House, Yellow Kingdom, No Idea Entertainment, Mallorca Film House, Star Original Productions",Alfonso Pineda Ulloa,"Mauricio Ochmann, Memo Villegas, Irán Castillo, Farah Justiniani, Ana Gonzalez Bello"
1512841,tt34861373,Last Routine,Šampión,2026-03-26,4.2492,0.0,0,"[18, 36]",sk,2000000,0,90,"Bedna Films, Česká televize, PFX, B Production",Jakub Červenka,"Adam Kubala, Jana Nagyová Pulm, Karel Dobrý, Gabriela Marcinková, Daniel Fischer"
1473439,tt36753615,Bad Lieutenant: Tokyo,バッド・ルーテナント:トウキョウ,2026-10-23,2.9322,0.0,0,"[53, 80, 28]",ja,0,0,108,"Pressman Film, Nippon Television Network Corporation, OLM, NEON, Recorded Picture Company",Takashi Miike,"Shun Oguri, Lily James, Gionna Daddio, Shotaro Mamiya, Shuhei Nomura"
1399525,tt35674521,Rose of Nevada,Rose of Nevada,2026-04-24,3.7157,6.6,28,"[9648, 18]",en,0,1345968,114,"Film4 Productions, BFI, Head Gear Films, Sound/Image Cinema Lab, Bosena, Metrol Technology",Mark Jenkin,"George MacKay, Callum Turner, Francis Magee, Edward Rowe, Rosalind Eleazar"
1650856,tt38286460,Dastaar,Dastaar,2026-07-17,3.813,0.0,0,"[36, 28, 18]",pa,0,0,150,White Hill Studios,Amar Hundal,"Oliver Briscombe, Prete Bhutani, Arnold Baksi, Geoff Hogg, Teddy Jay"
1760248,,Easy Prey,Presa Fácil,2026-07-17,3.624,0.0,0,"[27, 53]",pt,0,0,16,,Bruna Bahr,"Gláucia Vandeveld, André Santos Andrade"
1416281,tt32019321,Prostokvashino,Простоквашино,2026-01-01,3.8684,3.5,4,"[12, 10751]",ru,0,0,0,"Soyuzmultfilm, TNT, K.B.A., Gazprom-Media",Sarik Andreasyan,"Roman Pankov, Liza Moryak, Pavel Priluchnyy, Ivan Okhlobystin, Tatyana Orlova"
1564831,tt39368153,Tombé du ciel,Tombé du ciel,2026-08-12,3.7415,6.3,28,"[35, 10751]",fr,0,0,0,"Kissfilms, SND",Mohamed Hamidi,"Ilyes Djadel, Jamel Debbouze, Josiane Balasko, Fred Testot, Ted Etienne"
1370123,tt33797166,"Aida, the Movie",Aída y vuelta,2026-01-30,3.9003,6.841,82,[35],es,0,2000000,98,"Telecinco Cinema, The Mediapro Studio, Mediterráneo Mediaset España Group",Paco León,"Carmen Machi, Paco León, Miren Ibarguren, Mariano Peña, Eduardo Casanova"
1735893,tt43696908,The Hunted,The Hunted,2026-07-20,3.5117,0.0,0,[53],en,0,0,67,,Cayde Joy,"Jax Joy, Cayde Joy, Elysia Janssen, Rebecca O'Dowd, Carla Maggio De Leo"
1607599,,Break Point,Break Point,2026-01-02,3.9074,0.0,0,[18],en,0,0,4,,Phoebe Rensink,Jay Rensink
1508520,tt35591785,Four Birds,Four Birds,2026-03-10,3.4846,1.0,2,"[80, 18, 10749]",en,0,0,122,"Block Ink Productions, VictoryMills","Ameerah Rahman, Freddy Long","Tray Chaney, Brendan Goshay, Brittani Williams, Mahogany Raspberry, J. Shardae Pearson"
1680455,tt41404375,Shaken,Shaken,2026-04-24,3.9024,0.0,0,"[18, 53]",en,10000,0,14,Taylor Visuals,Millie Rose Evans,"Ryan King, Jessie Kuehne, Brent Michal, Foy Tootle, Julie Best"
1084409,tt14129116,A Talent for Murder,A Talent for Murder,2026-10-22,3.9017,0.0,0,"[18, 80]",en,0,0,106,"Lunar Pictures, Lucky Red, Zurich Avenue, LD Entertainment, Magnolia Mae Films, Head Gear Films, Metrol Technology, Brouhaha Entertainment",Anton Corbijn,"Olivia Cooke, Helen Mirren, Alden Ehrenreich, Juliet Stevenson, James Faulkner"
1763900,tt32921084,Cocaine,Cocaine,2026-09-05,3.9014,0.0,0,"[80, 18, 53]",hi,0,0,141,,Shravan Tiwari,"Abhimanyu Singh, Ashok Samarth, Nissar Khan"
1419306,tt10091064,Angel,Angel,2026-01-01,3.9002,2.0,1,[35],en,20000,0,22,"Bougie Arabs Entertainment, We Make Movies, LiLifornia Diaries Productions",Anna Koukouli Born,"Nicole Ansari-Cox, Rachael Hip-Flores, Jarrod Bogan, Nancy Frazen, Marcus Rucks"
1220522,tt30413898,Dacoit,డెకాయిట్,2026-04-10,3.8999,6.625,8,"[28, 10749, 53]",te,0,0,150,"S.S. Creations, Annapurna Studios",Shaneil Deo,"Adivi Sesh, Mrunal Thakur, Anurag Kashyap, Prakash Raj, Sunil Varma"
1589775,tt39292550,Wait For Me To Be Successful Later,Tunggu Aku Sukses Nanti,2026-03-18,3.8933,6.5,5,"[35, 18]",id,0,0,110,"Rapi Films, Screenplay Films, Legacy Pictures, Vortera Studios, Navvaros",Naya Anindita,"Ardit Erwandha, Lulu Tobing, Ariyo Wahab, Adzana Ashel, Niniek L. Karim"
1628295,,Informe Plus+. Eterno Wilfred,Informe Plus+. Eterno Wilfred,2026-02-02,3.8913,9.0,1,[99],es,0,0,0,Movistar Plus,Román Escoda,"Wilfred Agbonavare, Jesús Cota, Miguel Ángel Pozanco, Pedro Riesco, Miguel Ángel Sánchez 'Míchel'"
1686904,tt37136283,13 Souls,13 Souls,2026-08-29,3.8883,0.0,0,[27],en,0,0,94,"Film Mode Entertainment, Rose Pictures, Paris Produções, Accorde Filmes",Paulo Nascimento,"Sienna Belle, Tim Shelburne, Brielle Tucker, Bernard Applewhaite, Guenia Lemos"
1412214,tt39373791,The Kidnapping of a President,Presidentin kyyditys,2026-09-04,3.8846,5.0,1,"[35, 18, 36]",fi,3163000,0,87,"TACK Films, Bionaut, Labyrint Film, Münchhausen Films",Samuli Valkama,"Jussi Vatanen, Aku Sipola, Pertti Sveholm, Riitta Havukainen, Elias Salonen"
1600672,tt39215384,EVANGELION 30th Anniversary Special Screening,エヴァンゲリオン放送30周年記念特別興行,2026-02-21,3.8834,8.0,13,"[16, 878, 35]",ja,0,0,0,khara,Naoyuki Asano,"Yuko Miyamura, Megumi Ogata, Akira Ishida, Kotono Mitsuishi, Miki Nagasawa"
1755232,tt40007492,Will Revenge,Will Revenge,2026-08-29,3.8831,0.0,0,[],en,0,0,7,,William  F. Reed,"Zarin Bridgman, Connor B. Duncan, Nolan Fogleman, Katie Mack, Henry Masin"
1650556,tt36513205,To Be,To Be,2026-04-18,3.876,0.0,0,"[35, 36]",en,3000,0,15,Parasol Productions,Caroline Sierk,"Ethan Lupoff, Remy Carlisle, Kurt Leitner, Marlee Kitchen, Aidan Singh"
1022453,tt23790696,The Rajasaab,ది రాజాసాబ్,2026-01-08,3.8739,5.029,34,"[35, 27, 14, 28]",te,50000000,21000000,186,"People Media Factory, IVY Entertainment",Maruthi Dasari,"Prabhas, Sanjay Dutt, Zarina Wahab, Nidhhi Agerwal, Malavika Mohanan"
1381202,tt33372918,The Outer Threat,The Outer Threat,2026-07-24,3.8728,5.571,14,"[878, 53]",en,0,0,94,"Sara Fost Pictures, Obvious Allegory, TimeLapse Pictures",William Woods,"Constance Wu, Mark O'Brien, William Fichtner, Isaac Smelcer-Zhang, Oscar Hsu"
1476746,tt33214716,The Florist,The Florist,2026-09-24,3.8713,0.0,0,"[28, 53]",en,0,0,0,"CaliWood Pictures, BondIt Media Capital, Buffalo 8, Volcanic Films, Film Bridge International, Midwest",Babak Najafi,"Dennis Quaid, Jean Reno, Sky Katz, Jim Klock, Leonidas Gulaptis"
874860,tt8080418,Storm Rider: Legend of Hammerhead,Storm Rider: Legend of Hammerhead,2026-03-13,3.8631,5.3,11,"[12, 878, 28]",en,0,0,105,"Fig Production Group, Garden of Titans, Dida Boža d.o.o.","Zoran Lisinac, Domagoj Mazuran","Marco Ilsø, Billy Barratt, Gilles Geary, Sarah-Sofie Boussnina, Ivana Dudić"
1764500,,O ofício,O ofício,2026-05-01,3.8629,0.0,0,[35],pt,0,0,0,,Cadu D Scardovelli,"Filipe de Oliveira, Mae Pinheiro, Vinicius Valim, Rhanna Marqui, Keit Vezu"
1542847,tt38454793,The Abyss,Пропасть,2026-05-28,3.8609,4.25,4,"[18, 53]",ru,0,0,80,"Vodorod Film Company, Art Pictures Studio",Aleksey Ionov,"Mark Eydelshteyn, Tina Stoyilkovich, Stepan Belozerov, Ivan Zabelin, Viktoriya Butskikh"
1502135,,Hideaway: The Dossiers,密档,2026-08-28,3.8577,0.0,0,"[18, 9648]",zh,0,0,132,Shanghai Media Group 上海文化广播影视集团 (SMG),Zheng Dasheng,"Yuan Hong, Yanxi Li, Shao Feng, Xie Chengying, Li Xiaochuan"
1389727,tt34664406,Solos,Solos,2026-03-07,3.8556,6.4,15,"[35, 18]",es,0,0,83,"Álamo Producciones Audiovisuales, Secuoya Studios, Melocotonero Producciones SL, A Contracorriente Films",Guillermo Ríos Bordón,"Kira Miró, Carlos Santos, Salva Reina, Elia Galera, Alba Tonini"
1763715,tt43682797,HEAD,HEAD,2026-05-06,3.8554,0.0,0,"[18, 9648]",en,3000,0,11,,Olly Forsyth,"Jack Clark, Martin Murphy, Lukah Bittakah, Paul Forsyth, Archie Wright"
1678192,tt33975472,Blood Witch,Blood Witch,2026-04-17,3.8394,2.0,2,[27],en,0,0,80,,Chris Shane Sanders,"Lyndsey Sheppard, Denny Nolan, Andrew Pierson, Jon-Paul Gates, Chris Shane Sanders"
1661475,,My Awards,Mis premios,2026-04-19,3.8393,0.0,0,[],es,0,0,65,J35u5,Nicolás Valentini,"Walter Tiepelmann, Alejandro Zavaleta, Jana Wolff, Ernesto Ardito, Virna Molina"
1764258,tt38582670,Landing Nowhere,Landing Nowhere,2026-10-02,3.8376,0.0,0,[],en,2700,0,24,Studio Tempest,Samuel Mason,"Eireann Devlin, Andrew Dowbiggin"
1433929,tt35890599,N121 Bus de nuit,N121 Bus de nuit,2026-02-04,3.8336,6.104,24,[53],fr,0,0,0,"Ripley films, Cheyenne Federation, Wild Bunch",Morade Aïssaoui,"Riadh Belaïche, Bakary Diombera, Gaspard Gevin-Hié, Mylène Jampanoï, Paola Locatelli"
1479852,tt28144668,Run Amok,Run Amok,2026-01-26,3.8318,2.0,1,"[35, 18]",en,0,0,103,"Tandem Pictures, Greenmachine Films",NB Mager,"Alyssa Marvin, Patrick Wilson, Margaret Cho, Elizabeth Marvel, Molly Ringwald"
1654516,tt40915016,Babita Singh Reporting,बबीता सिंह रिपोर्टिंग,2026-08-28,3.8187,5.0,2,"[80, 18]",hi,0,0,131,"Film Squad Productions, Act Three, Amazon MGM Studios",Ambiecka Pandit,"Nimisha Sajayan, Anshumaan Pushkar, Barun Sobti, Rajesh Kumar, Geetika Vidya"
1603145,tt38816122,Champagne,Champagne,2026-03-19,3.8072,6.6,5,[18],nl,0,0,0,"Aattache Films, Incredible Film",Tim Kamps,"Leo Alkemade, Huub Stapel, Jennifer Hoffman, Beppie Melissen, Guus Meeuwis"
1722713,tt39398878,Miguel Ángel Blanco: The 48 Hours That Changed Spain,Miguel Ángel Blanco: Las 48 horas que lo cambiaron todo,2026-07-10,3.798,7.6,14,[99],es,0,0,93,THE TINTIRIN TEAM,"Jon Sistiaga, Juanjo López","Miguel Ángel Blanco, Felipe VI, María del Mar Blanco, Benito Aguirre, Iñaki Anasagasti"
1658505,tt34991845,Tranquility: Aeterna,Tranquility: Aeterna,2026-02-04,3.7978,6.0,1,"[18, 9648]",en,0,0,87,"Extreme Features, Extreme Films Productions",Alexander Geil,"Keith R. Beck, Brianna D'Ambra, Emma Rose, Alexander Geil, Erin Gannon"
1610901,tt39773435,Aag Lagay Basti Mein,آگ لگے بستی میں,2026-03-20,3.7931,0.0,0,"[28, 80, 35]",ur,0,0,140,"Big Bang Entertainment, Salman Iqbal Films, ARY Films",Bilal Atif Khan,"Fahad Mustafa, Mahira Khan, Javed Sheikh, Tabish Hashmi, Salahuddin Tunio"
1766421,tt39089238,Blood Money,Blood Money,2026-10-02,3.7923,0.0,0,"[18, 80]",sq,0,0,110,On Film Production,Enkelejd Lluca,"Moritz Bleibtreu, Noizy, Blerim Destani, Kaona Sylejmani, Islam Dulatov"
1763284,,ANNABYSSE,ANNABYSSE,2026-03-23,3.7923,10.0,1,"[18, 9648]",fr,800,0,0,Ilona VR,Ilona VANCO - - REGINA,"jade CADEAU, LAMBROT Laetitia, SALLON Emmanuel, Ilona VANCO - - REGINA"
1659196,tt42024512,Mengejar Zara,Mengejar Zara,2026-03-18,3.7921,0.0,0,"[18, 10749]",id,0,0,99,"Aletta Pictures, Hathor Pictures",Harris Nizam,"Selma Kusic, Richard Derick, Tabah Penemuan, Ray Surajaya, Alfian Anthony"
1602337,tt39385419,Parimala and Co,பரிமளா & கோ,2026-06-05,3.7892,5.615,13,"[80, 35, 9648, 53]",ta,0,0,138,"Lyca Productions, Pasanga Productions, Tamilkumaran Production",Pandiraj,"Jayaram, Urvashi, Sanjana Krishnamoorthy, Ananthika Sanilkumar, Mysskin"
1670409,tt42435292,Detention,La Détention,2026-05-14,3.7885,0.0,0,[99],fr,0,0,132,"TS Productions, Triptyque Films",Guillaume Massart,
1763835,tt15890944,Informal Crooks,Informal Crooks,2026-07-18,3.7847,0.0,0,[80],en,0,0,79,,Matteo Saradini,"Bailey Coppola, Morgan MacLean, Vinny 'Dreams' Barbetto, Lee Rach, Magnus Diehl"
1422612,tt39368177,The Giaccomo,The Giaccomo,2026-06-17,3.7778,6.7,3,[35],fr,0,0,94,"TF1 Films Production, Quad Productions",Baptiste Drapeau,"Xavier Lacaille, Ragnar Le Breton, Benjamin Castaldi, Bastos, Thibaud Delapart"
1215919,tt26764007,My Sister's Bones,My Sister's Bones,2026-01-30,3.7765,6.75,14,"[18, 53, 27]",en,0,0,81,"BK Studios, Head Gear Films, Metrol Technology",Heidi Greensmith,"Jenny Seagrove, Anna Friel, Ben Miles, David Bradley, Lovi Poe"
1557013,tt39371437,What Will I Become?,What Will I Become?,2026-02-17,3.7743,10.0,1,"[99, 16, 18, 10402]",en,0,0,90,"ITVS, Deep Dive Films, Storylens Pictures","Lexie Bean, Logan Rozos","Lexie Bean, Logan Rozos, Blake Brockington, Kyler Prescott"
1739444,,A Second Chance at Yesterday,Viagem Perdida,2026-07-25,3.7736,10.0,3,[18],pt,0,0,0,,Clara Macedo,"Bia Cota, Fernanda Didier, Carlos Maciel"
1611914,tt15367676,Washed Up,Washed Up,2026-03-25,3.7736,0.0,0,"[35, 14, 10749]",en,0,0,85,"Aki Studio London, Maximalist Productions",Isabel Daly,"Anna Ivankovic, Carys Glynne, Anna Liddell, Sam Hunter, Sally Geake"
1568038,tt38773523,Krakatoa,Krakatoa,2026-01-31,3.7736,0.0,0,"[28, 18, 99]",xx,0,0,79,"Map Productions, Filmika Galaika, La banda negra, AMI, Etnograf",Carlos Casas,Roni Hensilayah
1217924,tt26680792,Unstoppable,Ustoppelig,2026-01-24,3.7733,6.2,4,"[12, 16, 35, 10751]",no,8500000,0,86,"Storm Films, Beside Productions",Martin Lund,"Amalie Stuve, Kåre Conradi, Markus Neby, Else Kåss Furuseth, Bartek Kaminski"
1593694,tt36450921,The Strawberry,The Strawberry,2026-04-04,3.7708,0.0,0,[18],en,0,0,97,"Slabtown Studios, SuperImage, Ltd.","Kyle Plummer, Carlos Plummer","Mike Farrell, Doug Jones, Suanne Spoke, Angelina Barbieri, Josh Garrett"
1295691,tt29495236,The Fox King,Semusim Lara,2026-09-17,3.7688,0.0,0,[18],ms,0,0,94,"Sunstrong Entertainment, Greenlight Pictures, Da Huang Pictures, KawanKawan Media, Kuman Pictures",Woo Ming Jin,"Dian Sastrowardoyo, Idan Aedan, Hadi Putra, Chew Kin Wah, Amerul Affendi"
1662599,tt11100168,The Mummy,The Mummy,2026-04-03,3.768,3.4,5,[27],en,0,0,95,"The Asylum, NeverDie Studios",Maurice Chauvet,"Jon Jacobs, Lisa Zane, Apoorva Mittra, Siena Goines, Sheba Jade"
1376043,tt35671745,Mata,Mata,2026-05-27,3.768,6.2,22,"[53, 18]",fr,0,0,98,"ChevalDeuxTrois, Nolita, Wrong Men, Marvelous Productions",Rachel Lang,"Eye Haïdara, Joséphine Japy, Raphaël Personnaz, Hakim Jemili, Chloé Jouannet"
1371023,tt34498111,Chand Mera Dil,चाँद मेरा दिल,2026-05-22,3.7676,5.6,9,"[10749, 18]",hi,0,0,142,Dharma Productions,Vivek Soni,"Ananya Panday, Lakshya, Aastha Singh, Paresh Pahuja, Manish Chaudhary"
1653922,tt39821220,London's Last Wilderness,London's Last Wilderness,2026-04-24,3.7662,0.0,0,"[878, 99]",en,0,0,60,Burning Films Ltd,Pablo Behrens,"Marcus Darivas, Anastasia Pillar"
1466230,tt39772804,Dante,Dante & miljonerna,2026-03-07,3.7642,0.0,0,"[16, 10751, 35, 9648]",sv,0,0,76,"LEE Film, Svenska Filminstitutet, Nørlum, Mikrofilm",Linda Hambäck,"Stellan Skarsgård, David Dencik, Noemi Sjöblom, Vanna Rosenberg, Eric Stern"
1542995,tt38792109,Bonolota Express,বনলতা এক্সপ্রেস,2026-03-21,3.761,8.5,14,"[18, 35, 10751]",bn,0,0,153,"Buriganga Talkies, Hoichoi Studios, Dope Productions, Hoichoi (BD)",Tanim Noor,"Mosharraf Karim, Chanchal Chowdhury, Sariful Razz, Sabila Nur, Shamol Mawla"
1640697,tt40837826,Diabolical: The Epstein Files,Diabolical: The Epstein Files,2026-03-02,3.7507,6.7,14,"[99, 80]",en,0,0,89,"Australian Broadcasting Corporation, ABC TV",Justin Stevens,"Grace Tobin, Marjorie Taylor Greene, Thomas Massie, Ro Khanna, David Schoen"
1544034,tt37531157,Billie,Billie,2026-09-17,3.7484,0.0,0,"[35, 18]",de,0,0,108,Equality Film,Sheri Hagen,"Ruby Commey, Thelma Buabeng, Joy Ewulu, Timo Jacobs, Roxana Safarabadi"
1611789,tt39196672,The Liars,Los Mentirosos,2026-01-24,3.7461,0.0,0,"[35, 18]",es,0,0,19,"Primo Content, Obra, Seĩva, eddy",Eduardo Braun Costa,"Noah Roja, Filippo Carrozza, Mariana Chaud, Esteban Bigliardi, Pablo Fusco"
1641961,tt40224397,Untold: The Death & Life of Lamar Odom,Untold: The Death & Life of Lamar Odom,2026-03-31,3.744,6.729,24,[99],en,0,0,81,"Propagate Content, Stardust Frames",Ryan Duffy,"Lamar Odom, Khloé Kardashian, Liza Morales, LJ Odom, Destiny Odom"
1764339,tt43708837,Cuttlefish,Cuttlefish,2026-09-05,3.7349,0.0,0,"[18, 53]",en,0,0,97,Taheri Studios,Arman Taheri,"Bryson Steen, Givan Onuaguluchi-May, Rene Ponce, Cooper Musser, Cervera Braxton"
1288246,tt21087510,The Huntsman,The Huntsman,2026-02-06,3.7271,6.226,31,"[53, 9648]",en,0,0,103,"SafeHouse Films, Plymouth Rock Entertainment",Kyle Kauwika Harris,"Shawn Ashmore, Elizabeth Mitchell, Jessy Schram, Garret Dillahunt, Brent Bailey"
1604226,tt40110177,"Ayah, Ini Arahnya Ke Mana, Ya?","Ayah, Ini Arahnya Ke Mana, Ya?",2026-04-09,3.7269,6.3,3,"[18, 10751]",id,0,0,103,"Five Elements Pictures, Investasi Film Indonesia, AZ Films, Leo Pictures, Kults Creative",Kuntz Agus,"Mawar de Jongh, Rey Bong, Dwi Sasono, Unique Priscilla, Baskara Mahendra"
1493123,tt41475205,Killhouse,Кіллхаус,2026-04-23,3.7222,6.9,14,"[10752, 28, 18]",uk,0,0,152,,Liubomyr Levytskyi,"Serhiy Strelnykov, Denis Kapustin, Alexandra Soroka, Valeriy Velichko, Oleksandr Rudko"
1611531,tt39350582,Sadali,Sadali,2026-02-05,3.7217,6.0,2,"[18, 10749]",id,0,0,89,"MVP Pictures, The Panasdalam Pictures",Kuntz Agus,"Ajil Ditto, Adinia Wirasti, Hanggini, Ciara Nadine Brosnan, Faiz Vishal"
1636593,tt39554253,Us in the End,Tayo sa Wakas,2026-05-27,3.7208,8.5,3,"[10749, 18]",tl,0,0,103,"Star Cinema – ABS-CBN Film Productions, ABS-CBN Studios",Cathy Garcia-Sampana,"Belle Mariano, Donny Pangilinan, Epy Quizon, Joross Gamboa, Yayo Aguila"
1748664,tt36160604,Captain Newfoundland,Captain Newfoundland,2026-09-17,3.7201,0.0,0,"[99, 16, 35]",en,0,0,94,"Seachange Films, Game Theory Films","Jamie Miller, Mike Feehan","Geoff Stirling, Mike Feehan, Mark Critch, Greg Malone, G. Scott Stirling"
1177767,tt33301434,Mile End Kicks,Mile End Kicks,2026-04-17,3.72,5.7,37,"[35, 10749, 18]",en,0,543238,112,"Zapruder Films, Banner House Productions, XYZ Films, IPR.VC, Rhombus Media, Elevation Pictures, Entract Studios",Chandler Levack,"Barbie Ferreira, Devon Bostick, Stanley Simons, Juliette Gariépy, Jay Baruchel"
1658118,tt42769175,Above the Waterline,Obras muertas,2026-04-23,3.7184,0.0,0,[99],es,0,0,72,"La Bête, Mimbre Producciones",Elisa Sepulveda Ruddoff,
1362786,tt34382332,Old Bandits,Velhos Bandidos,2026-03-26,3.7163,6.9,29,"[35, 28, 80]",pt,0,0,93,"Conspiração Filmes, Estúdios Globo, Buena Vista International Brasil, Claro, Star Original Productions, Agência Nacional do Cinema - ANCINE, Ministério da Cultura/Governo Federal",Cláudio Torres,"Fernanda Montenegro, Ary Fontoura, Bruna Marquezine, Vladimir Brichta, Lázaro Ramos"
1729010,tt39524091,The Night Everything Changed,The Night Everything Changed,2026-07-10,3.7082,4.5,2,"[53, 10770]",en,0,0,90,"Elemental Pictures, Studio TF1 America",Elsbeth McCall,"Lara Amersey, Monica Rodriguez Knox, Sasha Clements, Justin Nurse, Nicole Redmond"
1754879,,The Cord,Кіндік,2026-10-09,3.7081,0.0,0,[18],kk,0,0,120,Salem Entertainment,Darkhan Tulegenov,"Aigerim Mustafa, Tolkyn Nurbekova, Assel Akbarova, Ansar Bolatbekuly, Damir Amangel’din"
1758051,,Hening Rindu,Hening Rindu,2026-01-01,3.7077,0.0,0,[],en,0,0,0,Illusion Maya Sdn Bhd,Aizad Rosli,"Nazeera Sardi, Fauzi Nawawi, Ziema Din, Ezaidi Aziz, Qaid Aqwa"
1756300,,As Testemunhas,As Testemunhas,2026-08-20,3.7067,0.0,0,"[18, 53]",pt,0,0,0,Buguelo Filmes,Theo Nogueira,"Bia Cardoso, Dayana Alencar, Donizete Santos, Luísa Adorno, Renan Novaez"
1641327,tt27043906,Collision Theory,Collision Theory,2026-02-19,3.7067,0.0,0,[35],en,20000,0,20,,Vanessa Lavoie,"Amber Tiara, Dwight Evans, Kathryn Kelley, Tom Long, Tyler Phan"
1754901,,"Listen, Mom",Άκου μαμά,2026-08-27,3.7058,0.0,0,[18],el,5000,0,22,,Tony Kris,"Thanasis Tsaltabasis, Mairi Stavrakelli, Orfeas Papadopoulos"
1506833,tt37563829,Magudam,மகுடம்,2026-08-14,3.7057,0.0,0,"[28, 53]",ta,0,0,184,Super Good Films,Vishal Krishna,"Vishal Krishna, Anjali, Dushara Vijayan, John Vijay, Jayaprakash"
1744007,tt42721458,Geo-Storm,Geo-Storm,2026-07-24,3.7023,1.0,1,[],en,0,0,88,The Asylum,Anthony C. Ferrante,"Daniel Baldwin, Jessica Morris, Nate Timmerman, Alison Gold, Diamond Marie Buckley"
1178620,tt38503727,"Montreal, My Beautiful","Montréal, ma belle",2026-02-13,3.7019,6.7,7,"[18, 10749]",fr,0,0,118,"Red Dawn Productions, Films Camera Oscura",Xiaodan He,"Joan Chen, Charlotte Aubin, John Xu, Pei Yao Xu, Anzhe Angelo Zhang"
1741329,tt43725159,Simon Says,Simon Says,2026-07-30,3.7017,4.667,3,"[27, 53]",en,50000,0,21,Prime Capitol,"Jake Dufner, Kyle Godfrey","Chance Miller, Rachel Vander Doelen, Jake Dufner, Teagan Gage, Kyle Godfrey"
1234139,tt33318732,Jailer 2,ஜெயிலர் 2,2026-10-15,3.7005,0.0,0,"[28, 35]",ta,0,0,0,Sun Pictures,Nelson Dilipkumar,"Rajinikanth, S. J. Suryah, Suraj Venjaramoodu, Mithun Chakraborty, Ramya Krishnan"
1639961,,Tradimento,Tradimento,2026-02-21,3.6976,0.0,0,"[80, 18]",en,800,0,10,"Real to Reel Entertainment, Otherside Studios",Josiah Miller,"Joseph Mercer, Don Lindsey, Blaine Rincon, Josiah Miller, Lori Potter"
1533928,tt41075537,Bachelor Party D'eux,ബാച്ച്‌ലർ പാർട്ടി ഡിയക്സ്,2026-11-19,3.6971,0.0,0,"[28, 35, 80]",ml,0,0,0,"Amal Neerad Productions, Anwar Rasheed Entertainments, Fahadh Faasil and Friends Private Limited",Amal Neerad,"Naslen, Soubin Shahir, Rajisha Vijayan, Hansika Krishna, Kunchacko Boban"
1632231,,The Shedding,La mue,2026-03-18,3.6956,0.0,0,"[53, 10749, 27]",fr,0,0,25,Gonk Films,Benjamin Lussier,"Mickaël Gouin, Francis Ducharme, Catherine Brunet, Cynthia Mateu, Benjamin Lussier"
1432547,tt36148135,ALL YOU NEED IS KILL,ALL YOU NEED IS KILL,2026-01-09,3.6938,6.389,36,"[16, 28, 9648, 878]",ja,0,0,86,"STUDIO4℃, Warner Bros. Japan",Kenichiro Akimoto,"Ai Mikami, Natsuki Hanae, Kana Hanazawa, Hiccorohee, Mo Chugakusei"
1595128,tt15160410,Lure,Lure,2026-02-02,3.6849,5.7,5,[27],en,0,0,93,,Oliver Cox,"Silvia Presente, Kit Esuruoso, Joey Lockhart, Paul David-Gough, Fred Batt"
1737292,tt43708682,Boy Trouble,Boy Trouble,2026-08-01,3.6843,0.0,0,"[27, 35]",en,0,0,12,,"Blake Mertens, Stephanie Rose Rexus","Lianna Karisa, Ryan Kennedy, Valeria Hesse, Sophie Kashman, Robyn Jain"
1477836,tt36841098,Bone Keeper,Bone Keeper,2026-04-02,3.6785,5.1,24,"[27, 12, 878]",en,0,0,90,Latitude Films,Howard J. Ford,"John Rhys-Davies, Sophia Eleni, Sarah Alexandra Marks, Louis James, Tiffany Hannam-Daniels"
1658209,tt40112747,Maid's Obsession,Maid's Obsession,2026-03-27,3.6776,3.7,3,"[18, 10749]",tl,0,0,62,Vivamax,Ronald Espinosa Batallones,"Cheena Dizon, Queenie De Mesa, Je Ann Fortich, Ardy Raymundo, James Vásquez"
1745518,,Her Ciro,Her Ciro,2026-08-08,3.6744,0.0,0,[18],es,0,0,5,"MAÍZ Motion Pictures, Dust Wave",Nata Aguilar,"Valentín Mexico, Michelle Cobos-Gonçalves, Michael Madrigal, Nata Aguilar"
1625582,tt39310158,The Kerala Story 2,The Kerala Story 2,2026-02-27,3.6737,5.4,5,"[80, 18]",hi,0,0,131,Sunshine Pictures,Kamakhya Narayan Singh,"Ulka Gupta, Aishwarya Ojha, Aditi Bhatia, Arjan Aujla, Abhishek Shankar"
1712201,tt33293307,Perfect Love,Perfect Love,2026-06-16,3.6732,0.0,0,[18],en,35000,0,13,Burning House Productions,Kelly McCready,"Devlin Stark, Tatiana Wechsler, Sophie Kelly-Hedrick, Zoe Ann Ziesenitz, Angel Fu"
1564939,tt39376935,Tenement,Tenement,2026-02-17,3.6713,1.0,1,"[53, 28]",tl,0,0,92,Vivamax,Philip King,"Arron Villaflor, Marco Gallo, Benz Sangalang, Yen Renee Durano, Franki Russell"
1596276,tt39150043,To Hold a Mountain,Planina,2026-01-26,3.671,8.0,1,[99],sr,0,0,105,Filmski centar Crne Gore,"Biljana Tutorov, Petar Glomazić","Mileva Gara Jovanović, Nada Stanišić"
1423253,tt32474264,Korean Kanakaraju,కొరియన్ కనకరాజు,2026-08-06,3.6688,7.0,4,"[35, 27, 28]",te,0,0,165,"UV Creations, First Frame Entertainment",Merlapaka Gandhi,"Varun Tej, Ritika Nayak, Sunil Varma, Satya, VTV Ganesh"
1513010,tt31948486,Dance of the Living,La Lucha,2026-01-30,3.6685,7.5,4,[18],es,0,0,92,"El Viaje Films, Blond Indian Films",José Ángel Alayón Dévora,"Yazmina Estupiñan, Tomasín Padrón, Inés Cano, Sara Cano, Aridany Pérez"
1381151,tt14734016,Holy Days,Holy Days,2026-02-26,3.6631,6.6,10,"[12, 35, 18]",en,0,0,101,"Firefly Films, Lily Pictures, Velvet Moss, New Zealand Film Commission, Téléfilm Canada, CBC Films, Creative BC",Nathalie Boltt,"Judy Davis, Miriam Margolyes, Jacki Weaver, Elijah Tamati, Craig Hall"
1620313,tt39602215,The Samurai and the Prisoner,黒牢城,2026-06-19,3.6601,7.9,12,"[18, 36, 9648]",ja,0,6558509,147,"Shochiku, TBS, Shochiku Studio",Kiyoshi Kurosawa,"Masahiro Motoki, Masaki Suda, Yuriko Yoshitaka, Munetaka Aoki, Ryota Miyadate"
1752153,tt44489531,Não entre,Não entre,2026-08-21,3.6564,0.0,0,"[27, 35]",pt,0,0,0,BananaTheMovie,"Pedro H. Vieira, Miguel Lima","Pedro H. Vieira, Miguel Lima"
1336770,tt33245761,Vaazha II,വാഴ II,2026-04-02,3.6484,7.591,22,"[35, 18]",ml,1079884,21181760,162,"WBTS Productions, Imagin Cinemas, Shine Screens, Signature Studios, Icon Studios",Savin Sa,"Hashir, Alan Bin Siraj, Ajin Joy, Vinayak V, Alphonse Puthren"
1671257,tt36847382,Voices,Voices,2026-09-14,3.6469,0.0,0,"[18, 10402]",en,0,0,99,"InVein Productions, Charlie Bit Me Joints, We On Set",Deantè Gray,"Francis C. Edemobi, Ezekiel Ajeigbe, Raèl Ba, Joe Maye, Jamal R. Averett"
1443774,tt37511048,Deviens génial,Deviens génial,2026-06-17,3.6462,6.667,9,[35],fr,0,0,92,"Nolita, Studio TF1",Léo Grandperret,"Manu Payet, Elisa Murphy, Melha Bedia, Thomas Krutmann, Julia Stolba"
1675418,tt39325805,Tragic Villain,Tragic Villain,2026-04-08,3.5956,0.0,0,[53],en,0,0,90,,Delinda Kay,"Izaiah Wimbush, Joseline Thomas, Taishona Anderson, Chris Falcon, Charnesé Fitzgerald"
1439171,tt38188218,神探之痕迹,神探之痕迹,2026-10-01,3.6819,0.0,0,"[80, 18]",zh,0,0,0,"New Classics Media, As One Production",Chen Sicheng,"Zhang Yi, Ma Li, Chen Minghao, Li Xuejian, Karry Wang"
1748109,,PsyFi*,PsyFi*,2026-06-12,3.2877,0.0,0,[14],en,0,0,0,Gummy Films,Chloe Wise,"Michael Buscemi, JT, Lucas Bravo, Chloe Wise"
1710008,tt39385949,Nothing to Lose,Jusqu'au bout,2026-07-08,4.0129,7.178,76,"[28, 18]",fr,0,0,102,,"Nawell Madani, Ludovic Colbeau-Justin","Nawell Madani, Guillaume Gouix, Nicolas Briançon, David Salles, Aissatou Diallo Sagna"
1602830,tt43665767,Maharaja Hostel,മഹാരാജ ഹോസ്റ്റ,2026-07-24,2.996,3.5,2,"[27, 35]",ml,0,0,128,,Charu Wakan,"Akhil Nrd, Akhil Sha, Ann Maria, Sandheep SP, Sajin Cherukayil"
1636674,tt39328330,Beyond Sasquatch,Beyond Sasquatch,2026-03-13,3.5992,10.0,1,"[27, 53]",en,0,0,70,,Gregory Hatanaka,"Tessa Raine, Sofia Papuashvili, Chris Spinelli, Jasmine Lynn, Emiko Ishii"
1608055,tt39375930,Payback,Balas Budi,2026-02-05,3.7142,6.0,3,"[10749, 35]",id,0,0,88,"im-a-gin-e, Anami Films, Ten Cuts",Reka Wijaya,"Yoshi Sudarso, Michelle Ziudith, Givina, Niken Anjani, Gisella Anastasia"
1562032,tt38677100,Father Joe,Father Joe,2026-09-05,3.549,7.5,2,"[28, 80, 53]",en,0,0,116,"EuropaCorp, LBP",Barthélémy Grossmann,"Kiefer Sutherland, Al Pacino, Ever Anderson, Michael Rispoli, Sebastián sierra"
1713549,tt36732935,Student Tours,Student Tours,2026-05-01,3.0303,0.0,0,[35],en,0,0,11,,Krishna Menon,"Allyson Adamsen, Bryan Diaz Alavez, Adam Hilker, Rachel Gehlen, Kourtenaye Monroe"
1616382,tt36270448,The Snake,The Snake,2026-03-13,3.3178,0.0,0,"[35, 18]",en,0,0,89,Club Red Productions,Jenna MacMillan,"Susan Kent, Jonathan Torrens, Robin Duke, Dan Petronijevic, Emma Hunter"
1335666,tt16112292,Glenrothan,Glenrothan,2026-04-17,3.9073,6.2,15,"[18, 35]",en,0,44671,99,"Nevision, Gold Rush Pictures, Infinity Hill, Blazing Griffin, Head Gear Films, Metrol Technology, Oval-5",Brian Cox,"Brian Cox, Alan Cumming, Shirley Henderson, Alexandra Shipp, Alexandra Wilkie-Millar"
1582328,tt39130911,Love At Last,Sonunda Sen,2026-03-27,3.19,5.167,6,"[35, 10749]",tr,0,0,0,03 Medya,Doğa Can Anafarta,"Eda Ece, Kaan Yıldırım, Pelin Uluksar, Devrim Yakut, Tamer Levent"
1487320,tt39773309,The Giant Falls,El último gigante,2026-04-01,3.269,7.4,29,[18],es,0,0,102,"Leyenda Films, Kuarzo Entertainment Argentina",Marcos Carnevale,"Oscar Martínez, Matías Mayer, Inés Estévez, Luis Luque, Silvia Kutika"
1569733,,Open,Hranice vernosti,2026-05-20,4.2429,0.0,0,[99],sk,0,0,83,,Diana Fabianova,
1592586,tt39112665,The Ogre's Bride,鬼の花嫁,2026-03-27,3.6467,9.0,0,"[10749, 14]",ja,0,3890000,0,,Chihiro Ikeda,"Ren Nagase, Ai Yoshikawa, Kentaro Ito, Toshinori Omi, Rin Kataoka"
1591909,tt39166982,Willow World,Willow World,2026-03-28,3.6787,0.0,0,[99],en,0,0,11,Toronto Metropolitan University,Juliet Belisario,Juliet Belisario
1762529,tt44953055,The Unrehearsed,The Unrehearsed,2026-09-19,3.3496,0.0,0,"[27, 53]",en,3000,0,15,"Repugnant Riddles Productions, Weaver Media",Alec Douglas,"Avalon Greenberg Call, Abby Langh, Tyson Brown, Veronica Concepcion, Madyson Kimble"
1498047,tt37455096,My Amazing Grandma,Abuela tremenda,2026-01-01,3.0709,7.015,33,"[35, 10751]",es,0,0,87,"Feelgood Media, Kowalski Films, Atresmedia Cine",Ana Vázquez,"Elena Irureta, Toni Acosta, Carla Pastor, Eduardo Antuña, Santi Alverú"
1437925,tt36899180,Moulin,Moulin,2026-10-28,3.3623,0.0,0,"[36, 18, 10752]",fr,0,0,130,"Pitchipoï Productions, Studio TF1, TF1 Films Production, uMedia, Cinécap 9, Indéfilms 14, uFund, 193, OD Films",László Nemes,"Gilles Lellouche, Lars Eidinger, Louise Bourgoin, Marcin Czarnik, Max Warburton"
1084728,tt32243339,Asterix: The Kingdom of Nubia,Astérix - Le Royaume de Nubie,2026-12-02,3.6245,0.0,0,"[16, 12, 35, 10751, 14]",fr,30000000,0,86,"SND, M6 Films, Superprod Animation",Alexandre Heboyan,"Christian Clavier, François-Xavier Demaison, Bernard Alane, Issa Doumbia, Eye Haïdara"
1534530,tt35956182,The Whisper,El susurro,2026-01-22,3.6103,7.167,42,[27],es,0,0,101,"Mother Superior, NonStop, Machaco Films",Gustavo Hernández,"Ana Clara Guanco, Marcelo Michinaux, Luciano Cáceres, Horacio Camandulle, Rasjid César"
1734769,tt13153946,In Alaska,In Alaska,2026-09-11,3.6069,0.0,0,[18],en,0,0,108,"IJswater Films, Experimental Forest Films","Jaap van Heusden, Vinnie Karetak","Noomi Rapace, Leo Matthew Temela, Yin Wang, Zorga Qaunaq, Miali Buscemi"
1416391,tt34498610,Toaster,टोस्टर,2026-04-15,3.6047,5.986,37,"[35, 80, 28]",hi,0,0,126,Kampa Films,Vivek Daschaudary,"Rajkummar Rao, Sanya Malhotra, Archana Puran Singh, Upendra Limaye, Abhishek Banerjee"
1764171,,Children Of The Whales,Китята,2026-09-26,3.6027,0.0,0,[99],ru,0,0,20,FSRC,Vladislav Bakhanovich,
1674893,tt43520896,People's Emergency Briefing,People's Emergency Briefing,2026-04-07,3.602,0.0,0,[99],en,10000,0,50,,Marcus Jones,"Chris Packham, Mike Berners-Lee, Hayley Fowler, Nathalie Seddon, Kevin Anderson"
1528577,tt38934698,Bunny!!,Thỏ Ơi!!,2026-02-17,3.6006,7.0,1,"[10749, 18, 53]",vi,2000000,16530400,127,"Trấn Thành Town, Galaxy Studio, HKFilm",Trấn Thành,"Trấn Thành, Nguyen Dieu Huyen, LyLy, Pháp Kiều, Gil Le"
1473592,tt40553620,Midnight Girls,Midnight Girls,2026-05-13,3.5979,10.0,1,[18],tl,0,0,104,TJAV Production,Irene Emma Villamor,"Jodi Sta. Maria, Jane Oineza, Loisa Andalio, Sanya Lopez, Carmi Martin"
1648961,,Marinella,Marinella,2026-03-17,3.5965,5.5,1,[35],fr,0,0,0,"Ki m'aime me suive, Supermouche Productions, Théâtre de la Madeleine",François Hanss,"Victoria Abril, Isabelle de Botton, Didier Brice, Christophe Canard, Philippe Touzel"
1561758,tt38681815,It Takes a Village,Podlasie,2026-04-01,3.5931,5.222,18,"[10749, 35]",pl,0,0,94,ZPR Media Film & TV,Łukasz Kośmicki,"Anna Seniuk, Artur Barciś, Filip Gurłacz, Joanna Trzepiecińska, Anna Szymańczyk"
1549315,tt35223471,Operation Cronos,Cronos,2026-09-04,3.5927,6.2,5,"[53, 18]",ca,0,0,0,"Beta Fiction Spain, Nostromo Pictures, 3Cat, ICEC, Movistar Plus",Fernando González Molina,"Enric Auquer, Diana Gómez, Mónica López, Pablo Derqui, Israel Elejalde"
1135582,tt32358921,Dao,Dao,2026-04-29,3.5926,4.2,4,[18],fr,0,0,185,"Les films du Worso, Srab Films, Yennenga Production, Telecine Bissau Produções, Nafi Films",Alain Gomis,"Katy Correa, D’Johé Kouadio, Samir Guesmi, Mike Etienne, Nicolas Gomis"
1625655,tt39442922,Mariinka,Mariinka,2026-08-13,3.5913,0.0,0,[99],uk,0,0,94,"Beetz Brothers Film Production, Naoko Films, Shelter Prod, Savage Film, Dark Riviera, Submarine Sublime, Submarine, Unité Documentaire RTBF-Liège, VPRO, ZDF/Arte",Pieter-Jan De Pue,
1760231,,Threads,I sømmene,2026-06-09,3.5907,10.0,1,[18],no,1500,0,11,,Gabriel Lar Thorarinsson,"Mathilda Nystad Tindvik, Sander Olsen Helgesen"
1634140,tt37601810,Bad Beast,Mala bèstia,2026-07-31,3.5894,5.0,1,[18],ca,0,0,94,"Mimosa Produce, Sumendi, Lágrima Films, Kabak Films Studio, Mamma Team Productions",Bàrbara Farré,"María Schwinning, Iria del Río, Roger Casamajor, Mauro Vélez Díaz, Irene Balmes"
1118593,tt36592131,To the Woods,Une Fugue,2026-05-07,3.5887,5.0,1,"[16, 18]",fr,0,0,15,Sacrebleu Productions,Agnès Patron,"Mayann Daniel, Dario Hardouin Spurio"
1652916,,High Tension,High Tension,2026-03-06,3.5875,0.0,0,"[53, 27]",en,1000,0,0,Dhoop Ka Circle Films Production,Tejbir Bhardwaj,"Himanshu Rawat, Manoj Malik"
1155818,tt28089784,Satluj,ਸਤਲੁਜ,2026-07-03,3.5848,7.9,21,"[80, 18, 36]",hi,0,0,164,"RSVP Movies, MacGuffin Pictures, ZEE5",Honey Trehan,"Diljit Dosanjh, Arjun Rampal, Suvinder Vicky, Geetika Vidya, Kanwaljit Singh"
1646433,,Mil pedazos,Mil pedazos,2026-06-04,3.5837,0.0,0,[],es,0,0,90,,Sergio Castro San Martín,"Paola Giannini, Daniel Muñoz, Emilia Rodriguez, Francisco Pérez-Bannen, Ximena Martín"
1759618,tt43748739,Driftwood,Driftwood,2026-09-14,3.5819,0.0,0,[18],en,0,0,11,"Vicarious Playground Productions, Ink Cap Media",A.C. Birch,"Breton Lalama, A.C. Birch, Adrian Rebucas"
1621990,,Under Lock and Key,Bajo Llave,2026-01-31,3.5805,0.0,0,"[53, 28, 80]",es,0,0,13,Re Mal Me Cáes (RMMC),Joaquín Castro Maffei,"Santino Malachina, Julian Lazo, Ian T. Bisso"
