id,imdb_id,title,original_title,release_date,popularity,vote_average,vote_count,genre_ids,original_language,budget,revenue,runtime,production_companies,director,cast
315635,tt2250912,Spider-Man: Homecoming,Spider-Man: Homecoming,2017-07-05,46.9846,7.333,23914,"[28, 12, 878]",en,175000000,880978185,133,"Marvel Studios, Pascal Pictures, LStar Capital, Columbia Pictures",Jon Watts,"Tom Holland, Michael Keaton, Robert Downey Jr., Marisa Tomei, Jon Favreau"
354912,tt2380307,Coco,Coco,2017-10-27,41.7347,8.197,21406,"[10751, 16, 10402, 12]",en,175000000,814641172,105,Pixar,Lee Unkrich,"Anthony Gonzalez, Gael García Bernal, Benjamin Bratt, Alanna Ubach, Renée Victor"
456931,tt6263802,Islands,Les Îles,2017-05-21,28.2529,4.2,25,"[18, 14, 27, 10749]",fr,0,0,23,Ecce Films,Yann Gonzalez,"Sarah-Megan Allouch, Mathilde Mennetrier, Alphonse Maitrepierre, Romain Merle, Simone Thiébaut"
335984,tt1856101,Blade Runner 2049,Blade Runner 2049,2017-10-04,46.162,7.6,15671,"[878, 18]",en,150000000,259239658,164,"Alcon Entertainment, Columbia Pictures, Scott Free Productions, Bud Yorkin Productions, Torridon Films, 16:14 Entertainment",Denis Villeneuve,"Ryan Gosling, Harrison Ford, Ana de Armas, Dave Bautista, Robin Wright"
321612,tt2771200,Beauty and the Beast,Beauty and the Beast,2017-03-16,32.1251,6.967,16161,"[10751, 14, 10749]",en,160000000,1266115964,129,"Walt Disney Pictures, Mandeville Films",Bill Condon,"Emma Watson, Dan Stevens, Luke Evans, Josh Gad, Kevin Kline"
390062,tt3758172,Jungle,Jungle,2017-06-27,29.9612,6.723,2276,"[12, 53]",en,0,1906640,115,"Screen Queensland, Screen Australia, Babber Films, Cutting Edge Group",Greg McLean,"Daniel Radcliffe, Alex Russell, Thomas Kretschmann, Joel Jackson, Yasmin Kassim"
283995,tt3896198,Guardians of the Galaxy Vol. 2,Guardians of the Galaxy Vol. 2,2017-04-25,32.3973,7.61,23440,"[878, 12, 28]",en,200000000,863756051,137,Marvel Studios,James Gunn,"Chris Pratt, Zoe Saldaña, Dave Bautista, Vin Diesel, Bradley Cooper"
260514,tt3606752,Cars 3,Cars 3,2017-06-15,30.8516,6.867,6574,"[16, 18, 10751, 12]",en,175000000,383925276,102,Pixar,Brian Fee,"Owen Wilson, Cristela Alonzo, Chris Cooper, Nathan Fillion, Larry the Cable Guy"
284053,tt3501632,Thor: Ragnarok,Thor: Ragnarok,2017-10-02,32.7089,7.58,22483,"[28, 878, 35, 12]",en,180000000,855301806,131,Marvel Studios,Taika Waititi,"Chris Hemsworth, Mark Ruffalo, Tom Hiddleston, Cate Blanchett, Idris Elba"
263115,tt3315342,Logan,Logan,2017-02-28,28.5003,7.82,20836,"[28, 18, 878]",en,97000000,619021436,137,"Hutch Parker Entertainment, The Donners' Company, Genre Films, 20th Century Fox, Marvel Entertainment, TSG Entertainment",James Mangold,"Hugh Jackman, Dafne Keen, Patrick Stewart, Elizabeth Rodriguez, Boyd Holbrook"
181808,tt2527336,Star Wars: The Last Jedi,Star Wars: The Last Jedi,2017-12-13,28.369,6.7,16677,"[12, 28, 878]",en,300000000,1334407706,152,Lucasfilm Ltd.,Rian Johnson,"Mark Hamill, Carrie Fisher, Adam Driver, Daisy Ridley, John Boyega"
419430,tt5052448,Get Out,Get Out,2017-02-24,26.4316,7.625,19338,"[9648, 53, 27]",en,4500000,255407969,104,"Monkeypaw Productions, Blumhouse Productions, QC Entertainment",Jordan Peele,"Daniel Kaluuya, Allison Williams, Catherine Keener, Bradley Whitford, Caleb Landry Jones"
324552,tt4425200,John Wick: Chapter 2,John Wick: Chapter 2,2017-02-08,28.8945,7.346,14611,"[28, 53, 80]",en,40000000,171539887,122,"Thunder Road, 87Eleven, Summit Entertainment",Chad Stahelski,"Keanu Reeves, Common, Laurence Fishburne, Riccardo Scamarcio, Ruby Rose"
141052,tt0974015,Justice League,Justice League,2017-11-15,25.7875,6.068,13937,"[28, 12, 878]",en,300000000,661326987,120,"Cruel & Unusual Films, Atlas Entertainment, Warner Bros. Pictures, RatPac Entertainment, DC Films","Zack Snyder, Joss Whedon","Ben Affleck, Henry Cavill, Amy Adams, Gal Gadot, Ezra Miller"
398818,tt5726616,Call Me by Your Name,Call Me by Your Name,2017-10-01,23.8454,8.08,12950,"[10749, 18]",en,3500000,43143046,132,"La Cinéfacture, Frenesy Film, M.Y.R.A. Entertainment, RT Features, Water's End Productions",Luca Guadagnino,"Timothée Chalamet, Armie Hammer, Michael Stuhlbarg, Amira Casar, Esther Garrel"
166426,tt1790809,Pirates of the Caribbean: Dead Men Tell No Tales,Pirates of the Caribbean: Dead Men Tell No Tales,2017-05-23,22.0315,6.665,13058,"[12, 28, 14]",en,230000000,795922298,129,"Walt Disney Pictures, Jerry Bruckheimer Films, Infinitum Nihil","Joachim Rønning, Espen Sandberg","Johnny Depp, Javier Bardem, Geoffrey Rush, Brenton Thwaites, Kaya Scodelario"
451156,tt5823690,Infidelity in Suburbia,Infidelity in Suburbia,2017-02-25,19.5418,6.2,163,"[53, 10770]",en,0,0,120,"Annuit Coeptis Entertainment II, Johnson Production Group, Lifetime",David Winning,"Marcus Rosner, Sarah Butler, Miranda Frigon, Peter Benson, Jay Hindle"
297762,tt0451279,Wonder Woman,Wonder Woman,2017-05-30,22.7914,7.202,21204,"[28, 12, 14]",en,149000000,823970682,141,"Atlas Entertainment, Cruel & Unusual Films, DC Films, Warner Bros. Pictures, RatPac-Dune Entertainment",Patty Jenkins,"Gal Gadot, Chris Pine, Connie Nielsen, Robin Wright, Danny Huston"
343668,tt4649466,Kingsman: The Golden Circle,Kingsman: The Golden Circle,2017-09-20,22.5409,6.941,11370,"[80, 35, 28]",en,104000000,410902662,141,"20th Century Fox, Marv, Cloudy Productions, TSG Entertainment",Matthew Vaughn,"Taron Egerton, Colin Firth, Julianne Moore, Mark Strong, Hanna Alström"
293167,tt3731562,Kong: Skull Island,Kong: Skull Island,2017-03-08,20.9818,6.559,11343,"[28, 12, 14]",en,185000000,566652812,118,"Legendary Pictures, Tencent Pictures",Jordan Vogt-Roberts,"Tom Hiddleston, Samuel L. Jackson, John Goodman, Brie Larson, Jing Tian"
374720,tt5013056,Dunkirk,Dunkirk,2017-07-19,20.6636,7.451,17974,"[10752, 28, 18]",en,150000000,549136737,107,"Warner Bros. Pictures, Syncopy, RatPac Entertainment",Christopher Nolan,"Fionn Whitehead, Tom Hardy, Mark Rylance, Kenneth Branagh, Cillian Murphy"
47971,tt1293847,xXx: Return of Xander Cage,xXx: Return of Xander Cage,2017-01-13,20.5296,6.128,9328,"[28, 12, 80]",en,85000000,346118277,107,"Rox Productions, Revolution Studios, Maple Cage Productions, Huahua Media, Roth-Kirschenbaum Films, Shanghai Film Group, One Race, Paramount Pictures",D.J. Caruso,"Vin Diesel, Donnie Yen, Ruby Rose, Deepika Padukone, Toni Collette"
335988,tt3371366,Transformers: The Last Knight,Transformers: The Last Knight,2017-06-16,19.565,6.1,6887,"[28, 12, 878]",en,217000000,605425157,154,"Paramount Pictures, di Bonaventura Pictures, Ian Bryce Productions, DeSanto/Murphy Productions, Hasbro",Michael Bay,"Mark Wahlberg, Laura Haddock, Peter Cullen, Anthony Hopkins, Erik Aadahl"
339403,tt3890160,Baby Driver,Baby Driver,2017-06-28,18.7319,7.445,17189,"[28, 80]",en,34000000,226945087,113,"Big Talk Studios, Working Title Films, MRC",Edgar Wright,"Ansel Elgort, Kevin Spacey, Lily James, Jon Hamm, Jamie Foxx"
281338,tt3450958,War for the Planet of the Apes,War for the Planet of the Apes,2017-07-11,20.4646,7.225,9953,"[18, 878, 10752]",en,150000000,490719763,140,"20th Century Fox, TSG Entertainment, Chernin Entertainment",Matt Reeves,"Andy Serkis, Woody Harrelson, Karin Konoval, Terry Notary, Steve Zahn"
399055,tt5580390,The Shape of Water,The Shape of Water,2017-12-01,17.7719,7.231,13073,"[18, 14, 10749]",en,19500000,195300000,123,"Double Dare You, Fox Searchlight Pictures, Bull Productions, TSG Entertainment",Guillermo del Toro,"Sally Hawkins, Michael Shannon, Richard Jenkins, Octavia Spencer, Michael Stuhlbarg"
346364,tt1396484,It,It,2017-09-06,17.1019,7.241,20671,"[27, 53, 18]",en,35000000,719766009,135,"New Line Cinema, Vertigo Entertainment, Lin Pictures, KatzSmith Productions",Andy Muschietti,"Jaeden Martell, Jeremy Ray Taylor, Sophia Lillis, Finn Wolfhard, Chosen Jacobs"
381288,tt4972582,Split,Split,2017-01-19,18.8519,7.34,18626,"[27, 53]",en,9000000,278454358,117,"Blinding Edge Pictures, Blumhouse Productions",M. Night Shyamalan,"James McAvoy, Anya Taylor-Joy, Haley Lu Richardson, Jessica Sula, Betty Buckley"
392044,tt3402236,Murder on the Orient Express,Murder on the Orient Express,2017-11-03,19.5763,6.705,10726,"[9648, 18, 80]",en,55000000,352800000,114,"The Mark Gordon Company, Genre Films, 20th Century Fox, Scott Free Productions",Kenneth Branagh,"Kenneth Branagh, Tom Bateman, Michelle Pfeiffer, Johnny Depp, Josh Gad"
126889,tt2316204,Alien: Covenant,Alien: Covenant,2017-05-09,18.4539,6.189,9667,"[27, 878]",en,97000000,240891763,122,"20th Century Fox, Brandywine Productions, Scott Free Productions",Ridley Scott,"Michael Fassbender, Katherine Waterston, Billy Crudup, Danny McBride, Demián Bichir"
316029,tt1485796,The Greatest Showman,The Greatest Showman,2017-12-20,18.956,7.853,10235,[18],en,84000000,459066134,105,"Chernin Entertainment, 20th Century Fox, TSG Entertainment, Laurence Mark Productions",Michael Gracey,"Hugh Jackman, Zac Efron, Michelle Williams, Rebecca Ferguson, Zendaya"
282035,tt2345759,The Mummy,The Mummy,2017-06-06,15.9612,5.52,7784,"[14, 53, 28, 12, 27]",en,125000000,409231607,110,"Secret Hideout, Universal Pictures, Conspiracy Factory, Sean Daniel Company",Alex Kurtzman,"Tom Cruise, Annabelle Wallis, Sofia Boutella, Jake Johnson, Courtney B. Vance"
274855,tt1981128,Geostorm,Geostorm,2017-10-12,17.2815,6.129,5326,"[28, 878, 53]",en,120000000,221600160,109,"Twisted Media, Skydance Media, RatPac Entertainment, Electric Entertainment, Warner Bros. Pictures, October Pictures",Dean Devlin,"Gerard Butler, Jim Sturgess, Abbie Cornish, Alexandra Maria Lara, Daniel Wu"
353486,tt2283362,Jumanji: Welcome to the Jungle,Jumanji: Welcome to the Jungle,2017-12-20,16.8386,6.824,14767,"[12, 35, 14]",en,90000000,995339117,119,"Matt Tolmach Productions, Seven Bucks Productions, Columbia Pictures",Jake Kasdan,"Dwayne Johnson, Kevin Hart, Jack Black, Karen Gillan, Rhys Darby"
441168,tt6237208,From Straight A's to XXX,From Straight A's to XXX,2017-02-11,14.9334,5.9,171,"[18, 10770]",en,0,0,87,"Sepia Films, Just Singer Entertainment, La Femme Erotic, Lifetime",Vanessa Parise,"Haley Pullos, Sasha Clements, Judd Nelson, Alyson Bath, Jacky Lai"
341013,tt2406566,Atomic Blonde,Atomic Blonde,2017-07-26,16.419,6.442,6771,"[28, 53]",en,30000000,100014025,115,"Focus Features, Denver & Delilah Productions, 87Eleven, Sierra/Affinity, Closed on Mondays Entertainment, TGIM Films, Film i Väst",David Leitch,"Charlize Theron, James McAvoy, Eddie Marsan, John Goodman, Toby Jones"
324849,tt4116284,The Lego Batman Movie,The Lego Batman Movie,2017-02-08,16.6773,7.26,5567,"[16, 28, 35, 10751]",en,80000000,311950384,104,"Lin Pictures, Animal Logic, DC Entertainment, Lord Miller, Warner Bros. Pictures, The LEGO Group, Warner Animation Group, RatPac Entertainment",Chris McKay,"Will Arnett, Michael Cera, Rosario Dawson, Ralph Fiennes, Zach Galifianakis"
379149,tt1615160,The Foreigner,The Foreigner,2017-09-28,13.8493,6.98,3025,"[28, 53, 80]",en,35000000,145374099,114,"Sparkle Roll Media, STXfilms, Arthur Sarkissian Productions, The Entertainer Production Company, Orange Corp, Wanda Pictures, Huayi Brothers Pictures, Prosperity Pictures",Martin Campbell,"Pierce Brosnan, Jackie Chan, Rory Fleck-Byrne, Ray Fearon, Charlie Murphy"
395834,tt5362988,Wind River,Wind River,2017-08-03,14.8042,7.441,5954,"[80, 9648, 53]",en,11000000,44998252,107,"Savvy Media Holdings, Thunder Road, Film 44, Acacia Filmed Entertainment, Riverstone Pictures, Voltage Pictures, Synergics Films, Star Thrower Entertainment, Tunica-Biloxi Tribe of Louisiana, The Fyzz, Wild Bunch",Taylor Sheridan,"Jeremy Renner, Elizabeth Olsen, Gil Birmingham, Graham Greene, Jon Bernthal"
274857,tt1972591,King Arthur: Legend of the Sword,King Arthur: Legend of the Sword,2017-05-09,14.0559,6.56,6183,"[28, 18, 14]",en,175000000,149175066,126,"Village Roadshow Pictures, Weed Road Pictures, Wigram Productions, Safehouse Pictures, Warner Bros. Pictures",Guy Ritchie,"Charlie Hunnam, Jude Law, Àstrid Bergès-Frisbey, Djimon Hounsou, Eric Bana"
315837,tt1219827,Ghost in the Shell,Ghost in the Shell,2017-03-29,13.8258,6.1,8738,"[878, 18, 28]",en,110000000,169801921,107,"Weying Galaxy Entertainment, Paramount Pictures, Shanghai Film Group, Reliance Entertainment, Grosvenor Park Productions, Steven Paul Production, Huahua Media, Seaside Entertainment, DreamWorks Pictures, Arad Productions",Rupert Sanders,"Scarlett Johansson, Takeshi Kitano, Pilou Asbæk, Michael Pitt, Chin Han"
337170,tt3532216,American Made,American Made,2017-08-18,13.5546,6.901,5119,"[35, 80, 18]",en,50000000,133511855,115,"Universal Pictures, Cross Creek Pictures, Imagine Entertainment, Vendian Entertainment, Quadrant Pictures, Hercules Film Fund",Doug Liman,"Tom Cruise, Domhnall Gleeson, Sarah Wright, Jesse Plemons, Caleb Landry Jones"
324852,tt3469046,Despicable Me 3,Despicable Me 3,2017-06-15,13.3733,6.5,7785,"[28, 16, 35, 10751, 12]",en,80000000,1034800131,90,"Illumination, Universal Pictures","Kyle Balda, Pierre Coffin","Steve Carell, Kristen Wiig, Trey Parker, Miranda Cosgrove, Dana Gaier Ellis"
359940,tt5027774,"Three Billboards Outside Ebbing, Missouri","Three Billboards Outside Ebbing, Missouri",2017-12-01,13.2803,8.052,11176,"[80, 18]",en,15000000,162729321,115,"Blueprint Pictures, Fox Searchlight Pictures, Film4 Productions, TSG Entertainment",Martin McDonagh,"Frances McDormand, Woody Harrelson, Sam Rockwell, Abbie Cornish, Lucas Hedges"
395992,tt5442430,Life,Life,2017-03-22,13.0491,6.5,8108,"[27, 878, 9648]",en,58000000,100541806,104,"Columbia Pictures, Skydance Media",Daniel Espinosa,"Jake Gyllenhaal, Ryan Reynolds, Rebecca Ferguson, Hiroyuki Sanada, Olga Dihovichnaya"
395991,tt3829920,Only the Brave,Only the Brave,2017-09-22,12.8868,7.484,1947,"[18, 36]",en,38000000,25754775,133,"di Bonaventura Pictures, Black Label Media, Condé Nast Entertainment",Joseph Kosinski,"Josh Brolin, Miles Teller, Jeff Bridges, Jennifer Connelly, James Badge Dale"
337339,tt4630562,The Fate of the Furious,The Fate of the Furious,2017-04-12,12.7375,6.849,10982,"[28, 80, 53]",en,250000000,1236000000,136,"Original Film, One Race, Universal Pictures",F. Gary Gray,"Vin Diesel, Jason Statham, Dwayne Johnson, Michelle Rodriguez, Tyrese Gibson"
339846,tt1469304,Baywatch,Baywatch,2017-05-25,12.6833,6.079,8621,"[35, 28, 80]",en,69000000,177900000,116,"Uncharted, Paramount Pictures, Flynn Picture Company, Fremantle Productions, Seven Bucks Productions, Skydance Media, The Montecito Picture Company",Seth Gordon,"Dwayne Johnson, Zac Efron, Priyanka Chopra Jonas, Alexandra Daddario, Kelly Rohrbach Walton"
411088,tt4857264,The Invisible Guest,Contratiempo,2017-01-06,12.6187,8.074,5126,"[18, 9648, 53]",es,4000000,30000000,107,"Think Studio, Nostromo Pictures, Colosé Producciones, ICEC, Movistar Plus, TV3, Atresmedia, Orange, Cosmopolitan TV",Oriol Paulo,"Mario Casas, Ana Wagener, Jose Coronado, Bárbara Lennie, Francesc Orella"
378236,tt4877122,The Emoji Movie,The Emoji Movie,2017-07-23,12.3732,5.366,3385,"[16, 10751, 35]",en,50000000,217776646,86,"Columbia Pictures, Sony Pictures Animation, LStar Capital",Tony Leondis,"T.J. Miller, James Corden, Anna Faris, Maya Rudolph, Steven Wright"
391713,tt4925292,Lady Bird,Lady Bird,2017-09-01,12.3311,7.248,9172,"[18, 35]",en,10000000,79000000,94,"IAC Films, Scott Rudin Productions, Entertainment 360",Greta Gerwig,"Saoirse Ronan, Laurie Metcalf, Tracy Letts, Lucas Hedges, Timothée Chalamet"
353491,tt1648190,The Dark Tower,The Dark Tower,2017-08-03,11.9304,5.808,5667,"[14, 28, 878]",en,60000000,113231078,95,"Columbia Pictures, MRC, Imagine Entertainment, Weed Road Pictures",Nikolaj Arcel,"Idris Elba, Matthew McConaughey, Tom Taylor, Claudia Kim, Fran Kranz"
274862,tt3014284,The Lego Ninjago Movie,The Lego Ninjago Movie,2017-09-21,11.8615,6.502,1208,"[16, 35, 12, 28, 10751]",en,70000000,123081555,101,"Lin Pictures, Lord Miller, Vertigo Entertainment, Warner Animation Group, Animal Logic, The LEGO Group","Charlie Bean, Bob Logan, Paul Fisher","Dave Franco, Justin Theroux, Fred Armisen, Abbi Jacobson, Olivia Munn"
406997,tt2543472,Wonder,Wonder,2017-11-13,11.6946,8.098,8396,"[10751, 18]",en,20000000,315025930,113,"Lionsgate, Participant, Walden Media, Mandeville Films, TIK Films",Stephen Chbosky,"Jacob Tremblay, Julia Roberts, Owen Wilson, Izabela Vidovic, Noah Jupe"
400928,tt4481414,Gifted,Gifted,2017-04-07,11.4791,7.989,6066,"[18, 35]",en,7000000,40300000,101,"Grade A Entertainment, FilmNation Entertainment, Dayday Films",Marc Webb,"Chris Evans, Mckenna Grace, Lindsay Duncan, Jenny Slate, Octavia Spencer"
305470,tt3717490,Power Rangers,Power Rangers,2017-03-23,11.1398,6.245,4726,"[28, 12, 878]",en,105000000,142300000,124,"Lionsgate, Saban Brands, Saban Films, Temple Hill Entertainment, TIK Films",Dean Israelite,"Dacre Montgomery, RJ Cyler, Ludi Lin, Naomi Scott, Becky G"
341174,tt4465564,Fifty Shades Darker,Fifty Shades Darker,2017-02-08,11.0863,6.469,8008,"[18, 10749]",en,55000000,381545846,118,"Universal Pictures, Michael De Luca Productions, Perfect World Pictures",James Foley,"Dakota Johnson, Jamie Dornan, Eric Johnson, Eloise Mumford, Bella Heathcote"
339964,tt2239822,Valerian and the City of a Thousand Planets,Valerian and the City of a Thousand Planets,2017-07-19,11.0683,6.654,8210,"[12, 878, 28]",en,177200000,225973340,137,"Belga Films, River Road Entertainment, Grive Productions, EuropaCorp, UFA, Fundamental Films, Gulf Film, Novo Pictures, TF1 Films Production, Orange Studio, BNP Paribas Fortis",Luc Besson,"Dane DeHaan, Cara Delevingne, Clive Owen, Rihanna, Ethan Hawke"
399404,tt4555426,Darkest Hour,Darkest Hour,2017-11-22,10.986,7.354,5641,"[18, 36]",en,30000000,150847207,125,"Working Title, Perfect World Pictures, Focus Features",Joe Wright,"Gary Oldman, Stephen Dillane, Lily James, Ronald Pickup, Ben Mendelsohn"
346648,tt4468740,Paddington 2,Paddington 2,2017-11-09,10.9854,7.486,2896,"[12, 35, 10751]",en,40000000,290132513,104,"StudioCanal, Heyday Films, Anton Capital Entertainment",Paul King,"Ben Whishaw, Sally Hawkins, Hugh Bonneville, Madeleine Harris, Samuel Joslin"
335777,tt3486626,The Nut Job 2: Nutty by Nature,The Nut Job 2: Nutty by Nature,2017-08-11,10.7788,6.2,484,"[16, 10751, 12, 35]",en,40000000,68743485,91,"GulfStream Pictures, Redrover, ToonBox Entertainment, Open Road Films",Cal Brunker,"Will Arnett, Maya Rudolph, Bobby Cannavale, Bobby Moynihan, Isabela Merced"
390043,tt1959563,The Hitman's Bodyguard,The Hitman's Bodyguard,2017-08-16,10.6753,6.895,6814,"[28, 35, 80, 53]",en,30000000,176586701,118,"Campbell Grobman Films, East Light Media, Nu Boyana Film Studios, Tom de Mol Productions, Summit Entertainment, Millennium Media, Davis Films, Cristal Pictures, Lionsgate, TIK Films",Patrick Hughes,"Ryan Reynolds, Samuel L. Jackson, Gary Oldman, Salma Hayek Pinault, Élodie Yung"
396371,tt4209788,Molly's Game,Molly's Game,2017-12-07,10.6209,7.155,4114,"[18, 80]",en,30000000,59284015,141,"The Mark Gordon Company, Pascal Pictures",Aaron Sorkin,"Jessica Chastain, Idris Elba, Kevin Costner, Michael Cera, Jeremy Strong"
396422,tt5140878,Annabelle: Creation,Annabelle: Creation,2017-08-03,10.6003,6.6,6091,[27],en,15000000,306592201,110,"Atomic Monster, New Line Cinema, The Safran Company, RatPac Entertainment",David F. Sandberg,"Stephanie Sigman, Talitha Eliana Bateman, Lulu Wilson, Anthony LaPaglia, Miranda Otto"
340837,tt4731136,A Cure for Wellness,A Cure for Wellness,2017-02-15,10.3037,6.4,4289,"[27, 9648, 878]",en,40000000,26620002,146,"Regency Enterprises, New Regency Pictures, Blind Wink",Gore Verbinski,"Dane DeHaan, Jason Isaacs, Mia Goth, Harry Groener, Celia Imrie"
400617,tt5776858,Phantom Thread,Phantom Thread,2017-12-25,10.287,7.313,3865,"[18, 10749]",en,35000000,47756590,130,"Focus Features, Annapurna Pictures, Perfect World Pictures, JoAnne Sellar Productions, Ghoulardi Film Company",Paul Thomas Anderson,"Daniel Day-Lewis, Vicky Krieps, Lesley Manville, Camilla Rutherford, Gina McKee"
389015,tt5580036,"I, Tonya","I, Tonya",2017-12-07,10.2817,7.465,6301,"[18, 35]",en,11000000,53900000,120,"LuckyChap Entertainment, Clubhouse Pictures",Craig Gillespie,"Margot Robbie, Sebastian Stan, Allison Janney, Julianne Nicholson, Paul Walter Hauser"
345938,tt2872518,The Shack,The Shack,2017-03-02,10.1505,7.519,2297,"[18, 10751]",en,20000000,96942115,132,"Summit Entertainment, Netter Productions, TIK Films, Lionsgate",Stuart Hazeldine,"Sam Worthington, Octavia Spencer, Tim McGraw, Aviv Alush, Sumire"
433808,tt5638642,The Ritual,The Ritual,2017-10-11,10.0038,6.303,3566,"[27, 9648]",en,1000000,1786396,94,"Entertainment One, The Imaginarium, Sierra/Affinity",David Bruckner,"Rafe Spall, Arsher Ali, Robert James-Collier, Sam Troughton, Paul Reid"
381283,tt5109784,mother!,mother!,2017-09-13,9.8556,6.9,7257,"[27, 18]",en,30000000,44516999,121,"Paramount Pictures, Protozoa Pictures",Darren Aronofsky,"Jennifer Lawrence, Javier Bardem, Ed Harris, Michelle Pfeiffer, Brian Gleeson"
381138,tt5531346,Political Animal,Animal Político,2017-05-31,9.7715,4.692,13,[18],pt,0,0,75,Vitri Films,Tião,"Rodrigo Bolzan, Elisa Heidrich, Victor Laet, Mário Sergio Cabral, Isabel Novaes"
415842,tt1961175,American Assassin,American Assassin,2017-07-14,9.6319,6.411,3318,"[28, 12, 53]",en,33000000,67200000,112,"TIK Films, di Bonaventura Pictures, Nick Wechsler Productions, Lionsgate, CBS Films",Michael Cuesta,"Dylan O'Brien, Michael Keaton, Taylor Kitsch, Shiva Negar, Sanaa Lathan"
370663,tt5073620,Below Her Mouth,Below Her Mouth,2017-02-10,9.5254,6.813,1321,"[18, 10749]",en,0,33673,91,Serendipity Point Films,April Mullen,"Erika Linder, Natalie Krill, Sebastian Pigott, Mayko Nguyen, Tommie-Amber Pirie"
381289,tt1753383,A Dog's Purpose,A Dog's Purpose,2017-01-19,9.4617,7.64,3592,"[12, 14, 10751, 18]",en,22000000,205000000,100,"Amblin Entertainment, Walden Media, Reliance Entertainment, Pariah",Lasse Hallström,"Josh Gad, KJ Apa, Britt Robertson, Juliet Rylance, Luke Kirby"
353070,tt2568862,Going in Style,Going in Style,2017-04-06,9.3791,6.693,3106,"[80, 35]",en,25000000,84618541,96,"Village Roadshow Pictures, New Line Cinema, De Line Pictures, RatPac Entertainment",Zach Braff,"Morgan Freeman, Michael Caine, Alan Arkin, Ann-Margret, John Ortiz"
384680,tt5478478,Hostiles,Hostiles,2017-12-22,9.342,6.952,2581,"[18, 37, 36, 12]",en,55000000,36976336,134,"Waypoint Entertainment, Le Grisbi Productions, Bloom, Entertainment Studios",Scott Cooper,"Christian Bale, Rosamund Pike, Wes Studi, Jesse Plemons, Adam Beach"
353616,tt4765284,Pitch Perfect 3,Pitch Perfect 3,2017-12-20,9.2627,6.504,3503,"[10402, 35]",en,45000000,185400345,93,"Gold Circle Films, Brownstone Productions",Trish Sie,"Anna Kendrick, Rebel Wilson, Brittany Snow, Hailee Steinfeld, Elizabeth Banks"
399057,tt5715874,The Killing of a Sacred Deer,The Killing of a Sacred Deer,2017-10-20,9.2402,7.002,4575,"[18, 53, 9648]",en,3000000,10700000,121,"Element Pictures, TPC, Film4 Productions, New Sparta Films, Limp, HanWay Films, Fís Éireann/Screen Ireland",Yorgos Lanthimos,"Colin Farrell, Nicole Kidman, Barry Keoghan, Raffey Cassidy, Sunny Suljic"
429200,tt4846232,Good Time,Good Time,2017-08-11,9.1734,7.204,3239,"[80, 53, 18]",en,2000000,3283369,102,"Elara Pictures, Rhea Films, Hercules Film Fund","Benny Safdie, Josh Safdie","Robert Pattinson, Benny Safdie, Buddy Duress, Taliah Webster, Jennifer Jason Leigh"
298250,tt3348730,Jigsaw,Jigsaw,2017-10-25,9.1611,6.2,4054,"[27, 9648]",en,10000000,104223315,91,"Twisted Pictures, A Bigger Boat, Serendipity Productions","Michael Spierig, Peter Spierig","Tobin Bell, Matt Passmore, Callum Keith Rennie, Hannah Emily Anderson, Clé Bennett"
399170,tt5439796,Logan Lucky,Logan Lucky,2017-08-17,9.1528,6.735,3946,"[35, 80, 28, 18]",en,29000000,48453605,119,Fingerprint Releasing,Steven Soderbergh,"Channing Tatum, Adam Driver, Daniel Craig, Riley Keough, Katie Holmes"
137116,tt2398241,Smurfs: The Lost Village,Smurfs: The Lost Village,2017-03-23,9.0534,6.363,1592,"[10751, 35, 12, 16]",en,60000000,197183546,89,"The Kerner Entertainment Company, Columbia Pictures, Sony Pictures Animation, LStar Capital, Wanda Pictures",Kelly Asbury,"Demi Lovato, Rainn Wilson, Joe Manganiello, Jack McBrayer, Danny Pudi"
419680,tt5657846,Daddy's Home 2,Daddy's Home 2,2017-11-09,8.9938,6.309,2790,[35],en,69000000,180613180,100,"Red Granite Pictures, Gary Sanchez Productions, Paramount Pictures",Sean Anders,"Will Ferrell, Mark Wahlberg, Mel Gibson, John Lithgow, Linda Cardellini"
467938,tt6738136,Revenge,Revenge,2017-11-18,8.9122,6.5,2169,"[28, 27, 53, 18]",fr,2900000,938055,108,"M.E.S. Productions, Monkey Pack Films, Charades, Logical Pictures, Nexus Factory, uMedia",Coralie Fargeat,"Matilda Lutz, Kevin Janssens, Vincent Colombe, Guillaume Bouchède, Jean-Louis Tribes"
339692,tt4633690,Shot Caller,Shot Caller,2017-07-07,8.6616,6.97,2295,"[80, 18, 53]",en,0,0,121,"DirecTV, Bold Films, Participant, Relativity Media",Ric Roman Waugh,"Nikolaj Coster-Waldau, Omari Hardwick, Jon Bernthal, Lake Bell, Emory Cohen"
364689,tt3411444,Ferdinand,Ferdinand,2017-12-09,8.6016,7.211,3159,"[16, 10751, 12, 35]",en,111000000,295038508,108,"Blue Sky Studios, 20th Century Fox Animation",Carlos Saldanha,"John Cena, Kate McKinnon, Anthony Anderson, Bobby Cannavale, Peyton Manning"
301337,tt1389072,Downsizing,Downsizing,2017-12-22,8.5791,5.42,4198,"[18, 878, 35]",en,68000000,55003890,135,"Ad Hominem Enterprises, Gran Via Productions, Paramount Pictures",Alexander Payne,"Matt Damon, Christoph Waltz, Hong Chau, Kristen Wiig, Rolf Lassgård"
335360,tt4131800,My Little Pony: The Movie,My Little Pony: The Movie,2017-10-05,8.5514,7.29,435,"[10751, 16, 12, 14]",en,6000000,61294644,99,"Lionsgate, DHX Media, Allspark Pictures, Allspark Animation",Jayson Thiessen,"Tara Strong, Ashleigh Ball, Andrea Libman, Tabitha St. Germain, Cathy Weseluck"
397422,tt4799050,Rough Night,Rough Night,2017-06-15,8.548,5.691,2131,"[18, 35]",en,20000000,47347283,101,"Columbia Pictures, LStar Capital, Matt Tolmach Productions, Paulilu",Lucia Aniello,"Scarlett Johansson, Jillian Bell, Zoë Kravitz, Ilana Glazer, Kate McKinnon"
431530,tt6359956,A Bad Moms Christmas,A Bad Moms Christmas,2017-08-04,8.5252,6.321,2236,[35],en,28000000,130560428,104,"STXfilms, Robert Simonds Productions, Suzanne Todd Productions, Huayi Brothers Pictures, Universal Pictures","Scott Moore, Jon Lucas","Mila Kunis, Kristen Bell, Kathryn Hahn, Christine Baranski, Susan Sarandon"
180863,tt2763304,T2 Trainspotting,T2 Trainspotting,2017-01-27,8.4142,6.9,3444,"[18, 35, 80]",en,18000000,41681746,117,"Creative Scotland, DNA Films, Decibel Films, Film4 Productions, Cloud Eight Films, TriStar Pictures, LStar Capital",Danny Boyle,"Ewan McGregor, Jonny Lee Miller, Ewen Bremner, Robert Carlyle, Anjela Nedyalkova"
372343,tt1758810,The Snowman,The Snowman,2017-08-24,8.3485,5.213,2418,"[80, 53, 9648, 27]",en,35000000,43203413,119,"Universal Pictures, Working Title, Another Park Film, Perfect World Pictures, Sikelia Productions",Tomas Alfredson,"Michael Fassbender, Rebecca Ferguson, Charlotte Gainsbourg, Jonas Karlsson, Michael Yates"
400136,tt5776208,Resident Evil: Vendetta,バイオハザード ヴェンデッタ,2017-05-27,8.3471,6.924,1105,"[28, 16, 12, 878, 27]",ja,0,256320,97,"Capcom, Stage 6 Films, Marza Animation Planet, KADOKAWA",Takanori Tsujimoto,"Kevin Dorman, Matthew Mercer, Erin Cahill, John DeMita, Fred Tatasciore"
417320,tt5117876,Descendants 2,Descendants 2,2017-07-21,8.2985,7.373,1830,"[10751, 14, 10770, 12]",en,0,0,111,"Bad Angels Productions, Ltd., 5678 Productions, Disney Channel",Kenny Ortega,"Dove Cameron, Sofia Carson, Cameron Boyce, Booboo Stewart, China Anne McClain"
400710,tt2039338,Flatliners,Flatliners,2017-09-28,8.2433,5.642,2427,"[18, 27, 53]",en,19000000,45158254,111,"The Safran Company, Columbia Pictures, Cross Creek Pictures, Furthur Films, Laurence Mark Productions",Niels Arden Oplev,"Elliot Page, Diego Luna, Nina Dobrev, James Norton, Kiersey Clemons"
268531,tt2091256,Captain Underpants: The First Epic Movie,Captain Underpants: The First Epic Movie,2017-06-01,8.2035,6.305,1387,"[10751, 35, 16, 878]",en,38000000,125427681,89,"DreamWorks Animation, Scholastic Entertainment",David Soren,"Kevin Hart, Thomas Middleditch, Ed Helms, Nick Kroll, Jordan Peele"
406990,tt1536537,What Happened to Monday,What Happened to Monday,2017-08-18,8.1466,7.141,6562,"[878, 53, 9648, 28]",en,20000000,27975429,123,"SND, Raffaella De Laurentiis Productions, Nexus Factory, uMedia, uFund, Vendôme Production",Tommy Wirkola,"Noomi Rapace, Glenn Close, Willem Dafoe, Marwan Kenzari, Christian Rubeck"
365942,tt3922818,The Space Between Us,The Space Between Us,2017-01-26,8.0082,7.038,2588,"[10749, 878, 18]",en,30000000,14793385,121,"Los Angeles Media Fund, Southpaw Entertainment, STXfilms, Scarlet Fire Entertainment, Huayi Brothers Pictures",Peter Chelsom,"Asa Butterfield, Britt Robertson, Carla Gugino, Gary Oldman, Janet Montgomery"
314095,tt1212428,The Lost City of Z,The Lost City of Z,2017-03-15,7.9802,6.4,3156,"[12, 18, 36]",en,30000000,8574339,141,"Northern Ireland Screen, Plan B Entertainment, Sierra/Affinity, MICA Entertainment, MadRiver Pictures, Keep Your Head Productions",James Gray,"Charlie Hunnam, Robert Pattinson, Sienna Miller, Tom Holland, Angus Macfadyen"
446354,tt6294822,The Post,The Post,2017-12-22,7.9522,7.005,5022,"[18, 36]",en,50000000,179769467,116,"20th Century Fox, DreamWorks Pictures, Reliance Entertainment, Participant, Amblin Entertainment, Pascal Pictures, TSG Entertainment, Star Thrower Entertainment",Steven Spielberg,"Meryl Streep, Tom Hanks, Sarah Paulson, Bob Odenkirk, Tracy Letts"
532794,tt18568228,Sex Plate 17,성판17: 남자들의 17가지 성적 판타지,2017-11-13,8.4622,5.786,14,"[35, 18, 10749]",ko,0,0,121,,Song Eun-joo,"Choi Jae-hwan, Park Kyoung-hee, Kim Nam-soo, Park Ha-on, Jo Ah-rang"
257785,tt0491203,Tulip Fever,Tulip Fever,2017-07-13,8.644,6.51,747,"[18, 10749]",en,25000000,9204549,107,"The Weinstein Company, Worldview Entertainment, Paramount Pictures, Ruby Films",Justin Chadwick,"Alicia Vikander, Dane DeHaan, Christoph Waltz, Judi Dench, Jack O'Connell"
355547,tt4587656,The Star,The Star,2017-11-15,8.6027,6.5,624,"[16, 35, 12, 10751, 14]",en,10000000,63581694,86,"Franklin Entertainment, Sony Pictures Animation, Columbia Pictures, The Jim Henson Company, Walden Media, Affirm Films",Timothy Reckart,"Steven Yeun, Gina Rodriguez, Zachary Levi, Keegan-Michael Key, Kelly Clarkson"
430231,tt3986820,The Endless,The Endless,2017-11-05,7.6859,6.299,1356,"[878, 27, 53]",en,1000000,956425,112,"Snowfort Pictures, Pfaff & Pfaff Productions, Love & Death Productions, Rustic Films, XYZ Films","Aaron Moorhead, Justin Benson","Aaron Moorhead, Justin Benson, Callie Hernandez, Tate Ellington, Shane Brady"
339988,tt4287320,The Circle,The Circle,2017-04-27,8.0301,5.523,4652,"[18, 53, 878]",en,18000000,40651864,110,"Parkes+MacDonald Image Nation, Route One Entertainment, Playtone, Likely Story, 1978 Films, Image Nation Studios",James Ponsoldt,"Emma Watson, Tom Hanks, John Boyega, Karen Gillan, Ellar Coltrane"
440021,tt5308322,Happy Death Day,Happy Death Day,2017-10-12,8.5381,6.658,6694,"[35, 27, 9648]",en,4800000,125479266,97,"Vesuvius Productions, Blumhouse Productions, Digital Riot Media, Universal Pictures",Christopher Landon,"Jessica Rothe, Israel Broussard, Charles Aitken, Ruby Modine, Blaine Kern III"
437542,tt12625184,I Don't Like Younger Men,딸의 친구,2017-01-19,7.0309,4.2,4,[10749],ko,0,0,82,,Choi Woo-seong,"Jeon Ji-hak, Min Do-yoon, Han Ga-hee, Seo Won"
397567,tt7160070,Along with the Gods: The Two Worlds,신과함께-죄와 벌,2017-12-20,7.3584,8.061,1262,"[28, 12, 18, 14, 53]",ko,18300000,125983972,139,"Lotte Entertainment, Dexter Studios, Realies Pictures, Korean Film Council, Alpha Pictures, kth, Union Investment Partners",Kim Yong-hwa,"Ha Jung-woo, Cha Tae-hyun, Ju Ji-hoon, Kim Hyang-gi, Lee Jung-jae"
402897,tt4686844,The Death of Stalin,The Death of Stalin,2017-10-20,6.8189,7.014,2227,"[35, 18, 36]",en,13000000,24600000,107,"Gaumont, Quad Productions, Main Journey, France 3 Cinéma, La Compagnie Cinématographique, Panache Productions, AFPI, Title Media, Free Range Films",Armando Iannucci,"Steve Buscemi, Simon Russell Beale, Jeffrey Tambor, Jason Isaacs, Michael Palin"
381126,tt5573864,Taego Ãwa,Taego Ãwa,2017-05-11,6.8,6.2,4,[99],pt,0,0,70,Barroca Filmes,"Marcela Borela, Henrique Borela",
479718,tt7468056,The Outlaws,범죄도시,2017-10-03,7.0437,7.653,569,"[28, 80, 53]",ko,5900000,52946454,121,"Hong Film, BA Entertainment",Kang Yun-sung,"Don Lee, Yoon Kye-sang, Jo Jae-yun, Choi Gwi-hwa, Im Hyung-jun"
394117,tt5649144,The Florida Project,The Florida Project,2017-10-06,9.0039,7.425,3186,[18],en,2000000,11303040,112,"Cre Film, Freestyle Picture Company, June Pictures",Sean Baker,"Brooklynn Prince, Bria Vinaite, Willem Dafoe, Christopher Rivera, Valeria Cotto"
393345,tt3280262,Cult of Chucky,Cult of Chucky,2017-10-12,7.8513,5.856,1439,[27],en,6500000,2332018,91,"Universal 1440 Entertainment, David Kirschner Productions",Don Mancini,"Fiona Dourif, Brad Dourif, Alex Vincent, Jennifer Tilly, Michael Therriault"
387426,tt3967856,Okja,Okja,2017-06-28,7.4207,7.325,4632,"[12, 18, 878, 28]",en,50000000,0,120,"Kate Street Picture Company, Plan B Entertainment, Lewis Pictures",Bong Joon Ho,"An Seo-hyun, Tilda Swinton, Paul Dano, Steven Yeun, Jake Gyllenhaal"
463173,,Couleé-D,Couleé-D,2017-06-23,6.5512,10.0,1,[10402],en,0,0,14,VAM Studio,"Jaren Merrell, Vincent Martell, Sam Bailey","Shea Couleé, The Vixen, Petty Crocker, Kenzie Couleé, Kaycee Ortiz"
434203,tt6408226,Newness,Newness,2017-11-03,6.0695,6.077,636,"[10749, 18]",en,10000000,0,112,"Lost City, Seville International, Scott Free Productions",Drake Doremus,"Nicholas Hoult, Laia Costa, Danny Huston, Courtney Eaton, Matthew Gray Gubler"
400106,tt5519340,Bright,Bright,2017-12-22,8.3775,6.164,6082,"[14, 28, 53]",en,90000000,0,117,"Trigger Warning Entertainment, Grand Electric",David Ayer,"Will Smith, Joel Edgerton, Lucy Fry, Noomi Rapace, Edgar Ramírez"
399019,tt5592248,The Beguiled,The Beguiled,2017-06-23,7.3913,5.919,2272,[18],en,10500000,27869129,93,American Zoetrope,Sofia Coppola,"Colin Farrell, Nicole Kidman, Kirsten Dunst, Elle Fanning, Oona Laurence"
395458,tt0491175,Suburbicon,Suburbicon,2017-10-26,7.774,5.886,1848,"[53, 80, 18, 9648]",en,25000000,12751667,105,"Black Bear Pictures, Dark Castle Entertainment, Smokehouse Pictures, Huahua Media",George Clooney,"Matt Damon, Julianne Moore, Noah Jupe, Oscar Isaac, Landon Gordon"
433498,tt5093026,Papillon,Papillon,2017-09-07,7.3148,7.3,2207,"[12, 80, 18]",en,0,10060903,134,"Red Granite Pictures, Czech Anglo Pictures, FishCorb Films",Michael Noer,"Charlie Hunnam, Rami Malek, Christopher Fairbank, Eve Hewson, Michael Socha"
351460,tt1241317,Death Note,Death Note,2017-08-25,8.2808,4.277,4184,"[80, 14, 27, 53]",en,40000000,0,101,"Vertigo Entertainment, Lin Pictures",Adam Wingard,"Nat Wolff, LaKeith Stanfield, Margaret Qualley, Shea Whigham, Willem Dafoe"
339877,tt3262342,Loving Vincent,Loving Vincent,2017-06-22,6.7814,8.0,2649,"[16, 18, 36]",en,5500000,42187665,95,"Breakthru Films, Trademark Films, RBF Productions, Odra-Film, Centrum Technologii Audiowizualnych","DK Welchman, Hugh Welchman","Douglas Booth, Robert Gulaczyk, Eleanor Tomlinson, Helen McCrory, Saoirse Ronan"
437068,tt6878038,A Taxi Driver,택시운전사,2017-08-02,7.5198,8.0,1224,"[28, 18, 36]",ko,12820005,81927980,138,"The LAMP, Showbox",Jang Hoon,"Song Kang-ho, Thomas Kretschmann, Yoo Hai-jin, Ryu Jun-yeol, Park Hyuk-kwon"
460793,tt5452780,Olaf's Frozen Adventure,Olaf's Frozen Adventure,2017-10-27,8.8563,6.5,1517,"[16, 10751, 12, 35, 14]",en,0,0,22,Walt Disney Animation Studios,"Kevin Deters, Stevie Wermers-Skelton","Josh Gad, Kristen Bell, Idina Menzel, Jonathan Groff, Eva Bella"
55341,tt1139592,Jeepers Creepers 3,Jeepers Creepers 3,2017-09-26,6.6736,4.909,1017,[27],en,6200000,4017852,100,"Scoundrel Media, Infinity Films",Victor Salva,"Stan Shaw, Gabrielle Haugh, Jonathan Breck, Brandon Smith, Meg Foster"
681604,,Laço Azul,Laço Azul,2017-06-02,6.2857,10.0,1,[],pt,0,0,0,,Paulo Barretto,Giullia Pessanha
363992,tt1933667,The Wizard of Lies,The Wizard of Lies,2017-05-11,7.2571,6.589,675,"[80, 18, 10770]",en,0,0,133,"Tribeca Productions, HBO Films",Barry Levinson,"Robert De Niro, Michelle Pfeiffer, Hank Azaria, Kristen Connolly, Lily Rabe"
470095,tt5629718,Peripatético,Peripatético,2017-08-28,5.8683,0.0,0,[],pt,0,0,15,,Jessica Queiroz,"Larissa Noel, Alex Santos, Maria Sol, Murilo de Farias, Stefani Mota"
425336,tt4682788,Loving Pablo,Loving Pablo,2017-12-14,7.7215,6.294,1053,"[80, 18]",es,4667008,17535962,123,"B2Y EOOD, Escobar Films, Millennium Media, All Rise Films",Fernando León de Aranoa,"Javier Bardem, Penélope Cruz, Peter Sarsgaard, Julieth Restrepo, Óscar Jaenada"
428449,tt6265828,A Ghost Story,A Ghost Story,2017-04-24,9.3837,7.058,2565,"[18, 14, 10749]",en,100000,1929659,93,"Sailor Bear, Zero Trans Fat Productions, Ideaman Studios",David Lowery,"Casey Affleck, Rooney Mara, McColm Cephas Jr., Kenneisha Thompson, Grover Coulson"
419835,tt1869347,Crooked House,Crooked House,2017-09-06,8.4794,6.378,1014,"[9648, 80, 53]",en,0,2049844,115,"Fred Films, Brilliant Films, Agatha Christie, Stage 6 Films, Metro International Entertainment",Gilles Paquet-Brenner,"Glenn Close, Max Irons, Stefanie Martini, Christina Hendricks, Terence Stamp"
436931,tt6595896,Pokémon the Movie: I Choose You!,劇場版 ポケットモンスター キミにきめた！,2017-07-15,6.9101,7.1,693,"[10751, 16, 12, 14]",ja,0,37552144,98,"OLM, Pikachu Project, Shogakukan, Shogakukan-Shueisha Productions, TV Tokyo, The Pokémon Company, TakaraTomy, jeki, TOHO",Kunihiko Yuyama,"Rica Matsumoto, Ikue Otani, Megumi Hayashibara, Shin-ichiro Miki, Inuko Inuyama"
390051,tt4581576,Aftermath,Aftermath,2017-02-28,7.3998,5.743,988,"[18, 53]",en,10500000,840809,94,"Ingenious Media, Protozoa Pictures, The Fyzz, Oak Productions, Pacific View Management, Union Editorial, Hat and Coat Productions, EFO Films",Elliott Lester,"Arnold Schwarzenegger, Scoot McNairy, Maggie Grace, Judah Nelson, Larry Sullivan"
427900,tt5719700,Home Again,Home Again,2017-09-07,7.3809,6.086,1254,"[35, 18, 10749]",en,12000000,27020284,97,"Black Bicycle Entertainment, Waverly Films",Hallie Meyers-Shyer,"Reese Witherspoon, Nat Wolff, Jon Rudnitsky, Pico Alexander, Lake Bell"
416477,tt5462602,The Big Sick,The Big Sick,2017-03-30,7.191,7.3,2698,"[35, 18, 10749]",en,5000000,56303596,120,"FilmNation Entertainment, Apatow Productions, Story Ink",Michael Showalter,"Kumail Nanjiani, Zoe Kazan, Holly Hunter, Ray Romano, Anupam Kher"
350312,tt4849438,Bāhubali 2: The Conclusion,బాహుబలి 2: ది కన్ క్లూజన్,2017-04-27,7.4917,7.494,885,"[28, 12, 14]",te,31000000,280700000,167,Arka Media Works,S. S. Rajamouli,"Prabhas, Rana Daggubati, Anushka Shetty, Sathyaraj, Nassar"
354287,tt4758646,War Machine,War Machine,2017-05-26,6.8561,5.618,1272,"[35, 18, 10752]",en,60000000,0,122,"Plan B Entertainment, Blue-Tongue Films",David Michôd,"Brad Pitt, Anthony Michael Hall, Emory Cohen, John Magaro, Topher Grace"
980593,tt6906570,Blue Boys,Meninos Tristes,2017-08-01,5.5457,3.0,3,[],pt,0,0,50,,Daniel Castilhos,"Vinícius Machado, Arthur Paz, Suely Pinheiro, Luiz Kumer, Ana Victoria Camargo"
398175,tt5657856,Brawl in Cell Block 99,Brawl in Cell Block 99,2017-09-23,6.5243,6.954,1629,"[28, 80, 53]",en,10000000,64453,132,"XYZ Films, Caliber Media Company, Cinestate",S. Craig Zahler,"Vince Vaughn, Jennifer Carpenter, Don Johnson, Udo Kier, Dion Mucciacito"
484457,,Aos Sí,Aos Sí,2017-10-30,5.066,0.0,0,[27],en,0,0,119,,"Nadine E. Smith, Kellen Jackson, Gina Telaroli, Emily Brown, Kerr Holden, Ry O’Toole, Karen Zolo, Monica Cheema, Ostin Fam, Neil Bahadur, Sophy Romvari, Raya Martin, Kristen Yoonsoo Kim, Alexa Harrington, Jessica Johnson, Matt Gottesfeld, Miguel Mantecon","Gina Telaroli, Kristen Yoonsoo Kim"
399366,tt5886440,Marrowbone,El secreto de Marrowbone,2017-10-27,6.3301,7.28,1889,"[53, 27, 9648]",es,9300000,12294931,111,"Marrowbone, Ruidos en el Ático, Mediaset España, Universal Pictures, Lionsgate, Telecinco Cinema",Sergio G. Sánchez,"George MacKay, Anya Taylor-Joy, Charlie Heaton, Mia Goth, Matthew Stagg"
482706,,Oligosaccharide The Movie,올리고당 더 무비,2017-06-15,6.3091,4.5,11,[18],ko,0,0,103,Nongdam (㈜농담),No Zin-soo,"Kim Nam-woo, Lee Chae-dam, Suh Zi-eun, Kim Hwa-yeon, Ra Hee-jeong"
578404,tt7090172,The Box,Kutu,2017-03-01,6.3012,6.3,3,[53],tr,0,0,6,,İlker Canikligil,"Deniz Okay, Burcu Ger"
371638,tt3521126,The Disaster Artist,The Disaster Artist,2017-03-12,6.294,7.092,3843,"[35, 18]",en,10000000,29820616,104,"New Line Cinema, Rabbit Bandini Productions, Point Grey Pictures, Good Universe, RatPac Entertainment, Ramona Films",James Franco,"Dave Franco, James Franco, Seth Rogen, Ari Graynor, Alison Brie"
403119,tt2932536,47 Meters Down,47 Meters Down,2017-05-25,6.254,5.8,2907,"[27, 53]",en,5500000,62198461,89,"Lantica Media, Flexibon Films, Dragon Root Securities, Altitude Film Sales, Dimension Films, Entertainment Studios Motion Pictures, Tea Shop & Film Company, The Fyzz",Johannes Roberts,"Mandy Moore, Claire Holt, Matthew Modine, Chris Johnson, Yani Gellman"
339967,tt4680182,Colossal,Colossal,2017-04-06,6.2287,6.267,2338,"[18, 14, 878]",en,15000000,3029287,109,"Toy Fight Productions, Brightlight Pictures, Sayaka Producciones, Route One Entertainment, Voltage Pictures, Union Investment Partners, Legion M",Nacho Vigalondo,"Anne Hathaway, Jason Sudeikis, Austin Stowell, Tim Blake Nelson, Dan Stevens"
444539,tt3127022,The Bookshop,The Bookshop,2017-11-10,6.2277,6.481,471,[18],en,5400000,12055868,110,"Zephyr Films, A Contracorriente Films, Diagonal TV",Isabel Coixet,"Emily Mortimer, Bill Nighy, Patricia Clarkson, James Lance, Hunter Tremayne"
440546,tt6407598,Tékasztorik,Tékasztorik,2017-02-11,6.2001,4.8,5,[35],hu,0,0,100,"ZLS Production, Drastiqe pictures","Kála Czupi, Csaba Martin","Bihari Viktória, Imre Csuja, Nóra Görbe, Csaba Martin, Gergely Csizmadia"
430447,tt6336356,Mary and The Witch's Flower,メアリと魔女の花,2017-07-08,6.1865,7.162,939,"[16, 12, 10751, 14]",ja,0,42170089,103,STUDIO PONOC,Hiromasa Yonebayashi,"Yuki Amami, Ryunosuke Kamiki, Hana Sugisaki, Fumiyo Kohinata, Hikari Mitsushima"
283984,tt4054952,Fate/stay night: Heaven's Feel I. Presage Flower,劇場版「Fate/stay night [Heaven’s Feel]」Ⅰ.presage flower,2017-10-14,6.1785,7.423,265,"[28, 16, 18, 14, 10749]",ja,0,17422935,120,"ufotable, Aniplex, Tokyo TV Center, TYPE-MOON, KADOKAWA",Tomonori Sudo,"Noriaki Sugiyama, Noriko Shitaya, Hiroshi Kamiya, Ayako Kawasumi, Kana Ueda"
481817,tt7605442,Mention particulière,Mention particulière,2017-11-06,6.1509,7.5,50,"[18, 35, 10770]",fr,0,0,94,TF1,Christophe Campos,"Marie Dal Zotto, Bruno Salomone, Hélène de Fougerolles, Maïra Schmitt, Gaspard Meier-Chaurand"
339404,tt4565520,The Layover,The Layover,2017-09-01,6.1469,5.399,737,"[35, 10749]",en,0,0,88,"Creative Wealth Media Finance, Unified Pictures, Bron Studios, Universal Pictures",William H. Macy,"Kate Upton, Alexandra Daddario, Matt Barr, Matt Jones, Kal Penn"
324542,tt2072233,Sleepless,Sleepless,2017-01-12,6.146,5.934,1372,"[28, 80, 53]",en,30000000,32540674,95,"Vertigo Entertainment, FilmNation Entertainment, Riverstone Pictures, Open Road Films",Baran bo Odar,"Jamie Foxx, Michelle Monaghan, Dermot Mulroney, Scoot McNairy, David Harbour"
417870,tt3564472,Girls Trip,Girls Trip,2017-07-21,6.1252,6.814,1594,"[35, 10749, 12]",en,19000000,140376621,122,"Will Packer Productions, Universal Pictures, Perfect World Pictures",Malcolm D. Lee,"Regina Hall, Queen Latifah, Jada Pinkett Smith, Tiffany Haddish, Larenz Tate"
398181,tt5742374,You Were Never Really Here,You Were Never Really Here,2017-11-08,6.1194,6.542,3121,"[80, 18, 53]",en,17000000,9400000,89,"Why Not Productions, Film4 Productions, Sixteen Films",Lynne Ramsay,"Joaquin Phoenix, Judith Roberts, Ekaterina Samsonov, John Doman, Alex Manette"
404733,tt1935194,Overdrive,Overdrive,2017-06-16,6.1104,6.105,1023,"[53, 28, 9648]",en,28210303,11247280,93,"uMedia, Kinology, Setient Pictures, Nexus Factory, Brandt/Haas Productions, Trinity Media Films, TF1 Films Production, Overdrive Productions, uFund",Antonio Negret,"Scott Eastwood, Freddie Thorp, Ana de Armas, Gaia Weiss, Clemens Schick"
987376,tt7343538,Déjalo Ser,Déjalo Ser,2017-10-27,6.1094,0.0,0,"[18, 10402]",es,0,0,23,Le Fresnoy,Txema Novelo,Molly Nilsson
454699,tt6572702,Monster Family,Monster Family,2017-08-24,6.088,6.0,378,"[16, 10751, 14, 35]",en,0,29230695,93,"Agir, Ambient Entertainment, Timeless Films, United Entertainment, Mack Media",Holger Tappe,"Emily Watson, Nick Frost, Jessica Brown Findlay, Ethan Rouse, Jason Isaacs"
485557,tt6792682,Talia,Talia,2017-03-14,6.0786,7.0,1,[18],es,0,0,21,Strange Friends,Toni Bestard,"Júlia Castaño, José Yebes, Caterina Alorda, Nando Torres"
369192,tt4622512,Battle of the Sexes,Battle of the Sexes,2017-09-22,6.0626,6.749,1987,"[18, 35, 36]",en,25000000,12638526,121,"Fox Searchlight Pictures, Decibel Films, Cloud Eight Films, Ingenious Media","Valerie Faris, Jonathan Dayton","Emma Stone, Steve Carell, Andrea Riseborough, Sarah Silverman, Bill Pullman"
408648,tt6556890,Batman and Harley Quinn,Batman and Harley Quinn,2017-07-21,7.9404,6.171,673,"[12, 16, 35, 80, 28]",en,3500000,39091,74,"DC Entertainment, Warner Bros. Animation",Sam Liu,"Kevin Conroy, Melissa Rauch, Paget Brewster, Loren Lester, Kevin Michael Richardson"
413644,tt5715410,The Son of Bigfoot,The Son of Bigfoot,2017-07-26,7.3831,6.6,544,"[10751, 16, 35, 12, 878]",en,30000000,46372519,92,"StudioCanal, nWave Pictures, Belga Productions, Belga Films, Illuminata Pictures","Jérémie Degruson, Ben Stassen","Pappy Faulkner, Christopher Lee Parson, Terrence Stone, Marieve Herington, Cinda Adams"
429189,tt5825380,Wonder Wheel,Wonder Wheel,2017-12-01,7.1373,6.373,1375,"[18, 10749]",en,25000000,15366466,101,"Gravier Productions, Amazon Studios, Perdido Productions",Woody Allen,"Kate Winslet, Juno Temple, Jim Belushi, Justin Timberlake, Max Casella"
466876,tt5851786,Gnome Alone,Gnome Alone,2017-11-02,6.5566,6.132,273,"[16, 10751, 12, 35, 14]",en,0,10800715,85,"Vanguard Animation, 3QU Media, SC Films International, Cinesite Animation, Aniventure",Peter Lepeniotis,"Becky G, Nash Grier, Tara Strong, Josh Peck, David Koechner"
378111,tt3823116,A Stork's Journey,"Überflieger - Kleine Vögel, großes Geklapper",2017-04-28,6.6769,6.077,163,"[16, 10751, 14, 12, 35]",de,0,14400000,85,"Walking The Dog, Den Siste Skilling, Knudsen & Streuber Medienmanufaktur, Ulysses Filmproduktion, Melusine Productions",Toby Genkel,"Christian Gaul, Tilman Döbler, Nicolette Krebitz, Maud Ackermann, Schroeder Kacmar"
464733,tt1720621,Trafficked,Trafficked,2017-10-06,6.1871,6.644,97,[18],en,0,0,104,,Will Wallace,"Elisabeth Röhm, Ashley Judd, Sean Patrick Flanery, Kelly Washington, Amiah Miller"
295693,tt3874544,The Boss Baby,The Boss Baby,2017-03-23,7.4725,6.45,7578,"[16, 35, 10751]",en,125000000,527965936,97,DreamWorks Animation,Tom McGrath,"Miles Bakshi, Alec Baldwin, Jimmy Kimmel, Lisa Kudrow, Steve Buscemi"
467012,tt7076834,Satan's Slaves,Pengabdi Setan,2017-09-28,6.5682,6.669,322,"[27, 9648]",id,120000,9033726,106,"CJ Entertainment, Rapi Films",Joko Anwar,"Tara Basro, Bront Palarae, Endy Arfian, Nasar Anuz, M. Adhiyat"
418078,tt4695012,It Comes at Night,It Comes at Night,2017-06-09,6.2166,5.87,2691,"[18, 27, 9648]",en,5000000,19280931,91,"A24, Animal Kingdom",Trey Edward Shults,"Joel Edgerton, Christopher Abbott, Carmen Ejogo, Riley Keough, Kelvin Harrison Jr."
516086,,Sacred Hair,Cheveux Sacrés,2017-07-01,5.3347,0.0,0,"[18, 10751]",fr,0,0,13,,Mario Morin,"Matt Hébert, Najat El Wafy, Mara Joly, Adam Lapointe"
291276,tt1734493,Unlocked,Unlocked,2017-04-27,7.514,6.268,1235,"[28, 53]",en,0,0,98,"Silver Reel, di Bonaventura Pictures, Lipsync Productions, Czech Anglo Pictures, Bloom, SRA Productions, Unlocked Distribution, Lionsgate",Michael Apted,"Noomi Rapace, Orlando Bloom, Michael Douglas, John Malkovich, Toni Collette"
446791,tt5294550,All the Money in the World,All the Money in the World,2017-12-21,6.5905,6.493,2468,"[80, 36, 53, 18]",en,50000000,56996304,132,"Imperative Entertainment, Lotus Production, Redrum Films, Panorama Films, TriStar Pictures, Scott Free Productions",Ridley Scott,"Michelle Williams, Mark Wahlberg, Christopher Plummer, Charlie Plummer, Romain Duris"
617463,tt10540854,In the Dawn,Uur Tsaigaasai,2017-05-10,5.7668,0.0,0,[18],mn,150000,0,119,,Sengedorj Janchivdorj,"Ankhmaa Gankhuyag, Navchaa Bazarjav"
470114,tt5442456,24 Hours to Live,24 Hours To Live,2017-10-26,5.6547,5.973,731,"[28, 878, 53, 9648]",en,0,5800000,94,"Thunder Road, Fundamental Films, Film Afrika",Brian Smrz,"Ethan Hawke, Xu Qing, Paul Anderson, Rutger Hauer, Tyrone Keogh"
488623,tt7057496,Forgotten,기억의 밤,2017-11-29,6.0932,7.881,1394,"[53, 9648, 80]",ko,0,9968972,108,"BA Entertainment, Michigan Venture Capital, Plus M Entertainment, Kiwi Media Group, Baram Pictures, Union Investment Partners, M-Line Distribution",Chang Hang-jun,"Kang Ha-neul, Kim Moo-yul, Moon Sung-keun, Na Young-hee, Nam Myung-ryeol"
592390,,Green Zone,Yeşil Bölge,2017-01-01,5.2883,0.0,0,[],tr,0,0,7,,Mehmet Kanadli,
290512,tt2226597,The Mountain Between Us,The Mountain Between Us,2017-10-05,6.936,6.643,2581,"[18, 12, 10749]",en,35000000,62832209,109,"Chernin Entertainment, 20th Century Fox, Fox 2000 Pictures",Hany Abu-Assad,"Idris Elba, Kate Winslet, Dermot Mulroney, Beau Bridges, Linda Sorensen"
424488,tt4899370,Megan Leavey,Megan Leavey,2017-06-09,5.6253,7.261,866,"[18, 10752]",en,0,13406883,116,"LD Entertainment, Calle Cruzada",Gabriela Cowperthwaite,"Kate Mara, Ramón Rodríguez, Tom Felton, Bradley Whitford, Will Patton"
419479,tt4225622,The Babysitter,The Babysitter,2017-10-13,6.0398,6.192,3995,"[35, 27]",en,0,0,85,"Wonderland Sound and Vision, Boies/Schiller Film Group",McG,"Judah Lewis, Samara Weaving, Robbie Amell, Hana Mae Lee, Bella Thorne"
428707,tt6728390,Kuroko's Basketball the Movie: Last Game,劇場版 黒子のバスケ LAST GAME,2017-03-18,6.3189,7.617,145,"[16, 35]",ja,0,8261488,90,"Bandai Visual, Production I.G, NAS, Shueisha, Lantis, Banpresto, MBS",Shunsuke Tada,"Kensho Ono, Junichi Suwabe, Hiroshi Kamiya, Ryohei Kimura, Yuki Ono"
439296,tt6217248,Guarnieri,Guarnieri,2017-01-28,5.8087,7.2,3,[99],pt,0,0,70,Mira Filmes,Francisco Guarnieri,"Gianfrancesco Guarnieri, Paulo Guarnieri, Flávio Guarnieri, Francisco Guarnieri, Marília Gabriela"
436279,tt4524678,The Citizen,Az állampolgár,2017-01-26,5.7745,6.7,9,[18],hu,0,0,108,,Roland Vranik,"Cake-Baly Marcelo, Ágnes Máhr, Arghavan Shekari, Tünde Szalontay, Gergõ Kocsis"
289222,tt1730768,The Zookeeper's Wife,The Zookeeper's Wife,2017-03-24,5.746,7.319,1590,"[18, 36, 10752]",en,20000000,26152835,126,"Scion Films, Czech Anglo Pictures, Focus Features, Electric City Entertainment, Mike Tollin Productions, Sierra/Affinity, MadRiver Pictures",Niki Caro,"Jessica Chastain, Daniel Brühl, Johan Heldenbergh, Michael McElhatton, Timothy Radford"
345922,tt3401882,Fist Fight,Fist Fight,2017-02-16,5.6977,6.043,1340,[35],en,22000000,41087017,91,"Wrigley Pictures, New Line Cinema, 21 Laps Entertainment, Village Roadshow Pictures, RatPac Entertainment",Richie Keen,"Charlie Day, Ice Cube, Tracy Morgan, Jillian Bell, Christina Hendricks"
343674,tt3748172,Gerald's Game,Gerald's Game,2017-09-29,5.6805,6.399,4019,"[27, 53, 18]",en,0,0,104,Intrepid Pictures,Mike Flanagan,"Carla Gugino, Bruce Greenwood, Carel Struycken, Chiara Aurelia, Henry Thomas"
411873,tt5666304,The Little Hours,The Little Hours,2017-06-30,5.6723,5.886,671,[35],en,0,1647675,90,"Destro Films, Dublab Media, Productivity Media, Gunpowder & Sky, StarStream Media, Bow + Arrow Entertainment, Foton Pictures, Exhibit Entertainment",Jeff Baena,"Alison Brie, Dave Franco, Kate Micucci, Aubrey Plaza, John C. Reilly"
445581,tt7606828,A Dream,Privid,2017-09-15,5.6678,0.0,0,[18],sl,0,0,100,"AS Film Production, FilRouge",Boštjan Slatenšek,"Aude Le Pape, Aleksandar Rajaković, May-Linda Kosumovic, Alketa Sylay, Luan Jaha"
340101,tt1661275,Their Finest,Their Finest,2017-02-19,5.6613,6.57,460,"[10749, 10752, 18]",en,11795877,3603484,117,"BBC Film, HanWay Films, Number 9 Films, Filmgate Films, Ripken Productions, Pinewood Pictures, Wildgaze Films, Film i Väst, EuropaCorp",Lone Scherfig,"Gemma Arterton, Sam Claflin, Bill Nighy, Jack Huston, Helen McCrory"
407445,tt5716464,Breathe,Breathe,2017-10-13,5.6575,7.43,817,"[18, 10749]",en,0,5026154,118,"The Imaginarium, BFI, BBC Film, Embankment Films, Silver Reel",Andy Serkis,"Andrew Garfield, Claire Foy, Hugh Bonneville, Tom Hollander, Miranda Raison"
423899,tt5816682,Victoria & Abdul,Victoria & Abdul,2017-09-13,5.6391,6.883,1229,"[18, 36]",en,22000000,66558465,112,"Working Title, BBC Film, Perfect World Pictures, Cross Street Films, Focus Features, India Take One",Stephen Frears,"Judi Dench, Ali Fazal, Tim Pigott-Smith, Suzy Eddie Izzard, Adeel Akhtar"
300665,tt2620590,Leatherface,Leatherface,2017-09-14,5.6143,5.6,1461,"[27, 53]",en,500000,1476843,88,"Lionsgate, Mainline Pictures, Millennium Media, LF2 Productions, Campbell Grobman Films","Julien Maury, Alexandre Bustillo","Stephen Dorff, Vanessa Grasse, Sam Strike, Lili Taylor, James Bloor"
435901,tt5091108,About Love,О любви,2017-03-23,5.6092,5.485,33,"[10749, 18, 53]",ru,2000000,182710,95,"Studio 2-B-2 Entertainment, Lenfilm, Cinema Foundation of Russia, Ministry of Culture of the Russian Federation",Vladimir Bortko,"Anna Chipovskaya, Aleksey Chadov, Dmitriy Pevtsov, Aleksandr Lykov, Mariya Mironova"
449574,tt5979874,Godzilla: Planet of the Monsters,GODZILLA 怪獣惑星,2017-11-17,5.6084,6.4,573,"[16, 28, 878]",ja,0,3300000,89,"Polygon Pictures, TOHO","Hiroyuki Seshita, Kobun Shizuno","Mamoru Miyano, Takahiro Sakurai, Kana Hanazawa, Tomokazu Sugita, Yuki Kaji"
14564,tt0498381,Rings,Rings,2017-02-01,5.6014,5.028,2655,[27],en,25000000,83080890,102,"Paramount Pictures, Macari/Edelstein, Parkes+MacDonald Image Nation, Waddieish Claretrap",F. Javier Gutiérrez,"Matilda Lutz, Alex Roe, Johnny Galecki, Vincent D'Onofrio, Zach Roerig"
514492,,Short Cuts : Les dents de la mer de Steven Spielberg,Short Cuts : Les dents de la mer de Steven Spielberg,2017-07-22,5.5958,6.0,3,[16],fr,0,0,2,,Zaven Najjar,
417830,tt6003368,Diary of a Wimpy Kid: The Long Haul,Diary of a Wimpy Kid: The Long Haul,2017-05-19,5.5922,5.305,550,"[12, 35, 10751]",en,22000000,40120144,91,"TSG Entertainment, Color Force, Fox 2000 Pictures",David Bowers,"Jason Ian Drucker, Alicia Silverstone, Tom Everett Scott, Charlie Wright, Owen Asztalos"
411840,tt5513260,Surf's Up 2: WaveMania,Surf's Up 2: WaveMania,2017-01-26,5.5558,5.9,309,"[16, 10751, 35]",en,0,0,84,"Sony Pictures Animation, WWE Studios, Rainmaker Entertainment",Henry Yu,"Jeremy Shada, Jon Heder, Melissa Sturm, John Cena, Mark Calaway"
334521,tt4158096,Free Fire,Free Fire,2017-03-31,5.5487,6.244,1261,"[28, 80, 9648]",en,7000000,3719383,91,"Rook Films, Protagonist Pictures, Film4 Productions",Ben Wheatley,"Cillian Murphy, Brie Larson, Armie Hammer, Sharlto Copley, Jack Reynor"
480672,,Nome Provisório,Nome Provisório,2017-10-11,5.4696,0.0,0,[18],pt,0,0,20,Dois Pontos Filmes,"Bruno Arrivabene, Victor Allencar","Glamour Garcia, Antoniela Lourenço, Priscila Ribeiro, Raquel Rollo, Toni Oliveira"
452970,tt6470762,Mazinger Z: Infinity,劇場版 マジンガーZ ／ INFINITY,2017-10-27,5.4476,6.996,354,"[28, 878, 16]",ja,0,2732673,95,"Toei Animation, Toei Company",Junji Shimizu,"Showtaro Morikubo, Ai Kayano, Sumire Uesaka, Toshihiko Seki, Ami Koshimizu"
425980,tt5884230,Brad's Status,Brad's Status,2017-09-14,5.2575,6.276,457,"[35, 18]",en,0,2400000,101,"Sidney Kimmel Entertainment, Plan B Entertainment, Amazon Studios",Mike White,"Ben Stiller, Austin Abrams, Jenna Fischer, Michael Sheen, Jemaine Clement"
435129,tt3901826,The Breadwinner,The Breadwinner,2017-11-17,6.4963,7.843,954,"[16, 10752, 18]",en,0,2790214,94,"Aircraft Pictures, Cartoon Saloon, Melusine Productions, Jolie Pas, GKIDS",Nora Twomey,"Saara Chaudry, Soma Bhatia, Noorin Gulamgaus, Laara Sadiq, Ali Badshah"
462252,tt6758572,Lô Tô,Lô Tô,2017-03-31,5.3326,5.0,1,"[10751, 35]",vi,0,0,90,,Huỳnh Tuấn Anh,"Hữu Châu, Huỳnh Lập, Hải Triều, Minh Dũng, Lê Minh Thành"
405775,tt4218696,The Wall,The Wall,2017-05-12,5.8619,6.409,1076,"[10752, 53, 18, 28]",en,3000000,4500000,90,"Big Indie Pictures, Amazon Studios, Picrow",Doug Liman,"Aaron Taylor-Johnson, John Cena, Laith Nakli"
450322,tt6225520,The Man Who Invented Christmas,The Man Who Invented Christmas,2017-10-12,5.9955,6.847,883,"[18, 36, 35, 10751]",en,17000000,8100000,105,"Rhombus Media, The Mazur Kaplan Company, The Mob Film Company, Parallel Films",Bharat Nalluri,"Dan Stevens, Christopher Plummer, Jonathan Pryce, Justin Edwards, Morfydd Clark"
410554,tt5884234,First Kill,First Kill,2017-07-21,5.3864,5.647,595,"[28, 53, 80]",en,10000000,0,97,"Ingenious Media, Brookstreet Pictures, River Bay Films, Kirk Shaw Productions, Aboretum Productions, The Fyzz, EFO Films, Lionsgate Premiere",Steven C. Miller,"Bruce Willis, Hayden Christensen, Ty Joseph Shelton, Megan Leonard, Gethin Anthony"
321757,tt4283414,Punching Henry,Punching Henry,2017-02-24,5.2796,5.862,47,[35],en,0,0,98,"Whitewater Films, Permut Presentations, Tilted Windmill Productions, Kandoo Films",Gregori Viens,"Sarah Silverman, Henry Phillips, J.K. Simmons, Mike Judge, Michaela Watkins"
316154,tt4334266,The Bad Batch,The Bad Batch,2017-06-23,5.5088,5.256,1188,"[28, 27, 878, 53, 10749]",en,6000000,180851,119,"Annapurna Pictures, Vice Studios, Human Stew Factory",Ana Lily Amirpour,"Suki Waterhouse, Jason Momoa, Yolonda Ross, Keanu Reeves, Giovanni Ribisi"
495065,tt6937380,Spiritus Lepus,Spiritus Lepus,2017-11-08,4.4016,4.5,3,"[14, 9648]",en,0,0,20,Atomic Rabbit Productions,Kristofer Kiggs Carlsson,"Amelia Clay, Filip Gisslén, Isabelle Haag, Jack Kelly, Max Krupski"
481891,tt13519098,An Affair: My Friend's Mom,정사: 친구의 엄마,2017-08-24,5.6241,3.7,7,"[10749, 18]",ko,0,0,72,,Kwak Yeong-geun,"Kim Ji-yeon, Jo Wan-jin, Hayashi Risa, Kim Seung-goo, Ga Bin"
537971,tt10540298,Mia,Mia,2017-12-17,5.2088,6.1,34,[18],es,800,0,11,"Oriol Colomar, Oriolcolomar",Oriol Colomar,"Aya Wolf, Oriol Colomar"
330947,tt2062700,Song to Song,Song to Song,2017-03-17,5.6883,5.48,931,"[10749, 18]",en,10000000,1710528,129,"FilmNation Entertainment, Waypoint Entertainment",Terrence Malick,"Michael Fassbender, Ryan Gosling, Rooney Mara, Natalie Portman, Cate Blanchett"
458083,,Covet: Island of Desire,탐하다: 욕망의 섬,2017-05-04,5.1637,5.5,14,[10749],ko,0,0,81,,Kim Jin-sung,"Han Jae Bum, Kim Hwa-yeon, Park Cho-hyeon, Bae Geon-sik, Lee Min-Sik"
292280,tt4030600,The Bye Bye Man,The Bye Bye Man,2017-01-12,6.6562,5.206,1333,"[27, 53]",en,7400000,26700000,96,"Los Angeles Media Fund, Intrepid Pictures, STXfilms",Stacy Title,"Douglas Smith, Lucien Laviscount, Cressida Bonas, Doug Jones, Michael Trucco"
453661,tt6840538,Las cinéphilas,Las cinéphilas,2017-04-20,4.8812,6.2,11,[99],es,0,0,72,Álvarez & Díaz,María Álvarez,"Norma Bárbaro, Estela Clavería, Lucía Aguirre, Leopoldina Novoa, Paloma Díez-Picasso"
203835,tt1935897,Amityville: The Awakening,Amityville: The Awakening,2017-06-30,6.5151,5.3,1119,[27],en,0,8481997,87,"Blumhouse Productions, Dimension Films, Panic Ventures, Baron Films",Franck Khalfoun,"Bella Thorne, Cameron Monaghan, Jennifer Jason Leigh, Thomas Mann, Jennifer Morrison"
397837,tt1691916,Before I Fall,Before I Fall,2017-03-02,5.8864,6.968,3587,"[18, 14]",en,5000000,16373843,98,"Jon Shestack Productions, Awesomeness Films",Ry Russo-Young,"Zoey Deutch, Kian Lawley, Halston Sage, Elena Kampouris, Jennifer Beals"
431071,tt6086080,Mad Families,Mad Families,2017-01-12,4.8019,4.623,57,[35],en,0,0,90,Crackle,Fred Wolf,"Charlie Sheen, Leah Remini, Naya Rivera, Finesse Mitchell, Charlotte McKinney"
336000,tt2378507,The Glass Castle,The Glass Castle,2017-08-11,6.5543,7.099,917,[18],en,9000000,22088533,127,"Lionsgate, Netter Productions, TIK Films, Waypoint Entertainment",Destin Daniel Cretton,"Brie Larson, Woody Harrelson, Naomi Watts, Max Greenfield, Sarah Snook"
465595,tt12937574,Sweet Sex,달콤한섹스,2017-07-06,5.659,6.909,22,"[10749, 18]",ko,0,0,89,,Park Sun-Uk,"Lee Chae-dam, Sin Seong-hoon, Yoon Se-na, Min Do-yoon, Jang Ji-eun-I"
452773,tt3896102,"Tad, the Lost Explorer, and the Secret of King Midas",Tadeo Jones 2: El secreto del rey Midas,2017-03-25,5.196,6.729,451,"[16, 12, 35, 10751]",es,10778400,34156960,85,"4 Cats Pictures, Lightbox Animation Studios, Ikiru Films, Lightbox Entertainment, Mogambo Films, Telefónica Studios, Tadeo Jones y el Secreto de Midas, Paramount Pictures Spain, Telecinco Cinema","Enrique Gato, David Alonso","Óscar Barberán, Michelle Jenner, Adriana Ugarte, Luis Posada, Miguel Ángel Jenner"
477804,tt4966204,Deaf Hearts,Cœurs sourds,2017-09-23,5.1939,2.0,3,[18],fr,0,0,18,Envie de tempête,Arnaud Khayadjanian,"Armande Boulanger, Sarah-Megan Allouch, Victor Belmondo, Oliver Cywie, Lorry Hardel"
455839,tt4815122,Time Trap,Time Trap,2017-05-19,5.1811,6.338,1387,"[878, 12]",en,0,0,87,"Pad Thai Pictures, Filmsmith Production & Management","Mark Dennis, Ben Foster","Andrew Wilson, Cassidy Gifford, Brianne Howey, Reiley McClendon, Olivia Draguicevich"
419831,tt4547194,I Kill Giants,I Kill Giants,2017-11-15,5.1575,6.169,1284,"[14, 18]",en,15100000,0,106,"XYZ Films, 1492 Pictures, Having Me Films, Ocean Blue Entertainment, uFund, Man of Action Entertainment, Adonis Production, Parallel Films, uMedia",Anders Walter,"Madison Wolfe, Zoe Saldaña, Imogen Poots, Sydney Wade, Rory Jackson"
460846,tt3501112,Security,Security,2017-03-04,5.1574,6.328,976,"[28, 53, 80]",en,15000000,0,87,"Nu Boyana Film Studios, Nu Image, Millennium Media",Alain Desrochers,"Antonio Banderas, Ben Kingsley, Liam McIntyre, Chad Lindberg, Gabriella Wright"
333354,tt2957760,Extortion,Extortion,2017-01-02,5.1503,6.139,328,"[28, 12, 80, 18, 53]",en,0,0,108,"Filmmuse Productions, Del Rey Films, 13 Films",Phil Volken,"Eion Bailey, Bethany Joy Lenz, Mauricio Alemañy, Barkhad Abdi, Danny Glover"
393519,tt4954522,Raw,Grave,2017-03-10,5.1409,7.025,3484,"[27, 18]",fr,3500000,4100000,99,"Wild Bunch, Rouge International, BeTV, Frakas Productions, RTBF, Petit Film, VOO, Ezekiel Film Production",Julia Ducournau,"Garance Marillier, Ella Rumpf, Rabah Nait Oufella, Laurent Lucas, Joana Preiss"
339987,tt4721124,The Exception,The Exception,2017-06-02,5.1254,6.892,480,"[10752, 18, 10749]",en,0,708973,107,"Egoli Tossell KLK, Ostar Productions, uMedia, Egoli Tossell Film",David Leveaux,"Lily James, Jai Courtney, Eddie Marsan, Christopher Plummer, Janet McTeer"
417644,tt0493405,CHiPs,CHiPs,2017-03-23,5.1183,6.13,1419,"[28, 35, 80]",en,25000000,26800152,101,"Primate Pictures, Warner Bros. Pictures",Dax Shepard,"Michael Peña, Dax Shepard, Jessica McNamee, Rosa Salazar, Adam Brody"
427564,tt6425560,Scooby-Doo! Shaggy's Showdown,Scooby-Doo! Shaggy's Showdown,2017-02-14,5.1106,7.8,206,"[16, 10751, 9648, 35, 37]",en,0,0,80,Warner Bros. Animation,Matt Peters,"Frank Welker, Grey DeLisle, Matthew Lillard, Kate Micucci, Carlos Alazraqui"
455558,tt4917224,9/11,9/11,2017-09-07,5.1054,5.127,236,"[18, 53]",en,5500000,200229,88,"Vitamin A Films, Black Bear Studios, Sprockefeller Pictures, Sunset Pictures, Thunder Studios, Primary Wave Entertainment, Good Universe, 13 Films",Martin Guigui,"Charlie Sheen, Whoopi Goldberg, Luis Guzmán, Gina Gershon, Wood Harris"
401246,tt4995790,The Square,The Square,2017-08-25,5.1054,6.742,1784,[18],sv,0,9494535,151,"Plattform Produktion, ARTE France Cinéma, Coproduction Office, Essential Filmproduktion, Imperative Entertainment, SVT, Film i Väst, Société Parisienne de Production, ZDF, ZDF/Arte, Alamode Film",Ruben Östlund,"Claes Bang, Elisabeth Moss, Dominic West, Terry Notary, Christopher Læssø"
557564,tt6732626,Mayskaya Street,Rue Mayskaya,2017-04-23,5.105,0.0,0,[99],fr,0,0,68,Idip Films,Gabriel Tejedor,
477274,tt7535792,My Travel Buddy,Yol Arkadaşım,2017-10-27,5.1021,5.986,74,[35],tr,0,6000000,115,BKM,Bedran Güzel,"Oğuzhan Koç, İbrahim Büyükak, Emre Kınay, Aslı Bekiroğlu, Eda Ece"
751311,,Of Spacious Time,Weite Zeit,2017-01-01,5.0797,0.0,0,[99],de,0,0,11,,Edith Flückiger,
786437,,Residents,Rezidenti,2017-11-12,5.0735,0.0,0,[99],lv,0,0,27,Documentarian,"Ivars Zviedris, Inese Kļava",
464540,tt7301620,Operation Piroberta,Operación Piroberta,2017-03-16,5.0703,3.0,1,"[35, 80]",es,0,0,91,"Ocho y Medios Comunicaciones, Diamond Films Colombia",René Castellanos,"Julian Madrid, Gustavo Villanueva, Kenny Astudillo, José Luis Mesa, Viviana Ruíz Restrepo"
430474,tt4105584,Deep,Deep,2017-05-11,5.0636,5.9,160,"[16, 10751, 12]",en,6000000,10972300,92,"Grindstone Entertainment Group, The Thinklab, The Kraken Films, uMedia, Propulsion, Dragon Dreams, Silver Reel, Grid Animation",Julio Soto Gurpide,"Justin Felbinger, Jess Harnell, Phil LaMarr, Dwight Schultz, Elisabeth Gray"
437783,tt6360332,Is Genesis History?,Is Genesis History?,2017-02-23,5.0617,4.6,14,[99],en,0,2737155,105,Compass Cinema,Thomas Purifoy,"Del Tackett, Steve Austin PhD, Steve Boyd PhD, Robert Carter PhD, Arthur Chadwick PhD"
293768,tt1458169,Kidnap,Kidnap,2017-08-03,5.055,6.253,1373,"[28, 53]",en,21000000,34800000,95,"Ingenious Media, di Bonaventura Pictures, Gold Star Films, Lotus Entertainment, 606 Films, Well Go USA Entertainment, Rumble Entertainment",Luis Prieto,"Halle Berry, Sage Correa, Chris McGinn, Lew Temple, Jason George"
397415,tt5460530,Vengeance: A Love Story,Vengeance: A Love Story,2017-03-16,5.0414,5.579,346,"[28, 18, 53, 10770]",en,28000000,14940116,99,"Hannibal Classics, Patriot Pictures, Justice Everywhere Productions, Martini Films, Saturn Films, Detective and the Girl Productions, LLC",Johnny Martin,"Nicolas Cage, Anna Hutchison, Talitha Eliana Bateman, Deborah Kara Unger, Don Johnson"
545712,tt5368500,The Return,Kthimi,2017-11-28,5.0263,0.0,0,[18],sq,0,0,81,Dardania Film,Kastriot Abdyli,"Hazir Haziri, Selman Lokaj, Delphine Depardieu, Liridona Shehu, Safete Rugova"
476374,,Groundhog Daying,Groundhog Daying,2017-02-02,5.0209,0.0,0,[35],en,0,0,5,,,"Chris W. Smith, Jack De Sena, Jordan J. Riggs, Lisa Bierman, Pancho Morris"
471334,,Âmago,Âmago,2017-04-24,5.0096,0.0,0,[],pt,0,0,0,LAK Produções,Édier William,"Édier William, Jul Leardini, Loana Terra"
484510,tt6645614,Trolls Holiday,Trolls Holiday,2017-11-01,4.9806,6.7,515,"[12, 16, 10751, 14]",en,0,0,26,"NBC, DreamWorks Animation",Joel Crawford,"Anna Kendrick, Justin Timberlake, Zooey Deschanel, Christopher Mintz-Plasse, James Corden"
1574871,tt7487044,Chinese Angel,Chinese Angel,2017-10-15,4.977,10.0,1,[18],en,10000,0,34,,"Sha Peng, Arek Zasowski","Arek Zasowski, Cynthia Dou, Elisa Li, Auguste Li, Valerie Dent"
448776,tt4080956,A Prayer Before Dawn,A Prayer Before Dawn,2017-08-05,4.9701,6.7,674,"[18, 28, 80]",en,0,958883,116,"Meridian Entertainment, Symbolic Exchange, Senorita Films, Indochina Productions, HanWay Films",Jean-Stéphane Sauvaire,"Joe Cole, Vithaya Pansringarm, Pornchanok Mabklang, Somrak Khamsing, Nic Shake"
1018525,,Hitam & Putih,Hitam & Putih,2017-04-13,4.9686,0.0,0,"[28, 18]",id,0,0,91,"Jelita Alip Film, Vietnam Production",Daud Radex,"Roger Danuarta, Guntur Triyoga, Cinta Dewi, Sunny Pang, Phan Nhu Thao"
480213,tt6206880,Praça Paris,Praça Paris,2017-10-10,4.9482,6.8,18,"[53, 18]",pt,0,0,112,Taiga Filmes,Lúcia Murat,"Grace Passô, Joana de Verona, Alex Brasil, Babu Santana, Digão Ribeiro"
455892,tt6669548,Tales from the Lakeside,Lengemesék,2017-04-27,4.939,8.0,2,[16],hu,0,0,64,,Zsolt Pálfi,"Johanna Albert, Péter Bercsényi, Róbert Bolla, Csongor Szalay"
488327,tt6350148,Love Letters,Liefdesbrieven,2017-11-15,4.9381,0.0,0,[99],nl,0,0,25,,Tara Fallaux,
480572,tt6204340,Bullet Head,Bullet Head,2017-12-07,4.9362,4.994,558,"[80, 18, 53]",en,0,87465,93,"Millennium Media, Principato-Young Entertainment, Nu Boyana Film Studios, Sunset Junction Entertainment",Paul Solet,"Adrien Brody, Antonio Banderas, John Malkovich, Rory Culkin, Ori Pfeffer"
451955,tt6367558,Double Lover,L'Amant double,2017-05-26,4.9274,6.1,587,"[10749, 53, 18]",fr,7110000,4248574,108,"Mars Films, FOZ, Mandarin Cinéma",François Ozon,"Marine Vacth, Jérémie Renier, Jacqueline Bisset, Myriam Boyer, Dominique Reymond"
354861,tt1966359,Father Figures,Father Figures,2017-12-21,4.927,5.777,699,[35],en,25000000,25601244,113,"Alcon Entertainment, The Montecito Picture Company, Warner Bros. Pictures",Lawrence Sher,"Owen Wilson, Ed Helms, J.K. Simmons, Katt Williams, Terry Bradshaw"
409311,tt6788828,Martyrdom,Martírio,2017-04-13,4.9263,8.2,9,[99],pt,0,0,162,,"Tatiana Almeida, Ernesto de Carvalho, Vincent Carelli",
418533,tt5706370,Three Christs,Three Christs,2017-09-23,4.8901,6.676,156,[18],en,0,0,117,"Brooklyn Films, Highland Film Group, Narrative Capital",Jon Avnet,"Richard Gere, Peter Dinklage, Walton Goggins, Bradley Whitford, Charlotte Hope"
701561,,Lee Chaedam's G-Spot,이채담의 지스팟,2017-10-26,4.8736,5.0,13,[],ko,0,0,77,,Park Joo-yeong,"Lee Chae-dam, Jo Yong-bok"
462181,tt3465026,Palm Swings,Palm Swings,2017-10-03,4.8505,5.871,62,"[35, 18, 10749]",en,0,0,95,Code Blue Pictures,Sean Hoessli,"Sugar Lyn Beard, Jackson Davis, Tia Carrere, Diane Farr, Chaka Forman"
511142,,The Tooth,La dent,2017-09-15,4.826,0.0,0,[16],fr,0,0,3,"ONF | NFB, Canal+, Sacrebleu Productions",Guy Delisle,
483393,tt6990956,Déjà vu,Déjà vu,2017-10-17,4.8143,5.5,2,[14],fr,0,0,9,Les Films 4C Productions,Olivier Labonté LeMoyne,"Ariane Castellanos, Nico Racicot, Pierre-François Bouffard"
401513,tt4731148,Attraction,Притяжение,2017-01-26,4.8101,6.664,940,"[18, 10749, 878, 12]",ru,5027266,19454845,117,"Vodorod 2011, Art Pictures Studio",Fyodor Bondarchuk,"Irina Starshenbaum, Alexander Petrov, Rinal Mukhametov, Oleg Menshikov, Sergey Garmash"
1138515,,A Way to Home,Jalan Pulang,2017-01-07,4.8015,0.0,0,[18],id,0,0,26,Bacassie Film,M. Rizky Kurnia,"Adam Maulana Yaris, Ernanta ""Soeyik"" Kusuma, Siti Fauziah, Anton Hermawan, Eka Kecap"
420707,tt4126568,Cage Dive,Cage Dive,2017-08-11,4.7682,4.583,357,"[27, 53]",en,0,863413,80,"Odin's Eye Entertainment, Just One More Productions Pty. Ltd",Gerald Rascionato,"Joel Hogan, Josh Potthoff, Megan Peta Hill, Pete Valley, Mark Fell"
340613,tt3750872,The Wife,The Wife,2017-08-17,4.7633,7.056,1141,[18],en,7000000,20000000,100,"Anonymous Content, Meta Film London, Silver Reel, Tempo Productions, Embankment Films, Creative Scotland, Spark Film & TV, Chimney Sweden, Film i Väst",Björn Runge,"Glenn Close, Jonathan Pryce, Christian Slater, Max Irons, Harry Lloyd"
469721,tt3463106,The Cured,The Cured,2017-11-24,4.76,5.513,418,"[27, 18, 878]",en,0,323776,95,"Tilted Pictures, Bac Films, Savage Productions",David Freyne,"Elliot Page, Sam Keeley, Tom Vaughan-Lawlor, Stuart Graham, Paula Malcomson"
470472,tt5066056,The Wilde Wedding,The Wilde Wedding,2017-09-15,4.755,5.1,76,"[35, 10749]",en,0,0,95,Baby Mugs Films,Damian Harris,"Glenn Close, John Malkovich, Patrick Stewart, Minnie Driver, Grace Van Patten"
606829,tt6364484,The Nettle,Kopřiva,2017-11-03,4.7459,2.667,3,[18],cs,0,0,22,FAMU,Piaoyu Xie,"Josefína Dušková, Vojtěch Hrabák, Josef Pejchal, Ondřej Kavan, Martin Pospíšil"
474412,tt10102164,To Her,사촌여동생,2017-07-12,4.7429,7.3,9,"[18, 10749]",ko,0,0,90,,Yang Ho-yeol,"Yoo Ji-won, Ahn So-hee, Kim Jong-sin"
631560,tt7543766,The Black Death,Svartedauen,2017-05-16,4.7285,0.0,0,"[18, 36, 99]",no,0,0,54,Media Service,"Ole Tellefsen, Kristian Landmark","Nils Nordberg, Ole Tellefsen, Ivar Nergaard, Laura Christina Brøvig Vallenes, Laura Christina Brøvig Vallenes"
447330,tt6599064,The Paris Opera,L'Opéra,2017-04-05,4.7221,7.2,17,[99],fr,0,0,110,"Les Films Pelléas, Bande à Part Films, Orange Studio, France 2 Cinéma, RTS",Jean-Stéphane Bron,Stéphane Lissner
373569,tt2334871,Snatched,Snatched,2017-05-03,4.7138,5.335,837,"[28, 35]",en,42000000,60800000,90,"Chernin Entertainment, Feigco Entertainment, 20th Century Fox, TSG Entertainment",Jonathan Levine,"Amy Schumer, Goldie Hawn, Tom Bateman, Christopher Meloni, Wanda Sykes"
460648,tt5813366,Bleeding Steel,机器之血,2017-12-18,4.7023,5.985,584,"[878, 28, 12, 53]",zh,65000000,0,109,"Heyi Pictures, Sparkle Roll Media, Perfect Village Entertainment, Grindstone Entertainment Group, Lionsgate Premiere, Mango Entertainment",Leo Zhang,"Jackie Chan, Show Lo, Ouyang Nana, Erica Xia-Hou, Callan Mulvey"
480318,tt6627272,Übermensch,Übermensch,2017-03-11,4.6985,2.8,4,[99],en,0,0,22,,Jesper Dalgaard,
415826,tt3226454,Among Us,Among Us,2017-08-08,4.6828,6.3,18,"[18, 27, 53]",en,0,0,91,Kitchen Table Films,Gary King,"Mark DiConzo, Katie Morrison, Elena Sanz, Bill Elverman, Marty Lang"
452558,tt7245176,Paradox,殺破狼·貪狼,2017-08-25,4.6794,6.79,217,"[28, 80, 18, 53]",cn,0,0,101,"Aether Film Production, Alibaba Pictures Group, Bona Film Group, Flagship Entertainment Group, Huoerguosi Bona Culture and Media, Rock Partner Film, Shanghai PMF Media, Sil-Metropole Organisation, Wish Films, YL Entertainment & Sport, Sun Entertainment Culture",Wilson Yip,"Louis Koo, Wu Yue, Tony Jaa, Gordon Lam Ka-Tung, Chris Collins"
447759,tt13039100,Adult Only Institute,청불학원,2017-03-14,4.6794,4.667,15,"[35, 18, 10749]",ko,0,0,87,Road House,Choi Moo-yeon,"Kim Min-soo, Yoo Ji-won, Oh Joo-ha, Jo Wan-jin, Jeong Ho-yoon"
476335,tt5540992,Shock and Awe,Shock and Awe,2017-12-09,4.6784,6.268,205,"[36, 18, 53]",en,15500000,182415,90,"Castle Rock Entertainment, Savvy Media Holdings, Acacia Filmed Entertainment, Voltage Pictures",Rob Reiner,"Woody Harrelson, James Marsden, Rob Reiner, Tommy Lee Jones, Jessica Biel"
514968,tt5687816,Granny Project,Nagyi projekt,2017-07-11,4.6574,7.5,2,[99],hu,0,0,89,Gallivant Film,Bálint Révész,
391765,tt7236640,Toofan Singh,Toofan Singh,2017-08-04,4.6569,8.5,4,"[28, 80, 18, 36]",pa,0,0,142,Royal Cine Arts,Baghal Singh,"Ranjit Bawa, Shefali Sharma, Yaad Grewal, Sunita Dhir, Yashpal Sharma"
394830,tt4181782,The Crucifixion,The Crucifixion,2017-04-27,4.6565,5.682,549,"[27, 9648, 53]",en,0,6554322,90,"Motion Picture Capital, Lotus Entertainment, Poznan Film Group, Zygotic Films, Grindstone Entertainment Group",Xavier Gens,"Sophie Cookson, Corneliu Ulici, Ada Lupu, Brittany Ashworth, Mathew Zajac"
418437,tt3462710,Unforgettable,Unforgettable,2017-03-06,5.2304,5.912,701,"[18, 53]",en,12000000,17800000,100,"Di Novi Pictures, RatPac Entertainment",Denise Di Novi,"Rosario Dawson, Katherine Heigl, Geoff Stults, Isabella Kai, Alex Quijano"
339259,tt3296908,The Man with the Iron Heart,The Man with the Iron Heart,2017-05-25,4.7436,6.548,834,"[10752, 28, 36, 53]",en,32679734,4412639,120,"Légende Films, Red Crown Productions, Mars Films, France 2 Cinéma, Carmel, C2M Productions, HHHH, Nexus Factory, BNP Paribas Fortis, FilmNation Entertainment, Echo Lake Entertainment",Cédric Jimenez,"Jason Clarke, Rosamund Pike, Jack O'Connell, Jack Reynor, Mia Wasikowska"
269795,tt1131724,2:22,2:22,2017-06-29,4.9211,6.033,1575,"[878, 9648, 53, 10749]",en,0,3945729,99,"Screen Australia, Lightstream Pictures, Wild Eddie, 2929 Productions, Screen NSW, Ingenious Media, Good Universe, Flywheel Productions, Make Movies Productions, Isabella's Basil Productions",Paul Currie,"Michiel Huisman, Teresa Palmer, Sam Reid, John Waters, Kerry Armstrong"
452507,tt6214928,1922,1922,2017-10-20,4.4972,5.948,2968,"[27, 80, 18]",en,5000000,2943477,102,"Campfire Studios, Lighthouse Pictures",Zak Hilditch,"Thomas Jane, Molly Parker, Dylan Schmid, Kaitlyn Bernard, Neal McDonough"
341689,tt3859310,How to Talk to Girls at Parties,How to Talk to Girls at Parties,2017-10-06,5.6861,6.007,438,"[35, 10402, 10749, 878]",en,0,0,103,"See-Saw Films, Little Punk, Film4 Productions",John Cameron Mitchell,"Elle Fanning, Alex Sharp, Nicole Kidman, Matt Lucas, Ruth Wilson"
401898,tt6304046,Thelma,Thelma,2017-09-15,4.7732,6.796,1172,"[18, 9648, 53]",no,5700000,1500000,116,"Motlys, Film i Väst, Le Pacte, Filmpool Nord, Snowglobe, B-Reel Films, Don't Look Now, Copenhagen Film Fund, Memento Films International",Joachim Trier,"Eili Harboe, Kaya Wilkins, Henrik Rafaelsen, Ellen Dorrit Petersen, Grethe Eltervåg"
453133,,My Brother's Wife 3: The Woman Downstairs,형님아내3 (아랫집 부인),2017-01-14,4.5121,4.6,5,[18],ko,0,0,90,이돌영화사,Lee Dol,"Ahn So-hee, Sang Woo, Wi Ji-woong, Lee Eun-mi, Hayashi Risa"
538010,,Fynn,Fynn,2017-06-30,4.2703,0.0,0,"[10402, 18]",de,0,0,11,,Till Krücken,
616503,tt7773682,1319th Day,1319. dan,2017-01-01,4.1024,0.0,0,[18],sl,0,0,21,"UL AGRFT, RTV Slovenija",Domen Martinčič,"Gregor Zorc, Barbara Cerar, Primož Pirnat, Tines Špik, Dragan Živadinov"
468276,tt6609048,Visualized Hearts,Kashikasuru kokorotachi,2017-03-04,4.4555,0.0,0,[],ja,0,0,76,,Akiko Igarashi,"Ryuichi Yoshida, Nanami SHIRAKAWA, Yoshio Shin, aoi ibuki, Aoi Ibuki"
464110,tt6652404,Drop by Drop,Água Mole,2017-05-18,4.6601,7.6,5,[16],pt,0,0,10,,"Alexandra Ramires, Laura Gonçalves",
341006,tt1082807,The Belko Experiment,The Belko Experiment,2017-03-17,5.0536,6.174,1722,"[27, 53, 28]",en,5000000,11792942,89,"Orion Pictures, Troll Court Entertainment, The Safran Company, BH Tilt",Greg McLean,"John Gallagher Jr., Tony Goldwyn, Adria Arjona, John C. McGinley, Melonie Díaz"
390061,tt5175450,Mark Felt: The Man Who Brought Down the White House,Mark Felt: The Man Who Brought Down the White House,2017-09-28,5.9371,6.194,562,"[18, 36, 53]",en,0,4372130,103,"Cara Films, MadRiver Pictures, Playtone, Scott Free Productions",Peter Landesman,"Liam Neeson, Diane Lane, Maika Monroe, Wendi McLendon-Covey, Julian Morris"
713440,tt6855522,The Butterfly,La Mariposa,2017-12-03,4.4988,0.0,0,"[18, 10751]",es,0,0,9,,Andy Alvarez,"Lucero Aguilar, Marvin Aguilar, Natalia Lavaggi, Julian Haig, Kari Staten"
540920,tt1697973,Dark Image,Dark Image,2017-09-24,4.016,3.0,4,[53],en,0,0,76,,"Chris W. Freeman, Justin Jones","April Eden, Thomas Downey, Eve Mauro, Ed O'Ross, John Aprea"
452313,tt5934564,What a Wonderful Family! 2,家族はつらいよ2,2017-04-20,4.8441,7.0,29,[35],ja,0,0,113,"Hakuhodo DY Media Partners, GYAO, Sumitomo Corporation, TV Asahi, Kinoshita Group, Shochiku Tokyo Studio, Shochiku Broadcasting, THE YOMIURI-SHIMBUN, Hakuhodo, Asahi Broadcasting Corporation, Nippan Group Holdings, Nagoya Broadcasting Network, Kodansha, Kyushu Asahi Broadcasting, Hokkaido Television Broadcasting, Shochiku",Yoji Yamada,"Isao Hashizume, Kazuko Yoshiyuki, Masahiko Nishimura, Yu Aoi, Yui Natsukawa"
406994,tt4443658,Better Watch Out,Better Watch Out,2017-10-06,4.3884,6.649,1689,"[27, 53, 35]",en,0,176288,89,"Best Medicine Productions, Storm Vision Entertainment",Chris Peckover,"Olivia DeJonge, Levi Miller, Ed Oxenbould, Aleks Mikic, Dacre Montgomery"
411741,tt5962210,Ingrid Goes West,Ingrid Goes West,2017-08-11,4.6679,6.396,1104,"[35, 18]",en,0,24931915,98,"Star Thrower Entertainment, 141 Entertainment, Mighty Engine",Matt Spicer,"Aubrey Plaza, Elizabeth Olsen, O'Shea Jackson Jr., Wyatt Russell, Billy Magnussen"
503720,tt7613940,Woody & Woody,Woody & Woody,2017-05-09,3.9882,6.5,2,"[16, 35]",ca,0,0,13,"Escuela de Imagen y Sonido CEF, Tomavistes, IB3",Jaume Carrió,Joan Pera
416160,tt1785635,The Vault,The Vault,2017-09-01,5.2212,4.889,429,"[27, 53]",en,5000000,5728,91,"Psychopia Pictures, Imprint Entertainment, Redwire Pictures, Jeff Rice Films, Casadelic Pictures, Content Media Corporation, Culmination Productions, LB Entertainment",Dan Bush,"James Franco, Taryn Manning, Francesca Eastwood, Scott Haze, Q'orianka Kilcher"
449503,tt5767628,Kill 'em All,Kill 'em All,2017-06-06,4.4511,5.721,199,"[28, 80]",en,0,0,96,"March On Productions, Arramis Films, ITN Films, Kill 'Em All Productions",Peter Malota,"Jean-Claude Van Damme, Autumn Reeser, Peter Stormare, María Conchita Alonso, Daniel Bernhardt"
407448,tt5390504,Detroit,Detroit,2017-07-28,4.4508,7.236,1778,"[18, 53, 36]",en,34000000,23400000,143,"Annapurna Pictures, Page 1, Harpers Ferry",Kathryn Bigelow,"John Boyega, Will Poulter, Anthony Mackie, Algee Smith, Hannah Murray"
694702,,Demotion,Deterioro,2017-04-18,4.4498,0.0,0,[],es,0,0,0,,"Laura Benavidez, Giuseppe Rincón, Claudia Osejo, Sergio Clavijo",
438747,tt5533228,Tangled: Before Ever After,Tangled: Before Ever After,2017-03-10,4.4471,6.8,408,"[12, 16, 35, 10751, 14, 10770]",en,0,0,55,"Disney Television Animation, Mercury Filmworks, Lighthouse Studios","Tom Caulfield, Stephen Sandoval","Mandy Moore, Zachary Levi, Eden Espinosa, Clancy Brown, Julie Bowen"
408220,tt2494376,Justice League Dark,Justice League Dark,2017-01-24,4.4442,7.303,1163,"[16, 28, 12, 14, 878, 27]",en,0,0,76,"Warner Bros. Animation, DC Entertainment",Jay Oliva,"Matt Ryan, Jason O'Mara, Camilla Luddington, Nicholas Turturro, Rosario Dawson"
397538,tt5727282,Borg vs McEnroe,Borg vs McEnroe,2017-09-08,4.4423,6.897,1229,"[18, 36]",sv,7500000,16657800,108,"Yellow Film & TV, SVT, Film i Väst, SF Studios, Sirena Film, Nordisk Film Sweden",Janus Metz,"Sverrir Gudnason, Shia LaBeouf, Stellan Skarsgård, Tuva Novotny, Leo Borg"
420245,tt3622110,Don't Knock Twice,Don't Knock Twice,2017-01-12,4.4215,5.511,798,[27],en,0,0,93,"Seymour Films, Red & Black Films",Caradog W. James,"Katee Sackhoff, Lucy Boynton, Javier Botet, Nick Moran, Pooneh Hajimohammadi"
471413,tt12684216,"Sex First, Love Second",선 섹스 후 사랑,2017-08-03,4.4109,5.4,11,"[10749, 18]",ko,0,0,97,,Kim Hyeon-cheol,"Choi Min-ho, Suh Zi-eun, Jung Myung-seo, Jeon Ji-hak, Kang Ye-na"
476522,tt6573942,Schumann's Bar Talks,Schumanns Bargespräche,2017-10-12,4.404,4.0,2,[99],de,0,0,98,,Marieke Schroeder,Charles Schumann
413857,tt3859272,Tragedy Girls,Tragedy Girls,2017-10-20,4.3997,5.966,363,"[27, 35]",en,0,0,98,"Dawn's Light, It's The Comeback Kids, New Artist Pictures, Ardor Pictures",Tyler MacIntyre,"Brianna Hildebrand, Alexandra Shipp, Jack Quaid, Kevin Durand, Timothy V. Murphy"
698907,,Ji Dullah,Ji Dullah,2017-12-04,4.3784,3.0,1,[35],jv,0,0,26,Empatbelas Project,Alif Septian,"Ahmad Danial Pratama, Rendra Sasongko Adi, Achmad Bachtiar Sejahtera, Kuspita Sari"
405931,tt5852632,March of the Penguins 2: The Next Step,L'empereur,2017-02-15,4.3734,6.896,77,"[99, 10751, 12]",fr,0,0,85,"Bonne Pioche, Paprika Films, The Walt Disney Company France, Wild Bunch, Wild Touch Production, OCS, France•3, Sacem, Disneynature, L'Institut Polare Français Paul-Émile Victor, La Culture avec la Copie Privée",Luc Jacquet,"Lambert Wilson, Morgan Freeman"
399031,tt5304464,Happy End,Happy End,2017-06-21,4.3648,6.192,443,[18],fr,13600000,2610794,110,"Les Films du Losange, X Filme Creative Pool, Wega Film, ARTE France Cinéma, France 3 Cinéma, WDR, BR, ARTE",Michael Haneke,"Isabelle Huppert, Jean-Louis Trintignant, Mathieu Kassovitz, Fantine Harduin, Franz Rogowski"
480646,tt7021758,Compulsion,Compulsión,2017-10-13,4.3646,4.8,14,"[53, 27]",es,0,0,71,Shock Film Factory,Ángel González,"Susana Abaitua, Pol Cardona, Marina Esteve, Paco Manzanedo"
415010,tt6243140,Ravenous,Les affamés,2017-09-23,4.3632,5.942,496,"[27, 18, 878]",fr,3000000,0,104,"La Maison de Prod, Téléfilm Canada, SODEC",Robin Aubert,"Marc-André Grondin, Monia Chokri, Charlotte St-Martin, Micheline Lanctôt, Marie-Ginette Guay"
401546,tt3203620,The Dinner,The Dinner,2017-05-05,4.3514,4.54,322,"[18, 53, 9648]",en,0,2500000,120,"ChubbCo Film, Post Factory NY, BlackBird, Code Red",Oren Moverman,"Richard Gere, Laura Linney, Steve Coogan, Rebecca Hall, Chloë Sevigny"
340442,tt3531202,Pilgrimage,Pilgrimage,2017-04-23,4.3506,6.0,312,"[28, 12, 18]",en,0,0,96,"Wrong Men, Savage Productions",Brendan Muldowney,"Tom Holland, Richard Armitage, Jon Bernthal, Stanley Weber, John Lynch"
502921,tt6791824,The Music of Magma,The Music of Magma,2017-06-01,4.3487,0.0,0,"[10402, 99]",en,0,0,98,Citrus Pie,Laurent Goldstein,"Christian Vander, Stella Vander, Didier Lockwood, Trey Gunn, Robert Trujillo"
439309,tt6459378,Corpo Delito,Corpo Delito,2017-01-28,4.3439,5.9,4,[99],pt,0,0,74,,Pedro Rocha,
412547,tt5689068,Killing Gunther,Killing Gunther,2017-09-22,4.3348,4.763,447,"[28, 35]",en,0,197616,92,"Miscellaneous Entertainment, StarStream Media, Rookfield Productions, WWKG Productions, Folktale Productions, Ingenious Media, Rowdy Row Productions, RuYi Media",Taran Killam,"Arnold Schwarzenegger, Taran Killam, Bobby Moynihan, Hannah Simone, Peter Kelamis"
477272,tt7309654,İlk Öpücük,İlk Öpücük,2017-10-20,3.9708,7.9,8,"[35, 10749]",tr,0,0,113,,Murat Onbul,"Murat Yildirim, Özge Gürel, Beyti Engin, Hayrettin, Sadi Celil Cengiz"
396810,tt5023260,The Last Word,The Last Word,2017-03-03,5.0851,6.6,378,"[35, 18]",en,0,1783421,108,"Franklin Street, Myriad Pictures, Parkside Pictures, Wondros",Mark Pellington,"Shirley MacLaine, Amanda Seyfried, Anne Heche, Thomas Sadoski, Philip Baker Hall"
428777,tt5103870,Paraguay Remembered,Memoria desmemoriada,2017-02-24,3.3501,0.0,0,[99],es,0,0,89,,Dominique Dubosc,
428493,tt5635086,God's Own Country,God's Own Country,2017-08-31,4.7416,7.721,1011,"[10749, 18]",en,0,2559939,104,"BFI, Inflammable Films, Shudder Films, Creative England, MetFilm Production",Francis Lee,"Josh O'Connor, Alec Secăreanu, Gemma Jones, Ian Hart, Harry Lister Smith"
1765189,tt5943542,Rialto,Rialto,2017-02-10,4.5729,4.0,1,[],en,0,0,14,Oblivion Films,José André Sibaja,"Giacomo Rocchini, Jenny Zo, Tristan Colton, José André Sibaja, Wanda Nobles Colon"
478829,tt6964966,Once Upon a Winter's Date,Once Upon a Winter's Date,2017-09-26,4.3287,5.431,29,"[10749, 14, 10770]",en,0,0,70,"UFO International Productions, BUFO, Dynamic Television",Steven R. Monroe,"Nicky Whelan, Greg Vaughan, Marina Sirtis, Emma Sutton, Karen Hassan"
335788,tt4106376,Renegades,Renegades,2017-08-21,4.7959,5.571,378,"[53, 28, 10752]",en,66190000,2602149,105,"Studio Babelsberg, EuropaCorp, Belga Productions, CB Films, DCS, Canal+",Steven Quale,"J.K. Simmons, Sullivan Stapleton, Charlie Bewley, Sylvia Hoeks, Joshua Henry"
287904,tt3286560,The Last Face,The Last Face,2017-01-11,4.8868,5.512,211,[18],en,0,0,130,River Road Entertainment,Sean Penn,"Charlize Theron, Javier Bardem, Jean Reno, Adèle Exarchopoulos, Jared Harris"
482040,,Mom's Friend 3,엄마친구 3,2017-03-30,4.9112,5.5,6,"[10749, 18]",ko,0,0,81,,Myeong Seok Hwan,"Shin Yeon-woo, Lee Yeong-ho-I, Seo Won, Seo Eun-yeong-I, Hyeon Yeong-im-I"
472963,,Vilão,Vilão,2017-08-28,3.9351,0.0,0,[],pt,0,0,0,,Webson Dias,Don Vilão
413362,tt6000478,"Roman J. Israel, Esq.","Roman J. Israel, Esq.",2017-11-17,5.2724,6.345,1429,"[18, 80, 53]",en,22000000,13025860,122,"Culture China - Image Nation Abu Dhabi Fund, Cross Creek Pictures, Bron Studios, Escape Artists, Image Nation Studios, MACRO, Topic Studios, Columbia Pictures",Dan Gilroy,"Denzel Washington, Colin Farrell, Carmen Ejogo, Lynda Gravatt, Amanda Warren"
417678,tt5001718,"Everything, Everything","Everything, Everything",2017-05-18,5.6145,7.237,3771,"[18, 10749]",en,10000000,61621140,96,"Alloy Entertainment, Itaca Films, Metro-Goldwyn-Mayer, Warner Bros. Pictures",Stella Meghie,"Amandla Stenberg, Nick Robinson, Anika Noni Rose, Ana de la Reguera, Taylor Hickson"
390054,tt2582576,Sand Castle,Sand Castle,2017-04-21,4.7538,6.494,881,"[10752, 28, 18]",en,0,0,113,"The Mark Gordon Company, International Traders, Treehouse Pictures",Fernando Coimbra,"Nicholas Hoult, Logan Marshall-Green, Henry Cavill, Gonzalo Menendez, Beau Knapp"
402529,tt1666185,All Eyez on Me,All Eyez on Me,2017-06-12,4.7975,6.7,1267,"[36, 18, 10402]",en,40000000,55668698,139,"Morgan Creek Entertainment, The Program Pictures, Codeblack Films, Summit Entertainment",Benny Boom,"Demetrius Shipp Jr., Danai Gurira, Kat Graham, Jamal Woolard, Dominic L. Santana"
437291,tt5851014,Savage Dog,Savage Dog,2017-08-04,4.6971,5.362,138,"[28, 18]",en,0,0,95,"XLrator Media, Cho Man Ro Enterprises, Compound B, Blacklist Digital, Bleiberg Entertainment",Jesse V. Johnson,"Scott Adkins, Marko Zaror, JuJu Chan, Cung Le, Vladimir Kulich"
433128,tt6215712,Ajin: Demi-Human,亜人,2017-09-30,4.507,7.343,143,"[28, 27, 9648]",ja,0,10750712,109,"TOHO, Toho Pictures, Production I.G, dentsu, AMUSE, Kodansha, jeki, KDDI, Nippan Group Holdings, NTT Plala, Lawson Entertainment, LINE, GYAO",Katsuyuki Motohiro,"Takeru Satoh, Go Ayano, Minami Hamabe, Yuki Yamada, Rina Kawaei"
334536,tt3286052,The Blackcoat's Daughter,The Blackcoat's Daughter,2017-03-31,4.6289,5.9,806,"[27, 9648]",en,0,143545,94,"Zed Filmworks, Unbroken Pictures, Go Insane Films, Traveling Picture Show Company, 120dB Films, Highland Film Group, Paris Film",Osgood Perkins,"Emma Roberts, Kiernan Shipka, Lucy Boynton, James Remar, Lauren Holly"
494911,tt12625444,The Stud VS Eowoodong,변강쇠 VS 어우동,2017-10-31,4.109,5.0,1,[10749],ko,0,0,80,,Jeong Jin-ho,"Lee Soo, Park Hyun-jung, Lee Jae-gwan"
461053,tt6014472,S.W.A.T.: Under Siege,S.W.A.T.: Under Siege,2017-08-01,4.8806,5.886,409,"[28, 80, 53]",en,0,0,89,Original Film,Tony Giglio,"Adrianne Palicki, Michael Jai White, Ty Olsson, Pascale Hutton, Sam Jaeger"
467410,tt7698404,"Hello, Horse!","Zirdziņ, hallo!",2017-08-21,4.076,8.0,1,[99],lv,0,0,24,Hargla Company,Laila Pakalnina,
502279,tt6856240,Finding Maawirrangga,Finding Maawirrangga,2017-06-13,4.2433,0.0,0,[99],en,0,0,15,Djilpin Arts Aboriginal Corporation,Dylan River,"Tom E. Lewis, David Nyalik Murrungun, John Nyalik Murrungun"
437109,tt6777338,The Villainess,악녀,2017-06-08,4.2381,6.926,793,"[28, 53]",ko,125000,8737458,129,"Apeitda, Next Entertainment World, Contents Panda",Jung Byung-gil,"Kim Ok-vin, Shin Ha-kyun, Sung Joon, Kim Seo-hyung, Cho Eun-ji"
493349,,Bouquet final,Bouquet final,2017-09-19,4.2364,0.0,0,[35],fr,0,0,0,,,"Xavier Berlioz, Bartholomew Boutellis, Amélie Etasse, Marie Fugain, Sébastien Knafo"
382597,tt5736696,R.A.I.D. Special Unit,RAID Dingue,2017-02-01,4.2322,5.746,955,"[28, 35]",fr,32400000,34598750,105,"TF1 Films Production, Pathé, Artémis Productions, Les Productions du Ch'timi",Dany Boon,"Alice Pol, Dany Boon, Michel Blanc, Yvan Attal, Sabine Azéma"
369894,tt5195412,Wakefield,Wakefield,2017-05-19,4.2281,6.111,459,[18],en,0,798214,106,"Mockingbird Pictures, Dominion Pictures",Robin Swicord,"Bryan Cranston, Jennifer Garner, Jason O'Mara, Beverly D'Angelo, Ian Anthony Dale"
455411,tt6803390,Tom and Jerry: Willy Wonka & the Chocolate Factory,Tom and Jerry: Willy Wonka & the Chocolate Factory,2017-06-28,4.2267,6.73,165,"[16, 35, 10751, 12, 14]",en,0,0,79,Warner Bros. Animation,Spike Brandt,"JP Karliak, Jess Harnell, Lincoln Melcher, Mick Wingert, Lori Alan"
332283,tt3906082,Mary Shelley,Mary Shelley,2017-08-06,4.2223,6.983,1082,"[10749, 18]",en,0,0,120,"HanWay Films, Gidden Media, Parallel Films, BFI, Ralfish Films, Bac Cinema, Fís Éireann/Screen Ireland, Film Fund Luxembourg, Head Gear Films, Metrol Technology",Haifaa al-Mansour,"Elle Fanning, Douglas Booth, Bel Powley, Stephen Dillane, Joanne Froggatt"
481836,tt13039188,Two Mothers,두 엄마,2017-08-01,4.216,7.0,7,"[18, 10749]",ko,0,0,80,,Lee Do-si,"Baek Se-ri, Song In-ho, Lee Yoo-chan, Park Hyun-jung"
345914,tt4481514,The House,The House,2017-06-29,4.2088,5.64,1000,"[35, 80]",en,40000000,34200000,88,"Village Roadshow Pictures, New Line Cinema, Gary Sanchez Productions, Good Universe, Warner Bros. Pictures",Andrew J. Cohen,"Amy Poehler, Will Ferrell, Jason Mantzoukas, Ryan Simpkins, Nick Kroll"
463602,tt5181852,Slumber,Slumber,2017-12-01,4.206,5.347,379,[27],en,0,0,84,"Tea Shop & Film Company, Goldcrest Films International",Jonathan Hopkins,"Maggie Q, Will Kemp, Sylvester McCoy, Sam Troughton, Kristen Bush"
418680,tt1653665,Goodbye Christopher Robin,Goodbye Christopher Robin,2017-09-29,4.2056,7.021,922,"[10751, 36, 18]",en,0,7299662,107,"Fox Searchlight Pictures, DJ Films",Simon Curtis,"Domhnall Gleeson, Margot Robbie, Will Tilston, Stanley Hamlin, Dexter Hyman"
445030,tt5914996,No Game No Life: Zero,ノーゲーム・ノーライフ ゼロ,2017-07-15,4.1786,7.823,458,"[12, 16, 18, 14, 10749]",ja,0,6356284,106,"Madhouse, AT-X, KADOKAWA, movic, Frontier Works",Atsuko Ishizuka,"Yoko Hikasa, Ai Kayano, Yoshitsugu Matsuoka, Kazuyuki Okitsu, Ryota Takeuchi"
452557,tt7131870,Wolf Warrior 2,战狼2,2017-07-27,4.1713,6.481,346,"[10752, 28]",zh,30100000,870325439,124,"Spring Era Film Company, Beijing Century Media Culture, Chao Feng Pictures, Orange Image 橙子映像, Beijing Culture 北京京西文化, DF Pictures",Wu Jing,"Wu Jing, Frank Grillo, Celina Jade, Hans Zhang, Wu Gang"
395993,tt3881784,Stronger,Stronger,2017-09-22,4.1643,6.964,1591,[18],en,30000000,8484418,119,"Lionsgate, Bold Films, Mandeville Films, Nine Stories Productions, TIK Films",David Gordon Green,"Jake Gyllenhaal, Tatiana Maslany, Miranda Richardson, Richard Lane Jr., Nate Richman"
462883,tt2114504,Woody Woodpecker,Woody Woodpecker,2017-10-05,4.1622,6.589,778,"[35, 10751, 16]",en,10000000,15316635,91,"Universal Pictures, Universal 1440 Entertainment, Universal Animation Studios",Alex Zamm,"Eric Bauza, Timothy Omundson, Thaila Ayala, Graham Verchere, Jordana Largy"
513434,tt7914416,One Cut of the Dead,カメラを止めるな！,2017-11-04,4.1583,7.6,1032,"[35, 27, 18]",ja,52406,27590180,96,"Panpokopina, ENBU Seminar",Shinichiro Ueda,"Takayuki Hamatsu, Yuzuki Akiyama, Kazuaki Nagaya, Harumi Shuhama, Mao"
486495,tt6944552,Dui Rupaiyan,Dui Rupaiyan,2017-08-09,4.1577,6.0,2,"[35, 28]",en,0,0,138,"G21 Production Pvt. Ltd., Black Horse Pictures",Asim Shah,"Nischal Basnet, Asif Shah, Buddhi Tamang, Menuka Pradhan, Rabindra Jha"
473576,tt3497596,The Frog,Žaba,2017-08-14,4.1515,0.0,0,[18],bs,0,0,78,"Filmski centar Srbije, Refresh Production, Skopje Film Studio, Living Pictures, Propeler Film",Elmir Jukić,"Emir Hadžihafizbegović, Aleksandar Seksan, Mirsad Tuka, Selma Alispahić, Mugdim Avdagić"
455551,tt5669936,The Recall,The Recall,2017-06-02,4.1513,4.683,372,"[878, 27]",en,5000000,112357,91,"VMI Worldwide, Minds Eye Entertainment, Creativity Capital, Bridgegate Pictures, Invico Capital",Mauro Borrelli,"Wesley Snipes, RJ Mitte, Jedidiah Goodacre, Laura Bilgeri, Niko Pepaj"
563512,,"All Inclusive, Or How The Sky Became Orphan","All Inclusive, или Как осиротело небо",2017-12-08,4.1484,0.0,0,[99],ru,0,0,24,,Konstantin Odegov,Vladimir Tolokonnikov
437736,tt5245064,Pacte Sacré,Pacte Sacré,2017-01-24,4.0385,6.0,4,"[35, 18, 10770]",fr,0,0,93,,Marion Sarraut,"Bernard Yerlès, Romane Bohringer, Annick Blancheteau, Henri Guybet, Sophie Le Tellier"
413594,tt5544384,Sword Art Online the Movie: Ordinal Scale,劇場版 ソードアート・オンライン -オーディナル・スケール-,2017-02-18,4.2797,7.7,783,"[16, 28, 12, 14, 878]",ja,0,29322339,119,"A-1 Pictures, Aniplex, ASCII Media Works, Bandai Namco Entertainment, GENCO, EGG FIRM",Tomohiko Ito,"Yoshitsugu Matsuoka, Haruka Tomatsu, Kanae Itou, Ayana Taketatsu, Rina Hidaka"
453759,tt1024855,London Heist,London Heist,2017-06-17,3.4144,5.571,35,"[53, 28]",en,0,0,91,,Mark McQueen,"Craig Fairbrass, James Cosmo, Mem Ferda, Nick Moran, Steven Berkoff"
95608,tt0460890,The Only Living Boy in New York,The Only Living Boy in New York,2017-07-27,4.4012,6.288,382,[18],en,0,2600000,89,"Big Indie Pictures, Bona Fide Productions",Marc Webb,"Callum Turner, Jeff Bridges, Kate Beckinsale, Pierce Brosnan, Cynthia Nixon"
462650,tt7042082,Puss in Book: Trapped in an Epic Tale,Puss in Book: Trapped in an Epic Tale,2017-06-16,4.3076,6.571,254,"[10751, 14, 16, 35, 12]",en,0,0,23,DreamWorks Animation Television,"Johnny Castuciano, Roy Burdine","Eric Bauza, Jayma Mays, Maria Bamford, Jeff Bennett, Ron Funches"
438259,tt3780500,Journey's End,Journey's End,2017-12-14,4.2415,6.333,342,"[10752, 18, 28]",en,0,0,108,"Fluidity Films, BFI, Wales Screen, British Film Company, Metro International Entertainment, Third Wednesday Films, Anyway Productions, uMedia, Good Deed Entertainment",Saul Dibb,"Asa Butterfield, Sam Claflin, Paul Bettany, Tom Sturridge, Toby Jones"
431819,tt6317962,Fireworks,打ち上げ花火、下から見るか？横から見るか？,2017-08-18,4.6803,6.6,374,"[16, 10749, 14, 18]",ja,0,26617621,90,"SHAFT, Aniplex, jeki, Lawson Entertainment, TOHO, TOY'S FACTORY, LINE, KADOKAWA","Nobuyuki Takeuchi, Akiyuki Shinbo","Suzu Hirose, Masaki Suda, Mamoru Miyano, Shintaro Asanuma, Toshiyuki Toyonaga"
428399,tt1034385,Cold Skin,Cold Skin,2017-10-20,4.5978,6.298,729,"[27, 14, 18]",en,9831962,737478,106,"KanZaman Productions, Babieka Films, The Ink Connection, Pontas Film & Literary Agency, Gran Babieka",Xavier Gens,"David Oakes, Ray Stevenson, Aura Garrido, Winslow Iwaki, John Benfield"
459937,tt6047482,Four Hands,Die Vierhändige,2017-11-30,3.99,5.3,25,"[53, 18]",de,0,0,87,"Erfttal Film, Niama Film, Pantaleon Films, SWR, ARTE",Oliver Kienle,"Frida Lovisa Hamann, Friederike Becht, Christoph Letkowski, Agnieszka Guzikowska, Detlef Bothe"
340027,tt3704700,Brain on Fire,Brain on Fire,2017-02-22,5.5259,7.015,1442,[18],en,0,0,88,"Denver & Delilah Productions, Foundation Features, Blank Pages Productions, Broad Green Pictures",Gerard Barrett,"Chloë Grace Moretz, Thomas Mann, Richard Armitage, Carrie-Anne Moss, Jenny Slate"
480751,tt6649906,Just Remain,Just Remain,2017-07-23,3.886,10.0,1,[18],en,25,0,16,Annalogia Films,Mathis Glover,"Hunter McClamrock, Phill Cook"
508081,tt18280248,Young Mom,어린 엄마,2017-02-28,4.2266,4.0,4,[18],ko,0,0,80,,Kye Jang-hyuk,"Ha Jin, Min Do-yoon, Park Hyun-jung"
428612,tt5873150,Strong Island,Strong Island,2017-01-23,3.9143,6.355,100,[99],en,0,0,107,"Final Cut for Real, yanceville films, Louverture Films, Ford Foundation / JustFilms, Chicken & Egg Films, Field of Vision",Yance Ford,"Yance Ford, Harvey Walker, Kevin Myers, Barbara Dunmore Ford, Lauren Ford"
474716,tt7218732,Cingöz Recai,Cingöz Recai,2017-10-13,3.6176,4.25,56,"[28, 12, 80]",tr,0,0,111,"Content Inc., Limon",Onur Ünlü,"Kenan İmirzalıoğlu, Haluk Bilginer, Meryem Uzerli, Musa Uzunlar, Fatih Artman"
425134,tt4795124,How to Be a Latin Lover,How to Be a Latin Lover,2017-03-06,4.8645,6.906,667,[35],en,0,26251899,116,"Pantelion Films, Videocine, Lionsgate, 3Pas Studios",Ken Marino,"Eugenio Derbez, Salma Hayek Pinault, Raphael Alejandro, Rob Lowe, Kristen Bell"
485948,tt28419361,The Dispossessed,Les Dépossédés,2017-10-25,3.7647,0.0,0,[99],fr,0,0,77,"Mira Film, Lowik Média",Mathieu Roy,
345915,tt4694544,Once Upon a Time in Venice,Once Upon a Time in Venice,2017-06-08,4.7547,5.219,723,"[28, 35, 53, 9648]",en,0,855888,94,Voltage Pictures,"Mark Cullen, Robb Cullen","Bruce Willis, Jason Momoa, John Goodman, Thomas Middleditch, Famke Janssen"
477273,tt7535756,Squad,Bölük,2017-10-20,3.5366,7.156,16,"[28, 18]",tr,0,0,95,,Aytaç Ağırlar,"Kaan Yıldırım, Hakan Kurtaş, Alina Boz, Aykut Akdere, Olgu Baran Kubilay"
401104,tt5541240,To the Bone,To the Bone,2017-01-22,4.5842,7.2,3621,[18],en,0,0,107,"Sparkhouse Media, Mockingbird Pictures, AMBI Group",Marti Noxon,"Lily Collins, Keanu Reeves, Carrie Preston, Lili Taylor, Alex Sharp"
481840,,The Sisters S-Scandal,자매의 S스캔들,2017-08-03,4.3562,5.7,17,"[18, 10749]",ko,0,0,85,,Kim Hyeon-Bin,"Shin Yu-ju, Yoon Se-na, Kim Joo-hyeop, Kim Ji-hoon-VIII, Sin Seong-hoon"
573364,tt8051722,Detective Conan: Episode One - The Great Detective Turned Small,名探偵コナン エピソード“ONE” 小さくなった名探偵,2017-01-20,4.7931,7.513,40,"[16, 80, 9648, 10770, 35]",ja,0,0,93,"TMS Entertainment, V1 studio, Yomiuri Telecasting Corporation, Shogakukan",Yasuichiro Yamamoto,"Kappei Yamaguchi, Minami Takayama, Wakana Yamazaki, Megumi Hayashibara, Yukitoshi Hori"
477271,tt6679554,The Stone,Taş,2017-10-20,3.8932,6.0,3,"[9648, 14, 18]",tr,0,0,90,Perişan Film,Orhan Eskikoy,"Muhammet Uzuner, Jale Arıkan, Beste Kökdemir, Ahmet Varlı, Saygın Soysal"
451892,tt6257640,Argentine Soldier Only Known by God,Soldado Argentino,2017-04-06,2.9938,8.218,39,"[18, 10752, 36]",es,0,195201,102,"Midú Junco Producciones, Cita con la Vida Emprendimientos Audiovisuales, Fundación Criteria, INCAA, Cine Argentino",Rodrigo Fernández Engler,"Florencia Torrente, Sergio Surracco, Fabio Di Tomaso, Hugo Arana, Ezequiel Tronconi"
430424,tt5258850,See You Up There,Au revoir là-haut,2017-10-25,4.3933,7.82,1382,"[18, 80, 10752]",fr,23000000,15100000,113,"Gaumont, Stadenn Prod, Manchester Films, France 2 Cinéma, Canal+, Ciné+, France Télévisions, Entourage Pictures",Albert Dupontel,"Nahuel Pérez Biscayart, Albert Dupontel, Laurent Lafitte, Niels Arestrup, Émilie Dequenne"
495076,tt7289088,Earthly People,Földiek,2017-04-01,3.496,0.0,0,[],en,0,0,27,,Ádám Freund,"Zoltán Cservák, Vivien Rujder, Anna Györgyi, Áron Dimény"
440642,tt6673840,The Spacewalker,Время первых,2017-04-06,3.8336,6.992,364,"[12, 18, 36, 53]",ru,7075038,9868942,140,Bazelevs,Dmitry Kiselyov,"Evgeny Mironov, Konstantin Khabenskiy, Vladimir Ilin, Anatoliy Kotenyov, Aleksandra Ursulyak"
444090,tt5628418,The Ash Lad: In the Hall of the Mountain King,Askeladden - I Dovregubbens hall,2017-09-29,4.383,6.787,414,"[12, 14]",no,0,4522950,100,"Sirena Film, Maipo Film, Subotica",Mikkel Brænne Sandemose,"Vebjørn Enger, Mads Sjøgård Pettersen, Elias Holmen Sørensen, Eili Harboe, Allan Hyde"
821692,,Romnì,Romnì,2017-12-31,4.0081,0.0,0,[99],it,0,0,19,,Giuseppe Spina,
376134,tt5155780,The Discovery,The Discovery,2017-03-31,4.1052,6.257,1460,"[18, 10749, 878, 53, 9648]",en,5000000,0,102,"Protagonist Pictures, Endgame Entertainment",Charlie McDowell,"Jason Segel, Rooney Mara, Robert Redford, Jesse Plemons, Riley Keough"
317091,tt3266284,November Criminals,November Criminals,2017-11-07,4.3706,5.278,689,"[80, 18, 9648, 53]",en,0,0,86,"Black Bicycle Entertainment, Lotus Entertainment, Stage 6 Films, Ingenious Media, Olfactory Productions, Treetop Pictures, B.I.G.",Sacha Gervasi,"Ansel Elgort, Chloë Grace Moretz, David Strathairn, Catherine Keener, Terry Kinney"
383785,tt4217392,Kung Fu Yoga,功夫瑜伽,2017-01-27,4.2272,5.872,445,"[35, 9648, 10751, 28, 12]",zh,65000000,254212245,107,"Shinework Media, Taihe Entertainment, Top Entertainment, China Film International, Alkatraz Productions, India Film Services, Dexter Studios, Salon Films, Golden Network Asia, China Film Co-Production, Ramman Production, Huaxia Film Distribution, China Film Group Corporation",Stanley Tong Gwai-Lai,"Jackie Chan, Aarif Rahman, Zhang Yixing, Miya Muqi, Sonu Sood"
678516,tt11559404,The Fish,El Pez,2017-08-24,3.4221,5.0,2,[99],es,0,0,82,,Martin Verdet,
534171,tt28306432,Purpose of Reunion 2,동창회의 목적 2,2017-08-31,4.1746,5.3,16,"[18, 10749]",ko,0,0,92,,Seung Woo Jin,"Lee Cheol-hee, Yoon Se-na, Suh Zi-eun, Min Joon, Kim Si-eon"
414453,tt5990474,Columbus,Columbus,2017-08-04,4.4174,7.081,506,[18],en,700000,1015744,104,"Nonetheless Productions, Depth of Field, Superlative Films",Kogonada,"John Cho, Haley Lu Richardson, Michelle Forbes, Rory Culkin, Parker Posey"
464889,tt6349302,Sniper: Ultimate Kill,Sniper: Ultimate Kill,2017-10-03,5.3974,6.44,386,[28],en,0,0,93,"Mandalay Pictures, Destination Films",Claudio Fäh,"Chad Michael Collins, Danay García, Joe Lando, Billy Zane, Tom Berenger"
432991,tt4948838,Sister of Mine,Demonios tus ojos,2017-01-31,4.2493,5.203,59,"[18, 53]",es,0,0,94,Meteor Film GmbH,Pedro Aguilera,"Julio Perillán, Ivana Baquero, Lucía Guerrero, Nicolás Coronado, Elisabet Gelabert"
437698,tt5396396,The Ex-Wife,Exfrun,2017-01-29,3.4242,4.4,5,"[35, 18]",sv,0,0,90,,Katja Wik,"Maria Sundbom, Nina Zanjani, Ellen Olaison, Robin Keller, Karl Linnertorp"
345923,tt4486986,All I See Is You,All I See Is You,2017-08-10,4.1008,5.201,624,"[9648, 53, 18]",en,30000000,646946,110,"2DUX², SC Films International, Wing and a Prayer Pictures, LINK Entertainment, SC Films Thailand Co., Universal Pictures",Marc Forster,"Blake Lively, Jason Clarke, Ahna O'Reilly, Miquel Fernández, Xavi Sánchez"
588135,tt7715230,Synthetic Overture,Synthetic Overture,2017-12-04,3.356,0.0,0,[99],en,0,0,9,"All:Expanded, Emote Productions","Dasha Selyanova, Jovan B. Todorović","Sarah Abney, Cesar Garcia, Caley Holmboe, Robert Mardanov, Wilson Oryema"
433247,tt4882376,First They Killed My Father,First They Killed My Father,2017-02-18,4.7876,7.368,728,"[10752, 18, 36]",en,24000000,0,136,Bophana Production,Angelina Jolie,"Sareum Srey Moch, Phoeung Kompheak, Sveng Socheata, Mun Kimhak, Heng Dara"
453191,tt5851904,The Big Bad Fox and Other Tales,Le Grand Méchant Renard et autres contes...,2017-06-21,3.9381,7.717,323,"[10751, 16, 35]",fr,3000000,19030780,83,"Folivari, Panique!, StudioCanal, RTBF, OUFtivi, VOO & Be tv, Shelter Prod","Patrick Imbert, Benjamin Renner","Guillaume Darnault, Damien Witecka, Kamel Abdessadok, Antoine Schoumsky, Céline Ronté"
432787,tt5829040,Fun Mom Dinner,Fun Mom Dinner,2017-08-04,3.9379,5.7,235,[35],en,0,0,81,"Gettin' Rad Productions, June Pictures, Voltage Pictures",Alethea Jones,"Katie Aselton, Toni Collette, Bridget Everett, Molly Shannon, Adam Scott"
453927,tt6698290,Niñato,Niñato,2017-04-22,3.9362,6.0,9,[99],es,0,0,72,,Adrián Orr,
783403,tt7692390,Audubon,Audubon,2017-06-20,3.9325,6.0,1,[99],en,0,0,56,WETA,Al Reinert,Sam Elliott
536326,tt6858662,John 746,John 746,2017-10-23,3.9308,3.0,1,[99],en,0,0,30,"Remora, Filmes do Gajo",Ana Vijdea,
435366,tt6399158,Fabricated City,조작된 도시,2017-02-09,3.9302,7.644,367,"[28, 53, 80]",ko,0,0,126,"TPS Company, CJ Entertainment, Simplex Films",Bae Jong,"Ji Chang-wook, Shim Eun-kyung, Oh Jung-se, Ahn Jae-hong, Kim Sang-ho"
457837,tt7055592,Brotherhood of Blades II: The Infernal Battlefield,绣春刀II：修罗战场,2017-06-18,3.9292,6.802,126,"[10749, 28, 18, 36]",zh,0,0,120,"Dongyang Bad Monkey 东阳坏猴子, 北京嘉映文化传媒有限公司, Huace Pictures, Tencent Penguin Pictures, Youth Film Studio of Beijing Film Academy 北京电影学院青年电影制片厂, 北京自由酷鲸影业有限公司, 北京聚合影联文化传媒有限公司, 北京启泰远洋文化传媒有限公司",Lu Yang,"Chang Chen, Yang Mi, Zhang Yi, Lei Jiayin, Xin Zhilei"
480935,tt6708772,Kærester,Kærester,2017-10-19,3.9271,0.0,0,"[18, 10749]",da,0,0,93,Tambo Productions,Niels Holstein Kaa,"Marie Mailand, Niklas Herskind, Nina Rask, Ane Helene Hovby, Frieda Krøgholt"
411639,tt5158844,Zoé Panoramas,Zoé Panoramas,2017-12-07,3.9184,4.7,3,[99],es,0,0,89,,"Rodrigo Guardiola, Gabriel Cruz Rivas","Rodrigo Guardiola, Adan Jodorowsky, Sergio Acosta, Jesús Báez, León Larregui"
434119,tt5606538,Confidential Assignment,공조,2017-01-18,3.9081,6.775,151,"[28, 18]",ko,8520000,56100000,125,"CJ Entertainment, JK Film, Rear Window, HB Entertainment",Kim Sung-hoon,"Hyun Bin, Yoo Hai-jin, Kim Joo-hyuk, Jang Young-nam, Lee Dong-hwi"
441701,tt5862312,Veronica,Verónica,2017-08-25,3.9053,6.247,1906,[27],es,0,0,105,"Sony Pictures International Productions, Apaches Films",Paco Plaza,"Sandra Escacena, Bruna González, Claudia Placer, Iván Chavero, Ana Torrent"
435577,tt3300980,The 12th Man,Den 12. mann,2017-12-25,3.9032,7.123,633,"[10752, 18]",no,7806306,9567121,136,"Zwart Arbeid, Nordisk Film Denmark",Harald Zwart,"Thomas Gullestad, Jonathan Rhys Meyers, Marie Blokhus, Mads Sjøgård Pettersen, Martin Kiefer"
445040,tt2291540,My Friend Dahmer,My Friend Dahmer,2017-11-03,3.9024,6.508,661,"[36, 18, 80]",en,0,1361611,107,"Ibid Filmworks, Aperture Entertainment, Attic Light Films",Marc Meyers,"Ross Lynch, Alex Wolff, Anne Heche, Dallas Roberts, Liam Koeth"
484889,tt6076226,Rise of the Footsoldier 3,Rise of the Footsoldier 3,2017-11-03,3.8965,6.4,55,"[28, 80, 18, 53]",en,0,17181,99,"Carnaby International, Lipsync Productions, Signature Films",Zackary Adler,"Craig Fairbrass, Terry Stone, Roland Manookian, Jamie Foreman, Shaun Ryder"
408647,tt6315800,Teen Titans: The Judas Contract,Teen Titans: The Judas Contract,2017-04-04,3.8776,7.3,779,"[878, 16, 28]",en,0,0,84,"DC Entertainment, Warner Bros. Animation",Sam Liu,"Stuart Allan, Jake T. Austin, Taissa Farmiga, Christina Ricci, Brandon Soo Hoo"
364733,tt1935089,Blind,Blind,2017-07-14,3.8669,6.1,155,"[18, 10749]",en,0,12522,105,Michael Mailer Films,Michael Mailer,"Alec Baldwin, Demi Moore, Steven Prescod, Eden Epstein, Dylan McDermott"
388202,tt5580536,Arsenal,Arsenal,2017-01-13,3.8595,4.266,156,"[53, 80]",en,10000000,0,92,"Ingenious Media, Highland Film Group, River Bay Films, Tinker Productions, Lionsgate, The Fyzz, EFO Films",Steven C. Miller,"Nicolas Cage, John Cusack, Adrian Grenier, Johnathon Schaech, Lydia Hull"
493192,tt6511244,Jesta,Jesta,2017-12-01,3.8445,3.0,0,[],en,0,0,93,,Kobi Mahat,"On Refaeli, Naya Federman, Matan Lax, Muli Shulman, דודו ארז"
456048,tt6143568,The Humanity Bureau,The Humanity Bureau,2017-07-11,3.8445,4.768,408,"[878, 53]",en,6000000,17544173,94,"Minds Eye Entertainment, VMI Worldwide, Bridgegate Pictures",Rob W. King,"Nicolas Cage, Sarah Lind, Jakob Davies, Hugh Dillon, Vicellous Shannon"
515641,,Mater Amatisima,Mater amatísima,2017-10-20,3.8258,0.0,0,[99],es,0,0,55,BBVA Foundation,María Ruido,
515641,,Mater Amatisima,Mater amatísima,2017-10-20,3.6142,0.0,0,[99],es,0,0,55,BBVA Foundation,María Ruido,
433251,tt6048930,Naked,Naked,2017-08-11,4.1071,5.794,1356,[35],en,0,0,96,Broken Road Productions,Michael Tiddes,"Marlon Wayans, Regina Hall, Dennis Haysbert, J.T. Jackson, Scott Foley"
473747,tt7140218,Victoria Sin,Victoria Sin,2017-10-10,3.9655,0.0,0,[99],en,0,0,6,"Nowness, Fox Cub Films",Amrou Al-Kadhi,
451417,,The Girl Next Door,옆집소녀,2017-03-21,3.8004,5.2,6,[10749],ko,0,0,92,,Park Sun-Uk,"Hong Sae-hee, Ha Bin, Choi Yong-joon, Min Do-yoon, Jeong Hyang"
466032,tt6793452,Summer Saturn,Verão Saturno,2017-07-11,3.6906,4.6,5,"[18, 10749]",en,0,0,30,,Mónica Lima,"Rita Loureiro, Jaime Freitas, Nuno Nunes, Joana de Verona"
76812,tt2090465,Black Butterfly,Black Butterfly,2017-05-26,4.4061,6.2,583,"[53, 9648, 18]",en,0,0,93,"Battleplan Productions, Compadre Entertainment, Paradox Studios, AMBI Group",Brian Goodman,"Antonio Banderas, Jonathan Rhys Meyers, Piper Perabo, Abel Ferrara, Nicholas Aaron"
527592,,Taxi,Taxi,2017-05-31,3.0186,6.4,7,[18],en,0,0,83,Believe Media,Morris K. Sessay,"Ebele Okaro-Onyiuke, Morris K. Sesay, Tana Egbo-Adelana, Blessing Obasi, Deyemi Okanlawon"
555645,,Caecitas,Caecitas,2017-11-02,3.4905,0.0,0,[27],fr,0,0,5,,Roxane Baudin,
462677,tt5912470,Doraemon: Nobita's Great Adventure in the Antarctic Kachi Kochi,映画ドラえもん のび太の南極カチコチ大冒険,2017-03-04,4.4669,6.531,112,"[16, 12, 14, 10751, 878, 35]",ja,8000000,61153455,101,"Shin-Ei Animation, Fujiko Productions, Shogakukan, TV Asahi, Shogakukan-Shueisha Productions, ADK",Atsushi Takahashi,"Wasabi Mizuta, Megumi Oohara, Yumi Kakazu, Tomokazu Seki, Subaru Kimura"
1722423,,Start! 寺田安裕香,Start! 寺田安裕香,2017-10-25,3.4823,0.0,0,[],ja,0,0,110,Air Control,,Ayuka Terada
425972,tt3860916,Cargo,Cargo,2017-10-06,3.7528,6.4,1904,"[18, 53, 27]",en,0,56385,105,"Metrol Technology, Causeway Films, Head Gear Films, Kreo Films, Addictive Pictures, White Hot Productions","Yolanda Ramke, Ben Howling","Martin Freeman, Simone Landers, Anthony Hayes, Susie Porter, Caren Pistorius"
527253,tt7520948,Les légendaires,Les légendaires,2017-06-01,3.8204,0.0,0,[],fr,0,0,16,,Vincent Le Port,
451945,tt6135348,BPM (Beats per Minute),120 battements par minute,2017-08-23,5.1833,7.692,1405,[18],fr,6600000,7632420,143,"Les Films de Pierre, Page 114, Memento Production, Playtime, France 3 Cinéma",Robin Campillo,"Nahuel Pérez Biscayart, Arnaud Valois, Adèle Haenel, Antoine Reinartz, Félix Maritaud"
440597,tt5322012,Wish Upon,Wish Upon,2017-07-07,4.2255,5.743,1489,"[27, 53]",en,12000000,14300000,91,"Broad Green Pictures, Busted Shark Productions, Orion Pictures",John R. Leonetti,"Joey King, Ki Hong Lee, Sydney Park, Shannon Purser, Sherilyn Fenn"
382614,tt4572792,The Book of Henry,The Book of Henry,2017-06-16,4.4994,7.472,1379,"[18, 53, 9648]",en,10000000,4596705,105,"Sidney Kimmel Entertainment, Double Nickel Entertainment",Colin Trevorrow,"Naomi Watts, Jaeden Martell, Jacob Tremblay, Sarah Silverman, Lee Pace"
398924,tt5091612,A Bag of Marbles,Un sac de billes,2017-01-18,3.7892,7.795,911,"[10752, 18]",fr,21400000,10898998,113,"TF1 Films Production, Forecast Pictures, Main Journey, Gaumont, Quad Productions, IDL Films, Proximus, Okko Production, La Compagnie Cinématographique, Panache Productions",Christian Duguay,"Dorian Le Clech, Batyste Fleurial, Patrick Bruel, Elsa Zylberstein, Bernard Campan"
347984,tt4703048,6 Days,6 Days,2017-07-09,4.0799,6.044,784,"[28, 18, 36, 53]",en,1500000,0,95,"XYZ Films, New Zealand Film Commission, Ingenious Media, GFC Films, Lipsync Productions, Fightertown, Imagezone, Dog with a Dog Productions",Toa Fraser,"Jamie Bell, Mark Strong, Abbie Cornish, Martin Shaw, Tim Pigott-Smith"
435043,,Rain,Matar,2017-01-14,3.7345,6.0,1,[99],ar,0,0,12,Eyaf Studio,Anhar Salem,"Abdullah Al-Ahmed, Ibrahim Al-Gannas, Bassam Areeshi"
489935,tt7653082,See Ya,Sjáumst,2017-04-01,3.417,0.0,0,"[18, 35]",is,0,0,13,Rafgeymirinn Productions,Brúsi Ólason,"Haraldur Ari Stefánsson, Ólafur Ásgeirsson, Ólafía Hrönn Jónsdóttir, Maggie Briggs, Rakel Ýr Stefánsdóttir"
471831,tt4567690,One on One,일대일,2017-08-01,3.3673,5.3,13,[10749],ko,0,0,86,,Jeong Mi-na,"Seo Han, Yoon Se-na, Sang Woo, Baek Se-ri, Ahn So-hee"
452910,tt6513406,Immortal Demon Slayer,悟空傳,2017-07-13,4.4689,7.609,225,"[14, 28, 12, 10751]",zh,0,103818506,130,"New Classics Media, Huaxia Film Distribution, Wanda Pictures",Derek Kwok Chi-Kin,"Eddie Peng Yu-Yan, Ni Ni, Yue Man-lok, Ou Hao, Zheng Shuang"
415593,tt6180028,Trapos sucios,Trapos sucios,2017-01-02,3.716,0.0,0,"[18, 35]",es,0,0,0,"Film El Salvador, Guacamaya Films",Benjamín López,"Ana Alvarado, Blanca Enamorado, Jorge Osorto, Sebastián Dassaev, Alexander Escamilla"
432068,tt5699154,C'est la vie!,Le Sens de la fête,2017-10-04,4.1756,7.022,1637,[35],fr,17200000,23800000,115,"Gaumont, Quad Films","Éric Toledano, Olivier Nakache","Jean-Pierre Bacri, Gilles Lellouche, Jean-Paul Rouve, Vincent Macaigne, Alban Ivanov"
526024,tt8320406,Boy Undone,Memorias de lo que no fue,2017-05-31,3.8828,4.7,21,[18],es,0,0,116,Utopía 7 Films S.A.,Leopoldo Laborde,"Paul Act, Eduardo Longoria, Rodrigo Lopezcarranza, Luis Fernando Schivy, Xavier Loyá"
460646,tt6805022,"Barbs, Wastelands","Farpões, Baldios",2017-05-26,3.4427,5.8,6,[18],pt,0,0,25,"C.R.I.M. Produções, OPTEC Filmes",Marta Mateus,"Francisco Barbeiro, Gonçalo Prudêncio, José Codices, Maria Catarina Sapata, Maria Clara Madeira"
437670,tt6471264,Suck Me Shakespeer 3,Fack ju Göhte 3,2017-10-26,3.9768,6.063,506,[35],de,0,64236772,120,Constantin Film,Bora Dağtekin,"Elyas M'Barek, Jella Haase, Sandra Hüller, Katja Riemann, Max von der Groeben"
499753,,Sister-in-law's Seduction,처제의 유혹,2017-07-06,3.8129,7.0,1,[10749],ko,0,0,97,,Park Sun-Uk,"Yoon Se-na, Ah Ri, Min Do-yoon, Sin Seong-hoon, Lee Yoo-chan"
452551,tt5866930,The Adventurers,The Adventurers,2017-08-11,3.6911,6.0,193,"[28, 12, 80]",cn,0,216556,108,"Infinitus Entertainment, Gravity Pictures, Milk & Honey Pictures, Mannix Pictures, Alibaba Pictures Group, IM Global, China Media Capital, 华文映像影视传媒有限公司, China Film Group Corporation",Stephen Fung,"Andy Lau, Shu Qi, Zhang Jingchu, Tony Yang, Jean Reno"
620292,tt12332126,El suicidio,El suicidio,2017-12-31,2.8904,4.2,2,[18],es,0,0,97,,Pedro Pablo de Antuñano Padilla,"Iván Tula, Mirko Ruggiero, Lissi Redondo, Gabriela Steck, Matías Peralta"
434775,tt6410564,The Third Murder,三度目の殺人,2017-09-09,4.4035,6.633,304,"[18, 9648, 80]",ja,0,0,125,"Fuji Television Network, AMUSE, Fuji IG Laboratory for Movies (FILM), BUN-BUKU, GAGA Corporation",Hirokazu Kore-eda,"Masaharu Fukuyama, Koji Yakusho, Suzu Hirose, Shinnosuke Mitsushima, Mikako Ichikawa"
418687,,Estopô Balaio,Estopô Balaio,2017-03-16,3.6455,2.0,1,[99],pt,0,0,0,,Cristiano Burlan,
844115,,The Abduction from the Seraglio,Die Entführung aus dem Serail - Teatro alla Scala,2017-06-17,3.7752,9.0,1,[10402],de,0,0,155,Teatro alla Scala,Giorgio Strehler,"Cornelius Obonya, Lenneke Ruiten, Sabine Devieilhe, Mauro Peter, Maximilian Schmitt"
482204,tt8902822,My Sister-in-law's Job,형수의 직업,2017-08-31,3.9315,4.75,8,"[18, 10749]",ko,0,0,89,,No Hyun-jin,"Park Joo-bin, Min Do-yoon, Ji Soo-I, Jung Jae-sik"
419700,tt5893332,Sandy Wexler,Sandy Wexler,2017-04-14,4.0894,5.476,597,"[35, 18, 10749]",en,0,0,130,Happy Madison Productions,Steven Brill,"Adam Sandler, Jennifer Hudson, Kevin James, Colin Quinn, Nick Swardson"
426284,tt5084170,Blade of the Immortal,無限の住人,2017-04-29,3.8464,6.707,655,"[28, 14, 12, 18]",ja,0,150532,140,"TV Asahi, Recorded Picture Company, GYAO, Kodansha, Ken-On, OLM, Filosophia, Sega Sammy Entertainment, Warner Bros. Japan, CJ Entertainment, Raku Film, HanWay Films",Takashi Miike,"Takuya Kimura, Hana Sugisaki, Sota Fukushi, Hayato Ichihara, Erika Toda"
468202,tt6892400,The Girl in the Fog,La ragazza nella nebbia,2017-10-26,3.9275,6.758,1093,"[9648, 53, 80]",it,0,0,128,"Medusa Film, Colorado Film, Gavila, Sky Cinema, StudioCanal",Donato Carrisi,"Toni Servillo, Jean Reno, Alessio Boni, Lorenzo Richelmy, Galatea Ranzi"
589196,,Living Together: My Friend's Girlfriend,동거 친구의 여자친구,2017-09-28,3.6324,6.0,1,"[18, 10749]",ko,0,0,75,,Ahn Geum-sung,"Lee Jin-goo-I, Ahn Na-young, Kim In-ae, Jo Wan-jin, Son Yoo-rak"
458353,tt6752320,High Heel Homicide,High Heel Homicide,2017-06-20,4.0836,5.278,36,"[53, 27]",en,0,0,81,Retromedia Entertainment,Dean McKendrick,"Carter Cruise, Brent Harvey, Mia Li, Andrew Espinoza Long, Blair Williams"
435601,tt6413410,V.I.P.,브이아이피,2017-08-23,4.0362,7.698,232,"[80, 53, 28]",ko,0,0,128,"Peppermint & Company, Warner Bros. Korea, Goldmoon Film, Finecut",Park Hoon-jung,"Kim Myung-min, Jang Dong-gun, Park Hee-soon, Lee Jong-suk, Peter Stormare"
433508,,Intruders,Inntrengere,2017-01-04,3.4873,0.0,0,"[53, 80, 18]",no,0,0,90,"Stothebear Productions, Oktoberfilm Media, Frenetic Stories Media",Marius Sørvik,"Petter Mjøen Westlund, Jakob Ramberg, Aurora Nossen, Thomas Bjørnstad, Jo Saberniak"
458098,tt7441796,Touched by the Ocean,Okeāna saviļņotie,2017-05-04,3.4482,0.0,0,[99],lv,0,0,68,"Bored of Borders, SKUBA films","Sandijs Semjonovs, Laura Rožkalne-Ozola","Gints Barkovskis, Kārlis Bardelis"
521011,tt6827874,Debris,Desecho,2017-09-01,3.5962,4.0,2,"[18, 53, 80]",es,0,0,14,"AndinoFilms, Mireles Industries Inc.",Julio O. Ramos,"Tenoch Huerta Mejía, Karren Karagulian, Hansel Ramírez, Abraham Luna, Jorge Diaz"
340270,tt4356480,The Healer,The Healer,2017-02-17,4.1276,7.146,531,"[10751, 18, 35]",en,0,0,113,"Topsail Entertainment, ESP-62 Producciones",Paco Arango,"Oliver Jackson-Cohen, Camilla Luddington, Kaitlyn Bernard, Jonathan Pryce, Jorge Garcia"
354556,tt4600952,Guardians,Защитники,2017-02-14,3.9315,5.013,831,"[878, 28, 14, 35, 53]",ru,5400000,15065483,89,"Renovatio Entertainment, Enjoy Movies, Big Cinema House, Cinema Foundation of Russia",Sarik Andreasyan,"Anton Pampushnyy, Sanzhar Madi, Sebastien Sisak, Alina Lanina, Valeriya Shkirando"
1166817,,Bürger Ströbele,Bürger Ströbele,2017-09-10,3.3802,0.0,0,[99],de,0,0,0,,Torsten Striegnitz,Hans-Christian Ströbele
423646,tt5723272,In the Fade,Aus dem Nichts,2017-11-23,3.9249,6.898,910,"[18, 80]",de,0,4997844,106,"Bombero International, Warner Bros. Film Productions Germany, Macassar Productions, Pathé, Dorje Film, Corazón International",Fatih Akin,"Diane Kruger, Denis Moschitto, Numan Acar, Johannes Krisch, Ulrich Brandhoff"
451681,tt1894487,Sélection Officielle,Sélection Officielle,2017-05-17,3.8723,1.833,3,[],fr,0,0,90,,Jacques Richard,"Bernard Ménez, Jean-Claude Dreyfus, Jackie Berroyer, Bruno Putzulu, Margaux Vallé"
420622,tt6133130,Professor Marston and the Wonder Women,Professor Marston and the Wonder Women,2017-10-13,4.0121,7.2,953,"[18, 10749]",en,7000000,1600000,108,"TOPPLE, Boxspring Entertainment, Opposite Field Pictures",Angela Robinson,"Luke Evans, Rebecca Hall, Bella Heathcote, Connie Britton, JJ Feild"
777515,tt8286728,The Shady Lady,L'Effacée,2017-02-23,3.5105,0.0,0,[],fr,0,0,81,,"Guy Bordin, Renaud de Putter",Lea Petra
396493,tt3654796,Creep 2,Creep 2,2017-10-06,4.124,6.342,937,"[27, 53]",en,0,0,80,"Duplass Brothers Productions, Blumhouse Productions",Patrick Brice,"Mark Duplass, Desiree Akhavan, Karan Soni, Kyle Field, Caveh Zahedi"
563710,tt7829544,Angela's Christmas,Angela's Christmas,2017-12-02,3.2485,6.8,250,"[16, 10751]",en,0,0,30,Brown Bag Films,Damien O'Connor,"Lucy O'Connell, Ruth Negga, Brian Gleeson, Pat Kinevane, Malachy McCourt"
436391,tt5969696,The Battleship Island,군함도,2017-07-26,4.1225,7.174,299,"[18, 10752]",ko,21000000,46183383,132,"Filmmaker R&K, CJ Entertainment, filmK",Ryoo Seung-wan,"Hwang Jung-min, So Ji-sub, Song Joong-ki, Lee Jung-hyun, Kim Su-an"
441181,tt5756086,From the Balcony,Fra balkongen,2017-06-30,3.5151,6.4,5,"[99, 35, 18]",no,0,0,85,Mer Film,Ole Giæver,"Ole Giæver, Marte Magnusdotter Solem"
627982,tt7029864,The Thread,El hilo,2017-01-01,2.9282,0.0,0,[99],es,0,0,6,,"Pablo Polanco, Pietro Bulgarelli","Gabriela Fellet, María Lucrecia Rain Quiriante, Marcos Rain Barrera"
566572,tt12054292,Wild Beasts,Villdyr,2017-09-26,3.3447,7.8,4,[18],no,0,0,9,Nordland kunst og filmfagskole,Sverre Kvamme,
875758,tt5922120,Caliber Camera,Câmera Calibre,2017-09-11,3.5754,0.0,0,[],pt,0,0,15,,Anderson Bardot,
471968,tt6175394,The Last Warrior,Последний богатырь,2017-10-19,4.4856,6.904,218,"[14, 12, 35]",ru,8250000,30060061,120,The Walt Disney Company CIS,Dmitriy Dyachenko,"Viktor Horinyak, Mila Syvatska, Ekaterina Vilkova, Konstantin Lavronenko, Sergey Burunov"
498060,,Sacré Georges,Sacré Georges,2017-04-07,3.4544,0.0,0,[35],fr,0,0,0,,Michel Jeffrault,"Emmanuelle Clove, Michel Jeffrault, Pierre Douglas, Benjamin Bur, Chantal Juliot"
591630,tt7635764,Storge,Storge,2017-09-13,3.4281,0.0,0,[18],ru,0,0,30,Moscow School of New Cinema,Ekaterina Selenkina,"Alena Alenkina, Galina Lebedinets"
430354,tt4720702,Bushwick,Bushwick,2017-08-25,3.8616,5.22,542,"[53, 28]",en,0,0,94,"XYZ Films, Bullet Pictures, Mensch Productions, Ralfish Films, RLJ Entertainment","Cary Murnion, Jonathan Milott","Dave Bautista, Brittany Snow, Angelic Zambrana, Jeremie Harris, Myra Lucretia Taylor"
490189,,I Don't Like Younger Men 2,딸의 친구 2,2017-10-18,4.064,5.7,9,[10749],ko,0,0,94,,Kye Jang-hyuk,"Seon Hye, Lee Soo, Min Do-yoon, Jeon Ji-hak"
300687,tt1230168,Same Kind of Different as Me,Same Kind of Different as Me,2017-10-20,4.237,6.784,280,[18],en,0,6423605,119,"Chazown Pictures, Paramount Pictures, Disruption Entertainment",Michael Carney,"Greg Kinnear, Djimon Hounsou, Renée Zellweger, Jon Voight, Olivia Holt"
412105,tt5539054,You Get Me,You Get Me,2017-06-19,4.3808,5.6,1736,"[53, 10749, 18]",en,0,0,89,"Awesomeness Films, Good Universe",Brent Bonacorso,"Bella Thorne, Halston Sage, Taylor John Smith, Brigid Brannagh, Nash Grier"
483115,tt7051294,Árulók,Árulók,2017-10-23,3.2228,5.4,5,"[36, 18]",hu,0,0,60,,Péter Fazakas,"Dóra Sztarenki, Géza D. Hegedűs, Viktor Klem, Laura Döbrösi"
375098,tt2088950,The Show,The Show,2017-09-21,3.4083,5.7,216,[18],en,0,0,104,"Weedon Media, Dobre Films, Lighthouse Pictures",Giancarlo Esposito,"Josh Duhamel, Famke Janssen, Giancarlo Esposito, Sarah Wayne Callies, Caitlin FitzGerald"
456611,tt6047974,Lupin the 3rd: Goemon's Blood Spray,LUPIN THE IIIRD 血煙の石川五ェ門,2017-02-04,4.5606,7.791,191,"[16, 28, 80, 18]",ja,0,0,54,"Telecom Animation Film, Free As A Bird, TFC, TMS Entertainment",Takeshi Koike,"Kanichi Kurita, Kiyoshi Kobayashi, Miyuki Sawashiro, Daisuke Namikawa, Koichi Yamadera"
812324,tt10447492,Seaworthy,Seaworthy,2017-08-14,2.8987,0.0,0,[],en,0,0,87,Freefilms Productions,Nathan Oldfield,"Tom Wegener, Dane Peterson, Alex Knost, Dave Rastovich, Beau Young"
945043,tt10295272,Kinbaku: Moon,KINBAKU～月の章～,2017-01-06,3.3915,4.0,1,"[27, 18]",ja,0,0,69,New Select,Naoyuki Tomomatsu,"Kyouko Maki, Chiyoko Nameless, Yume Aihara, Iku Haruka, Ururu Jun"
412758,tt4401006,Eat Locals,Eat Locals,2017-04-06,4.1737,5.119,135,"[28, 35, 27]",en,2073816,0,93,Evolution Pictures,Jason Flemyng,"Charlie Cox, Tony Curran, Mackenzie Crook, Freema Agyeman, Eve Myles"
423087,tt5503688,6 Below: Miracle on the Mountain,6 Below: Miracle on the Mountain,2017-10-12,4.4011,5.827,401,"[53, 18]",en,0,0,97,"Tucker Tooley Entertainment, Dune Entertainment, Stormchaser Films, October Sky Films, Halcyon Studios",Scott Waugh,"Josh Hartnett, Mira Sorvino, Sarah Dumont, Kale Culley, Jason Cottle"
449664,tt5159414,Escape Room,Escape Room,2017-06-19,4.6115,4.564,787,"[27, 53]",en,0,1870824,90,Escape Productions,Will Wernick,"Evan Williams, Annabelle Stephenson, Elisabeth Hower, Dan J. Johnson, John Ierardi"
453364,tt5584796,Tehran Taboo,Theran Taboo,2017-10-04,3.8397,7.118,106,"[18, 16]",fa,0,349886,96,"Little Dream Entertainment, ORF, Filmförderung Hamburg Schleswig-Holstein, OFI, HessenFilm und Medien, Pixeltruck, ZDF, Coop99 Filmproduktion",Ali Soozandeh,"Arash Marandi, Alireza Bayram, Şiir Eloğlu, Zar Amir Ebrahimi, Klaus Ofczarek"
693223,tt8047440,"Uproar, Eclipse","Barulho, Eclipse",2017-10-22,3.3486,0.0,0,[99],pt,0,0,69,Terratreme,Ico Costa,
434757,tt6185658,Barbie Video Game Hero,Barbie Video Game Hero,2017-02-01,4.2588,6.8,244,"[16, 10751, 878]",en,0,0,72,"Mattel Creations, Mattel, Rainmaker Entertainment","Ezekiel Norton, Conrad Helten","Erica Lindbeck, Sienna Bohn, Shannon Chan-Kent, Michael Dobson, Alyssya Swales"
437033,tt6060156,Toc Toc,Toc Toc,2017-09-01,3.4424,7.115,1278,[35],es,0,0,96,"LAZONA, Atresmedia Cine",Vicente Villanueva,"Alexandra Jiménez, Paco León, Rossy de Palma, Oscar Martínez, Inma Cuevas"
458354,tt6568188,Sleeping Beauties,Sleeping Beauties,2017-07-27,3.2276,4.925,20,"[14, 35]",en,0,0,81,Retromedia Entertainment,Dean McKendrick,"Sarah Hunter, Pristine Edge, William F. Bryant, Aria Alexander, Andrew Espinoza Long"
476134,tt6966294,Next Summer,Næste Sommer,2017-03-21,3.5375,0.0,0,[99],da,0,0,58,House of Real,Alexander Lind,"Per Sommer, Rasmus Toke Sommer"
554968,tt7821372,Tristan,Tristan,2017-09-10,3.6331,0.0,0,[18],fr,0,0,11,,"Gaspard Granier, Sonam Larcin","Noémie Dujardin, Ina Geerts, Tristan Schotte"
442056,tt4729560,The Little Vampire 3D,The Little Vampire 3D,2017-10-04,3.9723,6.1,173,"[35, 16, 10751, 14]",en,10000000,0,83,"A. Film Production, Ambient Entertainment, Cool Beans, Rothkirch Cartoon Film","Richard Claus, Karsten Kiilerich","Rasmus Hardiker, Amy Saville, Jim Carter, Joseph Kloska, Phoebe Givron-Taylor"
1071483,,Why Not,Why Not,2017-04-25,3.0159,0.0,0,"[99, 18, 35]",it,0,0,0,,,"Nicolò Bertoldero, Enrico Conte, Edoardo Magliarella, Alberto Marcuzzo, Diego Botosso"
469877,tt6479178,Picture of Beauty,Picture of Beauty,2017-03-14,3.5401,4.148,64,"[18, 10749]",en,100,0,70,La Femme Erotic,Maxim Ford,"Danielle Rose, Taylor Sands, Paweł Hajnos, Magdalena Bochan-Jachimek, Joanna Mazewska"
1734892,,Restu Ramadan,Restu Ramadan,2017-01-01,3.54,0.0,0,[],en,0,0,0,,Shuhaimi Lua Abdullah,"Mark Adam, Zaibo, Issey Lamb, Amy Mastura, Mili Supina"
429952,tt5050876,A Hustler's Diary,Måste gitt,2017-07-13,3.5352,7.1,12,"[35, 80, 18]",sv,0,0,97,"Indian Summer Film, Film i Väst, Ljud & Bildmedia",Ivica Zubak,"Can Demirtas, David Nzinga, Jörgen Thorsson, Selma Caglar, Lena Endre"
345317,tt4494718,Final Portrait,Final Portrait,2017-08-03,3.5327,6.0,189,"[36, 18]",en,0,1725841,87,"Potboiler Productions, Olive Productions, Arsam International, Lowsun Productions, Riverstone Pictures, HanWay Films",Stanley Tucci,"Geoffrey Rush, Armie Hammer, Clémence Poésy, Tony Shalhoub, Sylvie Testud"
436274,tt6097798,Radius,Radius,2017-07-17,3.5321,6.492,774,"[53, 18, 27]",en,0,14097,93,"Title Media, EMAfilms, Peripatetic Pictures","Steeve Léonard, Caroline Labrèche","Diego Klattenhoff, Charlotte Sullivan, Brett Donahue, Bradley Sawatzky, Nazariy Demkowicz"
415401,tt5814592,The Party,The Party,2017-07-27,3.5304,6.33,620,"[35, 18]",en,0,5597950,71,"Adventure Pictures, Great Point Media, Oxwich Media Limited, Copenhagen Film Fund",Sally Potter,"Patricia Clarkson, Cherry Jones, Kristin Scott Thomas, Bruno Ganz, Timothy Spall"
485415,tt3053228,Day of the Dead: Bloodline,Day of the Dead: Bloodline,2017-12-29,3.5291,4.7,673,"[28, 27]",en,8000000,0,90,Nu Boyana Film Studios,Hèctor Hernández Vicens,"Sophie Skelton, Johnathon Schaech, Cristina Serafini, Teodora Duhovnikova, Jeff Gum"
432942,tt6057032,Gook,Gook,2017-08-18,3.5213,6.455,56,[18],en,0,250130,94,"Tunnel Post, Datari Turner Productions, Birthday Soup Films, The Fishbowl Studios, Foxtrout Studios",Justin Chon,"Justin Chon, Simone Baker, David So, Curtiss Cook Jr., Sang Chon"
395814,tt2331047,Rememory,Rememory,2017-09-08,3.5206,6.069,493,"[878, 18, 9648]",en,0,0,111,"Strophic Productions Limited, First Point Entertainment, Scythia Films",Mark Palansky,"Peter Dinklage, Julia Ormond, Martin Donovan, Anton Yelchin, Henry Ian Cusick"
441531,tt5847286,Shock Wave,拆彈專家,2017-04-20,3.5182,6.689,212,"[28, 80, 12, 53]",cn,23000000,0,119,"Universe Entertainment, Bona Film Group, Infinitus Entertainment",Herman Yau,"Andy Lau, Jiang Wu, Keung Ho-man, Ron Ng Cheuk-Hai, BabyJohn Choi Hon-Yik"
446131,tt6045466,Madame,Madame,2017-08-17,3.5151,5.904,328,"[10749, 35, 18]",en,0,0,91,"StudioCanal, LGM Films, PM",Amanda Sthers,"Toni Collette, Harvey Keitel, Rossy de Palma, Michael Smiley, Tom Hughes"
411976,tt4513316,Novitiate,Novitiate,2017-10-27,3.5137,6.5,192,[18],en,0,580346,123,Maven Screen Media,Margaret Betts,"Margaret Qualley, Melissa Leo, Julianne Nicholson, Dianna Agron, Lisa Stewart"
472338,tt5534434,Victor Crowley,Victor Crowley,2017-09-12,3.5117,5.672,288,"[35, 27]",en,400000,0,83,ArieScope Pictures,Adam Green,"Kane Hodder, Parry Shen, Laura Ortiz, Dave Sheridan, Katie Booth"
371447,tt4305148,Lovesong,Lovesong,2017-02-17,3.5091,5.706,204,"[18, 10749]",en,0,6700,85,"Soandbrad, Gamechanger Films, Autumn Productions",So Yong Kim,"Riley Keough, Jena Malone, Jessie Ok Gray, Sky Ok Gray, Brooklyn Decker"
450460,tt6687884,Médée,Médée,2017-04-17,3.5082,8.0,1,"[18, 10402]",fr,0,0,10,"Les Films Pelléas, Opéra National de Paris",Mikael Buch,"Nathalie Baye, Vincent Dedienne"
433356,tt4943322,The Ottoman Lieutenant,The Ottoman Lieutenant,2017-03-28,3.5058,6.049,287,"[10749, 18, 10752]",en,40000000,413844,111,Eastern Sunrise Films,Joseph Ruben,"Hera Hilmar, Michiel Huisman, Josh Hartnett, Ben Kingsley, Haluk Bilginer"
392207,tt4924942,The Invisible Guardian,El guardián invisible,2017-03-03,3.4981,6.511,748,"[53, 80, 9648]",es,5000000,0,129,"ARTE, Nostromo Pictures, ZDF, Atresmedia Cine, Nadcon Film",Fernando González Molina,"Marta Etura, Elvira Mínguez, Francesc Orella, Colin McFarlane, Susi Sánchez"
433630,tt3481634,Inconceivable,Inconceivable,2017-06-30,3.4967,5.508,377,"[80, 18, 53]",en,0,0,105,"Baker Entertainment Group, EFO Films",Jonathan Baker,"Nicolas Cage, Gina Gershon, Nicky Whelan, Faye Dunaway, Natalie Eva Marie"
484886,tt7312940,Singularity,Singularity,2017-11-24,3.4947,3.648,240,[878],en,0,0,92,"Vantis Pictures, Calanda Pictures, Voltage Pictures",Robert Kouba,"Jeannine Wacker, Julian Schaffner, John Cusack, Carmen Argenziano, Eileen Grubba"
398929,tt5657028,Alibi.com,Alibi.com,2017-02-15,3.483,6.461,1779,"[35, 10751]",fr,7546570,29370592,90,"Fechner Films, TF1 Droits Audiovisuels, StudioCanal, TF1 Films Production, CN5 Productions",Philippe Lacheau,"Philippe Lacheau, Élodie Fontan, Julien Arruti, Tarek Boudali, Nathalie Baye"
424998,tt6113488,The Case for Christ,The Case for Christ,2017-04-07,3.4815,6.949,333,[18],en,3000000,18200000,112,"Pure Flix Entertainment, Triple Horse Studios, Entertainment Studios Motion Pictures",Jon Gunn,"Mike Vogel, Erika Christensen, Faye Dunaway, Robert Forster, Frankie Faison"
432836,tt5729348,Memoir of a Murderer,살인자의 기억법,2017-09-07,3.4777,7.418,398,"[80, 9648, 53]",ko,125000,0,128,"Showbox, W-Pictures, Rear Window",Won Shin-yun,"Sul Kyung-gu, Kim Nam-gil, Kim Seol-hyun, Oh Dal-su, Hwang Seok-jeong"
423949,tt2338454,Unicorn Store,Unicorn Store,2017-09-11,3.4707,5.906,895,"[14, 18, 35]",en,0,0,91,"The District, Rhea Films, 51 Entertainment, Rip Cord Productions",Brie Larson,"Brie Larson, Samuel L. Jackson, Joan Cusack, Bradley Whitford, Mamoudou Athie"
699015,,Ohero:kon - Under the Husk,Ohero:kon - Under the Husk,2017-11-04,3.4702,6.0,1,[99],en,0,0,26,,Katsitsionni Fox,
534179,,Mother's Friends,엄마친구들,2017-05-01,3.4673,5.7,6,[10749],ko,0,0,84,,Lee Ri-dan,"Dae Ho, Se Ah, Lee Yoo-chan, Yoo Ri"
478019,tt7202942,Forest Movie,Forest Movie,2017-09-30,3.4578,1.0,1,"[18, 9648]",en,1500,0,65,Sital Cinema,Matthew Taylor Blais,Ana Escorse
397601,tt5253282,The Bachelors,The Bachelors,2017-10-20,3.4549,7.049,184,"[35, 18, 10749]",en,0,106212,99,"Windowseat Entertainment, Matt Baer Films",Kurt Voelker,"J.K. Simmons, Josh Wiggins, Julie Delpy, Odeya Rush, Kevin Dunn"
445656,tt3733068,Sambá,Sambá,2017-06-29,3.4517,4.7,7,[18],es,0,0,87,Aurora Dominicana,"Laura Amelia Guzmán, Israel Cárdenas","Ettore D'Alessandro, Algenis Perez Soto, Laura Gómez, Ricardo Ariel Toribio"
436343,tt5607714,On Body and Soul,Testről és lélekről,2017-03-02,3.45,7.246,633,"[18, 10749, 14]",hu,0,0,116,Inforg-M&M Film,Ildikó Enyedi,"Alexandra Borbély, Morcsányi Géza, Réka Tenki, Ervin Nagy, Zoltán Schneider"
445954,tt6288694,Acts of Vengeance,Acts of Vengeance,2017-10-27,3.4427,5.973,616,"[53, 28, 18]",en,10000000,320705,87,Nu Boyana Film Studios,Isaac Florentine,"Antonio Banderas, Karl Urban, Paz Vega, Robert Forster, Cristina Serafini"
811158,,Jane Rambo,Jane Rambo,2017-01-01,3.4409,0.0,0,"[28, 10752]",en,0,0,155,Universal Image,Augustus Omojowo Thomas,"Gentle Jack, Ejatu Barrie, Kelvin Ikeduba, Chizzy Alichi, Ruby Orjiakor"
423988,tt5464234,Kill Switch,Kill Switch,2017-06-01,3.4363,4.891,288,"[878, 28, 53]",en,1000000,0,91,"CTM Films, FilmNation Entertainment, SquareOne Entertainment",Tim Smit,"Dan Stevens, Bérénice Marlohe, Charity Wakefield, Gijs Scholten van Aschat, Mike Reus"
470370,tt6145612,Thomas & Friends: Journey Beyond Sodor,Thomas & Friends: Journey Beyond Sodor,2017-08-22,3.4282,7.125,16,"[16, 10751, 10402]",en,0,523406,70,"Jam Filled Toronto, Mattel Creations, Mattel",David Stoten,"Mark Moraghan, John Hasler, Keith Wickham, Rob Rackstraw, Nigel Pilkington"
429467,tt4399952,The Lodgers,The Lodgers,2017-10-05,3.4225,5.031,519,"[27, 53, 9648]",en,0,916727,93,"Avatar Audio Post Production, Epic Pictures Group, Bowsie Workshop, E-Color Studios, Point.360, Tailored Films, Fís Éireann/Screen Ireland",Brian O'Malley,"Charlotte Vega, Bill Milner, Eugene Simon, David Bradley, Moe Dunford"
438740,tt6537238,Salyut-7,Салют-7,2017-09-22,3.4223,7.056,524,"[28, 18, 12]",ru,15000000,13767037,106,"Vita Aktiva, CTB Film Company, Lemon Films Studio, Globus-film",Klim Shipenko,"Vladimir Vdovichenkov, Pavel Derevyanko, Aleksandr Samoylenko, Vitaliy Khaev, Oksana Fandera"
416051,tt5893264,Based on a True Story,D'après une histoire vraie,2017-11-01,3.4207,5.694,525,"[53, 9648]",fr,11329550,0,97,"WY Productions, R.P. Productions, France 2 Cinéma, Mars Films, Monolith Films, Belga Productions",Roman Polanski,"Emmanuelle Seigner, Eva Green, Vincent Perez, Dominique Pinon, Brigitte Roüan"
415312,tt5770864,The Man from Earth: Holocene,The Man from Earth: Holocene,2017-10-13,3.419,5.535,301,"[18, 878]",en,0,0,98,Falling Sky Entertainment,Richard Schenkman,"David Lee Smith, Vanessa Williams, Michael Dorn, William Katt, Sterling Knight"
482059,tt13975156,My Girlfriend's Mother,여친 엄마,2017-07-06,3.4184,4.5,6,"[10749, 18]",ko,0,0,79,,Lee Ri-dan,"Si Woo, Ahn So-hee, Min Joo, Kang Soo-cheol, Jung Jae-sik"
473920,tt5648036,S.M.A.R.T. Chase,S.M.A.R.T. Chase,2017-09-30,3.4155,4.821,112,"[28, 35, 12, 80, 53]",en,30000000,0,95,Bliss Media,Charles Martin,"Orlando Bloom, Leo Wu, Simon Yam, Hannah Quinlivan, Lynn Hung Doi-Lam"
475942,tt7045622,Aroni Tokhon,Aroni Tokhon,2017-06-09,3.4038,7.0,2,"[18, 10749]",bn,0,0,126,,Sourav Chakraborty,"Paoli Dam, Pradip Mukhopadhyay, Prateik Smita Patil, Indraneil Sengupta"
469722,tt6705640,Trauma,Trauma,2017-12-25,3.8568,5.436,157,"[27, 53, 18]",es,0,0,106,"Trauma Spa, Border Motion Cinema, Chris Reiben Productions, SBH Films, Too Much Films",Lucio A. Rojas,"Catalina Martin, Macarena Carrere, Daniel Antivilo, Ximena del Solar, Dominga Bofill"
353569,tt1412528,Table 19,Table 19,2017-03-03,4.0717,5.9,1024,"[35, 18]",en,5000000,5042014,87,"Story Ink, 21 Laps Entertainment, 3311 Productions",Jeffrey Blitz,"Anna Kendrick, Craig Robinson, June Squibb, Lisa Kudrow, Stephen Merchant"
430682,tt3910736,Gun Shy,Gun Shy,2017-09-08,3.6257,4.583,156,"[28, 12, 35, 80, 53]",en,0,0,91,Salty Film,Simon West,"Antonio Banderas, Olga Kurylenko, Mark Valley, Martin Dingle Wall, Ben Cura"
554063,tt36600514,Angel's Premonition,Slutnja anđela,2017-06-27,3.1104,0.0,0,[99],sr,0,0,26,Nova Plus,Branislav Princip,"Dejan Nebrigić, Zoltan Pletl, Lepa Mlađenović, Violeta Đukanović, Staša Zajović"
533609,tt8146764,Arr. for a Scene,Kohtauksen järjestelyt,2017-03-07,2.9601,0.0,0,[99],fi,0,0,5,,Jonna Kina,
882936,,Illusion,Illusion,2017-05-10,2.956,7.0,1,[18],en,0,0,85,Ebanky Global Productions,Lucky Stephen,"Francis Duru, Thelma Okoduwa, Happy Julian Uchendu, IK Ogbonna"
481148,tt5884194,USSAK,USSAK... χρόνια μετά,2017-05-02,3.3535,6.0,2,[],el,0,0,85,,Kyriakos Katzourakis,"Katia Gerou, Theodora Tzimou, Dimitris Poulikakos, Yannis Tsortekis, Pavlos Iordanopoulos"
473924,,Reunion Goals: The Beginning,동창회의 목적: 더 비기닝,2017-02-02,2.8703,6.9,15,"[35, 10749]",ko,0,0,98,,,"Yoo Ji-won, Han Yeong-hoon, Han Seol-hwa, Han Gyeol"
471571,,Bicha Camelô,Bicha Camelô,2017-08-19,2.9585,0.0,0,[],pt,0,0,0,,Wagner Previtali,"Maiteh Carraro, Felipe Cremonini, Giovani Garcez, Germano Rusch, Gengiscan Pereira"
302150,tt2674358,The Hunter's Prayer,The Hunter's Prayer,2017-06-08,3.2476,5.655,449,"[28, 53]",en,17000000,0,91,"Maple Leaf Films, FilmEngine, Screen Yorkshire, Lipsync Productions, Vandal Entertainment, Apollo Media, Full Clip Productions, HP Yorkshire, Hunters Prayer Production Spain",Jonathan Mostow,"Sam Worthington, Odeya Rush, Amy Landecker, Dean S. Jagger, Verónica Echegui"
403899,tt5307194,Forwards Ever!,Vorwärts immer!,2017-10-12,2.9914,5.7,15,[35],de,0,0,94,"Crazy Film, Roxy Film, ARD",Franziska Meletzky,"Jörg Schüttauf, Josefine Preuß, Jacob Matschenz, Hedi Kriegeskotte, Marc Benjamin"
585920,tt8128666,Möbius Bond,Mobijaus Juosta,2017-09-08,3.2232,0.0,0,"[18, 14]",en,0,0,15,,Emilija Rivière,"Aewia Huillet, Donatas Stakėnas"
420648,tt5121816,The Bar,El bar,2017-02-15,3.8098,6.328,1378,"[27, 53, 35]",es,6045750,3662671,102,"Nadie es Perfecto, Pokeepsie Films, Pampa Films",Álex de la Iglesia,"Blanca Suárez, Mario Casas, Carmen Machi, Secun de la Rosa, Jaime Ordóñez"
413998,tt4411596,My Cousin Rachel,My Cousin Rachel,2017-06-08,3.7213,5.715,628,"[18, 10749]",en,0,9200168,106,"Fox Searchlight Pictures, Free Range Films, TSG Entertainment",Roger Michell,"Rachel Weisz, Sam Claflin, Holliday Grainger, Iain Glen, Pierfrancesco Favino"
441829,tt6599818,Team Thor: Part 2,Team Thor: Part 2,2017-02-14,4.5603,6.9,374,"[878, 35, 14]",en,0,0,5,Marvel Studios,Taika Waititi,"Chris Hemsworth, Daley Pearson"
462107,tt6601146,EIC: Outrage,EIC: Outrage,2017-03-08,3.5954,7.3,3,[35],en,0,0,63,OML Entertainment,Sameer Ghauri,"Azeem Banatwalla, Sapan Verma, Atul Khatri, Sorabh Pant, Angad Singh Ranyal"
313943,tt3722614,Revolt,Revolt,2017-07-01,3.5027,5.515,409,"[878, 28]",en,4000000,24416,87,"Automatik Entertainment, Tea Shop & Film Company, Movie Power, Voltage Pictures, 42",Joe Miale,"Lee Pace, Bérénice Marlohe, Jason Flemyng, Sibulele Gcilitshana, Wandile Molebatsi"
306943,tt2597760,The Outcasts,The Outcasts,2017-04-14,3.9931,6.126,510,[35],en,0,0,95,BCDF Pictures,Peter Hutchings,"Victoria Justice, Eden Sher, Ashley Rickards, Avan Jogia, Peyton List"
403431,tt5805752,Brigsby Bear,Brigsby Bear,2017-07-27,4.4746,7.09,427,"[35, 18]",en,0,681632,97,"3311 Productions, Lord Miller, Kablamo!, YL Pictures",Dave McCary,"Kyle Mooney, Mark Hamill, Jorge Lendeborg Jr., Matt Walsh, Michaela Watkins"
414425,tt2396589,Mudbound,Mudbound,2017-11-16,3.7672,7.353,1337,[18],en,10000000,0,135,"Zeal Media, Armory Films, Black Bear Pictures, MACRO, MMC Joule Films, Elevated Films",Dee Rees,"Carey Mulligan, Jason Clarke, Jason Mitchell, Mary J. Blige, Garrett Hedlund"
446829,tt5843838,Max 2: White House Hero,Max 2: White House Hero,2017-05-05,2.9383,7.0,103,[10751],en,0,0,85,Metro-Goldwyn-Mayer,Brian Levant,"Zane Austin, Francesca Capaldi, Lochlyn Munro, Andrew Kavadas, Reese Alexander"
416166,tt5788136,The Institute,The Institute,2017-03-03,3.7584,4.242,122,"[53, 9648, 27]",en,3000000,0,98,"Dark Rabbit Productions, Redwire Pictures, Campbell Grobman Films, Jeff Rice Films","Pamela Romanowsky, James Franco","Allie Gallerani, James Franco, Joe Pease, Scott Haze, Lori Singer"
435800,tt5273624,Journey to the West: The Demons Strike Back,西游伏妖篇,2017-01-28,2.9851,6.017,144,"[12, 14, 28]",zh,63900000,248805149,109,"Star Overseas, Huayi Brothers Pictures, Hehe Pictures, Dadi Film Group, Lian Ray Pictures, Wanda Pictures, China Film Group Corporation",Tsui Hark,"Kris Wu, Lin Gengxin, Yao Chen, Lin Yun, Mengke Bateer"
323368,tt3011960,Hangman,Hangman,2017-12-22,4.1293,5.807,666,"[9648, 80, 53]",en,0,104503,98,"Meyers Media Group, Patriot Pictures, Cheyenne Enterprises, Moonstone Entertainment, Saban Films",Johnny Martin,"Al Pacino, Karl Urban, Brittany Snow, Sarah Shahi, Joe Anderson"
512620,tt7626082,Zerzura,Zerzura,2017-07-19,3.063,7.5,2,"[12, 37, 99]",ha,0,0,87,"Imouhar Studio, Sahel Sounds","Christopher Kirkley, Rhissa Koutata","Ibrahim Affi, Zara Alhassane, Habiba Almoustapha, Ahmoudou Madassane, Rhissa Elryin"
436459,tt4955566,Almost Friends,Almost Friends,2017-11-17,3.1815,6.317,262,"[18, 35]",en,0,0,105,Let It Play,Jake Goldberger,"Freddie Highmore, Odeya Rush, Christopher Meloni, Haley Joel Osment, Jake Abel"
445538,tt5846676,The Saint,Šventasis,2017-09-22,3.1413,7.1,5,[18],lt,0,0,96,"M-Films, No Sugar Films",Andrius Blaževičius,"Marius Repšys, Indrė Patkauskaitė, Gelminė Glemžaitė, Valentinas Krulikovskis, Lukas Malinauskas"
359228,tt4365566,Ghost House,Ghost House,2017-07-21,3.7098,5.585,217,"[27, 53, 9648]",en,0,0,92,"Benetone Films, KNR Productions, Benetone Hillin Entertainment",Rich Ragsdale,"Scout Taylor-Compton, James Landry Hébert, Mark Boone Junior, Michael S. New, Elana Krausz"
428862,tt7303948,Mobile Suit Gundam: The Origin V: Clash at Loum,機動戦士ガンダム THE ORIGIN V 激突 ルウム会戦,2017-09-02,3.9626,7.697,33,"[28, 16, 878, 10752]",ja,0,0,84,SUNRISE,"Yoshikazu Yasuhiko, Takashi Imanishi","Shuichi Ikeda, Megumi Han, Toru Furuya, Toshio Furukawa, Jin Urayama"
398174,tt5711148,Film Stars Don't Die in Liverpool,Film Stars Don't Die in Liverpool,2017-11-17,4.1501,6.348,184,"[10749, 18]",en,10000000,3179847,105,"EON Productions, IM Global",Paul McGuigan,"Annette Bening, Jamie Bell, Julie Walters, Stephen Graham, Kenneth Cranham"
454579,tt6789058,Cínicos,Cínicos,2017-04-24,3.2688,5.0,3,[18],es,0,0,125,"Les Envies Que Je Te Désire, Trivial Media, Películas Anti-autor",Raúl Perrone,"María Paula Robles, Antonio Cavaso, Gustavo Marzo, Nestor Gianotti, Roly Serrano"
414063,tt2586120,Racer and the Jailbird,Le Fidèle,2017-10-04,3.7939,5.923,200,"[80, 18, 10749]",fr,9229904,0,130,"Savage Film, Stone Angels, Kaap Holland Film, Submarine, Frakas Productions, Centre du Cinéma et de l'Audiovisuel de la FWB",Michaël R. Roskam,"Matthias Schoenaerts, Adèle Exarchopoulos, Éric De Staercke, Jean-Benoît Ugeux, Nabil Missoumi"
347629,tt2776878,Thank You for Your Service,Thank You for Your Service,2017-10-26,3.7858,6.598,428,"[18, 10752]",en,20000000,9995692,109,"DreamWorks Pictures, Amblin Entertainment, Dune Films",Jason Hall,"Miles Teller, Haley Bennett, Joe Cole, Amy Schumer, Beulah Koale"
390056,tt4986134,Rebel in the Rye,Rebel in the Rye,2017-09-15,3.7519,6.617,270,"[18, 10749]",en,0,944370,106,Black Label Media,Danny Strong,"Nicholas Hoult, Kevin Spacey, Victor Garber, Hope Davis, Zoey Deutch"
485176,tt10916316,Éclipse,Éclipse,2017-03-01,3.4002,0.0,0,[35],fr,0,0,3,Hélicotronc,"Xavier Seron, Méryl Fortunat-Rossi","Jean-Benoît Ugeux, Baptiste Sornin, Catherine Salée, Vigo Ebouélé"
457840,tt6868216,Psych: The Movie,Psych: The Movie,2017-12-07,3.4396,7.242,262,"[35, 80, 9648, 10770]",en,0,0,88,"UCP, Thruline Entertainment, Pacific Mountain Productions",Steve Franks,"James Roday Rodriguez, Dulé Hill, Maggie Lawson, Corbin Bernsen, Kirsten Nelson"
405815,tt4357714,The Sex Trip,The Sex Trip,2017-08-27,3.3085,5.193,70,"[35, 14]",en,0,28245,90,Bridgegate FIlms,Anthony G. Cohen,"Jade Ramsey, Louis Mandylor, Marc Crumpton, Charlotte Ellen Price, Rachel Breitag"
861836,tt6868924,Premonición,Premonición,2017-08-23,3.0091,7.3,7,[18],es,0,0,12,"Glaciar Films, Pinda Producciones",Leticia Akel,"Vladimir Huaiquinir, Daniel Candia, Sergio Campos Cerda, Haydee Aguilera"
444288,tt5981304,Anchor and Hope,Tierra firme,2017-11-24,3.0605,5.2,33,"[35, 18, 10749]",es,0,0,113,"Vennerfilm, La Panda, Lastor Media",Carlos Marques-Marcet,"Oona Chaplin, Natalia Tena, David Verdaguer, Geraldine Chaplin, Lara Rossi"
453005,tt6891028,When We Are Gone,Кога нè нема,2017-02-28,3.3774,0.0,0,[18],mk,17400,0,20,Quasar Film,Stefan Palitov,"Amernis Nokshikji Jovanovska, Jana Nikodinovska, Ognen Drangovski"
464882,tt6142314,Batman vs. Two-Face,Batman vs. Two-Face,2017-11-14,3.8729,6.3,205,"[16, 28, 878]",en,0,0,72,"Warner Bros. Animation, DC Entertainment",Rick Morales,"Adam West, Burt Ward, William Shatner, Julie Newmar, Jeff Bergman"
301372,tt1544608,Voice from the Stone,Voice from the Stone,2017-04-28,3.1156,5.6,504,"[9648, 53, 18, 10749]",en,0,0,91,"Zanuck Independent, Producer Capital Fund, Code 39 Films",Eric D. Howell,"Emilia Clarke, Marton Csokas, Caterina Murino, Remo Girone, Lisa Gastoni"
518048,,Insiders,Insiders,2017-11-13,3.2282,0.0,0,[99],es,0,0,21,Mumu,Sebastián Castillo,
519692,tt7526894,Slovo House,Будинок «Слово»,2017-11-09,2.8378,6.0,4,[99],uk,0,0,81,"Fresh Production Group, Ukrainian State Film Agency",Taras Tomenko,Slava Krasovska
1765324,,Yellow,Yellow,2017-01-20,2.9982,0.0,0,[],en,0,0,0,,Suzanne Darkan,"Andrea Maria Hintermaier, Sidiki Fofana, April Meerzoumen, Courtney Latrice"
639712,tt6567952,Relics,Reliques,2017-08-20,2.9295,7.0,1,[],fr,0,0,8,,Benoît Masocco,"Michael Helmrich, Mike Fédée"
430598,tt3693042,Grey Lady,Grey Lady,2017-04-28,3.5035,4.8,24,[53],en,0,0,107,"Pataphysical Productions, Beacon Pictures, Broadvision Entertainment, Moody Independent",John Shea,"Eric Dane, Natalie Zea, Amy Madigan, Adrian Lester, Carolyn Stotesbery"
433892,tt5514632,March Comes In Like a Lion,3月のライオン 前編,2017-03-18,3.1418,7.0,24,[18],ja,0,0,138,"Asmik Ace, TOHO, Hakusensha, AMUSE, Aniplex, The Asahi Shimbun, KDDI, dentsu, Robot Communications, Mainichi Shimbun, GYAO, Hulu Japan, jeki",Keishi Otomo,"Ryunosuke Kamiki, Kasumi Arimura, Kana Kurashina, Shota Sometani, Kaya Kiyohara"
480009,,Gunung Bawakaraeng,Gunung Bawakaraeng,2017-10-19,2.9965,0.0,0,"[27, 28]",id,0,0,116,"Gowa Production, Asosiasi Seniman FIlm Indonesia","Syaiful HR, Iwan Kurniawan","Very Dianto Arif, Umy Dhelia, Kiki Nurhaliza, Rifial Idzal, Inggrid Disrey"
469310,tt7006206,The Incredible Story of the Giant Pear,Den utrolige historie om den kæmpestore pære,2017-10-12,3.9707,6.6,66,"[16, 12, 10751]",da,0,0,80,"Einstein Film, Nordisk Film Denmark, A. Film Production","Philip Einstein Lipski, Jørgen Lerdam, Amalie Næsby Fick","Alfred Bjerre Larsen, Liva Elvira Magnussen, Peter Frödin, Henrik Koefoed, Peter Plaugborg"
467539,tt7124090,The Sower,Le Semeur,2017-10-26,3.3935,6.0,42,[18],fr,0,0,98,"Les films du Worso, Versus Production, Indéfilms 5, Cinémage 11, Cinéventure 2",Marine Francen,"Pauline Burlet, Géraldine Pailhas, Alban Lenoir, Iliana Zabeth, Françoise Lebrun"
411999,tt4693358,OtherLife,OtherLife,2017-06-16,3.7621,6.398,494,"[878, 80, 9648]",en,0,0,96,"Ticket to Ride, See Pictures, Kreo Films, Cherry Road Films, WBMC, Head Gear Films, Metrol Technology",Ben C. Lucas,"Jessica De Gouw, T.J. Power, Thomas Cocquerel, Tiriel Mora, Liam Graham"
373546,tt1610525,Chuck,Chuck,2017-05-05,4.2966,6.249,185,[18],en,0,502518,101,"Mike Tollin Productions, Campbell Grobman Films, Jeff Rice Films, Boxer Productions, Das Films, Mandalay Sports Media, Millennium Media",Philippe Falardeau,"Liev Schreiber, Naomi Watts, Elisabeth Moss, Ron Perlman, Jim Gaffigan"
336890,tt2417712,Goon: Last of the Enforcers,Goon: Last of the Enforcers,2017-03-17,3.5995,5.677,365,[35],en,0,124875,101,"Caramel Films, No Trace Camping, Taurus Film",Jay Baruchel,"Seann William Scott, Alison Pill, Marc-André Grondin, Wyatt Russell, Callum Keith Rennie"
392982,tt5301662,Marshall,Marshall,2017-10-13,3.8473,7.248,705,[18],en,12000000,10051659,118,"Chestnut Ridge, Starlight Culture Entertainment Group, Hudlin Entertainment, Stage 6 Films, Open Road Films",Reginald Hudlin,"Chadwick Boseman, Josh Gad, Kate Hudson, Sterling K. Brown, James Cromwell"
457462,tt6864300,Between Borders,Između granica,2017-05-12,2.634,0.0,0,[99],sr,0,0,52,ADRA Serbia,"Jelena Gavrilović, Mirko Rudić",Boushra Jaber
426285,tt5607028,Fullmetal Alchemist,鋼の錬金術師,2017-12-01,3.1714,5.439,593,"[14, 28, 878, 12]",ja,0,8053641,135,"Square Enix, Warner Bros. Japan, dentsu, OXYBOT, PARCO",Fumihiko Sori,"Ryosuke Yamada, Atomu Mizuishi, Tsubasa Honda, Dean Fujioka, Misako Renbutsu"
432087,tt5247704,Back to Burgundy,Ce qui nous lie,2017-06-14,4.3027,6.853,626,"[18, 35]",fr,0,0,113,Ce qui me meut motion pictures,Cédric Klapisch,"Pio Marmaï, Ana Girardot, François Civil, Jean-Marc Roulot, María Valverde"
411139,tt5657712,I'm Not Here,I'm Not Here,2017-11-16,3.5736,5.793,75,[18],en,0,0,81,Rubber Tree Productions,Michelle Schumacher,"J.K. Simmons, Sebastian Stan, Maika Monroe, Mandy Moore, Max Greenfield"
455714,tt6788942,Bad Genius,ฉลาดเกมส์โกง,2017-05-03,3.5431,7.861,870,"[18, 80, 53, 35]",th,1839169,42350000,130,"Jor Kwang Films, GDH 559",Nattawut Poonpiriya,"Chutimon Chuengcharoensukying, Chanon Santinatornkul, Eisaya Hosuwan, Teeradon Supapunpinyo, Thaneth Warakulnukroh"
408272,tt5294198,Catfight,Catfight,2017-03-03,3.0822,5.557,211,"[35, 18]",en,350000,0,96,MPI Media Group,Onur Tukel,"Sandra Oh, Anne Heche, Alicia Silverstone, Amy Hill, Myra Lucretia Taylor"
419709,tt6018306,Last Flag Flying,Last Flag Flying,2017-11-03,3.7404,6.734,505,"[18, 35]",en,25000000,1872950,125,"Detour Filmproduction, Zenzero Pictures, Cinetic Media, Amazon Studios, Lionsgate",Richard Linklater,"Steve Carell, Bryan Cranston, Laurence Fishburne, Yul Vazquez, J. Quinton Johnson"
429733,tt4348012,Mayhem,Mayhem,2017-11-10,3.2906,6.447,834,"[28, 35, 27]",en,2500000,17366,87,"Circle of Confusion, Royal Viking Entertainment, Avva Pictures, Shudder, RLJ Entertainment, RLJE Entertainment",Joe Lynch,"Steven Yeun, Samara Weaving, Steven Brand, Caroline Chikezie, Kerry Fox"
1231504,,I Did It in Cancun,Aux chiottes!,2017-07-10,2.8501,0.0,0,[35],fr,0,0,20,,Matthieu Moerlen,"Jack Servoz, Fabian Ferrari, Matthieu Moerlen, Lionel Laget, Philippe Kersalé"
443700,tt4556370,Altitude,Altitude,2017-04-14,3.374,4.88,167,"[28, 53]",en,0,0,86,"Taylor & Dodge, Switzer Entertainment Group, Safier Entertainment, Alpha Hollywood Studios",Alex Merkin,"Dolph Lundgren, Denise Richards, Chuck Liddell, Greer Grammer, Jonathan Lipnicki"
1284573,tt7009256,Colonia Delicia,Colonia Delicia,2017-01-01,2.6911,0.0,0,[18],es,0,0,15,INCAA,Cinthia Konopacki,"Natália Leal, Omar Holz, Alejandro Scholler"
480512,tt7752876,Inauditoo,Inauditoo,2017-10-19,2.7861,6.2,2,[99],pt,0,0,88,"DGT Filmes, Zaum Cinema",Gregorio Gananian,"Lanny Gordin, Jards Macalé, Helena Ignez, Negro Leo, José Roberto Aguilar"
452798,tt4614922,Pyhä,Pyhä,2017-01-26,2.8832,0.0,0,[99],fi,74550,0,0,Giron Filmi,"Anastasia Lapsui, Markku Lehmuskallio, Johannes Lehmuskallio","Maryan Abdulkarim, Tarja Halonen, Heidi Hovi, Leslie Hyde, Agrafjona Makarovna Kalina"
1192310,tt13074948,Divina Commedia,Divina Commedia,2017-01-06,2.7718,7.5,1,"[16, 27, 9648]",fr,0,0,1,"Gobelins, L'école de l'image","Mathilde Loubes, Nathan Harbonn Viaud, Antoine Bonnet, Quentin Boyer Di Bernardo, Jules Bourges, Antoine Vignon, Jocelyn Charles",
1081382,tt6428662,Colgado,Colgado,2017-03-26,3.1565,0.0,0,[18],es,0,0,0,,"Roger Grau, Maria Medinilla","Alba Aloy, Candela Antón, Elisabet Casanovas, Martina Roura"
431821,tt6580380,The Irregular at Magic High School: The Girl Who Summons the Stars,劇場版 魔法科高校の劣等生 星を呼ぶ少女,2017-06-17,3.3579,6.212,85,"[878, 28, 16, 14]",ja,0,2819492,90,"8bit, Aniplex",Risako Yoshida,"Yuichi Nakamura, Saori Hayami, Yumi Uchiyama, Takuma Terashima, Satomi Sato"
433049,tt6370266,Bending the Arc,Bending the Arc,2017-01-23,4.381,7.0,13,[99],en,0,0,102,"Impact Partners, Ford Foundation / JustFilms, Urban Landscapes, Scout & Scholar, Abramorama, Sundance Institute","Kief Davidson, Pedro Kos","Paul Farmer, Ophelia Dahl, Jim Yong Kim"
435107,tt6387232,A Royal Winter,A Royal Winter,2017-01-14,3.2782,7.115,200,"[10770, 10749]",en,0,0,83,"Brad Krevoy Television, Motion Picture Corporation of America",Ernie Barbarash,"Merritt Patterson, Jack Donnelly, Samantha Bond, Rhea Bailey, Cian Barry"
451644,tt5610626,Dragonheart: Battle for the Heartfire,Dragonheart: Battle for the Heartfire,2017-07-09,3.207,6.0,250,"[14, 12]",en,0,0,98,"Universal 1440 Entertainment, Castel Film, Raffaella Productions",Patrik Syversen,"Marte Germaine Christensen, Patrick Stewart, Tom Rhys Harries, Jessamine-Bliss Bell, Tamzin Merchant"
452073,tt7418296,Young Sister-In-Law 2,어린 형수 2,2017-02-08,3.1251,4.864,11,[10749],ko,0,0,94,,Kim Tae-soo,"Han Ga-hee, Lee Eun-mi, Lee Do-Yoon, Choi Min-ho"
451500,tt7018010,Christmas & Co.,Santa & Cie,2017-12-06,3.6506,6.272,683,"[35, 14, 10751]",fr,0,0,100,"Gaumont Distribution, Légende Films",Alain Chabat,"Alain Chabat, Golshifteh Farahani, Audrey Tautou, Pio Marmaï, Bruno Sanches"
473072,tt7326248,2036: Nexus Dawn,2036: Nexus Dawn,2017-08-30,3.3698,6.845,425,"[878, 53]",en,0,0,7,"Alcon Entertainment, RSA Films, 3AM, Scott Free Productions",Luke Scott,"Jared Leto, Benedict Wong, Ania Marson, Ned Dennehy, Ade Sapara"
428446,tt5420886,Walking Out,Walking Out,2017-01-21,3.1455,5.906,160,"[12, 18, 53, 9648]",en,0,0,96,"Co-Op Entertainment, Harbinger Pictures, Walking Out, Burba Hayes","Andrew J. Smith, Alex Smith","Matt Bomer, Josh Wiggins, Bill Pullman, Alex Neustaedter, Lily Gladstone"
590373,tt4575548,IM'perfect,IM'perfect,2017-04-08,2.5732,0.0,0,"[18, 10749, 878]",en,0,0,71,,Ryan Thomas Andersen,"Robert Rodenbach, Tiana Masaniai, Pete Kelly, Adrianna Taylor, Ellie Tollefson"
1132041,tt6538450,Life Saver,Life Saver,2017-11-22,2.9991,0.0,0,[],en,0,0,3,,Pierre Amstutz Roch,"Sand Van Roy, Anthony Weber, Chloé Aloma"
411019,tt5804038,I Am Not Your Negro,I Am Not Your Negro,2017-02-03,3.165,7.734,534,[99],en,1000000,7123919,93,"Independent Lens, RTBF, ARTE, Shelter Prod, RTS, Velvet Film",Raoul Peck,"Samuel L. Jackson, James Baldwin, Martin Luther King Jr., Malcolm X, Arnold Schwarzenegger"
1749963,,Pergilah Cinta,Pergilah Cinta,2017-01-01,3.1646,0.0,0,[],en,0,0,0,,Shuhaimi Lua Abdullah,"Fahrin Ahmad, Diana Danielle, Raja Afiq, Sasqia Dahuri, Munabella"
379019,tt4299300,My Blind Date with Life,Mein Blind Date mit dem Leben,2017-01-26,3.164,7.519,296,"[35, 18]",de,0,0,111,"StudioCanal, Sat.1",Marc Rothemund,"Kostja Ullmann, Anna Maria Mühe, Jacob Matschenz, Ludger Pistor, Michael Grimm"
443403,tt5760556,Alina,Alina,2017-09-15,3.1604,0.0,0,[18],en,0,0,89,,Ben Barenholtz,"Darya Ekamasova, Olga N. Bogdanova, David Atrakchi"
383709,tt5208216,Wonderstruck,Wonderstruck,2017-10-13,3.1577,6.1,435,[18],en,7000000,1947099,116,"Amazon Studios, Cinetic Media, FilmNation Entertainment, Killer Films, Picrow",Todd Haynes,"Oakes Fegley, Millicent Simmonds, Julianne Moore, Michelle Williams, Cory Michael Smith"
934291,tt6597886,Fog,Néboa,2017-03-17,3.1576,0.0,0,[],es,0,0,18,,Claudia Costafreda,"Celso Bugallo, Nieve de Medina"
461054,tt6946580,LEGO Scooby-Doo! Blowout Beach Bash,LEGO Scooby-Doo! Blowout Beach Bash,2017-07-11,3.1562,7.197,175,"[16, 35, 10751, 9648]",en,0,0,72,"Warner Bros. Animation, The LEGO Group",Ethan Spaulding,"Natalie Lander, Kate Micucci, Matthew Lillard, Grey DeLisle, Iqbal Theba"
438058,tt5692622,Case Closed: The Crimson Love Letter,名探偵コナン から紅の恋歌,2017-04-15,3.156,6.5,126,"[16, 80, 9648, 28]",ja,0,63147576,112,"TMS Entertainment, TOHO, Shogakukan, Yomiuri Telecasting Corporation, Nippon Television Network Corporation, Shogakukan-Shueisha Productions",Kobun Shizuno,"Minami Takayama, Kappei Yamaguchi, Wakana Yamazaki, Rikiya Koyama, Ryo Horikawa"
460790,tt6977240,Starship Troopers: Traitor of Mars,Starship Troopers: Traitor of Mars,2017-08-21,3.1556,5.871,338,"[16, 28, 878]",en,0,0,87,"Sola Digital Arts, Stage 6 Films, Lucent Pictures Entertainment","Shinji Aramaki, Masaru Matsumoto","Casper Van Dien, Dina Meyer, DeRay Davis, Justin Doran, Luci Christian"
346681,tt1781058,Wilson,Wilson,2017-03-24,3.1553,5.992,388,"[35, 18]",en,0,653951,94,Ad Hominem Enterprises,Craig Johnson,"Woody Harrelson, Mary Lynn Rajskub, Cheryl Hines, Isabella Amara, Laura Dern"
484423,tt6613470,PSV Garuda Vega,PSV గరుడ వేగ,2017-11-03,3.155,6.091,11,"[28, 18]",te,0,0,160,Jyo Star Enterprises,Praveen Sattaru,"Dr. Rajasekhar, Pooja Kumar, Kishore, Shraddha Das, Ali"
482249,tt7475886,Invoking 4,Invoking 4,2017-10-17,3.154,5.2,4,[27],en,0,0,75,Parade Deck Films,"Adam O'Brien, Joshua Sallach, Roxy Traino, Melanie Light, Tim Troemner","Keith Dowell, Carolyn Fields, Charlotte Hunter, Mike Paulin, Evan Tramel"
486859,tt7587242,Angry Angel,Angry Angel,2017-11-27,3.1538,5.55,20,"[10749, 10770, 35, 14]",en,0,0,90,"Olive Bridge Entertainment, Sony Pictures Television",Jamie Travis,"Brenda Song, Jason Biggs, Andy Favreau, Elizabeth Bowen, Ricky Mabe"
367462,tt5189894,68 Kill,68 Kill,2017-08-04,3.1533,5.868,212,"[35, 80]",en,0,0,92,"Snowfort Pictures, AMP",Trent Haaga,"Matthew Gray Gubler, AnnaLynne McCord, Alisha Boe, Sheila Vand, Sam Eidson"
468198,tt7063210,The Place,The Place,2017-11-04,3.1506,7.122,1261,"[18, 53]",it,0,0,102,"Medusa Film, Lotus Production, The Tornante Company",Paolo Genovese,"Valerio Mastandrea, Marco Giallini, Alba Rohrwacher, Vittoria Puccini, Rocco Papaleo"
445993,tt5781798,The Marine 5: Battleground,The Marine 5: Battleground,2017-03-16,3.1452,6.555,192,[28],en,0,0,91,WWE Studios,James Nunn,"Mike Mizanin, Anna Van Hooft, Nathan Mitchell, Taylor Rotunda, Joe Hennig"
458085,tt12625380,Swapping Wives,아내를 바꾸다,2017-05-02,3.1406,5.7,6,"[18, 10749]",ko,0,0,87,,Kim Moo-won,"Baek Se-ri, Si Hyeon, Jung Jae-sik, Si Woo"
452188,tt6194520,Daddy Cool,Daddy Cool,2017-11-01,3.1397,5.907,214,[35],fr,0,0,97,Les improductibles,Maxime Govare,"Vincent Elbaz, Laurence Arné, Grégory Fitoussi, Jean-François Cayrey, Nadège Dabrowski"
1695882,tt10260992,Le patin,Le patin,2017-01-01,3.1377,2.0,1,[],fr,0,0,0,,Faustine Crespy,"Pàris Cannes, Raquel Castellanos, Egon Di Mateo"
464334,tt4526136,Scales,Scales,2017-07-21,3.1377,5.6,35,"[14, 12, 10751]",en,0,0,92,Fromage Pictures,Kevan Peterson,"Emmy Perry, Morgan Fairchild, Elisabeth Röhm, Jack Dylan Grazer, Nikki Hahn"
433422,tt6548966,Fairy Tail: Dragon Cry,劇場版 FAIRY TAIL -DRAGON CRY-,2017-05-06,4.0577,6.641,427,"[28, 12, 35, 14, 16]",ja,0,1420035,85,"A-1 Pictures, Kodansha, GAGA Corporation, Access Bright, avex pictures, TV Tokyo, dentsu",Tatsuma Minamikawa,"Tetsuya Kakihara, Aya Hirano, Rie Kugimiya, Yuichi Nakamura, Sayaka Ohara"
463939,tt12671620,Shrestha Bangali,Shrestha Bangali,2017-09-01,3.0588,2.0,1,"[18, 28, 10749]",bn,5,0,132,,Swapan Saha,"Rajpal Yadav, Shakti Kapoor, Ulka Gupta, Rajatabha Dutta, Laboni Sarkar"
445816,tt6279728,El silencio,El silencio,2017-03-09,2.7555,6.9,6,[18],es,0,0,105,"Aleph Producciones S.A., MUCHASIESTA Cooperativa Audiovisual, Primer Plano Film Group, INCAA, Cine Argentino",Arturo Castro Godoy,"Alberto Ajaka, Tomás Del Porto, Vera Fogwill, Malena Sánchez, Violeta Vignatti"
431937,tt6095616,Mr & Mme Adelman,Mr & Mme Adelman,2017-03-08,3.6053,7.5,470,"[10749, 18, 35]",fr,5983685,0,120,"Les Films du Kiosque, France 2 Cinéma, Orange Studio, Le Pacte, Chaocorp, uMedia",Nicolas Bedos,"Nicolas Bedos, Doria Tillier, Denis Podalydès, Pierre Arditi, Zabou Breitman"
297160,tt3322892,XX,XX,2017-02-17,3.2552,5.015,472,[27],en,0,55668,81,"Scythia Films, Snowfort Pictures, XYZ Films, Quarterlife Crisis Productions, Willowbrook Regent Films, Soapbox Films","Jovanka Vuckovic, St. Vincent, Roxanne Benjamin, Karyn Kusama","Natalie Brown, Jonathan Watton, Peter DaCunha, Peyton Kennedy, Ron Lea"
450248,tt8045124,Larco Ave.: The Movie,Av. Larco,2017-03-30,2.7706,5.8,22,"[36, 10402, 18]",es,10000000,0,113,Tondero,Jorge Carmona Del Solar,"Juan Carlos Rey de Castro, Andrés Salas, Carlos Galiano, Nicolás Galindo, André Silva"
511075,tt5038134,Lore,Lore,2017-06-06,3.0846,3.5,6,[53],en,0,0,109,,"Christian Larsen, Brock Manwill","Lyndsey Lantz, Max Lesser, Sean Wei Mah, Victor Gage, Jake Carpenter"
1756799,,Alux-Él,Alux-Él,2017-12-14,3.0082,0.0,0,[],en,0,0,15,,Israel Gomez Resendiz,Armando Solares
450636,tt31889182,Chained - The Seduction of Two Women,사슬-두여자의유혹,2017-04-11,3.3832,5.8,4,"[18, 10749]",ko,0,0,100,,Park Sun-Uk,"Hong Sae-hee, Jeong Hyang, Min Do-yoon, Jeon Eun-jin, Heo Yoon-joo-I"
352501,tt4662420,All Nighter,All Nighter,2017-03-10,3.6374,5.685,248,"[35, 18]",en,0,96162,86,"Green Hummingbird Entertainment, Spring Pictures, Wing and a Prayer Pictures, Good Deed Entertainment",Gavin Wiesen,"J.K. Simmons, Lio Tipton, Emile Hirsch, Meta Golding, Jon Daly"
1643646,,Clara.mem,Clara.mem,2017-07-22,2.2903,0.0,0,[878],pt,0,0,9,,"Alison Zago, Márcio Schimming","Igor Armucho, Luiza Porto, Monalisa Eleno, Roberto Rezende"
354285,tt4827986,The Sense of an Ending,The Sense of an Ending,2017-03-10,3.5174,6.304,227,"[9648, 18]",en,0,5081495,108,"Origin Pictures, BBC Film, FilmNation Entertainment",Ritesh Batra,"Jim Broadbent, Charlotte Rampling, Harriet Walter, Michelle Dockery, Matthew Goode"
472640,tt6223806,Under the Tree,Undir trénu,2017-09-06,3.0695,6.6,173,"[18, 35]",is,2054738,0,89,"Netop Films, Madants, One Two Films, Profile Pictures",Hafsteinn Gunnar Sigurðsson,"Steinþór Hróar Steinþórsson, Edda Björgvinsdóttir, Sigurður Sigurjónsson, Þorsteinn Bachmann, Selma Björnsdóttir"
792338,,While I Sing,Enquanto Canto,2017-11-07,2.9563,0.0,0,"[18, 10402]",pt,0,0,16,,Sil Azevedo,"Cícero Ferreira, Leonardo Marchetti, Aline Deluna"
541180,tt5922328,7 muertes,7 muertes,2017-10-10,3.0222,5.0,2,[53],es,0,0,105,"Animal de Luz Films, Batu Films",Gerardo Herrero Pereda,"Manuela Vellés, Juan Manuel Bernal, Víctor Clavijo, Naian González Norvind, Luis Arrieta"
430365,tt5804948,With Open Arms,À bras ouverts,2017-04-05,3.1424,5.237,494,[35],fr,0,0,92,"W9, M6 Films, SND, Camera One, Nexus Factory, Ouille Productions, uMedia, Pulsar Productions, Ciné+, Canal+",Philippe de Chauveron,"Christian Clavier, Ary Abittan, Elsa Zylberstein, Cyril Lecomte, Nanou Garcia"
455043,tt6083388,God of War,荡寇风云,2017-05-27,3.3601,6.293,104,"[28, 36, 10752]",zh,25000000,0,128,"Media Asia Films, Sun Entertainment Culture, Bona Film Group, Huaxia Film Distribution",Gordon Chan,"Vincent Zhao Wenzhuo, Sammo Kam-Bo Hung, Wan Qian, Yasuaki Kurata, Keisuke Koide"
480407,tt5713208,High Expectations,Altas Expectativas,2017-10-05,2.7756,5.6,6,[35],pt,0,0,90,"Globo Filmes, Telecine, Dois Moleques Produções","Pedro Antônio, Alvaro Campos","Gigante Léo, Camila Márdila, Felipe Abib, Maria Eduarda de Carvalho, Milhem Cortaz"
489150,,Young Sister-in-Law 3,어린 형수 3,2017-12-05,3.2575,6.333,6,[10749],ko,0,0,81,,Choi Woo-seong,"Kim In-ae, Se Ah, Shin Joon-hyun"
480432,tt7017474,Ferrari 312B: Where the Revolution Begins,Ferrari 312B: Where the Revolution Begins,2017-10-09,3.0553,6.5,26,[99],it,0,0,85,Tarpini Production,Andrea Marini,"Paolo Barilla, Niki Lauda, Jackie Stewart, Jacky Ickx, Bob Constanduros"
1286635,,Tetra,Tetra,2017-09-21,2.8185,0.0,0,[18],fr,0,0,36,Offshore,Kim Seob Boninsegni,"Hugo Baud, Eliott Villars, Diane Keumo, Alan Schmalz, Jang Lee Kim"
458443,tt6604334,Bob the Builder: Mega Machines,Bob the Builder: Mega Machines,2017-05-27,3.4349,8.286,7,"[10751, 16, 35]",en,0,409712,59,"Rainmaker Entertainment, Mattel Creations, Mattel",Stuart Evans,"Lee Ingleby, Joanne Froggatt, Brian Cox, Dustin Demri-Burns, Blake Harrison"
1749397,,Semerah Darah,Semerah Darah,2017-01-01,3.1001,0.0,0,[],en,0,0,0,,Mamat Khalid,"Kamarul Haji Yusuf, Imuda, Pekin Ibrahim, Aziz M. Osman, Arab Khalid"
484464,tt7867932,Fierce,Féroce,2017-08-12,3.1021,5.417,6,[16],fr,0,0,15,"Folimage, Brussels & Popiul, Caravel Film",Izù Troin,"Loïc Burkhardt, Samuel Billot, Mélanie Baxter-Jones, Luc Févry"
430214,tt6335734,"Night Is Short, Walk On Girl",夜は短し歩けよ乙女,2017-04-07,3.1728,7.436,264,"[35, 10749, 16, 14]",ja,0,3878208,93,"Science SARU, Fuji Television Network, TOHO, BS Fuji, KADOKAWA",Masaaki Yuasa,"Gen Hoshino, Kana Hanazawa, Ami Koshimizu, Aoi Yuuki, Hiroshi Kamiya"
436430,tt6431124,Sanã,Sanã,2017-03-22,2.9,0.0,1,[9648],en,373,0,7,,"Lourenço Baptista, Miguel Teixeira","Lourenço Baptista, Miguel Teixeira, Carlota Andrade, Mónica Gouveia, Elisa Teixeira"
442227,tt7821240,In His Room,Im Gehäus,2017-02-14,2.4412,0.0,0,[99],en,0,0,27,,Eva C. Heldmann,Dennis Couzin
511657,tt5300840,The Hammer,The Hammer,2017-10-07,3.4006,3.444,9,[18],en,0,0,109,Round Room Productions,Angela Shelton,"Gbenga Akinnagbe, Jackson Rathbone, Keir O'Donnell, Shawn-Caulin Young, Ritchie Montgomery"
487719,tt5457926,Blood Child,Blood Child,2017-11-25,2.4659,4.2,11,"[27, 14]",en,0,0,92,Lighthouse Entertainment,Jenny Phillips,"Alyx Melone, Lisa Kovack, Biden Hall, Cynthia Lee MacQuarrie, Charlotte Cattell"
286538,tt3722062,Bokeh,Bokeh,2017-03-24,3.7674,5.413,275,"[18, 878, 53]",en,0,0,104,"Kansha Films, Zealous Pictures, Vintage Pictures","Geoffrey Orthwein, Andrew Sullivan","Maika Monroe, Matt O'Leary, Arnar Jónsson, Gunnar Helgason, Berglind Rós Sigurôardóttir"
437081,tt7160176,The Fortress,남한산성,2017-10-03,3.1178,6.789,166,"[10752, 18, 36, 28]",ko,0,28645448,140,Siren Pictures,Hwang Dong-hyuk,"Lee Byung-hun, Kim Yoon-seok, Park Hae-il, Go Soo, Park Hee-soon"
451997,tt6777370,The Merciless,불한당: 나쁜 놈들의 세상,2017-05-17,3.0401,7.168,146,"[28, 80, 9648]",ko,0,0,120,"CJ Entertainment, Barunson",Byun Sung-hyun,"Sul Kyung-gu, Yim Si-wan, Kim Hie-won, Jeon Hye-jin, Lee Kyung-young"
486964,tt6011370,An Outrage,An Outrage,2017-03-11,2.8911,0.0,0,[99],en,0,0,34,Field Studio,"Lance Warren, Hannah Brown Ayers","Yohuru Williams, Fostenia Baker, Andre Johnson, Isabel Wilkerson, Thelma Dangerfield"
1271154,,Die Räuber,Die Räuber,2017-11-11,2.9302,0.0,0,[10770],de,0,0,0,,Ulrich Rasche,"Götz Schulte, Katja Bürkle, Franz Pätzold, Nora Buzalka, Thomas Lettow"
457308,tt5281700,Heartbeats,Heartbeats,2017-06-30,3.4325,6.697,114,"[10402, 10749, 18]",en,0,0,110,"Bowery Hills Entertainment, Das Films, Mediabiz International",Duane Adler,"Krystal Ellsworth, Amitash Pradhan, Aneesha Joshi, Daphne Zuniga, Paul McGillion"
609826,tt4743074,Oma,Oma,2017-07-25,2.9545,5.5,2,[18],en,0,0,9,,Daniella Rabbani,"Lynn Cohen, Daniella Rabbani, Tibor Feldman, Bianca Crudo, Melissa Jane Osborne"
473359,tt5449846,Acid Test,Acid Test,2017-06-18,2.6664,10.0,1,[18],en,0,0,15,Acid Test Productions,Jennifer Waldo,"Juliana Destefano, Patrick Sane, Mia Ruiz, Jasmine Balais, Jacob Hoving"
496454,,Formosa 3D,美力台灣3D,2017-12-22,3.0001,0.0,0,[99],zh,0,0,0,Monkey Movies,Charlie Chu,Hsiao Yeh
432613,tt6021478,"Marry Me, Dude",Épouse-moi mon pote,2017-10-25,3.573,6.2,1013,[35],fr,0,0,92,"StudioCanal, M6 Films, Axel Films",Tarek Boudali,"Tarek Boudali, Philippe Lacheau, Charlotte Gabris, David Marsais, Julien Arruti"
777716,tt7021476,Rosemary & Juliet,Rosemary & Juliet,2017-06-20,2.9273,0.0,0,[],en,0,0,24,,Shane Wallace,
429174,tt6304162,Loveless,Нелюбовь,2017-06-01,3.0887,7.306,839,[18],ru,0,3925992,122,"ARTE France Cinéma, Senator Film, Why Not Productions, Les Films du Fleuve, Non-Stop Productions, Fetisoff Illusion",Andrey Zvyagintsev,"Maryana Spivak, Aleksey Rozin, Matvey Novikov, Alexey Fateev, Marina Vasilyeva"
637068,tt6815490,Dylan Dylan,Dylan Dylan,2017-11-07,2.8571,5.0,1,[],fr,0,0,17,Apaches Films,Sylvain Coisne,"Matthieu Dahan, Vincent Marie, Eglantine Pauget, Julia Lacoste"
1749978,,Terhentinya Doa,Terhentinya Doa,2017-01-01,2.7695,0.0,0,[],en,0,0,0,,Haji Azman Haji Yahya (Jinggo),"Saharul Ridzwan, Niena Baharun, Normah Damanhuri, Sheila Rusly, Azri Iskandar"
733442,,Summer Story,Summer Story,2017-05-12,2.9345,0.0,0,[16],en,0,0,10,"Kunsthochschule für Medien Köln, Fortisfemfilm",Yana Ugrekhelidze,
396398,tt5536736,The Meyerowitz Stories (New and Selected),The Meyerowitz Stories (New and Selected),2017-10-13,3.9534,6.462,1301,"[35, 18]",en,11400000,0,112,IAC Films,Noah Baumbach,"Adam Sandler, Ben Stiller, Dustin Hoffman, Emma Thompson, Elizabeth Marvel"
407449,tt5859238,Lucky,Lucky,2017-09-29,3.1831,7.291,661,[18],en,0,955925,88,"Divide / Conquer, Superlative Films",John Carroll Lynch,"Harry Dean Stanton, David Lynch, Ron Livingston, Ed Begley Jr., Tom Skerritt"
401157,tt5495040,Don't Tell,Don't Tell,2017-05-18,3.1731,6.308,13,[18],en,0,0,110,Fornillo Road,Tori Garrett,"Jack Thompson, Aden Young, Sara West, Rachel Griffiths, Jacqueline McKenzie"
416186,tt5687334,Godard Mon Amour,Le Redoutable,2017-06-24,2.8898,6.611,375,"[18, 10749, 35]",fr,12840746,82264,108,"Les Compagnons du Cinéma, La Classe américaine, France 3 Cinéma, StudioCanal, Forever Group",Michel Hazanavicius,"Louis Garrel, Stacy Martin, Bérénice Bejo, Micha Lescot, Grégory Gadebois"
423453,tt4466894,Sahara,Sahara,2017-02-01,3.0852,6.0,297,"[12, 16, 35, 10751]",fr,0,8061843,86,"Mikros Image, La Station d'Animation, StudioCanal, M6 Films, Transfilm International, Canal+, Mandarin Production, Mikros Animation",Pierre Coré,"Omar Sy, Louane, Franck Gastambide, Vincent Lacoste, Ramzy Bedia"
448194,tt5119116,Pyewacket,Pyewacket,2017-12-08,3.7105,5.926,358,"[27, 53]",en,0,166610,88,"Cave Painting Pictures, JoBro Productions, Just Believe Productions, Entertainment One",Adam MacDonald,"Laurie Holden, Nicole Muñoz, Chloe Rose, Eric Osborne, James McGowan"
363126,tt3335606,Berlin Syndrome,Berlin Syndrome,2017-04-20,3.3247,6.036,711,"[18, 27, 9648, 53]",en,0,397783,116,"Photoplay Films, Screen Australia, Memento Films International, Film Victoria, Aquarius Films, Fulcrum Media Finance, DDP Studios",Cate Shortland,"Teresa Palmer, Max Riemelt, Matthias Habich, Emma Bading, Elmira Bahrami"
1337288,,Under the Threat,Qorxu altında,2017-03-18,3.1164,0.0,0,"[27, 53]",az,0,0,79,N.A.Media,Namiq Əlioğlu,"Sima Şabanova, Javid Aydinov, Rüfət Cabbarov, Təhminə Tağıyeva, Zeynəb Tahir"
362585,tt5084198,Kizumonogatari Part 3: Reiketsu,傷物語〈Ⅲ冷血篇〉,2017-01-06,2.9336,8.031,244,"[16, 14, 9648]",ja,0,817874,83,"SHAFT, Aniplex","Tatsuya Oishi, Akiyuki Shinbo","Hiroshi Kamiya, Yui Horie, Maaya Sakamoto, Takahiro Sakurai"
85501,,Enfoirés Kids,Enfoirés Kids,2017-12-01,3.1591,0.0,1,[10402],fr,0,0,0,Les Restaurants du Cœur,Pascal Duchêne,"Patrick Fiori, Jenifer, Michaël Youn, Sébastien Chabal, Lorie Pester"
401544,tt5493706,Death Race 2050,Death Race 2050,2017-01-17,3.2645,4.3,206,"[28, 35, 878]",en,0,0,93,"Universal 1440 Entertainment, New Horizons Picture",G.J. Echternkamp,"Manu Bennett, Malcolm McDowell, Marci Miller, Burt Grinstead, Folake Olowofoyeku"
1493734,tt6129774,Alpha,Alfa,2017-06-30,2.5733,0.0,0,"[80, 53, 35]",nl,5000,0,10,,Marco Bolla,"Landerik Boie, Pieter Bernabei, Wing Poon, Dorien De Clippel, Zoe Tang"
482122,tt20249814,Angel Is Dead,사랑받지 못한 여자,2017-01-25,2.9899,3.8,6,[18],ko,0,0,87,,No Zin-soo,"Kim Hwa-yeon, Yoon Ye-hee, Shin Won-ho, Han Jeong-hyeon"
475759,tt7387408,2048: Nowhere to Run,2048: Nowhere to Run,2017-09-14,3.4988,6.764,382,"[878, 53, 28, 18]",en,0,0,6,"Alcon Entertainment, Scott Free Productions, Warner Bros. Pictures",Luke Scott,"Dave Bautista, Björn Freiberg, Adam Savage, Gérard Miller, Gaia Ottman"
476979,tt7382572,Tiro libero,Tiro libero,2017-09-21,3.4448,5.7,28,[18],it,0,0,0,,Alessandro Valori,"Simone Riccioni, Maria Chiara Centorami, Antonio Catania, Biagio Izzo, Paolo Conticini"
1296349,,La Derrota,La Derrota,2017-12-31,2.6745,0.0,0,"[28, 80]",es,0,0,0,,Marvin Perez,"Eric del Castillo, Norma Calix, Reynaldo Huerta, Cesar Zavaleta, Pablo Garza Jr."
409617,tt4728386,Killing Ground,Killing Ground,2017-08-24,2.6479,6.091,302,"[9648, 53, 27]",en,0,0,88,"Arcadia, Hypergiant Films, Screen Australia, Screen NSW",Damien Power,"Aaron Pedersen, Aaron Glenane, Harriet Dyer, Ian Meadows, Maya Stange"
500139,tt6704834,Ice,Jää,2017-10-21,2.7826,6.0,2,[18],et,0,0,15,Exitfilm,Anna Hints,"Aksel Ojari, Mait Malmsten, Maria-Susanna Nampajärvi"
399790,tt2674454,Churchill,Churchill,2017-05-25,3.1121,6.198,349,"[18, 36]",en,10000000,0,110,"Embankment Films, Head Gear Films, Lipsync Productions, Silver Reel, Metrol Technology, Salon Pictures, Tempo Productions",Jonathan Teplitzky,"Brian Cox, Miranda Richardson, John Slattery, Julian Wadham, Richard Durden"
1697985,tt7239808,Bad Things,Bad Things,2017-12-17,2.5054,0.0,0,[18],en,0,0,22,,Mira Lippold-Johnson,"Calah Lane, Joe Colaleo, Nya Garner, Timeca M. Seretti, Charles ""Skeeta"" Jenkins"
535366,,Jango,Jango,2017-10-19,2.5888,0.0,0,[37],pt,0,0,0,"Vira-Latas, Sequência Filmes",Thiago Henrique Sena,"Layla Sáh, Cícero Teixeira Lopes, Iole Godinho, Léo de Oliveira, Rafael Gomes"
451627,tt6765614,Kuchisake-onna vs Kashima-san,口裂け女 VS カシマさん,2017-01-06,3.0725,7.0,1,[27],ja,0,0,65,,Naoya Asanuma,"Mariya Nagao, Takuya Negishi, Rina Kagesawa, Otowa Hoshino, BUKIYO KOYAMA"
480975,tt7402534,Façades,Façades,2017-12-13,2.953,4.571,7,[18],nl,0,0,91,deMENSEN,"Kaat Beels, Nathalie Basteyns","Johan Leysen, Natali Broods, Theo Maassen, Frieda Pittoors, Benjamin Verdonck"
523552,,Errata,Errata,2017-06-01,2.8644,0.0,0,[],en,0,0,21,,Lana Z Caplan,
1749932,,Dendam Aurora,Dendam Aurora,2017-01-01,2.8479,0.0,0,[],en,0,0,0,,"Feroz Kader, Muhd Riza Baharudin","Nabila Huda, Ungku Ismail Aziz, Anzalna Nasir, Shah Iskandar, Dian P. Ramlee"
851589,tt6271858,September Rayne,September Rayne,2017-12-12,2.7388,0.0,0,[],en,0,0,88,,Cassandra Bell,"Shon McGregory, Harold Dennis, Anah Ambuchi, Terry King, Naomi Padilla"
471579,tt7524508,Gestures,Gestos,2017-08-20,2.6551,10.0,1,"[35, 10749]",pt,0,0,11,,"Alberto Goldim, Júlia Cazarré","Duda Meneghetti, Diego Brasil"
1113126,tt7395768,Redención,Redención,2017-10-14,2.7888,0.0,0,"[27, 53, 9648]",es,0,0,13,,Luis Utges,"Luis García, Bosco Hernández, Juan Rueda"
408509,tt4746516,Orphan,Orpheline,2017-03-23,3.3706,5.479,120,[18],fr,0,0,111,"Les Films Hatari, Les Films d'Ici, ARTE France Cinéma, Auvergne-Rhône-Alpes Cinéma",Arnaud des Pallières,"Adèle Exarchopoulos, Adèle Haenel, Solène Rigot, Gemma Arterton, Jalil Lespert"
440608,tt6864496,Becoming Who I Was,다시 태어나도 우리,2017-09-27,2.8634,8.8,8,[99],bo,0,0,96,Atnine Film,"Moon Chang-yong, Jeon Jin","Angdu Padma, Rigzin Urgain"
422821,tt3758852,Blood Money,Blood Money,2017-10-14,2.9002,4.976,105,"[53, 18]",en,0,0,100,"Hoylake Capital, Envision Media Arts",Lucky McKee,"John Cusack, Willa Fitzgerald, Ellar Coltrane, Jacob Artist, Ned Bellamy"
479828,tt7578416,"We, the Dead",Aqérat,2017-10-28,2.7277,0.0,0,"[10749, 18]",ms,0,0,102,"Pocket Ideas, Greenlight Pictures",Edmund Yeo,"Daphne Low, Hon Kahoe, Johnny Goh, Andy Darrel Gomes, Ruby Yap"
426230,tt5816374,Band Aid,Band Aid,2017-06-02,3.3171,6.265,181,"[35, 18, 10402]",en,10000000,248370,91,"QC Entertainment, Mister Lister Films",Zoe Lister-Jones,"Zoe Lister-Jones, Adam Pally, Fred Armisen, Susie Essman, Retta"
408266,tt2720826,Birth of the Dragon,Birth of the Dragon,2017-08-25,3.3395,5.835,339,"[28, 18]",en,31000000,7220490,103,"Groundswell Productions, Kylin Pictures, WWE Studios, Good Universe, BH Tilt",George Nolfi,"Philip Ng Wan-Lung, Billy Magnussen, Xia Yu, Ron Yuan, Darren E. Scott"
541496,,War Pigeon,War Pigeon,2017-03-19,2.9576,0.0,0,[],ru,0,0,14,,Frank Heath,Jesse Wakeman
1748736,,Petua Nenek,Petua Nenek,2017-01-01,3.1586,0.0,0,[],en,0,0,0,,Along Kamaludin,"Adibah Yunus, Liza Abdullah, Fazli Zainal, Zaidi Omar, Julia Farhana Marin"
431348,tt5718934,Black Ring,Siyah Çember,2017-02-16,2.9856,6.0,3,[],tr,0,0,15,,Hasan Can Dağlı,"Turgay Doğan, Dounia Jauneaud, Tolga Akman, Serdar Aras, Sait Erol"
463940,tt6772246,Locked Up,Locked Up,2017-06-20,2.9778,5.536,42,"[53, 80, 18]",en,0,0,86,"The Asylum, Slightly Distorted Productions, Benetone Hillin Entertainment",Jared Cohn,"Kelly McCart, Katrina Grey, Jared Cohn, Kat Ingkarat, Maythavee Weiss"
439758,tt2610248,Disappearance,Verdwijnen,2017-03-02,2.9719,5.4,18,[18],nl,0,0,91,"Avrotros, FilmCamp, Sweet Films, The Film Kitchen",Boudewijn Koole,"Rifka Lodeizen, Jakob Oftebro, Elsie de Brauw, Marcus Hanssen, Eva Garet"
550094,tt5747398,Crowbar Smile,Crowbar Smile,2017-02-17,2.9712,4.333,3,"[18, 35]",en,0,0,18,Indigenous Media,Jamie Mayer,"Tristan Lake Leabu, Serinda Swan, Emily Robinson, Christian Delgrosso, Sara Melson"
1025891,tt6695136,In the Moment,Hetkessä,2017-03-24,2.9644,5.0,1,[35],fi,250,0,9,Forte Moment Productions,Niikka Makkonen,"Atte Antikainen, Katriina Lilienkampf, Karri Lämpsä, Sulo Markkanen"
436846,tt4949064,Meet The Gähwilers,Usgrächnet Gähwilers,2017-01-26,2.9642,6.0,1,[35],de,0,0,91,"Filmcoopi Zürich, Tipi'mages",Martin Guggisberg,"Philippe Nauer, Ruth Schwegler, David Wurawa, Matthias Hungerbühler, Sonja Riesen"
346671,tt2937366,Little Evil,Little Evil,2017-08-08,2.9634,5.569,1004,"[27, 35]",en,0,0,94,"Bluegrass Films, Mandalay Pictures",Eli Craig,"Adam Scott, Evangeline Lilly, Owen Atlas, Bridget Everett, Donald Faison"
1749518,,Tauke Jamu,Tauke Jamu,2017-01-01,2.9631,0.0,0,[],en,0,0,0,,Nazir Jamaluddin,"Saharul Ridzwan, Reen Rahim, Faye Kusairi, Dian P. Ramlee, Zizan Nin"
372782,tt4537986,Manhunt,追捕,2017-11-19,2.9559,5.59,156,"[28, 53, 80, 12]",zh,30000000,0,106,"Shenzen Murmur Culture Communication, Chao Feng Pictures, TFC, AOI Pro., China Film Co-Production, China Film Media Asia Audio Video Distribution, Media Asia Films",John Woo,"Zhang Hanyu, Masaharu Fukuyama, Qi Wei, Ha Ji-won, Angeles Woo"
410645,tt5811242,Firegate,Gerbang Neraka,2017-09-20,2.9481,4.2,7,"[12, 27]",id,0,0,112,Legacy Pictures,Rizal Mantovani,"Reza Rahadian, Julie Estelle, Dwi Sasono, Ray Sahetapy, Puy Brahmantya"
465080,tt6649066,Hollywood Dirt,Hollywood Dirt,2017-09-01,2.9474,6.3,57,"[18, 10749]",en,0,0,121,PassionFlix,Tosca Musk,"Emma Rigby, Johann Urb, Mindy Cohn, Marco Dapper, Melissa LeEllen"
778605,,NEW DRIVEWAY,NEW DRIVEWAY,2017-06-21,2.9451,0.0,0,"[99, 35]",en,0,0,41,The Worble,Tom Mull,"Steve Mull, Ryan McDonald, Dylan Christopher, Andy Dicker, Alex Farrara"
637408,tt7317124,Jermaine & Elsie,Jermaine & Elsie,2017-09-04,2.9433,4.2,5,"[18, 9648]",en,0,0,21,Brown Boy Productions,Leon Lopez,"Marji Campi, Ashley Campbell, Kiell Smith-Bynoe, Suzie Chard, Tricia George"
1165244,,Fayrouz - Bebalee,Fayrouz - Bebalee,2017-06-20,2.9403,0.0,0,[],en,0,0,1,,Reema Rahbany,Fairuz
271404,tt1724970,Beyond Skyline,Beyond Skyline,2017-10-26,2.9399,5.305,1127,"[28, 878, 12]",en,14000000,992181,105,"XYZ Films, Head Gear Films, Infinite Studios, Infinite Frameworks, Metrol Technology, North Hollywood Films, Beyond The Mothership, Hongmaisui International Culture (Beijing) Co., Media Rights Entertainment, Hydraulix Entertainment, M45 Productions, Media Asia Films, Ingenious Media, Trimuse Entertainment Inc., Red Sea Media, Sisung Film Finance",Liam O'Donnell,"Frank Grillo, Bojana Novaković, Iko Uwais, Yayan Ruhian, Callan Mulvey"
700211,tt8619984,Schoolmistress,여선생,2017-11-20,2.936,7.0,4,[10749],ko,0,0,80,,Kim Dae-seong-I,"Jo Wan-jin, Seo Won"
401743,tt4842646,The Most Hated Woman in America,The Most Hated Woman in America,2017-03-14,2.9329,6.155,233,"[80, 18]",en,0,0,91,Brownstone Productions,Tommy O'Haver,"Melissa Leo, Josh Lucas, Michael Chernus, Rory Cochrane, Vincent Kartheiser"
452016,tt5598160,Jeune Femme,Jeune femme,2017-11-01,2.9321,5.829,117,"[35, 18]",fr,0,0,97,Blue Monday Productions,Léonor Serraille,"Laetitia Dosch, Grégoire Monsaingeon, Souleymane Seye Ndiaye, Léonie Simaga, Erika Sainte"
452068,tt5352846,Drone,Drone,2017-05-26,2.9302,5.326,293,[53],en,4000000,0,91,"Pacific Northwest Pictures, Gold Star Productions, Look to the Sky Films, Daylight Media",Jason Bourque,"Sean Bean, Mary McCormack, Joel David Moore, Patrick Sabongui, Sharon Taylor"
353575,tt4778988,LBJ,LBJ,2017-11-03,2.9276,6.397,184,"[18, 36]",en,20000000,2510151,98,"ITS Capital, Acacia Filmed Entertainment, Castle Rock Entertainment, Almost Never Films, Star Thrower Entertainment",Rob Reiner,"Woody Harrelson, Michael Stahl-David, Richard Jenkins, Jennifer Jason Leigh, Jeffrey Donovan"
453127,tt7056732,Midnight Runners,청년경찰,2017-08-09,2.9206,7.548,259,"[35, 28, 80, 53]",ko,0,0,109,"Lotte Entertainment, Movierock, Studio By The Library, Very Good Studio",Jason Kim,"Park Seo-jun, Kang Ha-neul, Sung Dong-il, Park Ha-seon, Go Joon"
508822,tt6721358,HiGH&LOW The Movie 2: End of Sky,HiGH&LOW THE MOVIE 2 END OF SKY,2017-08-19,2.9198,7.4,14,[28],ja,0,0,124,HI-AX,"Shigeaki Kubo, Tsuyoshi Nakakuki","Takanori Iwata, Nobuyuki Suzuki, Keita Machida, Kenjiro Yamashita, Kanta Sato"
423611,tt3183402,Veronica,Verónica,2017-08-14,2.9192,5.92,69,"[18, 53, 9648]",es,650000,0,81,"The Visualistas, Producciones a Ciegas","Alejandro Martínez Beltrán, Carlos Algara","Arcelia Ramírez, Olga Segura-Gall, Sofía Garza, Eugenia Morales Marín"
438857,tt6315750,Cook Up a Storm,決戰食神,2017-02-10,2.9182,7.45,200,"[35, 18]",zh,125000,0,98,"JCE Movies, Emperor Entertainment Group, Wanda Pictures",Raymond Yip Wai-Man,"Nicholas Tse Ting-Fung, Jung Yong-hwa, Tang Yan, Michelle Bai, Ge You"
283591,tt3344694,The Secret Scripture,The Secret Scripture,2017-03-23,2.9113,7.231,333,"[18, 10749]",en,0,152761,108,"Ferndale Films, Apollo Media, Fís Éireann/Screen Ireland, Hell's Kitchen, SIF 309 Film Music, Voltage Pictures",Jim Sheridan,"Rooney Mara, Theo James, Vanessa Redgrave, Eric Bana, Jack Reynor"
1749943,,Azrul Bendul,Azrul Bendul,2017-01-01,2.9039,0.0,0,[],en,0,0,0,,Shuhaimi Lua Abdullah,"Aiman Hakim Ridza, Syainie Aida, Kuza, Ezzaty Abdullah, Hamdan Ramli"
939936,tt18266940,Komunalka,КОМУNАЛКА,2017-03-28,2.9037,0.0,0,[99],ru,0,0,11,,"Uliana Skytska, Valerii Puzik, Maryna Lopushyn, Yulia Ilchenko, Andriy Pryymachenko, Mariam Shelia",
426830,tt5286268,Family Heist,Mes trésors,2017-01-04,2.9032,5.709,230,[35],fr,0,0,91,Radar Films,Pascal Bourdiaux,"Jean Reno, Reem Kherici, Camille Chamoux, Pascal Demolon, Bruno Sanches"
924343,tt16969224,Storyline,Dějová linka,2017-10-24,2.8987,0.0,0,[99],cs,0,0,4,FAMU,Alžběta Kovandová,
636505,tt7251754,Amber Blue,Amber Blue,2017-10-01,2.8983,0.0,0,[],en,0,0,10,,Nguyễn Hồng Anh,
352885,tt1330018,The Book of Love,The Book of Love,2017-01-13,2.8931,6.465,230,[18],en,0,0,107,"Nine Nights, Darwin Collective, The, Iron Ocean",Bill Purple,"Jason Sudeikis, Maisie Williams, Jessica Biel, Mary Steenburgen, Orlando Jones"
451751,tt5451690,American Satan,American Satan,2017-10-13,2.889,7.153,261,"[18, 10402, 53]",en,0,237708,111,"Intrinsic Value Films, Jeff Rice Films, Sumerian Films",Ash Avildsen,"Andy Biersack, Malcolm McDowell, Denise Richards, Bill Duke, Booboo Stewart"
940428,tt18276114,Coffee vs. Barbecues,Кофе vs. Шашлыки,2017-03-27,2.8865,0.0,0,[99],ru,0,0,14,,Dmytro Burko,
492535,tt4697228,Darkness Wakes,Darkness Wakes,2017-08-28,2.8806,4.2,20,[27],en,1850000,0,97,"Sinister House Films, A-OK Media House",Simon Richardson,"Aisling Knight, Richard Kilgour, Jill Buchanan, Nick Bridge-Butler, Jane Paul-Gets"
523961,,"Accident, MD","Accident, MD",2017-12-31,2.8799,5.0,1,[99],en,0,0,19,"Scrappers Film Group, Columbia College Chicago",Dan Rybicky,
450932,tt4557208,Armed Response,Armed Response,2017-08-04,2.8765,5.1,185,"[28, 27, 53]",en,0,52036,93,"WWE Studios, Saban Films, Erebus Pictures, Maandi Films, Voltage Pictures",John Stockwell,"Wesley Snipes, Anne Heche, Dave Annable, Colby Lopez, Kyle Clements"
504839,tt6287252,Graveyard Stories,Graveyard Stories,2017-05-21,2.8735,3.5,2,[27],en,0,0,102,Moonlight Films,James Ian Mair,"Jim O'Rear, Lloyd Kaufman, Virgil Franklin, Jeff Angel, Mark Dessauer"
566739,tt6917188,Fury: Redux,Fury: Redux,2017-10-31,2.872,0.0,0,[53],en,4000,0,60,,Paul Gorman,"Chris Dettone, Amanda St. Cartier, Megan Dettone, Paul Gorman, Marie Madison"
487047,tt5814408,A Witches' Ball,A Witches' Ball,2017-05-06,2.8714,6.254,63,"[10751, 14, 878]",en,0,0,90,Brain Power Studio,Justin G. Dyck,"Morgan Neundorf, Joey Fatone, Karen Slater, Loukia Ioannou, Madeline Leon"
522459,tt7125822,Alter Ego,Alter Ego,2017-07-07,2.8685,0.0,0,[18],en,0,0,122,,Moses Inwang,"Omotola Jalade-Ekeinde, Jide Kosoko, Emem Inwang, Tina Mba, Maryann Emeluke"
467521,tt10497976,Alta cumbia,Alta cumbia,2017-06-22,2.6786,0.0,0,"[10402, 99]",es,0,0,0,"SerTv, Grupo Octubre, INCAA, Universidad Nacional de Quilmes, Aleph",Cristian Jure,"Pablo Lescano, Natalia Pelayo, Martín Roisi, Diego Cremonesi"
759030,tt6997858,Brazuca,Brazuca,2017-09-20,2.8536,0.0,0,[],el,0,0,0,,Faidon Gkretsikos,"Boyko Paskalev, Dimitris Xanthopoulos, Maria Baloutsou, Michail Tabakakis, Fokion Bogris"
1749384,,Bini Muda,Bini Muda,2017-01-01,2.52,0.0,0,[],en,0,0,0,,Nazir Jamaluddin,"Zee Zainal, Aishah Azman, Nina Iskandar, Adam Ameer Mirza, Hafizul Kamal"
448779,tt6314690,The Jungle Bunch,Les As de la Jungle,2017-07-26,2.9047,6.3,159,"[12, 35, 10751, 16]",fr,7300000,12400000,97,"CNC, Vanilla Seed, Master Films, TAT Productions, PROCIREP, France Télévisions, Région Midi-Pyrénées",David Alaux,"Philippe Bozo, Emmanuel Curtil, Laurent Morteau, Pascal Casanova, Céline Monsarrat"
585518,,Riddles In Mathematics,Transworld - Riddles In Mathematics,2017-02-08,3.0709,0.0,0,[],en,0,0,24,Transworld SKATEboarding,Chris Thiessen,"Ben Gore, Bobby Worrest, Bobby De Keyzer, Leo Valls, Stevie Perez"
436830,tt5162658,Gold,Oro,2017-11-10,3.2299,5.66,200,"[12, 36, 18, 28]",es,7130000,1528185,103,"Apaches Films, Áralan Films, Cine365 Films, Movistar Plus, Atresmedia, Sony Pictures International Productions",Agustín Díaz Yanes,"Raúl Arévalo, Bárbara Lennie, Óscar Jaenada, Jose Coronado, José Manuel Cervino"
483237,tt7217556,The Aura Ratio,La Proporción Aura,2017-10-20,2.7834,7.0,1,"[10749, 35]",es,0,0,13,Centro de Capacitación Cinematográfica (CCC),Mariano Murguía,"Daniel Carrera, Carolina Politi, Danae Reynaud"
559785,tt6994512,Notre pain est-il dans le pétrin ?,Notre pain est-il dans le pétrin ?,2017-06-11,2.7497,0.0,0,[99],fr,0,0,0,Elephant Adventures,Élise Joseph,
871391,tt7621984,Displaced,Displaced,2017-10-31,2.5497,5.0,1,[99],tr,0,0,71,,Volkan Üce,
1730410,,人間陶器 神谷えりな Aircontrol,人間陶器 神谷えりな Aircontrol,2017-08-25,2.6895,0.0,0,[],ja,0,0,100,Air Control,川嶋征樹,Erina Kamiya
496639,,Living with My Cousin,사촌누나와 동거,2017-11-07,2.7117,6.5,6,[10749],ko,0,0,80,,Kim Soon-soo,"Lee Eun-mi, Kang Min-woo"
1390252,tt7093188,Darkside Stories,Darkside Stories,2017-08-01,2.3536,0.0,0,"[27, 53]",en,0,0,50,MMH Productions,Matthew Mark Hunter,"Matthew Mark Hunter, Zach Waterbury, Jovanny Ortiz, Noah Kenyon, Grant Guyton"
409421,tt6574146,BLAME!,ブラム,2017-05-20,2.4612,6.523,368,"[28, 18, 878, 16]",ja,0,0,106,Polygon Pictures,Hiroyuki Seshita,"Takahiro Sakurai, Kana Hanazawa, Sora Amamiya, Mamoru Miyano, Aya Suzaki"
452410,tt4780578,Negative,Negative,2017-04-25,2.6863,4.297,32,"[53, 18]",en,0,0,99,"Face Films, MarVista Entertainment, Meydenbauer Entertainment",Joshua Caldwell,"Sebastian Roché, Katia Winter, Josh Randall, Simon Quarterman, Joanna Sotomura"
450494,tt6679242,Joe Cocker: Mad Dog with Soul,Joe Cocker: Mad Dog with Soul,2017-03-17,2.6718,7.2,33,"[99, 10402]",en,335000,0,90,"Otmoor Productions, Eagle Rock Film Productions, ZDF/Arte",John Edginton,"Joe Cocker, Pam Cocker, Vic Cocker, Rita Coolidge, Billy Joel"
464742,tt5011848,Mad Genius,Mad Genius,2017-08-25,2.7532,4.868,19,[878],en,0,0,90,,Royce Gorsuch,"Chris Mason, Spencer Locke, Scott Mechlowicz, Faran Tahir, Gbenga Akinnagbe"
667376,tt12116556,Segundo Tempo,Segundo Tempo,2017-12-02,2.482,5.0,1,[99],en,0,0,87,,Rogério Zagallo,"Ademir da Guia, Oberdan Cattani, Evair, César Maluco"
601735,,Shining,البراق,2017-02-09,2.8183,0.0,0,[],ar,0,0,27,Centre Cinématographique Marocain,Abdelmajid Rechiche,"Mohamed Majd, Mohamed Miftah, Abdeljabbar Louzir, Fouzia Alaoui, Zahra Daoudi"
772380,tt7611806,Prison World,Prison World,2017-11-08,2.5616,0.0,0,[878],en,0,0,1,Fargin Sneaky Bastage Productions,Jonathan Cook,"Danny Bussey, Ashley Cook, Robbie Cook, Sophie Inara Cook, Tracy Cook"
467665,tt9623382,Blood Amber,Blood Amber,2017-08-23,2.7265,6.0,2,[99],my,0,0,95,,Lee Yong Chao,
482728,tt7446690,"Music Is the Art of Time 2, LP film Buldozer – Spit Truth Into the Eyes","Glasba je časovna umetnost 2, LP film Buldožer - Pljuni istini u oči",2017-05-13,2.7684,8.8,2,[99],sl,0,0,52,"Nord Cross Production, Strup Produkcija, Zvokarna, Radio Študent, RTV Slovenija, Invida d.o.o., NuFrame",Varja Močnik,
348389,tt3567666,Stratton,Stratton,2017-07-06,2.8595,5.022,232,"[28, 53]",en,0,0,94,"Twickenham Studios, GFM films, Atomic Arts, SquareOne Entertainment, Stratton Film Production Ltd",Simon West,"Dominic Cooper, Gemma Chan, Connie Nielsen, Austin Stowell, Tyler Hoechlin"
440374,tt6047298,The Summit,La cordillera,2017-08-17,3.1187,5.928,146,"[18, 53]",es,6000000,5699056,114,"K & S Films, La Unión de los Ríos, Mod Producciones, Maneki Films, ARTE France Cinéma, Movistar Plus, Telefe",Santiago Mitre,"Ricardo Darín, Érica Rivas, Gerardo Romano, Dolores Fonzi, Elena Anaya"
778811,tt7798860,Unspoken,Unspoken,2017-09-10,2.6545,0.0,0,[10402],en,1000,0,6,,Ty Leet,"Sophia Konat, Michael Faulkner, Quincy O'Neal, Carrie Gibson, David Veach"
490731,tt7664786,The Monkey and the Mouth,Adjø Montebello,2017-12-07,2.861,6.4,7,[10402],no,0,0,99,Drama Einar,Thea Hvistendahl,"Magdi Omar Ytreeie Abdelmaguid, Chirag Rashmikant Patel, Oda Felicia Bardal Sigstad Abdelmaguid, Rolf-Christian Lie Loberg, Ravdeep Singh Bajwa"
1139977,tt7538222,Desde Adentro,Desde Adentro,2017-01-01,2.513,0.0,0,"[27, 9648]",es,0,0,14,Instituto Superior de Cine y Artes Audiovisuales de Santa Fe,Juan Gervasoni,"Clara Kovacic, Álvaro Sánchez, Victoria Brizzio Parodi, Pablo Legeren, Silvana Montemurri"
483283,,Reap Culture,Reap Culture,2017-10-31,2.6241,0.0,0,"[35, 27]",en,1000,0,7,,Tim McQueen,"Sophie Edwards, Karlo Bilic, Stephanie Dwyer, Pia O'Connell, Kyle McCallion"
493963,tt6966090,Rato Ghar,रातो घर,2017-06-02,3.16,9.0,1,"[53, 18, 28]",ne,0,0,134,"Takme Production, Mang Neem Films Pvt. Ltd.",Suraj Subba Nalbo,"Wilson Bikram Rai, Bikesh Shrestha, Gaurav Pahari, Samyam Puri, Jiten Tamang"
414190,tt3171832,iBoy,iBoy,2017-01-27,3.3225,5.954,1238,"[28, 878]",en,1500000,0,90,"Pretty Pictures, XYZ Films, Wigwam Films",Adam Randall,"Bill Milner, Maisie Williams, Rory Kinnear, Miranda Richardson, Jordan Bolger"
898907,tt8259436,Bad Faith,Bad Faith,2017-08-26,2.4938,0.0,0,"[18, 14]",en,0,0,30,,Jonah Barnett,"Sarah Robertson, Jonah Barnett, Deane Shellman, Ambrose Atalaya, Kela Kealakai"
436120,tt6452332,Lu Over the Wall,夜明け告げるルーのうた,2017-05-19,3.5085,6.961,152,"[16, 12, 10402, 14, 10751]",ja,0,0,112,"Science SARU, Fuji Television Network, TOHO, BS Fuji",Masaaki Yuasa,"Shota Shimoda, Soma Saito, Minako Kotobuki, Kanon Tani, Akira Emoto"
473415,tt7588790,Voyeur,Voyeur,2017-10-04,2.7344,5.891,179,"[99, 80]",en,0,0,95,"Impact Partners, Brooklyn Underground Films, Public Record, Chicago Media Project","Josh Koury, Myles Kane","Gay Talese, Gerald Foos, Nan Talese, Susan Morrison, Anita Foos"
453416,tt5739468,Obscure Light,Luz Obscura,2017-04-21,2.7997,4.8,5,[99],pt,0,0,76,Kintop Pictures,Susana de Sousa Dias,"Rui Pato, Alvaro Pato, Isabel Pato"
436510,tt6088280,Crève cœur,Crève cœur,2017-01-28,2.8937,0.0,0,[],en,0,0,54,,Benjamin Klintoe,"Jean-Pascal Cavallaro, Benjamin Giraud, Marvin Aillaud, Noir Boy George"
550059,tt7397146,Thirty Years of Adonis,三十儿立,2017-11-27,3.1518,4.7,15,[18],zh,0,0,97,Artopians,Scud,"Adonis He, Susan Shaw Yam-Yam, Nora Miao, Eric East, Amanda Lee Wai-Man"
424600,tt5686132,The Immortal Life of Henrietta Lacks,The Immortal Life of Henrietta Lacks,2017-04-22,3.6316,6.32,114,"[18, 36, 10770]",en,0,0,93,"Harpo Films, Cine Mosaic, HBO Films",George C. Wolfe,"Oprah Winfrey, Rose Byrne, Renée Elise Goldsberry, Reg E. Cathey, Courtney B. Vance"
636647,tt7403572,Dom Fradique,Dom Fradique,2017-10-20,2.4359,0.0,0,[18],pt,0,0,40,C.R.I.M. Produções,Nathalie Mansoux,Ricardo Aibéo
461763,tt7328556,Haikyu!! The Movie: Battle of Concepts,ハイキュー!! コンセプトの戦い,2017-09-29,2.4843,8.044,79,"[16, 18]",ja,0,0,88,Production I.G,Susumu Mitsunaka,"Ayumu Murase, Kaito Ishikawa, Yoshimasa Hosoya, Toshiki Masuda, Nobuhiko Okamoto"
883642,,Meet Up,Meet Up,2017-01-01,2.6513,0.0,0,[],en,0,0,15,,Juvy Ann Clarito,"Tom Delos Reyes, Josie Neth Morata, Teresa Mae Pacot, Christine Joy Lupina, Roberto Acusar Jr."
1287981,tt8577324,Alyha Love,Alyha Love,2017-11-03,2.3384,1.0,1,[],en,0,0,19,,Savio Debernardis,Alyha Love
463906,tt2569088,The Saint,The Saint,2017-07-11,2.8122,5.411,299,"[28, 12, 80]",en,0,0,92,"Motion Picture Corporation of America, SilverScreen Pictures",Ernie Barbarash,"Adam Rayner, Eliza Dushku, Ian Ogilvy, James Remar, Roger Moore"
448847,tt5351458,The Hatton Garden Job,The Hatton Garden Job,2017-04-14,2.8114,5.536,112,"[80, 28, 53]",en,0,0,93,"Fiction Films, Signature Films, Voltage Pictures",Ronnie Thompson,"Matthew Goode, Joely Richardson, Larry Lamb, Phil Daniels, David Calder"
514804,,Double Identity,Double Identity,2017-04-28,2.8095,0.0,0,[18],en,0,0,116,Divine Touch Productions Ltd.,Reginald Ebere,"Jennifer Eliogu, Walter Anga, Chelsea Eze, Mary Lazarus, Kayode Freeman"
398177,tt5721088,Just Getting Started,Just Getting Started,2017-12-01,2.8079,4.936,258,"[28, 35]",en,22000000,6069605,91,"Reel Chefs Catering, Broad Green Pictures, Endurance Media, Entertainment One, Gerber Pictures, Entertainment One Features",Ron Shelton,"Morgan Freeman, Tommy Lee Jones, Rene Russo, Joe Pantoliano, Glenne Headly"
433980,tt6281944,Bogalusa Charm,Bogalusa Charm,2017-01-21,2.8074,0.0,0,[99],en,0,0,83,,Stephen Richardson,
1734822,,Jalan Sehala,Jalan Sehala,2017-01-01,2.8064,0.0,0,[],en,0,0,0,,Yusni Yusof,"Azhan Rani, Reen Rahim, Sherie Merlis, Imam Muda Najdi, Wan Azli"
760603,tt13362074,El vuelo,El vuelo,2017-12-05,2.8064,6.0,1,[],es,0,0,0,Centro Universitario de Estudios Cinematográficos (CUEC),Pau Verdalet,"Juan Alberto Villareal, Bryan Vela Lorenzana, Fabritzio Bolaños"
489282,,No Reason,No Reason,2017-01-18,2.8059,0.0,0,"[18, 10402]",en,0,0,4,,Oscar Hudson,
457249,tt6945882,Vixen: The Movie,Vixen: The Movie,2017-05-08,2.8054,6.727,139,"[28, 16]",en,0,0,75,"DC Entertainment, Warner Bros. Animation, Blue Ribbon Content","Curt Geda, James Tucker","Megalyn Echikunwoke, Stephen Amell, Grant Gustin, Emily Bett Rickards, Carlos Valdes"
1599940,tt14040518,Mahmud Baba,Mahmud Baba,2017-01-26,2.804,0.0,0,"[28, 35]",az,0,0,0,,Samir Karimoghlu,"Fagan Mammadov, Aygün Türkmənova, Jovdat Shukurov, Murad Abdullayev, Nofel Shahlaroglu"
483208,tt7549484,Firangi,फिरंगी,2017-11-30,2.8038,3.6,9,"[18, 35]",hi,0,0,153,"K9 Films Production, IIFANOX Pictures",Rajiv Dhingra,"Kapil Sharma, Edward Sonnenblick, Ishita Dutta, Kumud Mishra, Aanjjan Srivastav"
461083,tt7283066,Fate/kaleid liner Prisma☆Illya: Vow in the Snow,劇場版 Fate/kaleid liner プリズマ☆イリヤ 雪下の誓い,2017-08-26,2.7986,7.1,30,"[28, 16, 18, 14]",ja,0,1118410,89,"SILVER LINK., KADOKAWA, Lantis, TYPE-MOON",Shin Oonuma,"Noriaki Sugiyama, Kaori Nazuka, Rikiya Koyama, Noriko Shitaya, Natsuki Hanae"
413992,tt2582498,Sweet Virginia,Sweet Virginia,2017-11-17,2.7966,5.858,344,"[18, 53]",en,0,10456,94,"XYZ Films, Automatik Entertainment, Oddfellows Entertainment, Exhibit Entertainment",Jamie M. Dagg,"Jon Bernthal, Christopher Abbott, Imogen Poots, Rosemarie DeWitt, Odessa Young"
437103,tt6493286,1987: When the Day Comes,1987,2017-12-27,2.7942,8.024,185,"[18, 36, 53]",ko,12308000,49380115,129,"CJ Entertainment, Woojeong Film",Jang Joon-hwan,"Kim Yoon-seok, Ha Jung-woo, Yoo Hai-jin, Kim Tae-ri, Park Hee-soon"
610990,,The Last Hero,Ghahramane Akhar,2017-03-16,2.7916,0.0,0,[99],fa,0,0,89,The Documentary and Experimental Film Center,Javad Toosi,"Masoud Kimiai, Javad Toosi"
484133,tt6323306,Nude,Nude,2017-10-29,2.7905,9.329,170,[99],en,0,0,89,"Starz Entertainment, Wall Fly",Tony Sacco,"David Bellemere, Steve Shaw, Rachel Cook, Jessica Clements, Ebonee Davis"
772632,tt7669822,Arrested Identity,Arrested Identity,2017-10-10,2.7895,0.0,0,[18],en,0,0,16,,Naiem Shaik,"Aly Carvens, Shivam Chopra, Lauren Michelle Hill, Paul Christian Saylor, Sasha Sen"
392011,tt4420704,Kedi,Kedi,2017-01-08,2.7894,7.505,374,[99],en,0,5037923,79,Termite Films,Ceyda Torun,Bülent Üstün
398588,tt5039994,Dismissed,Dismissed,2017-10-08,2.7874,6.482,277,"[27, 53]",en,0,0,87,"Making Film, BoulderLight Pictures",Benjamin Arfmann,"Dylan Sprouse, Kent Osborne, Rae Gray, Randall Park, Brooke Dillman"
449927,tt6015328,Chasing the Dragon,追龍,2017-09-28,2.7871,6.957,141,"[28, 80, 53]",cn,30000000,87965942,128,"Mega-Vision Pictures (MVP), Bona Film Group, Infinitus Entertainment","Wong Jing, Jason Kwan","Donnie Yen, Andy Lau, Kent Cheng Jak-Si, Keung Ho-man, Wilfred Lau Ho-Lung"
1194536,tt7542426,Two Weeks,Two Weeks,2017-03-19,2.7847,0.0,0,[],en,0,0,80,,"Isabel Stanfield, Daniel Flynn Anderson, Rachel Anderson","Shanay De Marco, Piéra Forde, Blake la Burniy, Jackson O'Sullivan, Daniel Simpson"
429662,tt4977530,Viceroy's House,Viceroy's House,2017-03-03,2.7845,6.652,297,"[18, 36]",en,0,11868221,106,"Reliance Entertainment, BBC Film, BFI, Bend It Films, Deepak Nayar Productions, Anguille Productions, Filmgate, India Take One, Ingenious Media, Pathé",Gurinder Chadha,"Hugh Bonneville, Gillian Anderson, Michael Gambon, Manish Dayal, Huma Qureshi"
638855,tt2943946,The Circle,The Circle,2017-10-26,2.7835,5.667,9,[27],en,0,0,93,Callow Youth Productions,Peter Callow,"Edward Baker-Duly, Ross Noble, Griffin Stevens, Sesselía Ólafs, Eva-Marie Kung"
481866,tt6427854,Anna,Anna,2017-10-17,2.7834,3.458,24,[27],en,0,0,98,,Michael Crum,"Justin Duncan, Gerald Crum, Rebekah Lynn Bruflodt, Kristin Cochell, Shanon Snedden"
1742053,tt6977748,The Abolisher,The Abolisher,2017-06-09,2.7824,10.0,1,"[28, 35]",en,0,0,5,,Dan Koontz,"Aaron Himel, Fletcher Mars Koontz, Dan Klass, Sydney Ralston, Vanar Kovayan"
413884,tt5474042,Half Girlfriend,Half Girlfriend,2017-05-18,2.7777,6.3,91,"[10749, 18]",hi,7445000,12805400,135,Balaji Motion Pictures,Mohit Suri,"Arjun Kapoor, Shraddha Kapoor, Rhea Chakraborty, Seema Biswas, Greg Kriek"
437583,tt6164502,November,November,2017-02-03,2.7767,7.099,191,"[18, 14, 10749, 27]",et,1550000,19084,115,"Homeless Bob Production, PRPL, Opus Film, Oscilloscope",Rainer Sarnet,"Rea Lest-Liik, Jörgen Liik, Arvo Kukumägi, Heino Kalm, Meelis Rämmeld"
472454,tt6316138,Ayla: The Daughter of War,Ayla,2017-10-27,2.7765,8.011,404,"[18, 10752, 36]",tr,4200000,21107423,124,Dijital Sanatlar,Can Ulkay,"İsmail Hacıoğlu, Kim Seol, Çetin Tekindor, Ali Atay, Murat Yildirim"
459159,tt6450752,Puppy!,Puppy!,2017-07-28,2.7755,6.358,193,"[10751, 14, 16, 35]",en,0,0,5,"Columbia Pictures, Sony Pictures Animation",Genndy Tartakovsky,"Asher Blinkoff, Adam Sandler, Andy Samberg, Selena Gomez, Joe Whyte"
473334,tt6264954,My Generation,My Generation,2017-10-08,2.7745,6.991,58,"[99, 10402, 36]",en,0,0,87,"Sixty Six Pictures, XIX Entertainment, Nine Daughters",David Batty,"Michael Caine, David Bailey, Twiggy, Mary Quant, Marianne Faithfull"
434131,tt5642124,Lover for a Day,L'Amant d'un jour,2017-05-31,2.773,6.2,87,"[18, 10749]",fr,0,23692,76,"SBS Productions, ARTE France Cinéma, Le Fresnoy",Philippe Garrel,"Éric Caravaca, Esther Garrel, Louise Chevillotte, Laëtitia Spigarelli, Nicolas Bridet"
413778,tt2936884,Lost in Paris,Paris pieds nus,2017-01-14,2.7727,6.0,127,[35],fr,0,0,83,"CG Cinéma, Courage Mon Amour, Moteur s'il vous plaît, Oscilloscope","Fiona Gordon, Dominique Abel","Fiona Gordon, Dominique Abel, Emmanuelle Riva, Pierre Richard, Emmy Boissard Paumelle"
505040,tt6330416,The Meeting,The Meeting,2017-04-14,2.7723,0.0,0,[53],en,1,0,101,Winkler Pictures,Mike Winkler,"Martin Houston, Jason Gorze, Sam Nakanishi, Jason Kobasic, Mike Winkler"
453602,tt7573206,Grávido,Grávido,2017-06-15,2.7709,4.0,1,[],es,0,0,12,Das Tier Producciones,Alejandro Durán,"Aketza Fernandez, Álvaro Fontalba, May Melero"
397852,tt3881026,Rendel,Rendel,2017-09-22,2.7704,5.485,263,"[28, 14, 80]",fi,1686858,1891907,105,"Frozen Flame Pictures, Bad Beaver Productions, Black Lion Pictures, Haaja & Arwo Design",Jesse Haaja,"Kris Gummerus, Rami Rusinen, Renne Korppila, Matti Onnismaa, Johnny Vivash"
1538849,,Stationary Bike,Stationary Bike,2017-01-01,2.7698,0.0,0,[18],en,1500,0,13,,Jeremy Maline,"Andrew Korzenik, Tony Simione"
437027,tt7331464,My Husband's Tutor,내 남편의 가정교사,2017-01-03,2.7689,5.3,3,[10749],ko,0,0,100,,Park Sun-Uk,"Hong Sae-hee, Baek Se-ri, Baek Seon, Min Do-yoon, Jeon Eun-jin"
1035413,tt10468018,Ecstasy,Ecstasy,2017-01-01,2.7685,0.0,0,"[35, 18]",no,0,0,17,,Kitty Frobenius,"Kari Onstad Winge, Inga Ibsdotter Lilleaas, Gabriel Daatland Brevig"
484404,,Boris,Boris,2017-10-31,2.7673,0.0,0,[35],en,0,0,2,,Kristen Yoonsoo Kim,Kristen Yoonsoo Kim
453575,tt6809936,Crayon Shin-chan: Invasion!! Alien Shiriri,クレヨンしんちゃん 襲来！！宇宙人シリリ,2017-04-15,2.7661,7.044,45,"[10751, 16, 35, 878, 12]",ja,0,15216719,120,"Shin-Ei Animation, TV Asahi, Futabasha, ADK",Masakazu Hashimoto,"Akiko Yajima, Miki Narahashi, Toshiyuki Morikawa, Satomi Korogi, Mari Mashiba"
453575,tt6809936,Crayon Shin-chan: Invasion!! Alien Shiriri,クレヨンしんちゃん 襲来！！宇宙人シリリ,2017-04-15,3.3533,7.044,45,"[10751, 16, 35, 878, 12]",ja,0,15216719,120,"Shin-Ei Animation, TV Asahi, Futabasha, ADK",Masakazu Hashimoto,"Akiko Yajima, Miki Narahashi, Toshiyuki Morikawa, Satomi Korogi, Mari Mashiba"
426410,tt4207112,Score: A Film Music Documentary,Score: A Film Music Documentary,2017-03-16,3.259,7.169,127,"[10402, 99]",en,0,0,94,Epicleff Media,Matt Schrader,"Hans Zimmer, Danny Elfman, Quincy Jones, Randy Newman, James Cameron"
1397498,,Jingle,Jingle,2017-12-25,3.0112,0.0,0,[27],en,0,0,2,,Jonnie Stapleton,"Melanie Grasso, Gereg Grimm"
1327782,,Sacha,Sacha,2017-01-01,2.2825,0.0,0,"[27, 9648]",es,0,0,10,Yapa Films,Juan Sebastian Torales,"Matías Bartolomé Torales, Magdalena Torales, Natalia Torales"
429199,tt5222918,The Other Side of Hope,Toivon tuolla puolen,2017-02-03,2.9749,6.947,368,"[35, 18]",fi,0,1657449,101,"ZDF, Bufo, Sputnik",Aki Kaurismäki,"Sherwan Haji, Sakari Kuosmanen, Kaija Pakarinen, Niroz Haji, Janne Hyytiäinen"
479194,tt7218818,The Treehouse,La casa del árbol,2017-09-09,2.4354,4.0,3,[18],es,0,0,16,,Juan Sebastián Quebrada,"Luna Acosta, Juan Lugo, Gloria Vasquez"
447335,tt4932388,Let Yourself Go,Lasciati andare,2017-04-13,2.6361,6.1,176,[35],it,0,0,107,"Cattleya, RAI",Francesco Amato,"Toni Servillo, Verónica Echegui, Carla Signoris, Luca Marinelli, Pietro Sermonti"
411405,tt5717492,Small Crimes,Small Crimes,2017-04-28,2.6761,5.364,297,"[18, 35, 53, 80]",en,0,0,95,"Rooks Nest Entertainment, Rumble Films, Backup Media, Paradise City, Memento Films International, Fairmount Films",E.L. Katz,"Nikolaj Coster-Waldau, Robert Forster, Jacki Weaver, Molly Parker, Gary Cole"
1279939,,Brood,Brood,2017-01-01,2.6321,0.0,0,[18],en,0,0,4,,Michael Omonua,"Valerie Dish, Eric Nwanso"
1657056,tt6661758,Bariga Sugar,Bariga Sugar,2017-02-23,2.6263,0.0,0,[],en,0,0,21,Fizzy K Pictures,Ifeoma Nkiruka Chukwuogo,"Halimat Olarewaju, Tunde Azeez, Blessing Samuel, Tina Mba, Lucy Ameh"
473094,tt6368270,Le Viol,Le Viol,2017-09-19,2.314,6.222,18,"[18, 10770]",fr,0,0,87,"France•3, EuropaCorp Television, Fontana Productions",Alain Tasma,"Clotilde Courau, Hippolyte Girardot, Patrick Mille, Yannick Choirat, Sam Karmann"
426238,tt6303866,Beach Rats,Beach Rats,2017-08-25,3.2197,6.105,605,"[18, 10749]",en,0,486623,99,"Cinereach, Animal Kingdom, Secret Engine",Eliza Hittman,"Harris Dickinson, Madeline Weinstein, Kate Hodge, Neal Huff, Nicole Flyus"
349067,tt4823434,Tigers Are Not Afraid,Vuelven,2017-11-02,3.374,6.8,298,"[14, 27]",es,0,0,83,"Peligrosa, Filmadora Nacional, Videocine",Issa López,"Paola Lara, Juan Ramón López, Ianis Guerrero, Rodrigo Cortes, Hanssel Casillas"
776466,,"Sí, quiero","Sí, quiero",2017-01-01,2.6251,3.0,1,[35],es,0,0,0,Novaluna Films,Santi Ledo,"Emma Rowe Serrano, Daniel Prada, Alejandro Villaverde del Tesoro, Nazaret Poley Domínguez"
501794,tt7849616,In the Open,La liberté,2017-11-25,2.6305,9.0,1,[99],fr,0,0,146,"Triptyque Films, Films de Force Majeure",Guillaume Massart,
476353,tt6045676,Sinner City,Sinner City,2017-09-11,2.4594,0.0,0,[53],en,0,0,105,,Domini Quinn Supastar,"Tiffany Roxanne Barrett, Tai Birch, Renee Carillo, Carla Carpenter, Nakia Dillard"
475961,tt4720596,Curvature,Curvature,2017-10-08,2.4882,4.93,86,"[878, 53, 27]",en,0,0,90,"1inMM Productions, The Hallivis Brothers",Diego Hallivis,"Lyndsy Fonseca, Linda Hamilton, Glenn Morshower, Noah Bean, Alex Lanipekun"
1393889,tt6897894,Ultima Puella,Ultima Puella,2017-06-03,2.4861,0.0,0,[27],pt,0,0,0,Toca o Terror Produções,João Bosco,"João Bosco, Júlio César Carvalho, Jarmeson de Lima, Lígia Marina, Osvaldo Neto"
571775,tt8357382,Little Rose,Little Rose,2017-09-22,2.5879,0.0,0,[10749],en,0,0,85,"3AM Films, Misfits of Film",Charles Stanley,"Brandi Barbee, Pamela Bell, Stephen Adams, Caitlin Anders, David Lee Anderson"
1749381,,Luar Biasa,Luar Biasa,2017-01-01,3.0659,0.0,0,[],en,0,0,0,,Tunku Mona Riza,"Sarah Rykal, Idan Aedan, Sahronizam Noor"
1111671,tt7238388,Umbral,Umbral,2017-08-17,2.4137,0.0,0,[],es,0,0,21,,Federico Montero,"Carlos Sibaja, Paula Piedra"
449132,tt6078840,Let Me Eat Your Pancreas,君の膵臓をたべたい,2017-07-28,2.9277,7.023,108,"[18, 10749]",ja,0,0,115,"TOHO, Hakuhodo DY Music & Pictures, Futabasha, jeki, Hakuhodo, KDDI, Nippan Group Holdings, Tristone Entertainment, Stardust Pictures, Tokyu Agency, GYAO, Tohan, Toho Pictures",Sho Tsukikawa,"Minami Hamabe, Takumi Kitamura, Shun Oguri, Karen Otomo, Keiko Kitagawa"
617061,tt12020214,Entraña,Entraña,2017-01-01,2.3101,3.0,4,[],es,0,0,120,,Jair Torres Baizabal,"Rafael Amador Martínez, José Pablo Coarasa"
461714,tt6015706,China Salesman,China Salesman,2017-06-16,3.3784,5.3,115,"[28, 53]",en,15119234,1637776,110,"Cleopatra Entertainment, Wanda Pictures, TIK Films",Tan Bing,"Li Dongxue, Mike Tyson, Janicke Askevold, Steven Seagal, Li Ai"
437026,tt5845262,The Exchange,El intercambio,2017-12-31,2.8129,4.982,28,[35],es,0,0,85,Manila Films,Ignacio Nacho,"Pepón Nieto, Natalia Roig, Paco Tous, Rossy de Palma, Hugo Silva"
452371,tt6381432,She's the Boss,Bạn Gái Tôi Là Sếp,2017-02-03,2.8832,5.7,6,"[10749, 35]",vi,0,0,114,Galaxy Media & Entertaiment,Ham Tran,"Do An, Miu Lê, Pho Dac Biet, Tuấn Khải, Lê Khanh"
450402,tt6262812,La consolation,La consolation,2017-04-05,2.6517,5.8,2,[18],fr,0,0,78,UNITÉ,Cyril Mennegun,"Corinne Masiero, Alexandre Guansé, Patricia Pekmezian, Elisabeth Ventura"
1182053,tt11199408,Blinde Liebe,Blinde Liebe,2017-11-15,2.931,0.0,0,[10749],de,0,0,0,Fachhochschule Dortmund,Bidzina Gogiberidze,"Alicja Rosinski, Michael Knöfler"
485382,tt9310190,The Promise,Löftet,2017-03-07,2.4231,0.0,0,[99],sv,0,0,16,"Plåster Produktion, SVT",Paula Gustafsson,"Maj-Briht Bergström-Walan, Helle Høpfner Nielsen"
665531,tt14606524,Celebrity Marriage,Celebrity Marriage,2017-11-18,2.5327,6.0,1,"[18, 10749]",en,2000000,30000000,107,,Pascal Amanfo,"Kanayo O. Kanayo, Tonto Dikeh, Jackie Appiah, Odunlade Adekola, Toyin Abraham"
438970,tt6298780,Sharknado 5: Global Swarming,Sharknado 5: Global Swarming,2017-08-06,3.0904,4.7,360,"[28, 35, 27, 878, 10770]",en,3000000,0,89,"Syfy, The Asylum, BUFO",Anthony C. Ferrante,"Ian Ziering, Tara Reid, Cassie Scerbo, Masiela Lusha, Olivia Newton-John"
1677633,tt5125718,Unbreakable Bond,Unbreakable Bond,2017-01-28,2.602,0.0,0,[18],en,50000,0,108,"Hower Productions, SDM Studios",Kerry Brent Hower,"Taylor Landress, Korah Isabella, Myra Modregon, Randy Davison, Ambar Martinez"
390053,tt4557956,Crash Pad,Crash Pad,2017-10-27,2.9811,5.6,160,[35],en,0,0,93,"Indomitable Entertainment, Wonderful Films",Kevin Tent,"Domhnall Gleeson, Thomas Haden Church, Christina Applegate, Nina Dobrev, Dan Gill"
502418,tt6717394,Undatement Center,Undatement Center,2017-04-01,2.8226,0.0,0,[],en,0,0,10,"Stories in Motion, Stories by the River",Chris Esper,"Trevor Duke, JD Achille, Randy Veraguas, Shandy Monte, Acei Martin"
495570,tt6399878,Paathi: The Half,പാതി: The Half,2017-11-17,2.686,5.7,3,[18],ml,0,0,92,Interactor Film Academy,Chandran Narikkode,"Indrans, Joy Mathew, Kalabhavan Shajon, Sasi Kalinga, Santhosh Keezhattoor"
640049,tt7546702,Weather Talk,Weather Talk,2017-12-31,2.7953,0.0,0,[],en,0,0,17,,Keene McRae,"Brandon Shypkowski, Eddie Kehler, Rya Kihlstedt, Chelsea Blechman, Nathan Mohebbi"
474659,tt7833606,Girls und Panzer das Finale: Part 1,ガールズ＆パンツァー 最終章 第1話,2017-12-09,3.0662,6.7,31,"[16, 28, 35]",ja,0,0,47,"Actas, Bandai Visual, Hakuhodo DY Music & Pictures, movic, Q-TEC, Lantis",Tsutomu Mizushima,"Mai Fuchigami, Ai Kayano, Ozaki Mami, Ikumi Nakagami, Yuka Iguchi"
473400,tt7488654,Cielo,Cielo,2017-10-06,2.8563,6.9,7,[99],en,0,0,78,"Second Sight Pictures, Argus Films, Errante Producciones",Alison McAlpine,Alison McAlpine
415381,tt6054874,Furious,Легенда о Коловрате,2017-11-30,3.2976,6.066,166,"[14, 28, 12]",ru,5610000,10657499,117,Central Partnership,"Ivan Shurkhovetskiy, Dzhanik Fayziev","Ilya Malakov, Aleksandr Tsoy, Andrey Burkovskiy, Aleksandr Ilyin Jr, Aleksey Serebryakov"
493416,tt5734548,Troy: The Odyssey,Troy: The Odyssey,2017-10-15,3.2637,3.848,33,"[12, 28, 14]",en,500000,0,90,"Benetone Films, The Asylum, Slightly Distorted Productions",Tekin Girgin,"Dylan Vox, Lara Heller, David Blazejko, Hachem Hicham, Eoin O'Brien"
438478,tt6503230,Pornocracy: The New Sex Multinationals,Pornocratie: Les nouvelles multinationales du sexe,2017-03-12,2.7056,6.71,69,[99],fr,0,0,77,Magnéto Presse,Ovidie,"Arwen Gold, Stoya, Alina Henessy, Julia Grandi, Ovidie"
444428,tt6165792,Radiance,光,2017-05-27,2.7034,6.504,113,"[10749, 18]",ja,0,0,101,"Kumie, Comme des Cinémas, Kinoshita Management, Kino Films, mk2 Films, Haut et Court",Naomi Kawase,"Masatoshi Nagase, Ayame Misaki, Tatsuya Fuji, Kazuko Shirakawa, Misuzu Kanno"
460391,tt6904994,Demon Box,Demon Box,2017-06-11,2.7023,1.0,1,[18],no,0,0,87,,Patrik Syversen,"Silje Storstein, Sigurd Myhre, Patrik Syversen"
435218,tt6338476,Lost in London,Lost in London,2017-01-19,2.7021,5.974,137,"[35, 18]",en,0,0,103,Waypoint Entertainment,Woody Harrelson,"Woody Harrelson, Owen Wilson, Daniel Radcliffe, Willie Nelson, Bono"
481994,tt1234123,Some: An Erotic Tale,썸: 은밀한 이야기,2017-04-13,2.6994,8.3,3,"[35, 18]",ko,0,0,80,,Song Jeong-gyoo,"Ahn So-hee, Sang Woo, Han Ga-hee, Hayashi Risa, Lee Jae-seok"
452010,tt6776572,Beauty and the Dogs,على كف عفريت,2017-10-18,2.6978,7.0,87,"[80, 18, 53]",ar,0,0,100,"Cinétéléfilms, Tanit Films, Laika Film & Television, Film i Väst, Commune Image, Film and Literature Core Capstone Productions, Schortcut Films, Oscilloscope, Hubert Bals Fund",Kaouther Ben Hania,"Mariam Al Ferjani, Ghanem Zrelli, Noomen Hamda, Anissa Daoud, Neder Ghouati"
1568659,,Secret Splendour,Secret Splendour,2017-11-14,2.6973,0.0,0,[],ja,0,0,100,,,"Seina Sagiri, Anju Mira"
471014,tt5723286,Wheelman,Wheelman,2017-10-20,2.6967,6.132,699,"[28, 80, 53]",en,5000000,0,82,"The Solution, WarParty Films",Jeremy Rush,"Frank Grillo, Caitlin Carmichael, Garret Dillahunt, Shea Whigham, Wendy Moniz"
639924,tt8517448,Sleeping Silence,Sleeping Silence,2017-09-01,2.6965,0.0,0,[],en,0,0,12,,Sébastien Wielemans,
577966,tt7499122,Janek/Bastard,Janek/Bastard,2017-08-07,2.6959,8.0,1,[18],en,0,0,18,AFI,Muriel Naim,"Jesse Willhite, Avery Walker, Angelique Wiesner, Norbi Novak, Maritza Brikisak"
457962,tt1386691,Shimmer Lake,Shimmer Lake,2017-06-09,2.6953,5.935,480,"[53, 80, 18, 9648]",en,0,0,86,Footprint Features,Oren Uziel,"Rainn Wilson, Benjamin Walker, John Michael Higgins, Rob Corddry, Adam Pally"
443486,tt5927352,Red Istanbul,İstanbul Kırmızısı,2017-03-02,2.6939,5.686,140,"[10749, 18]",tr,0,3429587,110,"R&C Produzioni, BKM, Faros Film, RAI Cinema",Ferzan Özpetek,"Halit Ergenç, Tuba Büyüküstün, Nejat İşler, Mehmet Günsür, Çiğdem Selişik Onat"
592105,tt7606606,Patmos,Patmos,2017-11-08,2.6923,0.0,0,[],fr,0,0,73,,Martin Ziegler,
489834,tt3899676,The Ningyo,The Ningyo,2017-11-27,2.6913,8.0,5,[12],en,0,0,26,,Miguel Ortega,
502865,tt4768640,Cold Side,Cold Side,2017-06-17,2.6898,6.0,1,"[18, 12]",es,0,0,80,BlandKrause Studios,Diego Fierro Lablée,"Abel Palomo, Lorena Venegas, Kather Sei, Colomba Horta, Eusebio Arenas"
467062,tt7133092,Spielberg,Spielberg,2017-10-05,2.6895,7.5,314,[99],en,0,0,147,"Pentimento Productions, HBO Documentary Films",Susan Lacy,"Steven Spielberg, Martin Scorsese, Richard Dreyfuss, Francis Ford Coppola, Tom Hanks"
1198267,tt6942032,Holding Patterns,Holding Patterns,2017-04-15,2.6877,0.0,0,"[18, 9648, 53]",en,200000,0,87,,"Gina Marie Ezzone, Jabari Johnson, Andrew Quinlan, Treasure Thomas-Castile, Greg Watson, Daniel Critchfield, Caroline Deboer, Allie Vugrincic","Jocelyn Jae Tanis, Dan Nye, Aaron Quinn Long, Beth Josephsen, Robert Templehof"
411419,tt4946696,TIDE,TIDE,2017-12-13,2.685,0.0,0,[18],en,0,0,0,,Georgie Henley,"Aoife Kennan, Ella Duffy, Toby Marlow, Will Bishop"
418575,,A Family Love Story,Mi sangre enarbolada,2017-02-19,2.6848,2.0,1,[99],es,0,0,61,"Centro de Capacitación Cinematográfica (CCC), Nordanstad Films",Luis Palomino Benítez,"Ana Benítez Muro, José Benítez Muro, Ana Muro Merino, Patricia Benítez Muro, David Palomino Serrano"
442847,tt6319470,Stranger,L'Étranger,2017-02-19,2.6847,0.0,0,[99],fr,0,0,54,"Moose & Tash, Bonka Circus",Kenneth Michiels,"Moussa Cissokho, Mohammed Bahrou"
508336,tt6425836,Camera Threat,Camera Threat,2017-02-14,2.6841,0.0,0,"[35, 99, 18]",en,30677,0,30,NoMasala Films,Bernd Lützeler,"Mansi Multani, Pushpendra Singh, Girish Pardeshi, Harish Bhimani, Shai Heredia"
442712,tt6627466,Dream Boat,Dream Boat,2017-06-28,2.6836,5.411,79,[99],de,0,0,92,"Beetz Brothers Film Production, ZDF, ARTE",Tristan Ferland Milewski,
638034,tt7928942,The Party,The Party,2017-11-06,2.6835,1.0,2,[],en,0,0,26,Rule 89 Productions,Paige Lauren,"Kourtnie Reyes, Andrew Perkins, Teresa Suarez Grosso, Brennan Burt, Marinna Benzon"
434245,tt5238240,The Stronghold,Сторожова застава,2017-10-12,2.683,7.153,238,"[28, 12, 35, 10751, 14, 36]",uk,2000000,2745966,110,Kinorob,Yuriy Kovalyov,"Danyil Kamenskyi, Nataliia Sumska, Yeva Kosheva, Roman Lutskyi, Slava Krasovska"
452034,,Madame Freedom,자유부인,2017-04-04,2.6827,5.7,3,"[10749, 18]",ko,0,0,81,Golden Tide Pictures,Yoon Dae-i,"Lee Chae-dam, Im So-mi, Lee Geon-hoon, Choi Taek-hyeon, Baek Se-ri"
1722754,,스와핑 하던 날,스와핑 하던 날,2017-01-10,2.6819,0.0,0,[],ko,0,0,0,,,"Joo Ye-bin, Baek Se-ri, Min Do-yoon"
1179346,,Bestias urbanas,Bestias urbanas,2017-09-06,2.6803,0.0,0,[16],en,0,0,5,,"Amanda Woolrich, Andrea Natalia ARRIAGA PÁJARO",
412202,tt5016946,Handsome Devil,Handsome Devil,2017-02-15,2.6799,7.0,712,"[18, 35]",en,1050000,0,95,"Treasure Entertainment, Windmill Lane Pictures",John Butler,"Fionn O'Shea, Nicholas Galitzine, Andrew Scott, Ardal O'Hanlon, Amy Huberman"
859349,,Invisible Forces,Fuerzas Invisibles,2017-01-01,2.6794,0.0,0,[],es,0,0,5,,Marcos Flórez,
438634,tt5897636,Summer 1993,Estiu 1993,2017-03-24,2.6791,7.0,234,[18],ca,960000,2700000,98,"Inicia Films, Avalon",Carla Simón,"Laia Artigas, Paula Robles, Bruna Cusí, David Verdaguer, Fermí Reixach"
508764,,My Student's Mom 2,내 학생의 엄마 2,2017-11-09,2.679,2.75,4,[10749],ko,0,0,71,,Kwak Yeong-geun,"Kim In-ae, Choi Woo-suk-I, Eom Gi-yeong, Park Hyun-jung"
1495390,,Magic Fight,Magic Fight,2017-08-23,2.6776,1.0,1,"[35, 28]",de,0,0,4,,Byron Booth,"Noah Redeker, Byron Booth"
553777,tt7687134,Moomal Rano,Moomal Rano,2017-01-01,2.6771,9.5,2,"[18, 10402, 10749]",ur,0,0,60,,Siraj-ul-Haque,"Ahsan Khan, Saba Qamar"
477198,tt6454510,XIIa,XIIa,2017-09-15,2.6767,5.583,6,"[35, 18]",bg,0,0,92,,Magdalena Ralcheva,"Maria Kavardjikova, Maria Bakalova, Radina Kardzhilova, Darin Angelov, Aneliya Mangarova"
422218,tt5078202,Sleeping Beauty,Belle Dormant,2017-01-18,2.6756,4.7,13,"[18, 14]",fr,0,0,82,"Hellish Producciones, Paraíso Production, Pomme Hurlante Films",Adolfo Arrieta,"Niels Schneider, Agathe Bonitzer, Mathieu Amalric, Tatiana Verstraeten, Serge Bozon"
1714212,tt8522154,Chocolate,Chocolate,2017-01-30,2.6744,0.0,0,"[10749, 14]",es,0,0,10,,Fernando Peña,"Yasser Michelén, Stephany Liriano, Erlyn Saul, Nayibe Tavares-Abel"
672590,,Something Real,Alguien Real,2017-09-17,2.6738,0.0,0,[18],es,0,0,12,Instituto Mexicano de Cinematografía,Renato Moncayo Dávalos,"Alejandro Herrera, Ana Karen Sahagún, Mauricio Ceñedo, Ruy Padilla, Jesús Hernández"
482659,tt5017324,Snail House,Casa Caracol,2017-10-22,2.6714,3.375,8,"[12, 80, 18]",es,0,0,85,Camara Carnal,Jean-Marc Rousseau,"Rosalba García, Ianis Guerrero, José Carriedo, Nony Muller Gastelum, Alejandro Luna Jara"
401111,tt5131472,The Last Day,Ultima zi,2017-05-12,2.6663,8.0,2,"[35, 53]",ro,25000,0,108,"Green Film, C-Story Productions",Gabriel Achim,"Doru Ana, Mimi Brănescu, Adrian Văncică, Adrian Ciglenean, Rodica Lazăr"
341287,tt1553659,Breath,Breath,2017-06-22,2.6646,6.575,93,[18],en,0,0,115,"See Pictures, Gran Via Productions, Screen Australia, Windalong Films, Autumn Productions, ScreenWest, Embankment Films",Simon Baker,"Samson Coulter, Ben Spence, Simon Baker, Elizabeth Debicki, Richard Roxburgh"
438348,tt6515342,Knock,Knock,2017-10-18,2.6637,6.401,478,[35],fr,0,0,113,"Moana Films, Curiosa Films, Mars Films",Lorraine Lévy,"Omar Sy, Ana Girardot, Alex Lutz, Hélène Vincent, Pascal Elbé"
485618,tt6922944,The Battle of Mosul,La bataille de Mossoul,2017-03-04,2.6636,0.0,0,"[99, 10752]",fr,0,0,0,,Bernard-Henri Lévy,
475380,tt6508918,Home Team,Mi mundial,2017-06-22,2.6632,6.5,10,"[18, 10751]",es,1200000,0,102,Bretz Filmes,Carlos Andrés Morelli,"Facundo Campelo, Verónica Perrotta, Néstor Guzzini, César Troncoso, Roney Villela"
592129,,The Sons,Anak Lanang,2017-12-04,2.6612,6.4,5,[18],jv,0,0,15,Ravacana Films,Wahyu Agung Prasetyo,"Satrio Satya Purnama, Mahrival Surya Manggala, Muhammad Khildan Habibie, Khoirul Ilyas Ariatmaja, Adi Marsono"
394537,tt5126922,The Pirates of Somalia,The Pirates of Somalia,2017-12-08,2.6577,6.804,265,[18],en,0,0,117,"Kalahari Pictures, hungryman, BCDF Pictures",Bryan Buckley,"Evan Peters, Barkhad Abdi, Melanie Griffith, Al Pacino, Philip Ettinger"
452030,tt6359974,Cinderella's Hot Night,Cinderella's Hot Night,2017-05-30,2.6576,5.747,85,"[14, 35]",en,0,0,80,Retromedia Entertainment,Dean McKendrick,"Karlie Montana, Christine Nguyen, Beverly Lynne, Sarah Hunter, Blair Williams"
1707295,,Clap Clap,Clap Clap,2017-06-30,2.6575,0.0,0,"[27, 9648]",en,0,0,5,,Brandon Piskorik,"Aaron Burt, Andrew Burt"
956157,tt6410102,I Am,Jaz sem,2017-12-01,2.6554,0.0,0,[18],sl,0,0,15,"Studio Maj, Televizija Slovenija, MB Grip, 100 doo, NuFrame",Petra Trampuž,"Primož Bezjak, Marijana Brecelj, Tina Potočnik Vrhovnik, Boris Cavazza, Nikola Bocevski"
545749,tt4338252,Groundhog,Groundhog,2017-02-03,2.6554,0.0,0,"[27, 35]",en,7000,0,59,BoomBastic Films,David McDonough,"James Balsamo, Richard Chandler, Alexander Hauck, Ken Holmes, Mathew Fisher"
790213,tt3398034,A Girl Who Loves a Girl,La souffrance,2017-07-01,2.6547,0.0,0,"[10749, 18]",en,0,0,87,C & C International Media Group,Laurent Boulanger,"Roxanne Fernandes, Jessica Stanley, Chloé Gouneau, Laurent Boulanger, Byron J. Brochmann"
441809,tt6896688,The Greatest,Den störste,2017-01-28,2.6534,0.0,0,"[18, 35]",sv,0,0,50,Plattform Produktion,Fijona Jonuzi,"Eva Johansson, Louise Löwenberg, Malin Persson, Iwa Boman"
342472,tt2184233,1 Mile To You,1 Mile To You,2017-04-07,2.6512,6.48,221,"[18, 10749]",en,0,0,104,"WeatherVane Productions, Cinema Revival, Culmination Productions, Ingenious Media, LATS Productions",Leif Tilden,"Graham Rogers, Billy Crudup, Liana Liberato, Stefanie Scott, Tim Roth"
432320,tt7027210,Premier Homme,Premier Homme,2017-06-08,2.6492,8.3,10,"[99, 36]",fr,0,0,93,"Nilaya Productions, CuriosityStream, ZDF, M6, CCTV, Discovery Channel Canada","Frédéric Fougea, Jérôme Guiot","Nathan Willcocks, Jacobus Claassen, Natalie Walsh, Sven Ruygrok, Nieke Lombard"
485290,tt6915574,Vú Em Tập Sự,Vú Em Tập Sự,2017-05-19,2.6489,0.0,0,[],vi,0,0,0,,,"Johnny Tri Nguyen, Tiến Luật, Lê Khánh, Dieu Nhi"
452187,tt6462462,Le Brio,Le Brio,2017-11-22,2.6489,6.965,926,"[18, 35]",fr,0,10968212,95,"Moonshaker, Chapter 2",Yvan Attal,"Daniel Auteuil, Camélia Jordana, Yasin Houicha, Nozha Khouadra, Nicolas Vaude"
519418,tt6293796,Witch-Hunt,Witch-Hunt,2017-04-28,2.6482,7.0,1,"[27, 53, 9648]",en,0,0,81,,Philip Schaeffer,"Melina Chadbourne, Erin Curtis, Abby Eiland, Lillian Olive, Robyn Pucay"
1152288,,The Flies,Las moscas,2017-08-17,2.646,0.0,0,[18],es,0,0,12,,Bruno Alvarado Arévalo,"Dante del Águila, Antonieta Pari, Gabriela Navarro"
643246,tt7626486,King of the Hill,Царь горы,2017-11-09,2.6457,0.0,0,[99],ru,0,0,46,"Streamline Pictures, Telewizja Polska, Belsat TV",Andrei Kutsila,
479394,tt7424396,Denmark,Danmark,2017-10-01,2.6457,4.4,5,[18],da,0,0,90,Radiator Film ApS,Kasper Rune Larsen,"Frederikke Dahl Hansen, Jonas Lindegaard Jacobsen, Jacob Skyggebjerg, Jens Kristian, Marta Holm Peschcke-Køedt"
504180,,Animal Moribus,Animal Moribus,2017-08-31,2.6421,0.0,0,[27],en,0,0,69,Cabustra Arts,Octavio Revol Molina,"Santiago Zapata, Camila Murias, Gastón Palermo, Gonzalo Tolosa, Renzo Fabbiani"
579932,tt13147664,Valentin(e),Valentin(e),2017-05-20,2.5807,10.0,1,[],fr,0,0,6,Black Sheep,"Paul Marques Duarte, Violette Gitton","Judikaël Goater, Capucine de la Gorce, François Rimbau, Véronique Royer"
422766,tt5311972,Windstorm 3,Ostwind 3 - Aufbruch nach Ora,2017-07-27,2.9678,7.4,145,"[10751, 12]",de,0,0,106,Constantin Film,Katja von Garnier,"Hanna Binke, Lea van Acken, Amber Bongard, Marvin Linke, Nicolette Krebitz"
462036,tt4537888,The Monster Project,The Monster Project,2017-08-18,2.6082,5.2,189,"[28, 27]",en,0,0,98,,Victor Mathieu,"Yvonne Zima, Justin Bruening, Toby Hemingway, Jim Storm, PeiPei Alena Yuan"
1749524,,Gadis Tinju,Gadis Tinju,2017-01-01,2.6819,0.0,0,[],en,0,0,0,,Sasitharan K. Rajoo,"Mimi Ernida, Aleza Shadan, Yasmin Nadiah, Syafiq Sahli, Rakkeshairi Naidu"
480471,tt6914498,Nenu Kidnap Ayyaanu,​నేను కిడ్నాప్ అయ్యాను,2017-10-06,2.5581,0.0,0,"[35, 80]",te,0,0,126,,Sreekarababu,"Aditi Singh, Raghu Babu, Krishna Bhagavan, Brahmanandam, Vishal Khurana"
561324,,Walking Fire,Walking Fire,2017-01-01,2.5339,0.0,0,[],en,0,0,10,,Nina de Vroome,
459251,tt6085926,Abu,Abu,2017-06-18,2.5461,4.75,4,[99],en,0,0,80,,Arshad Khan,
437633,tt6904062,Real,리얼,2017-06-28,2.8274,5.237,76,"[28, 80, 53]",ko,0,0,137,"CJ Entertainment, Alibaba Pictures Group",Lee Sa-rang,"Kim Soo-hyun, Sung Dong-il, Lee Sung-min, Sulli, Jo Woo-jin"
486049,tt7431980,Afterwards,Après coup,2017-10-06,2.6692,8.7,3,[18],fr,300000,800000,94,Gapian Films,Noël Mitrani,"Laurent Lucas, Laurence Dauphinais, Mohsen El Gharbi, Natacha Mitrani, Pascale Bussières"
482968,,Beautiful life,Andamaina Jeevitham,2017-01-19,2.925,0.0,0,[],en,0,0,0,,,"Jacob Gregory, Dulquer Salmaan, Mukesh, Aishwarya Rajesh, Anupama Parameswaran"
430421,tt5579982,Apple of My Eye,Apple of My Eye,2017-01-10,3.1353,6.8,24,"[18, 10751]",en,0,0,85,"Expression Entertainment, Sweet Tomato Films, Character Brigade",Castille Landon,"Amy Smart, Jack Griffo, AJ Michalka, Liam McIntyre, Burt Reynolds"
645464,,A Celebration,A Celebration,2017-12-01,2.2373,0.0,0,"[18, 35]",en,0,0,13,,Anna Alekhina,
469095,tt6044156,The Crescent,The Crescent,2017-09-07,2.5204,5.7,25,"[9648, 27]",en,0,0,99,Cut/Off/Tail Pictures,Seth A Smith,"Britt Loder, Andrew Gillis, Amy Trefry, Danika Vandersteen, Woodrow Graves"
1035756,tt6670092,Broken Strings,Broken Strings,2017-01-29,2.2845,0.0,0,[],en,0,0,8,,Zeta Gao,"Greg Costa, Camilla Skoglie, Cameron Clay"
639185,tt6511072,Love,Love,2017-01-23,1.9662,5.6,7,[18],en,0,0,1,,Antoine Basler,"Elsa Galles, Oscar Copp, Antoine Basler"
479957,tt7308086,Desire,Desearás al hombre de tu hermana,2017-10-05,2.8085,5.987,226,"[10749, 18]",es,0,0,94,"Aleph, Claudio Corbelli Producciones, HEi Films",Diego Kaplan,"Mónica Antonópulos, Guilherme Winter, Juan Sorini, Andrea Frigerio, Sol Charo Martínez"
487401,tt7228744,200 Pounds Beauty,Sắc Đẹp Ngàn Cân,2017-08-04,2.5861,5.0,2,"[10751, 35]",vi,0,0,91,,James Ngô,"Minh Hằng, Phương Trinh Jolie, Rocker Nguyễn"
928212,,Final Thesis,Final Thesis,2017-04-29,2.2767,0.0,0,[],en,0,0,0,,,"Jimmy Ace Lewis, Shotzie Cado, Johnny green jr, Bazma, Ryan Clay Gwaltney"
444291,tt5628792,I Got Life!,Aurore,2017-04-26,2.7527,6.116,142,"[18, 35]",fr,0,0,86,"Karé Productions, France 3 Cinéma",Blandine Lenoir,"Agnès Jaoui, Thibault de Montalembert, Pascale Arbillot, Sarah Suco, Lou Roy-Lecollinet"
449060,tt4137714,The Sounding,The Sounding,2017-03-10,2.71,6.1,4,"[18, 9648]",en,0,0,93,"Rag & Bone Pictures, ADIUVO Productions",Catherine Eaton,"Catherine Eaton, Teddy Sears, Harris Yulin, Frankie Faison, Erin Darke"
428495,tt5540188,The Nile Hilton Incident,The Nile Hilton Incident,2017-06-19,2.6179,6.619,405,"[53, 18, 80]",en,4250000,81089,111,"Atmo Production, Film i Väst, Ostlicht Filmproduktion, Final Cut for Real, Nordsvensk Filmunderhållning, SVT, Scanbox, Copenhagen Film Fund, Svenska Filminstitutet, Eurimages, Det Danske Filminstitut, Den Vestdanske Filmpulje, Chimney Sweden, Kasbah Films",Tarik Saleh,"Fares Fares, Mari Malek, Yasser Ali Maher, Slimane Dazi, Hania Amar"
432976,tt6333060,Icarus,Icarus,2017-06-03,2.6178,7.64,852,[99],en,0,0,121,"Diamond Docs, Impact Partners, Alex Productions, Chicago Media Project",Bryan Fogel,"Bryan Fogel, Dave Zabriskie, Don Catlin, Grigory Rodchenkov, Scott Brandt"
452323,tt6293042,Outrage Coda,アウトレイジ 最終章,2017-10-07,2.6171,6.789,190,"[28, 80, 53, 18]",ja,0,0,104,"TV Tokyo, Office Kitano, Bandai Visual, Warner Bros. Japan, Celluloid Dreams, TFC",Takeshi Kitano,"Takeshi Kitano, Toshiyuki Nishida, Ken Mitsuishi, Sansei Shiomi, Yutaka Matsushige"
680854,,Niña perro,Niña perro,2017-12-14,2.6133,0.0,0,"[18, 14]",es,0,0,0,,Verónica Gentili,"Mora Escola, Renzo Cozza, María Soldi"
462746,tt5928378,Memory Hospital,Hospital da Memória,2017-06-20,2.6124,0.0,0,[18],pt,0,0,18,,Pedro Paulo de Andrade,"Adriana Guerra, Antoniela Canto, Daniel Volpi"
459050,tt5350300,Hunters' Crossing,Hunters' Crossing,2017-04-21,2.6124,7.7,3,"[28, 35, 12]",en,500,0,73,Hidden Gnome Films,Zach Zeman,"Jake Dogias, Rieves Bowers, Noah Schindler, Mason Taylor, Marisa Roper"
459366,tt5086046,Sled Dogs,Sled Dogs,2017-05-09,2.6116,0.0,0,[99],en,0,0,82,,Fern Levitt,
432602,tt6322922,An Inconvenient Sequel: Truth to Power,An Inconvenient Sequel: Truth to Power,2017-07-28,2.6115,6.591,186,[99],en,1000000,5398976,100,"Participant, Actual Films","Jon Shenk, Bonni Cohen","Al Gore, Barack Obama, Donald Trump, Angela Merkel, Justin Trudeau"
459590,,Parir,Parir,2017-05-18,2.6109,0.0,0,[99],es,0,0,87,"INCAA, Las Casildas, La Taguara Fílmica, DOCA Documentalistas argentinos",Florencia Mujica,
434063,tt6281912,Weather House,Weather House,2017-01-22,2.6107,5.0,3,[18],de,0,0,82,,"Frauke Havemann, Eric Shefter","Inga Dietrich, Erik Hansen, Sabine Hertling, Charles McDaniel, Jack Rath"
441728,tt5153236,Hampstead,Hampstead,2017-06-23,2.6106,6.059,222,"[35, 10749]",en,0,6335171,102,"Ecosse Films, SCOPE Pictures, Motion Picture Capital",Joel Hopkins,"Diane Keaton, Brendan Gleeson, James Norton, Lesley Manville, Jason Watkins"
831232,tt8086790,Girlfriends,Podrugi,2017-06-12,2.6086,0.0,0,[],ru,0,0,17,,Evgenia Kovda,"Marina Pasina, Valentina Vedernikova"
410465,tt5195828,Dry Blood,Dry Blood,2017-04-23,2.6085,3.792,12,[27],en,0,0,83,,Kelton Jones,"Clint Carney, Jaymie Valentine, Kelton Jones, Graham Sheldon, Rin Ehlers"
242606,tt2531334,Keep Watching,Keep Watching,2017-05-04,2.6057,5.028,317,"[53, 27, 18]",en,0,0,90,"Zinc Entertainment Inc., Voltage Pictures",Sean Carter,"Bella Thorne, Chandler Riggs, Natalie Martinez, Ioan Gruffudd, Maya Eshet"
438664,tt5556068,March Goes out Like a Lamb,3月のライオン 後編,2017-04-22,2.6048,7.1,18,[18],ja,0,0,139,"Asmik Ace, TOHO, Hakusensha, AMUSE, Aniplex, The Asahi Shimbun, KDDI, dentsu, Robot Communications, Mainichi Shimbun, GYAO, Hulu Japan, jeki",Keishi Otomo,"Ryunosuke Kamiki, Kasumi Arimura, Kana Kurashina, Shota Sometani, Kaya Kiyohara"
458252,tt6314766,Tall Tales,Drôles de petites bêtes,2017-12-13,2.6015,6.0,32,"[16, 35, 10751]",fr,0,14394690,87,"Bidibul Productions, France 3 Cinéma","Antoon Krings, Arnaud Bouron","Kev Adams, Virginie Efira, Emmanuel Curtil, Anne Tilloy, Céline Melloul"
362202,tt3297382,The Crash,The Crash,2017-01-13,2.6015,4.458,59,"[80, 53]",en,20000000,0,84,"Create Entertainment, Windward Entertainment, Cloud Factor Collective, The Boathouse, Think Reel Films",Aram Rappaport,"Frank Grillo, Minnie Driver, AnnaSophia Robb, Dianna Agron, Mary McCormack"
501733,tt5324966,Frederick,Frederick,2017-06-06,2.5997,6.0,2,"[9648, 80, 53]",en,0,0,16,,Traci Hays,"Christopher Soren Kelly, Josh Mann, James Morrison, Kerry Knuppe, Lexi Johnson"
507575,tt6828112,North & Nowhere,North & Nowhere,2017-04-01,2.5991,0.0,0,"[18, 35]",en,0,0,11,,Scott Ballard,"Erin McGarry, Brian Andrian Koch, Katelin Hanson, Sharae Foxie, Jeffrey Arrington"
480014,tt6800942,Verna,ورنہ‬,2017-11-17,2.5991,10.0,1,"[18, 53]",ur,0,0,158,ShoMan Produtions,Shoaib Mansoor,"Mahira Khan, Haroon Shahid, Zarrar Khan, Rasheed Naz, Naimal Khawar"
480014,tt6800942,Verna,ورنہ‬,2017-11-17,2.5991,10.0,1,"[18, 53]",ur,0,0,158,ShoMan Produtions,Shoaib Mansoor,"Mahira Khan, Haroon Shahid, Zarrar Khan, Rasheed Naz, Naimal Khawar"
438798,tt6589464,The Prison,프리즌,2017-03-23,2.5987,7.104,111,"[80, 28]",ko,0,0,125,Curo Holdings,Na Hyun,"Han Suk-kyu, Kim Rae-won, Jung Woong-in, Jo Jae-yun, Shin Sung-rok"
861250,tt7318794,The Cage,La jaula,2017-01-20,2.598,5.481,52,"[28, 878, 18]",es,100000,0,83,Cinestesia Media,José Salaverría,"Karina Velásquez, Ananda Troconis, Juvel Vielma, Leónidas Urbina, Ilya Izaguirre"
568316,tt11100512,Fiesta Nibiru,Fiesta Nibiru,2017-01-16,2.5968,0.0,0,"[878, 35, 27]",es,0,0,80,,Manuel Facal,"Carla Quevedo, Luciano Demarco, Verónica Dobrich, Emanuel Sobré, Alan Futterweit"
480969,tt6953034,EuroTrump,EuroTrump,2017-10-11,2.5968,5.5,2,[99],en,0,0,88,,"Stephen Robert Morse, Nick Hampson","Geert Wilders, Rutger Bregman, Sietse Fritsma, Pamela Geller, Roger Griffin"
596677,tt6231586,Dear Angelica,Dear Angelica,2017-09-27,2.596,9.0,2,[16],en,0,0,13,,Saschka Unseld,"Mae Whitman, Geena Davis"
485945,tt6982648,Bikers,Bajkeři,2017-10-19,2.5939,4.912,17,[35],cs,0,0,95,Vinná galerie,Martin Kopp,"Adam Mišík, Hana Vagnerová, Jan Komínek, Vojtěch Machuta, Celeste Buckingham"
971581,,Temporary Workers,Trabajadores temporarios,2017-09-16,2.5925,0.0,0,[53],es,0,0,8,AFICHE,Nicolás M. Pintos,"Julieta Netel, Francisco Ordóñez"
485373,tt6877032,Südstadt,Südstadt,2017-10-03,2.5921,6.3,7,"[18, 10770]",de,0,0,90,"Network Movie, ZDF",Matti Geschonneck,"Anke Engelke, Matthias Matschke, Andrea Sawatzki, Dominic Raacke, Bettina Lamprecht"
301355,tt1712192,Message from the King,Message from the King,2017-05-10,2.5907,6.238,508,"[28, 9648, 53]",en,10000000,315132,102,"The Ink Factory, Entre Chien et Loup, Rumble Films, Entertainment One Features, Silver Nitrate",Fabrice Du Welz,"Chadwick Boseman, Luke Evans, Alfred Molina, Teresa Palmer, Natalie Martinez"
428498,tt6333070,The Wound,Inxeba,2017-04-19,2.5904,6.292,65,[18],xh,0,142684,88,"Riva Film, ZDF/Arte, Sampek Productions, OAK Motion Pictures, Urucu Media, Cool Take Pictures, Deuxième Ligne Films, Figjam Entertainment, Edition Salzgeber, ZDF",John Trengove,"Nakhane, Bongile Mantsai, Niza Jay Ncoyini, Thobani Mseleni, Gabriel Mini"
437491,tt5815960,Ready to Assemble,Förändring Fryder,2017-01-25,2.5901,3.0,2,[35],no,0,0,21,"Ninjafilm, To Sølvmynter Film","Erik Paulsen, Astrid Thorvaldsen","Atle Antonsen, Marianne Meløy, Erling Johannes Green, Viktoria Holmberg, Jakob Schøyen Andersen"
449772,tt5863352,Scare Bear,Scare Bear,2017-03-30,2.59,4.0,1,[27],en,0,0,70,Mansfield Dark Productions,Richard Mansfield,"Victoria Falls, Daniel Mansfield, Richard Mansfield, Henry Regan, Katy Vans"
1743038,tt37158945,VIVIMOS,VIVIMOS,2017-08-04,2.5894,0.0,0,[35],es,0,0,0,Filmcito,Guillermo Trochón,"Bruno Brandolino, Joaquín Tomé, Chiara Hourcade, Luis Lage"
462406,tt6564730,Just Go!,"Sarauj, Just!",2017-09-28,2.5888,0.0,0,"[53, 18, 80, 28]",lv,0,0,11,Gumennikovfilms,Pāvels Gumennikovs,"Aleksandrs Ronis, Jana Herbsta, Sergejs Fjodorovs, Toms Veličko"
882519,tt6286872,Starfish,Starfish,2017-08-24,2.5887,0.0,0,"[10751, 18]",en,0,0,89,,Shira Levin,"Margaret Curry, Sophia Colon Roosevelt, Christopher L. McAllister, Pascal Yen-Pfister, Lew Gardner"
805317,,Regurgitator: UNIT20,Regurgitator: UNIT20,2017-10-06,2.5876,0.0,0,[10402],en,0,0,80,,David Granato,"Quan Yeomans, Ben Ely, Peter Kostic"
470615,tt7197272,Halloween Tales,Halloween Tales,2017-07-28,2.5874,3.0,3,[27],en,500000,0,82,,Geno McGahee,"Chris Geoffrion, Leeann Aubuchon, Julian Lowenthal, Xoe Rose, Pete Baez"
479767,tt10961216,The Volcano That Changed The World,"Der Vulkan, der die Welt veränderte",2017-09-23,2.5865,7.5,2,[99],de,0,0,53,"ARTE, SWR, Leonardo Film","Elmar Bartlmae, Florian Breier","Susanne Hampl, Jens Schellhass, Helge Trohl, Ute de Groot"
641959,tt8038734,Lone Wolf,Lone Wolf,2017-10-20,2.5853,0.0,0,[],nl,0,0,15,,Hero Hemmingsley,
