id,imdb_id,title,original_title,release_date,popularity,vote_average,vote_count,genre_ids,original_language,budget,revenue,runtime,production_companies,director,cast
26827,tt0094321,Who's That Girl,Who's That Girl,1987-08-07,32.4045,5.513,261,"[35, 10749]",en,18500000,7305209,93,"Warner Bros. Pictures, The Guber-Peters Company",James Foley,"Madonna, Griffin Dunne, Bibi Besch, John McMartin, John Mills"
53653,tt0093304,Prison on Fire,監獄風雲,1987-11-13,21.5556,7.0,109,"[80, 18]",cn,0,4046485,98,Cinema City Company Limited,Ringo Lam Ling-Tung,"Tony Leung Ka-fai, Chow Yun-Fat, Roy Cheung Yiu-Yeung, William Ho, Tommy Wong"
106,tt0093773,Predator,Predator,1987-06-12,22.1193,7.581,9506,"[878, 28, 12, 53]",en,15000000,98267558,107,"20th Century Fox, Lawrence Gordon Productions, Silver Pictures, Davis Entertainment, Amercent Films, American Entertainment Partners L.P.",John McTiernan,"Arnold Schwarzenegger, Carl Weathers, Kevin Peter Hall, Elpidia Carrillo, Bill Duke"
600,tt0093058,Full Metal Jacket,Full Metal Jacket,1987-06-26,19.759,8.119,11747,"[18, 10752]",en,30000000,46357676,117,"Natant, Stanley Kubrick Productions, Warner Bros. Pictures",Stanley Kubrick,"Matthew Modine, Adam Baldwin, Vincent D'Onofrio, R. Lee Ermey, Dorian Harewood"
64437,tt0094405,L'été en pente douce,L'été en pente douce,1987-04-29,17.1296,6.5,69,"[18, 10749]",fr,0,0,102,"Films A2, Flach Film, Solus Productions, Séléna Audiovisuel",Gérard Krawczyk,"Jacques Villeret, Jean-Pierre Bacri, Pauline Lafont, Jean Bouise, Guy Marchand"
941,tt0093409,Lethal Weapon,Lethal Weapon,1987-03-06,19.0548,7.305,5209,"[28, 53, 80]",en,15000000,120207127,110,"Silver Pictures, Warner Bros. Pictures",Richard Donner,"Mel Gibson, Danny Glover, Gary Busey, Mitchell Ryan, Tom Atkins"
2493,tt0093779,The Princess Bride,The Princess Bride,1987-09-25,16.9451,7.71,5288,"[12, 14, 10751]",en,16000000,30900000,99,"The Princess Bride, Buttercup Films, Act III Productions",Rob Reiner,"Cary Elwes, Robin Wright, Mandy Patinkin, Chris Sarandon, Christopher Guest"
88,tt0092890,Dirty Dancing,Dirty Dancing,1987-08-21,17.6646,7.321,6659,"[18, 10402, 10749]",en,6000000,214577242,100,"Great American Films Limited Partnership, Vestron Pictures",Emile Ardolino,"Jennifer Grey, Patrick Swayze, Jerry Orbach, Cynthia Rhodes, Jack Weston"
117,tt0094226,The Untouchables,The Untouchables,1987-06-03,15.5504,7.8,6321,"[80, 36, 53]",en,25000000,76270454,119,"Paramount Pictures, Linson Entertainment",Brian De Palma,"Kevin Costner, Sean Connery, Robert De Niro, Charles Martin Smith, Andy Garcia"
957,tt0094012,Spaceballs,Spaceballs,1987-06-24,23.5151,6.891,3548,"[35, 878]",en,22700000,38120460,96,"Metro-Goldwyn-Mayer, Brooksfilms",Mel Brooks,"Bill Pullman, Rick Moranis, Mel Brooks, John Candy, Daphne Zuniga"
5548,tt0093870,RoboCop,RoboCop,1987-07-17,14.0845,7.366,5945,"[28, 53, 878]",en,13000000,53424681,102,"Orion Pictures, Jon Davison Productions",Paul Verhoeven,"Peter Weller, Nancy Allen, Dan O'Herlihy, Ronny Cox, Kurtwood Smith"
1547,tt0093437,The Lost Boys,The Lost Boys,1987-07-31,10.5932,7.118,2391,"[27, 35, 53]",en,8500000,32222567,97,Warner Bros. Pictures,Joel Schumacher,"Jason Patric, Corey Haim, Dianne Wiest, Barnard Hughes, Edward Herrmann"
765,tt0092991,Evil Dead II,Evil Dead II,1987-03-13,11.0024,7.532,3654,"[27, 35, 14]",en,3500000,5932279,84,"Rosebud Releasing Corporation, Renaissance Pictures, The De Laurentiis Company",Sam Raimi,"Bruce Campbell, Sarah Berry, Dan Hicks, Kassie DePaiva, Ted Raimi"
96,tt0092644,Beverly Hills Cop II,Beverly Hills Cop II,1987-05-18,10.9934,6.535,2907,"[28, 35, 80]",en,28000000,299965036,103,"Eddie Murphy Productions, Paramount Pictures, Don Simpson/Jerry Bruckheimer Films",Tony Scott,"Eddie Murphy, Judge Reinhold, John Ashton, Jürgen Prochnow, Ronny Cox"
10023,tt0092925,Dragnet,Dragnet,1987-06-26,7.7315,5.992,566,"[28, 35, 80]",en,20000000,66700000,106,"Universal Pictures, Applied Action, Permut Presentations, Brillstein-Grey Entertainment",Tom Mankiewicz,"Dan Aykroyd, Tom Hanks, Christopher Plummer, Harry Morgan, Alexandra Paul"
865,tt0093894,The Running Man,The Running Man,1987-11-13,10.4418,6.541,2971,"[28, 53, 878]",en,27000000,38122105,101,"Braveworld Productions, Keith Barish Productions, Taft Entertainment Pictures",Paul Michael Glaser,"Arnold Schwarzenegger, Richard Dawson, María Conchita Alonso, Yaphet Kotto, Jim Brown"
746,tt0093389,The Last Emperor,The Last Emperor,1987-10-04,11.6629,7.6,1983,"[18, 36]",en,23800000,44000000,163,"Soprofilms, TAO Film, Yanco, Recorded Picture Company",Bernardo Bertolucci,"John Lone, Joan Chen, Peter O'Toole, Ruocheng Ying, Victor Wong"
708,tt0093428,The Living Daylights,The Living Daylights,1987-06-29,10.7898,6.552,2095,"[28, 12, 53]",en,40000000,191185897,130,"EON Productions, United Artists",John Glen,"Timothy Dalton, Maryam D'Abo, Joe Don Baker, Art Malik, John Rhys-Davies"
1825,tt0093692,Over the Top,Over the Top,1987-02-13,10.1316,6.467,1923,"[28, 18]",en,25000000,16057580,94,"The Cannon Group, Warner Bros. Pictures, Golan-Globus Productions",Menahem Golan,"Sylvester Stallone, Robert Loggia, Susan Blakely, Rick Zumwalt, David Mendenhall"
10998,tt0093010,Fatal Attraction,Fatal Attraction,1987-09-18,9.8655,6.8,1751,"[53, 18, 10749]",en,14000000,320145693,119,Paramount Pictures,Adrian Lyne,"Michael Douglas, Glenn Close, Anne Archer, Ellen Hamilton Latzen, Stuart Pankin"
11649,tt0093507,Masters of the Universe,Masters of the Universe,1987-08-07,8.8993,5.9,1172,"[28, 10751, 14, 12]",en,22000000,17336370,106,"Pressman Film, The Cannon Group, Golan-Globus Productions",Gary Goddard,"Dolph Lundgren, Frank Langella, Billy Barty, Jon Cypher, Courteney Cox"
9003,tt0093177,Hellraiser,Hellraiser,1987-09-11,8.8447,6.89,2988,"[27, 53]",en,1000000,14580380,93,"New World Pictures, Cinemarque Entertainment, Film Futures, Rivdel Films",Clive Barker,"Andrew Robinson, Clare Higgins, Ashley Laurence, Oliver Smith, Sean Chapman"
2609,tt0093748,"Planes, Trains and Automobiles","Planes, Trains and Automobiles",1987-11-26,8.5075,7.25,2308,[35],en,15000000,49500000,92,"Paramount Pictures, Hughes Entertainment",John Hughes,"Steve Martin, John Candy, Laila Robins, Michael McKean, Dylan Baker"
2614,tt0093260,Innerspace,Innerspace,1987-07-01,8.3929,6.827,1458,"[28, 35, 878]",en,27000000,25900000,120,"Amblin Entertainment, Warner Bros. Pictures, The Guber-Peters Company",Joe Dante,"Dennis Quaid, Martin Short, Meg Ryan, Kevin McCarthy, Fiona Lewis"
378,tt0093822,Raising Arizona,Raising Arizona,1987-03-13,8.3392,7.052,2409,"[35, 80]",en,6000000,29180280,94,Circle Films,Joel Coen,"Nicolas Cage, Holly Hunter, Trey Wilson, John Goodman, William Forsythe"
10673,tt0094291,Wall Street,Wall Street,1987-12-10,8.3347,7.164,2322,"[80, 18]",en,15000000,43900000,126,"20th Century Fox, Pressman Film",Oliver Stone,"Michael Douglas, Charlie Sheen, Martin Sheen, Daryl Hannah, John C. McGinley"
1167880,,The Scandalous History of the Empress,一代女皇艳史,1987-10-10,8.0336,0.0,0,[],zh,0,0,0,,Hsin Yen,"李丽英, 王惠玲, 吕玉君, 梁朝明, 涂鸿龙"
11411,tt0094074,Superman IV: The Quest for Peace,Superman IV: The Quest for Peace,1987-07-24,7.8853,4.599,1454,"[28, 12, 878]",en,17000000,36700000,90,"The Cannon Group, London-Cannon Films, Golan-Globus Productions, Warner Bros. Pictures",Sidney J. Furie,"Christopher Reeve, Margot Kidder, Gene Hackman, Mariel Hemingway, Jackie Cooper"
10023,tt0092925,Dragnet,Dragnet,1987-06-26,7.7315,5.992,566,"[28, 35, 80]",en,20000000,66700000,106,"Universal Pictures, Applied Action, Permut Presentations, Brillstein-Grey Entertainment",Tom Mankiewicz,"Dan Aykroyd, Tom Hanks, Christopher Plummer, Harry Morgan, Alexandra Paul"
10110,tt0092965,Empire of the Sun,Empire of the Sun,1987-12-09,7.6109,7.5,2200,"[18, 36, 10752]",en,35000000,66700000,153,"Warner Bros. Pictures, Amblin Entertainment",Steven Spielberg,"Christian Bale, John Malkovich, Miranda Richardson, Nigel Havers, Joe Pantoliano"
580,tt0093300,Jaws: The Revenge,Jaws: The Revenge,1987-07-17,7.5761,4.1,1210,"[12, 53, 27]",en,23000000,51881012,89,Universal Pictures,Joseph Sargent,"Lorraine Gary, Lance Guest, Mario Van Peebles, Michael Caine, Karen Young"
108083,tt0093789,Bizarre,Profumo,1987-01-16,7.426,4.8,30,"[18, 53]",it,0,0,98,Metrofilm,Giuliana Gamba,"Florence Guérin, Luciano Bartoli, Robert Egon, Stefano Sabelli, Giuliano Sestili"
10587,tt0093756,Police Academy 4: Citizens on Patrol,Police Academy 4: Citizens on Patrol,1987-04-02,7.4099,5.519,1317,"[35, 80]",en,17000000,76800000,88,Warner Bros. Pictures,Jim Drake,"Steve Guttenberg, Bubba Smith, Michael Winslow, David Graf, Tim Kazurinsky"
2039,tt0093565,Moonstruck,Moonstruck,1987-12-16,7.3916,6.84,1140,"[35, 18, 10749]",en,15000000,122100000,102,"Star Partners, Metro-Goldwyn-Mayer, Patrick Palmer & Norman Jewison Productions",Norman Jewison,"Cher, Nicolas Cage, Vincent Gardenia, Olympia Dukakis, Danny Aiello"
10780,tt0093693,Overboard,Overboard,1987-12-16,7.2939,6.846,1037,"[35, 10749]",en,22000000,26700000,112,"Star Partners, Hawn / Sylbert Movie Company, Metro-Goldwyn-Mayer",Garry Marshall,"Goldie Hawn, Kurt Russell, Edward Herrmann, Mike Hagerty, Katherine Helmond"
30421,tt0093978,A Chinese Ghost Story,倩女幽魂,1987-07-18,7.0785,7.32,352,"[14, 28]",cn,1250000,0,95,"Film Workshop, Golden Princess Film Productions, Cinema City Company Limited",Tony Ching Siu-Tung,"Leslie Cheung, Joey Wong, Wu Ma, Lau Siu-Ming, David Lam Wai"
801,tt0093105,"Good Morning, Vietnam","Good Morning, Vietnam",1987-12-23,7.0464,7.303,3099,"[35, 18, 10752]",en,13000000,123922370,121,"Touchstone Pictures, Silver Screen Partners III",Barry Levinson,"Robin Williams, Forest Whitaker, Tom T. Tran, Chintara Sukapatana, Bruno Kirby"
635,tt0092563,Angel Heart,Angel Heart,1987-03-06,6.5365,7.119,1798,"[27, 9648]",en,17000000,17185954,113,"Winkast Film Productions, Union, Carolco Pictures",Alan Parker,"Mickey Rourke, Robert De Niro, Lisa Bonet, Charlotte Rampling, Stocker Fontelieu"
144,tt0093191,Wings of Desire,Der Himmel über Berlin,1987-09-23,6.4093,7.764,1535,"[18, 14, 10749]",de,2500000,3548590,128,"Road Movies, Argos films, WDR, Wim Wenders Stiftung",Wim Wenders,"Bruno Ganz, Solveig Dommartin, Otto Sander, Curt Bois, Peter Falk"
949734,tt3535222,Hādo reipu,ハードレイプ,1987-01-05,6.4034,0.0,0,"[18, 27]",ja,0,0,65,"Nikkatsu Corporation, Rolling 21",Yukio Kitazawa,"Tomomi Segawa, Ai Kobayashi, Kazuyo Ezaki, Reina Fujii, Katsuko Takahara"
6069,tt0094332,The Witches of Eastwick,The Witches of Eastwick,1987-06-12,6.2648,6.5,1616,"[35, 14, 27]",en,22000000,63766510,118,"Warner Bros. Pictures, The Guber-Peters Company",George Miller,"Jack Nicholson, Cher, Susan Sarandon, Michelle Pfeiffer, Veronica Cartwright"
11879,tt0093605,Near Dark,Near Dark,1987-10-02,6.1847,6.833,912,[27],en,5000000,3400000,94,"DEG, F/M, Near Dark Joint Venture",Kathryn Bigelow,"Adrian Pasdar, Jenny Wright, Lance Henriksen, Bill Paxton, Jenette Goldstein"
21521,tt0092501,Project A - Part II,A計劃續集,1987-07-25,6.0159,7.122,353,"[28, 35]",cn,0,18681490,105,"Golden Way Films, Towa Productions, Paragon Films, Golden Harvest Productions",Jackie Chan,"Jackie Chan, Maggie Cheung, Rosamund Kwan Chi-Lam, Carina Lau, David Lam Wai"
10083,tt0093640,No Way Out,No Way Out,1987-08-14,5.9145,6.856,848,"[53, 18]",en,15000000,35509515,114,Orion Pictures,Roger Donaldson,"Kevin Costner, Gene Hackman, Sean Young, Will Patton, Howard Duff"
8989,tt0093148,Harry and the Hendersons,Harry and the Hendersons,1987-06-05,5.7024,6.116,768,"[35, 10751, 14]",en,10000000,49998613,110,"Amblin Entertainment, Universal Pictures",William Dear,"John Lithgow, Melinda Dillon, Kevin Peter Hall, Margaret Langrick, Joshua Rudoy"
12919,tt0092718,Can't Buy Me Love,Can't Buy Me Love,1987-08-14,5.6847,6.9,734,"[35, 10749]",en,1800000,31623833,94,"Apollo Pictures, Touchstone Pictures, The Mount Company, Silver Screen Partners III",Steve Rash,"Patrick Dempsey, Amanda Peterson, Courtney Gains, Tina Caspary, Seth Green"
11548,tt0092494,*batteries not included,*batteries not included,1987-12-18,5.6543,6.744,835,"[10751, 35, 14, 878]",en,25000000,65088797,107,"Amblin Entertainment, Universal Pictures",Matthew Robbins,"Hume Cronyn, Jessica Tandy, Frank McRae, Elizabeth Peña, Michael Carmine"
357469,tt0206258,Rádio Pirata,Rádio Pirata,1987-01-01,5.5292,5.3,10,[12],pt,0,0,76,"Yan Arte e Comunicação, Embrafilme",Lael Rodrigues,"Lídia Brondi, Jayme Periard, Ewerton de Castro, Oswaldo Loureiro, Maria Zilda Bethlem"
12476,tt0093185,The Hidden,The Hidden,1987-10-30,5.5044,6.891,515,"[28, 878, 27]",en,5000000,9747988,97,"Third Elm Street Venture, Heron Communications, Mega Entertainment, New Line Cinema",Jack Sholder,"Kyle MacLachlan, Michael Nouri, Ed O'Ross, Claudia Christian, William Boyett"
18305,tt0094357,A Better Tomorrow II,英雄本色2,1987-12-17,5.4943,7.084,328,"[28, 80, 53]",cn,0,2904714,104,"Film Workshop, Cinema City Company Limited",John Woo,"Ti Lung, Leslie Cheung, Dean Shek Tin, Chow Yun-Fat, Guan Shan"
11896,tt0094142,Throw Momma from the Train,Throw Momma from the Train,1987-12-11,5.4244,6.153,681,"[35, 80, 53]",en,14000000,57915972,88,Orion Pictures,Danny DeVito,"Danny DeVito, Billy Crystal, Kim Greist, Anne Ramsey, Kate Mulgrew"
14367,tt0092513,Adventures in Babysitting,Adventures in Babysitting,1987-07-01,5.4027,6.873,792,[35],en,7000000,34368475,102,"Silver Screen Partners III, Touchstone Pictures",Chris Columbus,"Elisabeth Shue, Keith Coogan, Maia Brewton, Anthony Rapp, John Davis Chandler"
10021,tt0093936,The Secret of My Success,The Secret of My Success,1987-04-10,5.3964,6.5,717,[35],en,12000000,110996879,111,"Universal Pictures, Rastar Productions",Herbert Ross,"Michael J. Fox, Helen Slater, Richard Jordan, Margaret Whitton, John Pankow"
26371,tt0093512,Maurice,Maurice,1987-09-18,5.3717,7.611,633,"[18, 10749]",en,2600000,2438304,140,"Merchant Ivory Productions, Cinecom Pictures, Maurice Productions, Film Four International",James Ivory,"James Wilby, Hugh Grant, Rupert Graves, Denholm Elliott, Simon Callow"
19933,tt0092695,The Brave Little Toaster,The Brave Little Toaster,1987-07-09,5.3436,6.9,495,"[16, 12, 14, 10751]",en,2300000,2300000,90,"The Kushner-Locke Company, Hyperion Pictures",Jerry Rees,"Deanna Oliver, Jon Lovitz, Timothy Stack, Phil Hartman, Timothy E. Day"
10019,tt0093493,Mannequin,Mannequin,1987-02-13,5.3365,6.9,850,"[35, 10749, 14]",en,6000000,42700000,89,"Gladden Entertainment, 20th Century Fox",Michael Gottlieb,"Andrew McCarthy, Kim Cattrall, Estelle Getty, James Spader, G.W. Bailey"
12154,tt0094137,3 Men and a Baby,3 Men and a Baby,1987-11-27,5.2001,6.173,1136,[35],en,11000000,242780960,102,"Touchstone Pictures, Interscope Communications, Silver Screen Partners III",Leonard Nimoy,"Tom Selleck, Steve Guttenberg, Ted Danson, Margaret Colin, Celeste Holm"
26263,tt0092857,Death Wish 4: The Crackdown,Death Wish 4: The Crackdown,1987-06-11,5.1708,5.7,363,"[80, 28, 53, 18]",en,5000000,6880310,99,"The Cannon Group, Golan-Globus Productions",J. Lee Thompson,"Charles Bronson, Kay Lenz, John P. Ryan, Perry Lopez, George Dickerson"
10081,tt0093780,The Principal,The Principal,1987-09-18,5.17,6.45,317,"[28, 12, 80, 18]",en,11000000,19734940,109,"ML Delphi Premier Productions, TriStar Pictures, Dorica Film",Christopher Cain,"Jim Belushi, Louis Gossett Jr., Rae Dawn Chong, Kelly Jo Minter, Michael Wright"
131304,tt0093028,Firehouse,Firehouse,1987-08-01,5.082,3.8,20,[35],en,0,0,91,,J. Christian Ingvordsen,"Gianna Ranaudo, Martha Peterson, Renee Raiford, Gideon Fountain, Peter MacKenzie"
8852,tt0093777,Prince of Darkness,Prince of Darkness,1987-10-23,5.002,6.768,1191,[27],en,3000000,14182492,102,"Alive Films, Larry Franco Productions",John Carpenter,"Donald Pleasence, Lisa Blount, Victor Wong, Jameson Parker, Dennis Dun"
13509,tt0093560,The Monster Squad,The Monster Squad,1987-08-14,4.9772,6.716,665,"[35, 28, 14]",en,12000000,3769990,82,"Keith Barish Productions, Taft Entertainment Pictures",Fred Dekker,"André Gower, Robby Kiger, Stephen Macht, Duncan Regehr, Tom Noonan"
16620,tt0093378,La Bamba,La Bamba,1987-07-24,4.966,7.28,831,"[18, 10402]",en,6500000,54215416,108,"New Visions Pictures, Columbia Pictures",Luis Valdez,"Lou Diamond Phillips, Danielle von Zerneck, Elizabeth Peña, Rosanna DeSoto, Esai Morales"
4918,tt0093044,The Fourth Protocol,The Fourth Protocol,1987-03-20,4.954,6.3,213,"[28, 53]",en,6000000,12423831,119,The Rank Organisation,John Mackenzie,"Michael Caine, Pierce Brosnan, Ned Beatty, Joanna Cassidy, Julian Glover"
19345,tt0090738,Black Widow,Black Widow,1987-02-06,4.8289,6.172,236,[53],en,10500000,25205460,102,"American Entertainment Partners L.P., Amercent Films, 20th Century Fox",Bob Rafelson,"Debra Winger, Theresa Russell, Sami Frey, Dennis Hopper, Nicol Williamson"
410119,tt0345219,Yu Pui Tsuen II,足本玉蒲團,1987-10-15,4.8145,5.4,28,"[18, 14, 10749]",cn,0,0,90,,Ho Fan,"邓耀辉, Cheng Yuen-Man, Chou Ying-Ti, Eliza Yue Chi-Wai, Sun Chien"
39145,tt0142249,Dragon Ball: Sleeping Princess in Devil's Castle,ドラゴンボール 魔神城のねむり姫,1987-07-18,4.7679,6.684,335,"[28, 16, 14, 27]",ja,0,0,45,Toei Animation,Daisuke Nishio,"Masako Nozawa, Mayumi Tanaka, Nachi Nozawa, Hiromi Tsuru, Toru Furuya"
11215,tt0092605,Baby Boom,Baby Boom,1987-10-07,4.618,6.404,426,"[18, 35, 10749]",en,15000000,26712476,110,"United Artists, The Meyers/Shyer Company, Metro-Goldwyn-Mayer",Charles Shyer,"Diane Keaton, Sam Shepard, Harold Ramis, Kristina Kennedy, Michelle Kennedy"
239416,tt0093535,My First 40 Years,I miei primi 40 anni,1987-11-05,4.6033,3.425,20,[35],it,0,0,107,"C.G. Silver Film, Reteitalia",Carlo Vanzina,"Carol Alt, Elliott Gould, Jean Rochefort, Pierre Cosso, Capucine"
13446,tt0094336,Withnail & I,Withnail & I,1987-06-19,4.5917,7.2,641,"[35, 18]",en,0,1544889,108,"Handmade Films, Cineplex-Odeon Films",Bruce Robinson,"Richard E. Grant, Paul McGann, Richard Griffiths, Ralph Brown, Michael Elphick"
634820,tt0427284,Geri Dön,Geri Dön,1987-09-04,4.582,7.0,1,[],tr,0,0,0,,Orhan Elmas,"Hülya Avşar, Reha Yeprem, Efgan Efekan, Cem Erman"
13703,tt0093407,Less Than Zero,Less Than Zero,1987-11-06,4.5819,6.402,312,"[18, 80]",en,8000000,12396383,98,"Amercent Films, American Entertainment Partners L.P., 20th Century Fox, The Avnet/Kerner Company",Marek Kanievska,"Andrew McCarthy, Jami Gertz, Robert Downey Jr., James Spader, Tony Bill"
350812,tt0263814,Ten Women,On Kadın,1987-07-22,4.55,7.0,1,[18],tr,0,0,98,Uzman Film,Şerif Gören,"Türkan Şoray, Erdal Özyağcılar, Bilâl İnci, Hale Akınlı, Gülsen Tuncer"
20115,tt0093677,Opera,Opera,1987-12-19,4.5495,6.7,543,"[27, 9648, 53]",it,8000000,0,107,"ADC Films, Cecchi Gori Group Tiger Cinematografica, C.G. Silver Film",Dario Argento,"Cristina Marsillach, Ian Charleson, Urbano Barberini, Daria Nicolodi, Coralina Cataldi-Tassoni"
219598,tt0094091,Giddy Vacations,Szeleburdi vakáció,1987-03-31,4.5107,8.0,3,"[12, 35, 10751]",hu,0,0,73,Mafilm,György Palásthy,"Miklós Benedek, Mari Kiss, Ida Turay, Ida Turay, György Miklósy"
46079,tt0224038,Rusted Body,拷問貴婦人,1987-06-20,4.4757,4.9,13,"[878, 27]",ja,0,0,70,June Theater,Kazuo Komizu,"Keiko Asano, Saeko Kizuki, Ayu Kiyokawa, Hitomi Kazama, Isao Nonaka"
125157,tt0091002,"Eleven Days, Eleven Nights","Undici giorni, undici notti",1987-03-27,4.4247,5.106,47,"[18, 10749]",it,0,0,101,Filmirage,Joe D'Amato,"Jessica Moore, Joshua McDonald, Wanja Mary Sellers, Tom Mojack, David Brandon"
472935,tt0093707,Pasión lejana,Pasión lejana,1987-11-23,4.3623,6.0,3,[53],es,0,0,0,"Varna Visual, CYRK, FICC, Manderley S.C.C.L., Oberón Cinematográfica",Jesús Garay,"Patricia Adriani, Juanjo Puigcorbé, Àngel Jové, Rosa Novell, Remei Barrio"
25155,tt0094035,The Stepfather,The Stepfather,1987-01-23,4.2869,6.545,389,"[27, 53]",en,1200000,2488740,89,"ITC Entertainment, New Century Vista Film Company",Joseph Ruben,"Terry O'Quinn, Jill Schoelen, Shelley Hack, Charles Lanyer, Stephen Shellen"
16288,tt0092796,Creepshow 2,Creepshow 2,1987-05-01,4.2241,6.2,671,"[27, 35, 14]",en,3500000,14000000,92,"New World Pictures, Laurel Entertainment, RLJ Entertainment",Michael Gornick,"Lois Chiles, George Kennedy, Dorothy Lamour, Daniel Beer, Jeremy Green"
11832,tt0092603,Babette's Feast,Babettes gæstebud,1987-08-11,4.2211,7.189,453,"[18, 36, 35]",da,0,4398938,104,"Rungstedlundfonden, Det Danske Filminstitut, Nordisk Film Denmark, Panorama-Film",Gabriel Axel,"Stéphane Audran, Bodil Kjer, Birgitte Federspiel, Jarl Kulle, Jean-Philippe Lafont"
248106,,Strange Moonlight,Dīvainā mēnessgaisma,1987-02-02,4.2185,0.0,0,[10749],lv,0,0,83,Rīgas kinostudija,Gunārs Cilinskis,"Ilga Tomase, Karlis Zusmanis, Rihards Zihmanis, Valdemārs Zandbergs, Dace Bonāte"
10652,tt0093137,Hamburger Hill,Hamburger Hill,1987-08-07,4.1808,6.579,526,"[10752, 28, 18]",en,0,13839404,110,RKO Pictures,John Irvin,"Dylan McDermott, Steven Weber, Tim Quill, Michael Boatman, Anthony Barrile"
27551,tt0092615,The Barbarians,The Barbarians,1987-03-20,4.1498,5.434,158,"[12, 14, 28]",en,4000000,800000,87,"The Cannon Group, Golan-Globus Productions, Cannon Italia Srl",Ruggero Deodato,"Peter Paul, David Paul, Richard Lynch, Eva LaRue, Virginia Bryant"
30484,tt0094298,Warrior Queen,Warrior Queen,1987-01-26,4.1426,3.7,40,"[28, 36, 12]",en,0,0,79,Lightning Pictures Inc.,Chuck Vincent,"Sybil Danning, Donald Pleasence, Rick Hill, Josephine Jacqueline Jones, Tally Chanel"
66370,tt0319621,Kaadhal Parisu,Kaadhal Parisu,1987-01-14,4.1381,6.0,2,"[28, 10749]",ta,0,0,0,,A. Jagannathan,"Kamal Haasan, Radha, Ambika, Janagaraj, Kovai Sarala"
723369,,Sulev Nõmmik,Sulev Nõmmik,1987-11-20,4.1105,0.0,0,[99],et,0,0,29,Tallinn television studio,Evald Hermaküla,
1546968,,Así vamos,Así vamos,1987-06-06,4.1067,0.0,0,[99],es,0,0,0,,Maida Moubayed,
11584,tt0093886,Roxanne,Roxanne,1987-06-19,4.0789,6.432,717,"[35, 10749]",en,12000000,40050884,107,"L.A. Films, Columbia Pictures, IndieProd Company Productions",Fred Schepisi,"Steve Martin, Daryl Hannah, Rick Rossovich, Shelley Duvall, John Kapelos"
12506,tt0092804,Cry Freedom,Cry Freedom,1987-11-06,4.064,6.996,239,[18],en,29000000,25900000,157,"Universal Pictures, Marble Arch Productions",Richard Attenborough,"Kevin Kline, Denzel Washington, Penelope Wilton, Kate Hardie, John Matshikiza"
918,tt0092666,Blind Date,Blind Date,1987-03-27,4.0532,6.004,558,"[35, 10749]",en,18000000,39321715,95,"Permut Presentations, TriStar Pictures, Blake Edwards Entertainment, Delphi V, ML Delphi Premier Productions",Blake Edwards,"Kim Basinger, Bruce Willis, John Larroquette, William Daniels, George Coe"
4043,tt0093412,Law of Desire,La ley del deseo,1987-02-07,4.0126,7.089,338,"[18, 10749, 53, 35]",es,600000,1400000,102,"Laurenfilm, El Deseo",Pedro Almodóvar,"Eusebio Poncela, Carmen Maura, Antonio Banderas, Miguel Molina, Fernando Guillén"
60041,tt0094317,White Mischief,White Mischief,1987-11-10,3.9883,6.089,62,"[18, 10749, 53]",en,5300000,0,107,"Goldcrest Films International, Nelson Entertainment, Power Tower Investments, Umbrella Films",Michael Radford,"Greta Scacchi, Charles Dance, Joss Ackland, Sarah Miles, John Hurt"
86483,tt0092652,Big Bad Mama II,Big Bad Mama II,1987-10-01,3.9744,4.8,25,"[28, 35, 80]",en,1200000,0,83,"New Horizons, Concorde Pictures",Jim Wynorski,"Angie Dickinson, Robert Culp, Danielle Brisebois, Julie McCullough, Jeff Yagher"
354181,tt0158001,Les Misérables,Les Misérables,1987-01-01,3.9306,7.5,2,[],de,0,0,2,,Mara Mattuschka,
15658,tt0093036,Flowers in the Attic,Flowers in the Attic,1987-11-20,3.9291,6.294,221,"[18, 9648, 53, 27]",en,0,15151736,93,Fries Entertainment Films,Jeffrey Bloom,"Louise Fletcher, Victoria Tennant, Kristy Swanson, Jeb Stuart Adams, Ben Ryan Ganger"
24787,tt0189070,Scooby-Doo! Meets the Boo Brothers,Scooby-Doo! Meets the Boo Brothers,1987-10-18,3.912,7.338,272,"[16, 10751, 10770, 9648, 35]",en,0,0,93,Hanna-Barbera Cartoons,"Paul Sommer, Carl Urbano","Don Messick, Casey Kasem, Sorrell Booke, William Callaway, Victoria Carroll"
25678,tt0092548,American Ninja 2: The Confrontation,American Ninja 2: The Confrontation,1987-05-01,3.909,5.557,341,[28],en,350000,4000000,90,"The Cannon Group, Golan-Globus Productions",Sam Firstenberg,"Michael Dudikoff, Steve James, Larry Poindexter, Mike Stone, Jeff Celentano"
12623,tt0094082,Suspect,Suspect,1987-10-23,3.8801,6.576,256,"[80, 18, 53]",en,0,18782400,121,"ML Delphi Premier Productions, TriStar Pictures",Peter Yates,"Cher, Dennis Quaid, Liam Neeson, John Mahoney, Joe Mantegna"
33851,tt0093771,A Prayer for the Dying,A Prayer for the Dying,1987-09-11,3.8776,5.882,119,"[80, 18, 28, 53]",en,6000000,1432687,107,The Samuel Goldwyn Company,Mike Hodges,"Mickey Rourke, Bob Hoskins, Alan Bates, Sammi Davis, Christopher Fulford"
6917,tt0093075,The Gate,The Gate,1987-04-21,3.8771,6.096,434,"[27, 14]",en,2500000,13539458,86,"New Century Entertainment Corporation, The Vista Organization, Alliance Entertainment",Tibor Takács,"Stephen Dorff, Christa Denton, Louis Tripp, Kelly Rowan, Jennifer Irwin"
32076,tt0092632,The Believers,The Believers,1987-06-09,3.8688,5.9,192,"[27, 9648, 53]",en,13000000,18753438,114,Orion Pictures,John Schlesinger,"Martin Sheen, Helen Shaver, Harley Cross, Robert Loggia, Elizabeth Wilson"
21453,tt0098692,Wicked City,妖獣都市,1987-04-19,3.8607,6.711,296,"[16, 14, 27]",ja,0,0,82,"Madhouse, Japan Home Video",Yoshiaki Kawajiri,"Yusaku Yara, Toshiko Fujita, Ichiro Nagai, Takeshi Aono, Mari Yokoo"
4365,tt0093582,Munchies,Munchies,1987-03-01,3.8123,4.8,75,"[35, 27, 878]",en,0,0,87,"Concorde Pictures, New Horizons Picture",Tina Hirsch,"Harvey Korman, Charlie Stratton, Nadine Van der Velde, Alix Elias, Charlie Phillips"
34379,tt0093638,No Man's Land,No Man's Land,1987-10-23,3.778,5.982,114,"[28, 18, 80]",en,8000000,2877571,106,Orion Pictures,Peter Werner,"Charlie Sheen, D. B. Sweeney, Lara Harris, Randy Quaid, Bill Duke"
12626,tt0092699,Broadcast News,Broadcast News,1987-12-16,3.7461,6.785,481,"[35, 10749]",en,20000000,67330500,133,"Amercent Films, American Entertainment Partners L.P., Gracie Films, 20th Century Fox",James L. Brooks,"Holly Hunter, William Hurt, Albert Brooks, Robert Prosky, Lois Chiles"
3543,tt0095801,Bagdad Cafe,Out of Rosenheim,1987-11-12,3.7052,7.188,447,"[35, 18]",de,0,3732660,108,"Pro-ject Filmproduktion, Pelemele Film, BR, HR",Percy Adlon,"Marianne Sägebrecht, CCH Pounder, Jack Palance, Christine Kaufmann, Monica Calhoun"
85154,tt0093379,Lady Beware,Lady Beware,1987-08-14,3.7037,5.286,28,"[10749, 53, 27, 80]",en,0,169666,112,"International Video Entertainment (IVE), Scotti Brothers Pictures",Karen Arthur,"Diane Lane, Michael Woods, Cotter Smith, Tyra Ferrell, Peter Nevargic"
10072,tt0093629,A Nightmare on Elm Street 3: Dream Warriors,A Nightmare on Elm Street 3: Dream Warriors,1987-02-27,3.689,6.725,2110,"[27, 53, 14]",en,4450000,44793222,96,"New Line Cinema, Smart Egg Pictures, Heron Communications",Chuck Russell,"Heather Langenkamp, Craig Wasson, Patricia Arquette, Robert Englund, Ken Sagoes"
10937,tt0092618,Barfly,Barfly,1987-09-02,3.6782,6.879,400,"[35, 18, 10749]",en,3000000,3221568,100,"Golan-Globus Productions, The Cannon Group, American Zoetrope",Barbet Schroeder,"Mickey Rourke, Faye Dunaway, Alice Krige, Jack Nance, J.C. Quinn"
1786,tt0092593,Au Revoir les Enfants,Au revoir les enfants,1987-10-07,3.6708,7.526,750,"[18, 10752]",fr,3000000,4542825,105,"Nouvelles Éditions de Films, Stella Film, N.E.F. Filmproduktion, MK2 Productions",Louis Malle,"Gaspard Manesse, Raphael Fejtö, Francine Racette, Stanislas Carré de Malberg, Philippe Morier-Genoud"
15582,tt0094118,Teen Wolf Too,Teen Wolf Too,1987-11-20,3.656,4.17,241,"[35, 14, 10751]",en,3000000,7900000,95,Atlantic Entertainment Group,Christopher Leitch,"Jason Bateman, Kim Darby, John Astin, Paul Sand, Mark Holton"
31945,tt0093966,The Sicilian,The Sicilian,1987-10-07,3.6458,5.194,152,"[18, 80, 53]",en,9000000,5406879,116,Gladden Entertainment,Michael Cimino,"Christopher Lambert, Terence Stamp, Joss Ackland, John Turturro, Richard Bauer"
206952,,A Man of a Retinue,Svītas cilvēks,1987-07-12,3.6357,8.0,2,[18],lv,0,0,91,Rīgas kinostudija,Andris Rozenbergs,"Andrey Ilin, Vija Artmane, Valentina Telichkina, Dalvin Shcherbakov, Ernst Romanov"
17258,tt0093737,The Pick-up Artist,The Pick-up Artist,1987-09-18,3.6328,5.655,207,"[10749, 35, 80]",en,15000000,13290368,81,"Amercent Films, American Entertainment Partners L.P., 20th Century Fox",James Toback,"Molly Ringwald, Robert Downey Jr., Dennis Hopper, Danny Aiello, Mildred Dunnock"
42012,tt0097991,"No Retreat, No Surrender 2: Raging Thunder","No Retreat, No Surrender 2: Raging Thunder",1987-11-05,3.6307,6.0,125,"[28, 12]",en,0,108154,104,"Seasonal Film Corporation, Shapiro-Glickenhaus Entertainment",Corey Yuen,"Loren Avedon, Cynthia Rothrock, Max Thayer, Matthias Hues, Hwang Jang-Lee"
960821,tt3400652,Kick AIDS Away: The Pink Crazy Girl,エイズをぶっ飛ばせ　桃色プッツン娘,1987-04-15,3.6193,2.0,2,"[35, 14]",ja,0,0,66,"Nikkatsu Corporation, Shishi Production",Mototsugu Watanabe,"Mako Takigawa, Kyoko Hashimoto, Asami Yamaguchi, Yukijiro Hotaru, Yutaka Ikejima"
35151,tt0093175,Hello Again,Hello Again,1987-11-06,3.6125,5.748,101,"[14, 35, 10749]",en,0,20419446,96,Touchstone Pictures,Frank Perry,"Shelley Long, Judith Ivey, Gabriel Byrne, Corbin Bernsen, Sela Ward"
22172,tt0094057,Street Trash,Street Trash,1987-02-22,3.6043,6.113,341,"[35, 27]",en,0,0,100,Street Trash Joint Venture,J. Michael Muro,"Mike Lackey, Bill Chepil, Vic Noto, Mark Sferrazza, Jane Arakawa"
14671,tt0094072,Summer School,Summer School,1987-07-22,3.5895,6.395,286,[35],en,0,35114428,97,Paramount Pictures,Carl Reiner,"Mark Harmon, Kirstie Alley, Robin Thomas, Patrick Labyorteaux, Courtney Thorne-Smith"
10072,tt0093629,A Nightmare on Elm Street 3: Dream Warriors,A Nightmare on Elm Street 3: Dream Warriors,1987-02-27,3.689,6.725,2110,"[27, 53, 14]",en,4450000,44793222,96,"New Line Cinema, Smart Egg Pictures, Heron Communications",Chuck Russell,"Heather Langenkamp, Craig Wasson, Patricia Arquette, Robert Englund, Ken Sagoes"
28368,tt0093073,Gardens of Stone,Gardens of Stone,1987-05-05,3.4485,6.153,131,"[10752, 18, 36]",en,13500000,5262047,111,"TriStar Pictures, Michael I. Levy Productions, American Zoetrope, ML Delphi Premier Productions",Francis Ford Coppola,"James Caan, Anjelica Huston, James Earl Jones, D. B. Sweeney, Dean Stockwell"
133394,tt0090697,Banana Skin Waltz,Banánhéjkeringö,1987-02-19,3.0898,6.667,3,"[18, 35]",hu,0,0,107,Hunnia Filmstúdió,"Péter Bacsó, Tamás Tolmár","Dorottya Udvaros, Mihály Dés, Juli Básti, Teri Tordai, György Melis"
31176,tt0313573,Selamsız's Band,Selamsız Bandosu,1987-09-04,3.3201,7.6,40,[35],tr,0,0,107,Erler Film,Nesli Çölgeçen,"Şener Şen, Ali Uyandıran, Üstün Asutay, Güzin Çorağan, Uğur Yücel"
15785,tt0092746,Cherry 2000,Cherry 2000,1987-11-10,3.2895,5.939,286,"[28, 12, 878]",en,10000000,14000,99,"Orion Pictures, ERP Productions",Steve De Jarnatt,"Melanie Griffith, David Andrews, Pamela Gidley, Ben Johnson, Marshall Bell"
28448,tt0096409,Walker,Walker,1987-12-04,3.1747,6.451,92,"[18, 36, 10752]",en,5800000,257043,95,"Incine, Northern, Walker Films Limited, Universal Pictures",Alex Cox,"Ed Harris, Richard Masur, René Auberjonois, Keith Szarabajka, Sy Richardson"
16288,tt0092796,Creepshow 2,Creepshow 2,1987-05-01,4.2241,6.2,671,"[27, 35, 14]",en,3500000,14000000,92,"New World Pictures, Laurel Entertainment, RLJ Entertainment",Michael Gornick,"Lois Chiles, George Kennedy, Dorothy Lamour, Daniel Beer, Jeremy Green"
76143,tt0093591,Pirates of the Lake,Mälarpirater,1987-02-25,2.909,6.0,7,"[12, 18, 10751]",sv,0,0,103,"Svenska Filminstitutet, Sandrews, FilmTeknik, SVT",Allan Edwall,"Gustav Ljungberg, Kristian Almgren, Jonas Eriksson, Björn Gustafson, Peter Stormare"
42120,tt0093435,City on Fire,龍虎風雲,1987-02-13,3.1836,6.951,183,"[28, 12, 80, 53]",cn,0,2543700,105,Cinema City Company Limited,Ringo Lam Ling-Tung,"Chow Yun-Fat, Sun Yueh, Danny Lee Sau-Yin, Carrie Ng Ka-Lai, Roy Cheung Yiu-Yeung"
10859,tt0094025,Stakeout,Stakeout,1987-08-05,2.702,6.486,468,"[28, 35, 10749]",en,14500000,65673233,116,"Silver Screen Partners II, Touchstone Pictures",John Badham,"Richard Dreyfuss, Emilio Estevez, Madeleine Stowe, Aidan Quinn, Dan Lauria"
35151,tt0093175,Hello Again,Hello Again,1987-11-06,3.6125,5.748,101,"[14, 35, 10749]",en,0,20419446,96,Touchstone Pictures,Frank Perry,"Shelley Long, Judith Ivey, Gabriel Byrne, Corbin Bernsen, Sela Ward"
1495452,,Viedma hoy,Viedma hoy,1987-12-31,2.8605,0.0,0,"[99, 36]",es,0,0,6,Boleto Oficial Cinematográfico,Gustavo Mosquera R.,Raúl Alfonsín
3543,tt0095801,Bagdad Cafe,Out of Rosenheim,1987-11-12,3.7052,7.188,447,"[35, 18]",de,0,3732660,108,"Pro-ject Filmproduktion, Pelemele Film, BR, HR",Percy Adlon,"Marianne Sägebrecht, CCH Pounder, Jack Palance, Christine Kaufmann, Monica Calhoun"
49712,tt0093489,Man on Fire,Man on Fire,1987-09-04,3.4423,5.676,88,"[18, 53]",en,0,0,93,"Sept Films Cinéma, Cima Produzioni, Embassy International Pictures",Élie Chouraqui,"Scott Glenn, Jade Malle, Brooke Adams, Jonathan Pryce, Danny Aiello"
1786,tt0092593,Au Revoir les Enfants,Au revoir les enfants,1987-10-07,3.6708,7.526,750,"[18, 10752]",fr,3000000,4542825,105,"Nouvelles Éditions de Films, Stella Film, N.E.F. Filmproduktion, MK2 Productions",Louis Malle,"Gaspard Manesse, Raphael Fejtö, Francine Racette, Stanislas Carré de Malberg, Philippe Morier-Genoud"
37530,tt0093220,House II: The Second Story,House II: The Second Story,1987-05-14,3.3684,5.572,284,"[14, 27, 35]",en,3000000,10000000,88,"Sean S. Cunningham Films, New World Pictures",Ethan Wiley,"Arye Gross, Jonathan Stark, Royal Dano, Bill Maher, John Ratzenberger"
10937,tt0092618,Barfly,Barfly,1987-09-02,3.6782,6.879,400,"[35, 18, 10749]",en,3000000,3221568,100,"Golan-Globus Productions, The Cannon Group, American Zoetrope",Barbet Schroeder,"Mickey Rourke, Faye Dunaway, Alice Krige, Jack Nance, J.C. Quinn"
49964,tt0093342,Where Is The Friend's House?,خانه‌ی دوست کجاست؟,1987-07-01,3.3438,7.92,451,"[18, 12]",fa,0,0,83,"Kanoon, Farabi Cinema",Abbas Kiarostami,"Babek Ahmadpour, Ahmed Ahmadpour, Kheda Barech Defai, Iran Outari, Ait Ansari"
27786,tt0094033,Steel Dawn,Steel Dawn,1987-11-06,3.1277,5.045,132,"[28, 12, 878]",en,3520000,562187,97,"Toron Screen Corporation, Vestron Pictures, Independent Film Centre, Silver Lion Films",Lance Hool,"Patrick Swayze, Lisa Niemi, Anthony Zerbe, Christopher Neame, Brion James"
129332,tt0091727,Party Camp,Party Camp,1987-06-19,3.5687,4.333,9,[35],en,0,0,96,"Alimar Productions, Thunder Pictures",Gary Graver,"Andrew Ross, Kerry Wall, Dean R. Miller, Billy Jayne, Jewel Shepard"
1484991,,First Night,花女情深,1987-01-01,3.4017,0.0,0,[],zh,0,0,0,,,"Hung Choi-Ling, Lin Bao-Cheng"
26939,tt0093811,The Quick and the Dead,The Quick and the Dead,1987-02-28,3.3122,6.4,52,"[28, 18, 37, 10770]",en,0,0,90,Joseph Cates Productions,Robert Day,"Sam Elliott, Kate Capshaw, Tom Conti, Matt Clark, Patrick Kilpatrick"
31650,tt0094008,Someone to Watch Over Me,Someone to Watch Over Me,1987-10-09,3.1089,5.857,227,"[18, 10749, 53]",en,17000000,10278549,103,Columbia Pictures,Ridley Scott,"Tom Berenger, Mimi Rogers, Lorraine Bracco, Jerry Orbach, John Rubinstein"
34101,tt0093200,Hollywood Shuffle,Hollywood Shuffle,1987-03-20,2.8352,6.51,103,[35],en,100000,5228617,81,The Samuel Goldwyn Company,Robert Townsend,"Robert Townsend, Craigus R. Johnson, Helen Martin, Starletta DuPois, Keenen Ivory Wayans"
18410,tt0093793,Project X,Project X,1987-04-17,3.5465,6.256,289,"[18, 35, 878]",en,18000000,18532286,108,"20th Century Fox, Amercent Films, American Entertainment Partners L.P., Parkes/Lasker productions",Jonathan Kaplan,"Matthew Broderick, Helen Hunt, William Sadler, Johnny Ray McGhee, Jonathan Stark"
22500,tt0095525,Gandahar,Gandahar,1987-12-11,3.1211,6.905,152,"[16, 878, 14, 12]",fr,5500000,370698,83,"Films A2, Col.Ima.Son, Revcom Télévision, CNC, Ministère de la culture",René Laloux,"Catherine Chevallier, Pierre-Marie Escourrou, Anny Duperey, Christine Pâris, Georges Wilson"
15143,tt0094006,Some Kind of Wonderful,Some Kind of Wonderful,1987-02-27,3.5774,6.851,560,"[10749, 35]",en,0,18553948,95,"Hughes Entertainment, Paramount Pictures",Howard Deutch,"Eric Stoltz, Mary Stuart Masterson, Lea Thompson, Chynna Phillips, Craig Sheffer"
31743,tt0093132,Hachiko,ハチ公物語,1987-08-01,2.6973,7.8,203,"[18, 10751, 36]",ja,0,0,107,"Mitsui & Co., Tokyu Group, Shochiku",Seijiro Koyama,"Tatsuya Nakadai, Kaoru Yachigusa, Toshiro Yanagiba, Toshinori Omi, Mako Ishino"
961612,tt8093388,Za honban: Joyū ōdishon-hen,ザ・本番　女優オーディション篇,1987-03-28,3.168,0.0,0,[18],ja,0,0,71,"Nikkatsu Corporation, Graphis",Hitoshi Nimura,"Mayu Hoshino, Reika Kano, Itsumi Shikata, Kumi Uesugi, Reina Fujii"
420776,tt0827719,Ludożerca,Ludożerca,1987-01-01,3.0284,0.0,0,[35],pl,0,0,39,WFO Film Studio,Łukasz Wylężałek,"Małgorzata Wachecka, Wojciech Biedroń, Andrzej Krukowski, Jarosław Gruda, Zbigniew Zamachowski"
33851,tt0093771,A Prayer for the Dying,A Prayer for the Dying,1987-09-11,3.8776,5.882,119,"[80, 18, 28, 53]",en,6000000,1432687,107,The Samuel Goldwyn Company,Mike Hodges,"Mickey Rourke, Bob Hoskins, Alan Bates, Sammi Davis, Christopher Fulford"
20043,tt0093207,Royal Space Force - The Wings of Honneamise,王立宇宙軍 オネアミスの翼,1987-03-14,3.0911,6.87,161,"[16, 878]",ja,8000000,0,121,GAINAX,Hiroyuki Yamaga,"Leo Morimoto, Mitsuki Yayoi, Aya Murata, Kazuyuki Sogabe, Masato Hirano"
25678,tt0092548,American Ninja 2: The Confrontation,American Ninja 2: The Confrontation,1987-05-01,3.909,5.557,341,[28],en,350000,4000000,90,"The Cannon Group, Golan-Globus Productions",Sam Firstenberg,"Michael Dudikoff, Steve James, Larry Poindexter, Mike Stone, Jeff Celentano"
24341,tt0092906,Dolls,Dolls,1987-03-12,3.0179,6.362,380,"[14, 27]",en,0,0,77,"Empire Pictures, Taryn Productions Inc.",Stuart Gordon,"Ian Patrick Williams, Carolyn Purdy-Gordon, Carrie Lorraine, Guy Rolfe, Hilary Mason"
28370,tt0092834,Date with an Angel,Date with an Angel,1987-11-20,3.5574,6.754,113,"[35, 14, 10749, 878]",en,8000000,1988962,105,DEG,Tom McLoughlin,"Michael E. Knight, Phoebe Cates, Emmanuelle Béart, David Dukes, Phillip Brock"
24787,tt0189070,Scooby-Doo! Meets the Boo Brothers,Scooby-Doo! Meets the Boo Brothers,1987-10-18,3.912,7.338,272,"[16, 10751, 10770, 9648, 35]",en,0,0,93,Hanna-Barbera Cartoons,"Paul Sommer, Carl Urbano","Don Messick, Casey Kasem, Sorrell Booke, William Callaway, Victoria Carroll"
1455817,tt0236156,Diploma Dilemma,Diploma Dilemma,1987-01-01,2.3623,9.0,1,[16],en,0,0,14,ONF | NFB,George Geertsen,Bernard Carez
13339,tt0094138,Three O'Clock High,Three O'Clock High,1987-10-09,3.5508,6.799,314,[35],en,6000000,3685862,99,Universal Pictures,Phil Joanou,"Casey Siemaszko, Annie Ryan, Richard Tyson, Stacey Glick, Jonathan Wise"
1288976,,野火,野火,1987-01-01,3.0447,0.0,0,[],zh,0,0,0,,木雄,"Pak An-Cheung, 林雁惠, 王美珍, 黄清龙, 陈晓汉"
32595,tt0093227,The Marsupials: The Howling III,The Marsupials: The Howling III,1987-05-15,3.3694,4.5,155,[27],en,2000000,0,98,Bancannia Holdings Pty. Ltd.,Philippe Mora,"Barry Otto, Max Fairchild, Imogen Annesley, Lee Biolos, Dagmar Bláhová"
961612,tt8093388,Za honban: Joyū ōdishon-hen,ザ・本番　女優オーディション篇,1987-03-28,3.168,0.0,0,[18],ja,0,0,71,"Nikkatsu Corporation, Graphis",Hitoshi Nimura,"Mayu Hoshino, Reika Kano, Itsumi Shikata, Kumi Uesugi, Reina Fujii"
32054,tt0093209,Hope and Glory,Hope and Glory,1987-09-03,3.163,6.886,224,"[18, 10752, 10751]",en,0,0,113,"Goldcrest Films International, Nelson Entertainment",John Boorman,"Sebastian Rice-Edwards, Geraldine Muir, Sarah Miles, David Hayman, Sammi Davis"
1486949,,Suite Harry,Suite Harry,1987-01-01,3.1561,0.0,0,[],en,0,0,24,,David J. Stern,
499292,tt0092497,Miss Marple: 4.50 from Paddington,Miss Marple: 4.50 from Paddington,1987-12-25,3.135,7.52,49,"[80, 9648, 10770]",en,0,0,110,"BBC, A+E Global Media, Agatha Christie",Martyn Friend,"Joan Hickson, Jill Meager, David Horovitch, Ian Brimble, Maurice Denham"
83090,tt0323869,Saint Seiya: Evil Goddess Eris,聖闘士星矢,1987-07-18,3.1328,7.138,257,"[28, 16, 14]",ja,0,0,46,Toei Animation,Kouzou Morishita,"Toru Furuya, Hirotaka Suzuoki, Hideyuki Hori, Ryo Horikawa, Koichi Hashimoto"
24276,tt0093509,Matewan,Matewan,1987-08-28,3.1323,7.367,143,"[18, 36]",en,4000000,1680358,132,"Cinecom Entertainment Group, Film Gallery, Goldcrest Films International, Red Dog Films, Winwood Productions",John Sayles,"Chris Cooper, James Earl Jones, Mary McDonnell, Will Oldham, David Strathairn"
27786,tt0094033,Steel Dawn,Steel Dawn,1987-11-06,3.1277,5.045,132,"[28, 12, 878]",en,3520000,562187,97,"Toron Screen Corporation, Vestron Pictures, Independent Film Centre, Silver Lion Films",Lance Hool,"Patrick Swayze, Lisa Niemi, Anthony Zerbe, Christopher Neame, Brion James"
22500,tt0095525,Gandahar,Gandahar,1987-12-11,3.1211,6.905,152,"[16, 878, 14, 12]",fr,5500000,370698,83,"Films A2, Col.Ima.Son, Revcom Télévision, CNC, Ministère de la culture",René Laloux,"Catherine Chevallier, Pierre-Marie Escourrou, Anny Duperey, Christine Pâris, Georges Wilson"
31650,tt0094008,Someone to Watch Over Me,Someone to Watch Over Me,1987-10-09,3.1089,5.857,227,"[18, 10749, 53]",en,17000000,10278549,103,Columbia Pictures,Ridley Scott,"Tom Berenger, Mimi Rogers, Lorraine Bracco, Jerry Orbach, John Rubinstein"
569151,tt0222802,Bedtime Eyes,ベッドタイムアイズ,1987-04-25,3.0968,4.7,6,[18],ja,0,0,118,,Tatsumi Kumashiro,"Kanako Higuchi, Michael Wright, Michiyo Yasuda, Eiji Okuda, Akira Emoto"
20043,tt0093207,Royal Space Force - The Wings of Honneamise,王立宇宙軍 オネアミスの翼,1987-03-14,3.0911,6.87,161,"[16, 878]",ja,8000000,0,121,GAINAX,Hiroyuki Yamaga,"Leo Morimoto, Mitsuki Yayoi, Aya Murata, Kazuyuki Sogabe, Masato Hirano"
133394,tt0090697,Banana Skin Waltz,Banánhéjkeringö,1987-02-19,3.0898,6.667,3,"[18, 35]",hu,0,0,107,Hunnia Filmstúdió,"Péter Bacsó, Tamás Tolmár","Dorottya Udvaros, Mihály Dés, Juli Básti, Teri Tordai, György Melis"
64544,tt0092550,Boyfriends and Girlfriends,L'Ami de mon amie,1987-08-26,3.0611,7.153,144,"[10749, 18, 35]",fr,0,0,103,"Les Films du Losange, Investimage, Compagnie Éric Rohmer",Éric Rohmer,"Emmanuelle Chaulet, Sophie Renoir, François-Eric Gendron, Éric Viellard, Anne-Laure Meury"
1288976,,野火,野火,1987-01-01,3.0447,0.0,0,[],zh,0,0,0,,木雄,"Pak An-Cheung, 林雁惠, 王美珍, 黄清龙, 陈晓汉"
21793,tt0092752,The Chipmunk Adventure,The Chipmunk Adventure,1987-05-22,3.0324,6.972,127,"[16, 10751, 12, 35, 10402]",en,10000000,6804312,77,"Bagdasarian Productions, The Samuel Goldwyn Company",Janice Karman,"Ross Bagdasarian Jr., Janice Karman, Dody Goodman, Susan Tyrrell, Anthony De Longis"
1007494,,Thalambralu,Thalambralu,1987-10-17,3.0303,0.0,0,[18],te,0,0,125,,Kodi Ramakrishna,"Jeevitha, Nandamuri Kalyana Chakravarthy, Dr. Rajasekhar"
420776,tt0827719,Ludożerca,Ludożerca,1987-01-01,3.0284,0.0,0,[35],pl,0,0,39,WFO Film Studio,Łukasz Wylężałek,"Małgorzata Wachecka, Wojciech Biedroń, Andrzej Krukowski, Jarosław Gruda, Zbigniew Zamachowski"
42011,tt0093502,A Taxing Woman,マルサの女,1987-02-07,3.0258,6.744,43,"[35, 80]",ja,0,0,128,"New Century Producers, Itami Productions",Jūzō Itami,"Nobuko Miyamoto, Tsutomu Yamazaki, Masahiko Tsugawa, Yasuo Daichi, Kinzō Sakura"
42002,tt0090644,Anguish,Angustia,1987-03-23,3.0231,6.347,157,"[27, 53]",es,0,0,88,"Samba P.C., Luna Films, Pepon Coromina",Bigas Luna,"Zelda Rubinstein, Michael Lerner, Talia Paul, Àngel Jové, Clara Pastor"
24341,tt0092906,Dolls,Dolls,1987-03-12,3.0179,6.362,380,"[14, 27]",en,0,0,77,"Empire Pictures, Taryn Productions Inc.",Stuart Gordon,"Ian Patrick Williams, Carolyn Purdy-Gordon, Carrie Lorraine, Guy Rolfe, Hilary Mason"
1722116,,Ballet Peruano,Ballet Peruano,1987-09-10,2.5299,0.0,0,[99],es,0,0,10,,Eduardo Polo Zavala,
25318,tt0092978,Escape from Sobibor,Escape from Sobibor,1987-04-12,3.4028,7.2,217,"[18, 53, 10752, 10770]",en,0,0,169,"Zenith Entertainment, Rule/starger, Avala Film, ITV",Jack Gold,"Alan Arkin, Joanna Pacula, Rutger Hauer, Hartmut Becker, Jack Shepherd"
42011,tt0093502,A Taxing Woman,マルサの女,1987-02-07,3.0258,6.744,43,"[35, 80]",ja,0,0,128,"New Century Producers, Itami Productions",Jūzō Itami,"Nobuko Miyamoto, Tsutomu Yamazaki, Masahiko Tsugawa, Yasuo Daichi, Kinzō Sakura"
27740,tt0093855,A Return to Salem's Lot,A Return to Salem's Lot,1987-09-11,2.826,5.903,325,"[27, 35]",en,12000000,0,100,Larco Productions,Larry Cohen,"Michael Moriarty, Samuel Fuller, Andrew Duggan, Ricky Addison Reed, June Havoc"
385588,tt0848417,The Parade,Parada,1987-06-01,2.8924,7.0,3,[16],pl,0,0,15,Studio Filmów Animowanych w Krakowie,Jerzy Kucia,
40962,tt0093277,Ironweed,Ironweed,1987-12-18,3.2749,6.3,146,[18],en,27000000,7300000,143,"Taft Entertainment Pictures, Keith Barish Productions",Héctor Babenco,"Jack Nicholson, Meryl Streep, Carroll Baker, Michael O'Keefe, Diane Venora"
28223,tt0092795,Creepozoids,Creepozoids,1987-10-02,2.8125,4.482,109,"[878, 27]",en,75000,0,72,"Empire Pictures, Urban Classics, Titan Productions, Beyond Infinity",David DeCoteau,"Linnea Quigley, Ken Abraham, Michael Aranda, Ashlyn Gere, Richard L. Hawkins"
38038,tt0201976,The Jerks,The...Κόπανοι,1987-10-21,2.8176,5.932,22,[35],el,0,0,85,,Giorgos Konstantinou,"Giorgos Konstantinou, Tasos Psomopoulos, Markos Lezes, Frini Arvaniti, Kostas Karagiorgis"
569151,tt0222802,Bedtime Eyes,ベッドタイムアイズ,1987-04-25,3.0968,4.7,6,[18],ja,0,0,118,,Tatsumi Kumashiro,"Kanako Higuchi, Michael Wright, Michiyo Yasuda, Eiji Okuda, Akira Emoto"
959011,,Pokój dziecinny,Pokój dziecinny,1987-04-11,2.6152,0.0,0,"[18, 10770]",pl,0,0,76,,Aleksander Czekanowski,"Kazimierz Kaczor, Danuta Szaflarska, Zygmunt Hübner, Zofia Merle, Krystyna Tkacz"
5709,tt0092546,Amazon Women on the Moon,Amazon Women on the Moon,1987-09-18,3.5194,5.876,197,"[35, 878]",en,5000000,548696,84,"Universal Pictures, Westward Productions","Joe Dante, Carl Gottlieb, Peter Horton, John Landis, Robert K. Weiss","Arsenio Hall, Donald F. Muhich, Monique Gabrielle, Lou Jacobi, Erica Yohn"
39074,tt0092627,The Bedroom Window,The Bedroom Window,1987-01-16,2.8311,6.322,146,"[18, 53]",en,8300000,12640385,114,DEG,Curtis Hanson,"Steve Guttenberg, Elizabeth McGovern, Isabelle Huppert, Paul Shenar, Carl Lumbly"
24276,tt0093509,Matewan,Matewan,1987-08-28,3.1323,7.367,143,"[18, 36]",en,4000000,1680358,132,"Cinecom Entertainment Group, Film Gallery, Goldcrest Films International, Red Dog Films, Winwood Productions",John Sayles,"Chris Cooper, James Earl Jones, Mary McDonnell, Will Oldham, David Strathairn"
28605,tt0093091,Ghoulies II,Ghoulies II,1987-07-31,2.5865,5.485,162,"[27, 35]",en,0,0,90,"Taryn Productions Inc., Empire Pictures",Albert Band,"Damon Martin, Royal Dano, Phil Fondacaro, J. Downing, Kerry Remsen"
14464,tt0093215,Hot Pursuit,Hot Pursuit,1987-05-08,2.9004,5.713,101,[35],en,4000000,4215859,93,"Paramount Pictures, RKO Pictures",Steven Lisberger,"John Cusack, Robert Loggia, Jerry Stiller, Wendy Gazelle, Monte Markham"
26011,tt0093146,Hard Ticket to Hawaii,Hard Ticket to Hawaii,1987-03-01,2.9595,5.05,139,"[28, 12]",en,0,0,96,Malibu Bay Films,Andy Sidaris,"Ronn Moss, Dona Speir, Hope Marie Carlton, Harold Diamond, Rodrigo Obregón"
499292,tt0092497,Miss Marple: 4.50 from Paddington,Miss Marple: 4.50 from Paddington,1987-12-25,3.135,7.52,49,"[80, 9648, 10770]",en,0,0,110,"BBC, A+E Global Media, Agatha Christie",Martyn Friend,"Joan Hickson, Jill Meager, David Horovitch, Ian Brimble, Maurice Denham"
44801,tt0093828,Real Men,Real Men,1987-09-25,2.7389,6.033,91,"[35, 878, 28]",en,0,873903,85,Martin Bregman Productions,Dennis Feldman,"Jim Belushi, John Ritter, Barbara Barrie, Bill Morey, Isa Jank"
22477,tt0093940,September,September,1987-12-18,2.5883,6.185,216,[18],en,10000000,486434,83,"Orion Pictures, Jack Rollins & Charles H. Joffe Productions",Woody Allen,"Mia Farrow, Dianne Wiest, Sam Waterston, Elaine Stritch, Jack Warden"
164086,tt0093545,Mirage,mirage,1987-01-23,2.6457,7.2,11,"[28, 12]",zh,0,2000000,94,"China Film Co-Production, Golden Principal Organisation Ltd",Tsui Siu-Ming,"Yu Rongguang, Tsui Siu-Ming, Connie Khan, Fan Dung-Yue, Wang Hua"
449308,tt0367987,Love Note,Love Note,1987-03-27,2.4545,6.0,3,"[18, 10751, 9648, 10749]",en,0,0,65,Ken Anderson Films,Steve Grill,"Craig Bierko, Sally Murphy, Rick Boynton, Jo Lemon"
36914,tt0093418,Like Father Like Son,Like Father Like Son,1987-10-02,3.5054,5.761,155,"[35, 14]",en,10500000,34377585,96,"TriStar Pictures, Imagine Entertainment, Questar Entertainment",Rod Daniel,"Dudley Moore, Kirk Cameron, Margaret Colin, Catherine Hicks, Patrick O'Neal"
1611495,tt13906504,Vážny život,Vážny život,1987-11-23,2.253,0.0,0,[18],sk,0,0,0,Československá televízia Bratislava,Miloš Pietor,"Magda Vášáryová, Zdena Studenková, Jozef Vajda, Ján Kroner, Leopold Haverl"
64544,tt0092550,Boyfriends and Girlfriends,L'Ami de mon amie,1987-08-26,3.0611,7.153,144,"[10749, 18, 35]",fr,0,0,103,"Les Films du Losange, Investimage, Compagnie Éric Rohmer",Éric Rohmer,"Emmanuelle Chaulet, Sophie Renoir, François-Eric Gendron, Éric Viellard, Anne-Laure Meury"
11513,tt0094888,Cobra Verde,Cobra Verde,1987-12-03,2.4562,6.911,168,"[12, 18]",de,0,0,111,"Werner Herzog Filmproduktion, ZDF, Ghana Film Industry Corporation",Werner Herzog,"Klaus Kinski, King Ampaw, José Lewgoy, Salvatore Basile, Peter Berling"
17159,tt0092948,Eddie Murphy Raw,Eddie Murphy Raw,1987-11-25,2.266,7.256,386,[35],en,0,50504655,90,Eddie Murphy Productions,Robert Townsend,"Eddie Murphy, Tatyana Ali, Billie Allen, Samuel L. Jackson, Deon Richmond"
143217,tt0093522,The Haunted Cop Shop,猛鬼差館,1987-11-19,2.6752,5.9,29,"[28, 35, 27]",cn,0,0,95,In-Gear Film Production Co. Ltd.,Jeffrey Lau Chun-Wai,"Jacky Cheung Hok-Yau, Ricky Hui Koon-Ying, Billy Lau Nam-Kwong, Kitty Chan, Woo Fung"
1430247,,La cucarachita,La cucarachita,1987-01-01,2.3911,0.0,0,"[16, 14]",es,0,0,10,,José Castillo,
26719,tt0093223,House of Games,House of Games,1987-10-11,2.8413,6.823,367,"[80, 53, 18]",en,0,2585639,102,"Filmhaus, Orion Pictures",David Mamet,"Lindsay Crouse, Joe Mantegna, Mike Nussbaum, Lilia Skala, J.T. Walsh"
1118925,,Harat altayibin,Harat altayibin,1987-04-27,2.8256,0.0,0,[18],ar,0,0,0,,,"Magdy Wahba, Hala Fouad, Mahmoud El Gendy, Nabil Badr, Farouq Youssef"
1055971,tt16118098,Xiang Xi Jiao Fei Ji (Part II),湘西剿匪记2,1987-01-01,2.4989,10.0,1,[10752],zh,100,100,0,Xiaoxiang Film Studio,Zhou Kangyu,"Tan Feiling, Chen Guodian, Wang Xiyuan, Ling Yun, Zhao Xiuli"
541192,tt0093905,The Gardener,Садовник,1987-10-05,2.6228,7.0,2,[18],ru,0,0,100,Lenfilm,"Viktor Buturlin, Gennady Matyushin","Oleg Borisov, Lev Borisov, Evgeniya Smolyaninova, Irina Rakshina, Vadim Lobanov"
1640540,tt1611815,Fur Coat,Bunda,1987-06-14,2.3158,0.0,0,"[10770, 18]",sh,0,0,55,Televizija Zagreb,Berislav Makarović,"Sven Lasta, Zdenka Heršak, Nina Erak-Svrtan, Ljubomir 'Kiki' Kapor, Zoran Ćirić"
39929,tt0093176,Hello Mary Lou: Prom Night II,Hello Mary Lou: Prom Night II,1987-10-16,3.3302,6.079,222,"[27, 14, 53]",en,1760625,2683519,97,Alliance,Bruce Pittman,"Michael Ironside, Wendy Lyon, Louis Ferreira, Richard Monette, Lisa Schrage"
4639,tt0092641,Best Seller,Best Seller,1987-09-25,2.5704,5.947,152,"[28, 80, 18, 53]",en,0,4278150,95,"Orion Pictures, Hemdale",John Flynn,"James Woods, Brian Dennehy, Victoria Tennant, Allison Balson, Paul Shenar"
18935,tt0092974,Ernest Goes to Camp,Ernest Goes to Camp,1987-05-22,2.6513,5.273,194,"[35, 10751]",en,3000000,23509382,92,"Silver Screen Partners II, Touchstone Pictures, Emshell Producers, Silver Screen Partners III",John Cherry,"Jim Varney, Victoria Racimo, John Vernon, Lyle Alzado, Gailard Sartain"
283906,tt0254117,Absences,Απουσίες,1987-10-01,2.369,5.857,7,"[10749, 18]",el,0,0,107,"Greek Film Centre, ERT",Giorgos Katakouzinos,"Themis Bazaka, Pemi Zouni, Nikitas Tsakiroglou, Katerina Sarri, Amalia Giza"
892307,tt0274044,Forbidden Relationship,Relación prohibida,1987-10-22,2.4586,4.0,3,"[18, 10749]",es,0,0,67,Técnicos Asociados,Ricardo Suñez,"Mara Kano, Jenny Maccarini, José María Pedroza, Alfredo Lepore, Carmen Ventura"
79093,tt0094356,Tragic Hero,英雄好漢,1987-02-20,2.6499,6.1,32,"[28, 80]",cn,0,2422543,97,Win's Movie Productions,Taylor Wong Tai-Loi,"Chow Yun-Fat, Alex Man Chi-Leung, Andy Lau, Peter Yang Kwan, Danny Lee Sau-Yin"
118751,tt0285595,Flower and Snake 5: Rope Magic,花と蛇　究極縄調教,1987-12-05,2.8566,4.9,15,"[53, 18, 27]",ja,0,0,74,Nikkatsu Corporation,Masayuki Asao,"Mai Hayami, Kaoru Mizuki, Takeo Shinkai, Yūichi Minato, Kenji Kodama"
60631,tt0094056,Street Smart,Street Smart,1987-03-20,2.7979,5.967,90,"[53, 80, 18]",en,0,0,97,"Golan-Globus Productions, The Cannon Group",Jerry Schatzberg,"Christopher Reeve, Kathy Baker, Mimi Rogers, Jay Patterson, Andre Gregory"
86330,tt0092622,Bates Motel,Bates Motel,1987-07-05,3.0146,4.523,65,"[27, 18]",en,0,0,95,Universal Television,Richard Rothstein,"Bud Cort, Lori Petty, Moses Gunn, Gregg Henry, Khrystyne Haje"
80287,tt0095977,Rent-a-Cop,Rent-a-Cop,1987-11-28,2.6559,4.7,47,"[35, 80, 28]",en,0,0,92,"Zealcorp Productions Limited, Kings Road Entertainment",Jerry London,"Burt Reynolds, Liza Minnelli, James Remar, Richard Masur, Dionne Warwick"
33516,tt0091142,Gothic,Gothic,1987-02-27,2.9138,5.736,199,[27],en,0,916172,88,Virgin Vision,Ken Russell,"Gabriel Byrne, Julian Sands, Natasha Richardson, Myriam Cyr, Timothy Spall"
122973,tt0087301,Hibiscus Town,芙蓉镇,1987-03-05,2.3426,7.984,63,"[18, 36, 10749]",zh,0,0,164,Shanghai Film Studio,Xie Jin,"Liu Xiaoqing, Jiang Wen, Zheng Zaishi, Zhu Shibin, Xu Songzi"
341459,tt3429702,Devil Girls,Şeytan Kızlar,1987-01-01,2.3622,3.0,1,"[28, 27]",tr,0,0,65,,Kadir Akgün,"Gülderen Acarlar, Figen Aydoğdu, Dilara, Seda Sezer, Silver Türk"
258551,tt0093184,Hexenschuß,Hexenschuß,1987-03-22,2.6137,8.5,2,[35],de,0,0,60,"ZDF, Ziegler Film",Franz Josef Gottlieb,"Herbert Herrmann, Susanne Uhlen, Helmut Fischer, Hans Clarin, Jürgen Thormann"
581898,,chirurgie optique,chirurgie optique,1987-01-01,2.3598,0.0,0,[],en,0,0,9,,François Miron,
21299,tt0092638,Benji the Hunted,Benji the Hunted,1987-06-05,2.6764,6.536,181,"[28, 12, 10751]",en,0,22257624,88,"Embark Production, Walt Disney Pictures, Mulberry Square Productions, Silver Screen Partners III",Joe Camp,"Benjean, Red Steagall, Frank Inn, Nancy Francis, Bart the Bear"
47212,tt0092751,China Girl,China Girl,1987-09-25,2.6468,6.032,79,"[10749, 80, 18]",en,0,1262091,90,"Great American Films Limited Partnership, Vestron Pictures",Abel Ferrara,"James Russo, Richard Panebianco, Sari Chang, David Caruso, Russell Wong"
13926,tt0093832,Red's Dream,Red's Dream,1987-07-10,2.8218,6.125,373,"[16, 10751]",en,0,0,4,Pixar,John Lasseter,
835444,tt0183756,Sevdam Benim,Sevdam Benim,1987-01-01,2.4067,7.0,1,[18],tr,0,0,0,"Adana Film, Helmut Film, Yeni Film Stüdyo",Cüneyt Arkın,"Cüneyt Arkın, Sibel Savaş, Aykut Düz, Cüneyt Tari, Ali Ceylan"
26675,tt0091707,The Outing,The Outing,1987-09-11,3.422,4.946,84,[27],en,2000000,1083395,87,"TMS Pictures, H.I.T. Films, Skouras Pictures",Tom Daley,"Deborah Winters, James Huston, Andra St. Ivanyi, Scott Bankston, Red Mitchell"
1620289,tt9298058,Σερβίρουμε Τρέλλα,Σερβίρουμε Τρέλλα,1987-01-01,2.4641,0.0,0,[35],el,0,0,0,,Michalis Lefakis Jr.,"Thaleia Papazoglou, Athina Mavromati, Giouli Barka, Dionysis Voultsos, Alekos Zartaloudis"
312088,tt0093631,Nightstick,Nightstick,1987-09-01,3.2408,3.545,11,"[28, 53, 10770]",en,0,0,95,,Joseph L. Scanlan,"Bruce Fairbairn, Kerrie Keane, Robert Vaughn, John Vernon, Leslie Nielsen"
36868,tt0192175,The Jetsons Meet the Flintstones,The Jetsons Meet the Flintstones,1987-11-15,2.7581,6.6,164,"[16, 10751, 878, 10770, 35]",en,0,0,92,Hanna-Barbera Cartoons,"Ray Patterson, Don Lusk","Mel Blanc, Daws Butler, Don Messick, Henry Corden, Jon Bauman"
958430,tt3526568,Roppongi Reijô: Fushidara,六本木令嬢　ふ・し・だ・ら,1987-06-20,2.6606,4.2,5,[18],ja,0,0,58,"Nikkatsu Corporation, Studio Creole",Hiroshi Shinomiya,"Chizu Kirinami, Asami Yûki, Masahiko Sakata, Koji Kawakami, Daikei Shimizu"
1119731,,Atshanh,Atshanh,1987-04-29,2.2246,0.0,0,[18],ar,0,0,0,,,"Elham Shahein, Hesham Selim, Khayria Ahmed, Hussein ElSherbiny, Bassam Ragab"
86337,tt0095241,Gor,Gor,1987-05-08,2.5519,3.81,50,"[28, 12, 878, 14]",en,0,159402,94,The Cannon Group,Fritz Kiersch,"Urbano Barberini, Rebecca Ferratti, Jack Palance, Paul L. Smith, Oliver Reed"
38921,tt0092710,Burglar,Burglar,1987-03-20,2.2914,5.179,109,"[80, 35]",en,12500000,16357355,103,"Warner Bros. Pictures, Nelvana",Hugh Wilson,"Whoopi Goldberg, Bobcat Goldthwait, G.W. Bailey, Lesley Ann Warren, John Goodman"
258551,tt0093184,Hexenschuß,Hexenschuß,1987-03-22,2.6137,8.5,2,[35],de,0,0,60,"ZDF, Ziegler Film",Franz Josef Gottlieb,"Herbert Herrmann, Susanne Uhlen, Helmut Fischer, Hans Clarin, Jürgen Thormann"
42010,tt0093467,Made in Heaven,Made in Heaven,1987-11-06,2.6037,6.5,88,"[10749, 35, 18, 14]",en,13000000,4573000,103,Lorimar Motion Pictures,Alan Rudolph,"Timothy Hutton, Kelly McGillis, Maureen Stapleton, Ann Wedgeworth, James Gammon"
20242,tt0093690,Outrageous Fortune,Outrageous Fortune,1987-01-30,2.5991,6.038,131,[35],en,0,0,100,"Interscope Communications, Touchstone Pictures, Silver Screen Partners II",Arthur Hiller,"Shelley Long, Bette Midler, Peter Coyote, Robert Prosky, John Schuck"
70542,tt0093305,Flaming Brothers,江湖龍虎鬥,1987-07-30,2.599,6.4,32,"[28, 80, 10749]",cn,0,2014333,101,In-Gear Film Production Co. Ltd.,Joe Cheung Tung-Cho,"Alan Tang Kwong-Wing, Jenny Tseng, Chow Yun-Fat, Pat Ha Man-Jik, Patrick Tse Yin"
40724,tt0092571,Anne of Green Gables: The Sequel,Anne of Green Gables: The Sequel,1987-05-19,2.5918,7.9,127,"[10751, 18, 10749]",en,0,0,232,"Anne of Green Gables Productions, CBC, Channel 4 Television",Kevin Sullivan,"Megan Follows, Jonathan Crombie, Colleen Dewhurst, Patricia Hamilton, Schuyler Grant"
22477,tt0093940,September,September,1987-12-18,2.5883,6.185,216,[18],en,10000000,486434,83,"Orion Pictures, Jack Rollins & Charles H. Joffe Productions",Woody Allen,"Mia Farrow, Dianne Wiest, Sam Waterston, Elaine Stritch, Jack Warden"
71881,tt0093029,Five Corners,Five Corners,1987-09-11,2.5875,5.881,67,"[18, 80, 53]",en,5500000,969205,94,"Handmade Films, Cineplex-Odeon Films",Tony Bill,"Jodie Foster, Tim Robbins, Todd Graff, John Turturro, Elizabeth Berridge"
28605,tt0093091,Ghoulies II,Ghoulies II,1987-07-31,2.5865,5.485,162,"[27, 35]",en,0,0,90,"Taryn Productions Inc., Empire Pictures",Albert Band,"Damon Martin, Royal Dano, Phil Fondacaro, J. Downing, Kerry Remsen"
72565,tt1147527,Doraemon: Nobita and the Knights on Dinosaurs,映画ドラえもん のび太と竜の騎士,1987-03-14,2.5748,6.7,39,"[16, 12, 10751, 14, 878]",ja,0,23400000,99,"Shin-Ei Animation, TV Asahi, Shogakukan",Tsutomu Shibayama,"Nobuyo Oyama, Noriko Ohara, Michiko Nomura, Kaneta Kimotsuki, Kazuya Tatekabe"
36572,tt0092891,The Dirty Dozen: The Deadly Mission,The Dirty Dozen: The Deadly Mission,1987-03-01,2.5711,5.0,43,"[28, 12, 10752, 10770]",en,0,0,90,"Jadran Film, MGM/UA Television",Lee H. Katzin,"Telly Savalas, Ernest Borgnine, Vince Edwards, Bo Svenson, Vincent Van Patten"
4639,tt0092641,Best Seller,Best Seller,1987-09-25,2.5704,5.947,152,"[28, 80, 18, 53]",en,0,4278150,95,"Orion Pictures, Hemdale",John Flynn,"James Woods, Brian Dennehy, Victoria Tennant, Allison Balson, Paul Shenar"
350544,tt0400451,Potato,감자,1987-03-01,2.569,7.0,2,[18],ko,0,0,112,,Byeon Jang-ho,"Kang Soo-youn, Lee Dae-geun, Kim In-mun, Kim Hyung-ja, Choe In-Suk"
16889,tt0093857,Revenge of the Nerds II: Nerds in Paradise,Revenge of the Nerds II: Nerds in Paradise,1987-07-10,2.5652,5.6,314,[35],en,10000000,30142033,98,"American Entertainment Partners L.P., Interscope Communications, Amercent Films, 20th Century Fox",Joe Roth,"Robert Carradine, Larry B. Scott, Timothy Busfield, Courtney Thorne-Smith, Anthony Edwards"
647893,tt5997442,Cidadão Jatobá,Cidadão Jatobá,1987-05-07,2.5643,0.0,0,[99],pt,0,0,14,"Aboim Produções e Artes, Embrafilme",Maria Luiza d'Aboim,Marcos Terena
109161,tt0094021,The Squeeze,The Squeeze,1987-07-10,2.5595,5.036,28,"[28, 35, 80, 10749, 53]",en,0,2228951,101,TriStar Pictures,Roger Young,"Michael Keaton, Rae Dawn Chong, Joe Pantoliano, Danny Aiello III, Ronald Guttman"
538843,,Förebudet,Förebudet,1987-11-01,2.5573,0.0,0,[99],sv,0,0,44,,Nils-Eric Renske,"Gunnar Ernblad, Hanna Brogren, Gustav Elander, Hans Harnesk, Christer Holmgren"
86337,tt0095241,Gor,Gor,1987-05-08,2.5519,3.81,50,"[28, 12, 878, 14]",en,0,159402,94,The Cannon Group,Fritz Kiersch,"Urbano Barberini, Rebecca Ferratti, Jack Palance, Paul L. Smith, Oliver Reed"
26477,tt0092608,Back to the Beach,Back to the Beach,1987-08-07,2.5505,5.9,47,"[35, 10402]",en,0,0,92,Paramount Pictures,Lyndall Hobbs,"Frankie Avalon, Annette Funicello, Lori Loughlin, Tommy Hinkley, Demian Slade"
1722116,,Ballet Peruano,Ballet Peruano,1987-09-10,2.5299,0.0,0,[99],es,0,0,10,,Eduardo Polo Zavala,
1055971,tt16118098,Xiang Xi Jiao Fei Ji (Part II),湘西剿匪记2,1987-01-01,2.4989,10.0,1,[10752],zh,100,100,0,Xiaoxiang Film Studio,Zhou Kangyu,"Tan Feiling, Chen Guodian, Wang Xiyuan, Ling Yun, Zhao Xiuli"
40724,tt0092571,Anne of Green Gables: The Sequel,Anne of Green Gables: The Sequel,1987-05-19,2.5918,7.9,127,"[10751, 18, 10749]",en,0,0,232,"Anne of Green Gables Productions, CBC, Channel 4 Television",Kevin Sullivan,"Megan Follows, Jonathan Crombie, Colleen Dewhurst, Patricia Hamilton, Schuyler Grant"
950040,tt0284910,Bishimai: Aegu,美姉妹　喘ぐ,1987-01-24,2.9244,3.667,3,[18],ja,0,0,70,Nikkatsu Corporation,Yasuaki Uegaki,"Kaori Asô, Megumi Kiyosato, Rena Kuroki, Sadahiro Aoshima, Eimei Esumi"
282926,tt0298523,Reichshauptstadt privat,Reichshauptstadt privat,1987-01-01,2.2364,8.0,2,"[10752, 10770, 10749, 18]",de,0,0,0,,Horst Königstein,"Hans-Michael Rehberg, Jürgen Vogel, Heinz Baumann, Rolf Becker, Ruth Niehaus"
538843,,Förebudet,Förebudet,1987-11-01,2.5573,0.0,0,[99],sv,0,0,44,,Nils-Eric Renske,"Gunnar Ernblad, Hanna Brogren, Gustav Elander, Hans Harnesk, Christer Holmgren"
68468,tt0238275,Hollywood Uncensored,Hollywood Uncensored,1987-12-01,2.715,5.4,10,[99],en,0,0,75,"Castle Hill Productions, Caidin Film Co.",James Forsher,"Douglas Fairbanks Jr., Peter Fonda, Carroll Baker, Ira Barmak, Joseph I. Breen"
1579462,tt1422723,Poorna Chandra,ಪೂರ್ಣಚಂದ್ರ,1987-01-13,2.6628,0.0,0,"[10751, 18]",kn,0,0,127,Raja Enterprises,C. V. Rajendran,"Ambareesh, Ambika, Rekha, Srinath, Ramesh Bhat"
317876,tt0093016,The Feldmann Case,Over grensen,1987-02-01,2.3177,6.778,9,"[18, 80]",no,0,0,87,,Bente Erichsen,"Bjørn Sundquist, Sverre Anker Ousdal, Ingerid Vardund, Inger Lise Rypdal, Trond Brænne"
404298,tt0094354,Happy Bigamist,一屋兩妻,1987-04-17,2.3291,6.7,3,"[10749, 35]",cn,0,0,91,Bo Ho Films,Anthony Chan Yau,"Kenny Bee, Anita Mui Yim-Fong, Anthony Chan Yau, Pat Ha Man-Jik, Sandra Ng Kwan-Yu"
27916,tt0093833,Redneck Zombies,Redneck Zombies,1987-09-18,2.3544,4.401,71,"[27, 35]",en,10000,0,90,Troma Entertainment,Pericles Lewnes,"Lisa M. DeHaven, William E. Benson, William Decker, Tyrone Taylor, James H. Housely"
96349,tt0092238,Working Girls,Working Girls,1987-02-27,2.4563,6.2,48,[18],en,300000,1777744,93,"New York State Council on the Arts, The National Endowment for the Arts, Alternate Current, Jerome Foundation",Lizzie Borden,"Ellen McElduff, Amanda Goodwin, Marusia Zach, Janne Peters, Helen Nicholas"
20287,tt0092997,Extreme Prejudice,Extreme Prejudice,1987-04-24,2.7073,6.266,202,"[28, 53, 80, 18, 37]",en,22000000,11300000,105,Carolco Pictures,Walter Hill,"Nick Nolte, Powers Boothe, Michael Ironside, María Conchita Alonso, Rip Torn"
23599,tt0094293,Wanted: Dead or Alive,Wanted: Dead or Alive,1987-01-16,2.7474,5.959,148,"[28, 80]",en,0,0,104,New World Pictures,Gary Sherman,"Rutger Hauer, Gene Simmons, Eli Danker, Nick Faltas, Robert Guillaume"
35463,tt0093011,Fatal Beauty,Fatal Beauty,1987-10-30,2.7489,5.6,102,"[28, 35]",en,0,0,104,"CST Telecommunications, Metro-Goldwyn-Mayer",Tom Holland,"Whoopi Goldberg, Sam Elliott, Rubén Blades, Harris Yulin, John P. Ryan"
1161492,,La jeringa,La jeringa,1987-01-01,2.4338,0.0,0,[],es,0,0,22,,José María Ciganda,Leo Maslíah
1579492,,Mr. Raja,Mr. Raja,1987-03-12,2.4368,0.0,0,"[28, 18]",kn,0,0,145,A.N.S. Productions,V. Somashekar,"Ambareesh, Mahalakshmi, Tara, Sumithra, Umashree"
1669912,tt7622794,Kötü Kader,Kötü Kader,1987-01-01,2.1664,0.0,0,[18],tr,0,0,0,"Hayat Film (TR), Arsel Film Müzik",Yavuz Figenli,"Ercan Turgut, Selma Poyraz, Halit Akçatepe, Nuran Aksoy, Ali Ekdal"
529806,tt0345213,My Family,Familja ime,1987-01-05,2.2511,7.0,1,[18],sq,0,0,65,,Albert Xholi,"Roza Anagnosti, Anila Bisha, Liza Laska, Sheri Mita, Pandi Raidhi"
960962,,Ptaszor,Ptaszor,1987-09-16,2.1332,6.0,1,[16],pl,0,0,8,Studio Filmów Animowanych Poltel,Hieronim Neumann,
359638,,A Lenda do Pai Inácio,A Lenda do Pai Inácio,1987-01-02,2.2806,0.0,0,[18],pt,0,0,38,Lumbra Cinematográfica,Pola Ribeiro,"Kal Santos, Meran Vargens, Moisés Augusto"
1657286,tt4836588,Broken Victory,Broken Victory,1987-11-29,1.9873,0.0,0,[878],en,0,0,80,Carstens/Smith Productions,Gregory Strom,"Jeannette Clift, Ken Letner, Jon Sharp, John Shepherd, Jonathan Turner Smith"
62961,tt0093529,Metal Skin Panic MADOX-01,メタル スキン パニック MADOX-01,1987-12-15,2.7183,6.075,40,"[878, 28, 35, 16]",ja,0,0,41,"ARTMIC, Anime International Company",Shinji Aramaki,"Yoko Asagami, Yasunori Matsumoto, Kazuyuki Sogabe, Arihiro Hase, Kazuo Oka"
1761820,tt0150563,First Offender,First Offender,1987-08-01,2.0941,0.0,0,[18],en,0,0,65,,Timothy Bond,"Bernie Casey, Victor Erdos, Jennifer Dale, Yannick Bisson, Brock Simpson"
46975,tt0093935,The Secret Garden,The Secret Garden,1987-11-30,2.3014,7.69,50,"[10770, 18, 10751]",en,0,0,100,"Viacom Productions, Hallmark Hall of Fame Productions, Rosemont Productions",Alan Grint,"Gennie James, Barret Oliver, Jadrien Steele, Michael Hordern, Billie Whitelaw"
71881,tt0093029,Five Corners,Five Corners,1987-09-11,2.5875,5.881,67,"[18, 80, 53]",en,5500000,969205,94,"Handmade Films, Cineplex-Odeon Films",Tony Bill,"Jodie Foster, Tim Robbins, Todd Graff, John Turturro, Elizabeth Berridge"
433769,tt0769531,Miss Julie,Miss Julie,1987-05-31,2.4073,0.0,0,"[35, 18, 10749]",en,0,0,100,BBC Worldwide America,Michael Simpson,"Janet McTeer, Patrick Malahide, Sarah Porter"
2172,tt0093668,Pathfinder,Ofelas,1987-09-03,2.9138,6.9,89,[12],se,0,0,86,"Filmkameratene, Carolco Pictures",Nils Gaup,"Mikkel Gaup, Svein Scharffenberg, Ingvald Guttorm, Nils Utsi, Nils-Aslak Valkeapää"
65613,tt0283585,Septième ciel,Septième ciel,1987-12-30,2.2166,10.0,1,[35],fr,0,0,79,,Jean-Louis Daniel,"Jean-Pierre Kalfon, Sylvie Joly, Fiona Gélin, Frederic Baulieu"
732805,tt10244076,Night Woman,Perempuan Malam,1987-01-01,2.4032,0.0,0,[27],id,0,0,86,Virgo Putra Film,Atok Suharto,"Siska Widowati, George Rudy, Wieke Widowati, Harry Capri, Cherry Ivonne"
1680898,,El Algarrobo,El Algarrobo,1987-01-01,2.7039,0.0,0,[],es,0,0,10,,Jorge Suárez Rivas,
46079,tt0224038,Rusted Body,拷問貴婦人,1987-06-20,4.4757,4.9,13,"[878, 27]",ja,0,0,70,June Theater,Kazuo Komizu,"Keiko Asano, Saeko Kizuki, Ayu Kiyokawa, Hitomi Kazama, Isao Nonaka"
32227,tt0093231,Hunk,Hunk,1987-03-06,2.7033,5.8,35,"[14, 35]",en,0,1749956,102,"Crown International Pictures, Marimark Productions",Lawrence Bassoff,"John Allen Nelson, Steve Levitt, Rebeccah Bush, Robert Morse, Avery Schreiber"
16889,tt0093857,Revenge of the Nerds II: Nerds in Paradise,Revenge of the Nerds II: Nerds in Paradise,1987-07-10,2.5652,5.6,314,[35],en,10000000,30142033,98,"American Entertainment Partners L.P., Interscope Communications, Amercent Films, 20th Century Fox",Joe Roth,"Robert Carradine, Larry B. Scott, Timothy Busfield, Courtney Thorne-Smith, Anthony Edwards"
48660,tt0091343,The Kindred,The Kindred,1987-01-09,2.7469,6.1,81,"[27, 878]",en,0,0,93,Kindred Limited Partnership,"Stephen Carpenter, Jeffrey Obrow","David Allen Brooks, Rod Steiger, Amanda Pays, Talia Balsam, Kim Hunter"
89394,tt0092677,Blue Monkey,Blue Monkey,1987-09-25,2.5113,4.857,42,"[27, 878]",en,0,0,96,Mithras,William Fruet,"Steve Railsback, Gwynyth Walsh, John Vernon, Joe Flaherty, Robin Duke"
28264,tt0085253,Nightmare at Shadow Woods,Nightmare at Shadow Woods,1987-03-29,2.6224,5.8,167,"[27, 53]",en,0,0,79,Film Limited Partnership,John Grissmer,"Louise Lasser, Mark Soper, Marianne Kanter, Julie Gordon, Jayne Bentzen"
1579477,tt28628453,Prema Kadambari,Prema Kadambari,1987-02-20,2.3732,0.0,0,"[10749, 18]",kn,0,0,145,Ragamalika Pictures,B. Mallesh,"Ambareesh, Bharathi Vishnuvardhan, Lakshmi, Jeevitha, Jai Jagadish"
98486,tt0093980,"Sister, Sister","Sister, Sister",1987-09-13,2.204,4.734,32,"[10749, 53, 18, 9648]",en,4000000,743445,91,New World Entertainment,Bill Condon,"Eric Stoltz, Jennifer Jason Leigh, Judith Ivey, Dennis Lipscomb, Anne Pitoniak"
361056,tt0308113,Chinna Thambi Periya Thambi,சின்னதம்பி பெரியதம்பி,1987-02-27,2.0589,7.167,3,[],ta,0,0,145,,Manivannan,"Sathyaraj, Prabhu, Nadhiya, Sudha Chandran, Nizhalgal Ravi"
350544,tt0400451,Potato,감자,1987-03-01,2.569,7.0,2,[18],ko,0,0,112,,Byeon Jang-ho,"Kang Soo-youn, Lee Dae-geun, Kim In-mun, Kim Hyung-ja, Choe In-Suk"
344925,tt1007979,What Shall We Do About Little Jill,Hva skal vi gjøre med lille Jill?,1987-12-17,2.3592,6.2,6,[16],no,0,0,11,,Kine Aune,"Inga Aune, Tora Aune, Jacob Margido Esp, Agnhild Sølvberg"
341459,tt3429702,Devil Girls,Şeytan Kızlar,1987-01-01,2.3622,3.0,1,"[28, 27]",tr,0,0,65,,Kadir Akgün,"Gülderen Acarlar, Figen Aydoğdu, Dilara, Seda Sezer, Silver Türk"
581898,,chirurgie optique,chirurgie optique,1987-01-01,2.3598,0.0,0,[],en,0,0,9,,François Miron,
344925,tt1007979,What Shall We Do About Little Jill,Hva skal vi gjøre med lille Jill?,1987-12-17,2.3592,6.2,6,[16],no,0,0,11,,Kine Aune,"Inga Aune, Tora Aune, Jacob Margido Esp, Agnhild Sølvberg"
27916,tt0093833,Redneck Zombies,Redneck Zombies,1987-09-18,2.3544,4.401,71,"[27, 35]",en,10000,0,90,Troma Entertainment,Pericles Lewnes,"Lisa M. DeHaven, William E. Benson, William Decker, Tyrone Taylor, James H. Housely"
1104352,,Respeitável Público,Respeitável Público,1987-12-23,2.3494,0.0,0,[],pt,0,0,0,,"Rosane Wagner, Helmuth Wagner Jr., Elizabeth Wagner, Ingrid Wagner",
122973,tt0087301,Hibiscus Town,芙蓉镇,1987-03-05,2.3426,7.984,63,"[18, 36, 10749]",zh,0,0,164,Shanghai Film Studio,Xie Jin,"Liu Xiaoqing, Jiang Wen, Zheng Zaishi, Zhu Shibin, Xu Songzi"
76034,tt0092015,Stockholmsnatt,Stockholmsnatt,1987-01-23,2.3426,5.4,15,"[80, 18]",sv,0,0,50,Staffan Hildebrand Produktion AB,Staffan Hildebrand,"Paolo Roberto, Ian Roberto, Ellen Roberto, Vincenzo Roberto, Quincy Jones III"
14499,tt0093543,Mio in the Land of Faraway,Mio min Mio,1987-08-18,2.3381,5.966,102,"[12, 18, 14, 10751, 9648]",en,7200000,2300000,99,"Nordisk Tonefilm, Gorky Film Studios, Svenska Filminstitutet, Norway Film Development, Sovinfilm, Taurus Film, Miramax",Vladimir Grammatikov,"Nick Pickard, Christian Bale, Timothy Bottoms, Christopher Lee, Susannah York"
312000,tt0294500,Prince Danylo Halytskyi,Данило - князь Галицький,1987-07-28,2.3376,3.3,3,"[18, 36]",uk,0,0,94,Odessa Film Studio,Yaroslav Lupiy,"Viktor Yevgrafov, Ivan Havryliuk, Sergey Bystritskiy, Mykhailo Gornostal, Nurmukhan Zhanturin"
59075,tt0093999,Snow White,Snow White,1987-12-04,2.3301,6.682,33,"[10751, 14]",en,0,0,85,"The Cannon Group, Golan-Globus Productions",Michael Berz,"Diana Rigg, Sarah Patterson, Nicola Stapleton, Billy Barty, Mike Edmonds"
404298,tt0094354,Happy Bigamist,一屋兩妻,1987-04-17,2.3291,6.7,3,"[10749, 35]",cn,0,0,91,Bo Ho Films,Anthony Chan Yau,"Kenny Bee, Anita Mui Yim-Fong, Anthony Chan Yau, Pat Ha Man-Jik, Sandra Ng Kwan-Yu"
501814,,Thangachi,தங்கச்சி,1987-11-27,2.3279,0.0,0,"[28, 18, 10751]",ta,0,0,134,Ratna Movies,R Krishnamurthy,"Ramki, Pallavi, Seetha, Nizhalgal Ravi, Radha Ravi"
110729,tt0091117,The Girl,The Girl,1987-08-07,2.325,4.9,7,"[18, 10749, 53]",en,0,0,105,Lux Film,Arne Mattsson,"Franco Nero, Bernice Stegers, Clare Powney, Frank Brennan, Christopher Lee"
240477,tt0093306,Rich and Famous,江湖情,1987-05-27,2.3216,6.6,26,"[28, 80]",cn,0,2689050,104,"Orange Sky Golden Harvest, Win's Film Co.",Taylor Wong Tai-Loi,"Chow Yun-Fat, Alex Man Chi-Leung, Ko Chun-Hsiung, Andy Lau, Alan Tam"
317876,tt0093016,The Feldmann Case,Over grensen,1987-02-01,2.3177,6.778,9,"[18, 80]",no,0,0,87,,Bente Erichsen,"Bjørn Sundquist, Sverre Anker Ousdal, Ingerid Vardund, Inger Lise Rypdal, Trond Brænne"
99749,tt0095958,Rampage,Rampage,1987-09-01,2.316,5.955,66,"[80, 18, 53, 27]",en,7500000,796368,91,DEG,William Friedkin,"Michael Biehn, Alex McArthur, Nicholas Campbell, Deborah Van Valkenburgh, John Harkins"
1640540,tt1611815,Fur Coat,Bunda,1987-06-14,2.3158,0.0,0,"[10770, 18]",sh,0,0,55,Televizija Zagreb,Berislav Makarović,"Sven Lasta, Zdenka Heršak, Nina Erak-Svrtan, Ljubomir 'Kiki' Kapor, Zoran Ćirić"
89394,tt0092677,Blue Monkey,Blue Monkey,1987-09-25,2.5113,4.857,42,"[27, 878]",en,0,0,96,Mithras,William Fruet,"Steve Railsback, Gwynyth Walsh, John Vernon, Joe Flaherty, Robin Duke"
127,tt0084549,Blind Chance,Przypadek,1987-01-10,2.3118,7.496,252,[18],pl,0,0,114,"Zespół Filmowy ""Tor""",Krzysztof Kieślowski,"Bogusław Linda, Tadeusz Łomnicki, Zbigniew Zapasiewicz, Bogusława Pawelec, Marzena Trybała"
42004,tt0093166,Heaven,Heaven,1987-04-17,2.3021,6.556,9,[99],en,0,77886,80,"Lightyear Entertainment, Perpetual Productions, RVP, Island Pictures",Diane Keaton,"Don King, Victoria Sellers, Kenny Ostin, Michael Agabian, James Allport"
28218,tt0092860,Deathstalker II: Duel of the Titans,Deathstalker II: Duel of the Titans,1987-06-03,2.9207,5.728,145,"[28, 12, 35, 14]",en,400000,0,77,"Aries Film International, New Horizons Picture",Jim Wynorski,"John Terlesky, Monique Gabrielle, John Lazar, Toni Naples, María Socas"
67307,tt0092656,The Big Town,The Big Town,1987-09-25,2.7766,5.542,60,"[18, 10749]",en,0,1733017,109,"Albacore Productions Inc., Columbia Pictures",Ben Bolt,"Matt Dillon, Diane Lane, Tommy Lee Jones, Bruce Dern, Lee Grant"
1215201,tt2831472,Fish for four,Ryba ve čtyřech,1987-08-09,1.9292,6.0,1,[35],cs,0,0,74,Československá televize Praha,Pavlína Moskalyková,"Rudolf Hrušínský, Jiřina Bohdalová, Květa Fialová, Blanka Bohdanová"
1574546,tt1369522,Das Lachen,Das Lachen,1987-08-21,2.2667,0.0,0,[16],de,0,0,9,DEFA-Studio für Trickfilme,"Peter Pohler, Alexander Reimann",Volkmar Kleinert
422782,tt8250400,Two in the Morning,午夜两点,1987-10-19,2.2502,0.0,0,"[9648, 27]",zh,0,0,96,,Bao Zhifang,"Yan Xiaopin, Wang Shihuai, Zhang Min, Zhang Xiaolin, Mai Wenyan"
70542,tt0093305,Flaming Brothers,江湖龍虎鬥,1987-07-30,2.599,6.4,32,"[28, 80, 10749]",cn,0,2014333,101,In-Gear Film Production Co. Ltd.,Joe Cheung Tung-Cho,"Alan Tang Kwong-Wing, Jenny Tseng, Chow Yun-Fat, Pat Ha Man-Jik, Patrick Tse Yin"
28327,tt0093043,Delirium: Photo of Gioia,Le foto di Gioia,1987-04-02,2.2699,5.4,105,"[27, 9648, 53]",it,0,0,94,"Dania Film, Devon Film, National Cinematografica, Filmes International, Reteitalia, Medusa Distribuzione",Lamberto Bava,"Serena Grandi, Vanni Corbellini, George Eastman, David Brandon, Sabrina Salerno"
62132,tt0092669,Blood Diner,Blood Diner,1987-07-24,2.1908,5.402,133,"[27, 35]",en,0,0,88,"PMS Filmworks, Lightning Pictures",Jackie Kong,"Rick Burks, Carl Crew, Roger Dauer, LaNette La France, Lisa Elaina"
32058,tt0093477,Making Mr. Right,Making Mr. Right,1987-04-03,2.4806,5.196,46,"[35, 10749, 878]",en,0,0,98,"Orion Pictures, Barry & Enright Productions",Susan Seidelman,"John Malkovich, Ann Magnuson, Glenne Headly, Ben Masters, Laurie Metcalf"
85811,tt0295455,The Tale of Genji,源氏物語,1987-12-19,2.2306,6.0,22,"[16, 18, 10749]",ja,0,0,110,"The Asahi Shimbun, Group TAC, TV Asahi",Gisaburō Sugii,"Morio Kazama, Midori Hagio, Miwako Kaji, Reiko Ōhara, Megumi Yokoyama"
596874,tt0183801,Son Kahramanlar,Son Kahramanlar,1987-04-01,2.1403,5.25,4,[],tr,0,0,80,,Cüneyt Arkın,"Cüneyt Arkın, Refik Göçek, Aytekin Akkaya, Serpil Alkan, Hüseyin Peyda"
255331,tt0301124,Comic Cabby,Comic Cabby,1987-01-02,2.2777,7.0,1,[35],en,0,0,59,,Carl H. Lindahl,"Victor Competiello, Frank Guy, Al Lewis"
110729,tt0091117,The Girl,The Girl,1987-08-07,2.325,4.9,7,"[18, 10749, 53]",en,0,0,105,Lux Film,Arne Mattsson,"Franco Nero, Bernice Stegers, Clare Powney, Frank Brennan, Christopher Lee"
103216,tt0095866,I picari,I picari,1987-12-18,2.1339,5.485,33,[35],it,0,0,121,"Clemi Cinematografica, Producciones Cinematografica DIA s.a.",Mario Monicelli,"Giancarlo Giannini, Enrico Montesano, Vittorio Gassman, Nino Manfredi, Giuliana De Sio"
349046,tt5079126,The Harpies,Arpie,1987-01-01,1.9409,3.5,4,[27],it,0,0,35,,Fabio Salerno,"Francesco Rinaldi, Paola Bechis, Roberta Schiarea, Paolo Coluzzi, Marisa Pierdiluca"
1610436,,Zina,Zina,1987-06-10,2.0909,0.0,0,[18],sk,0,0,0,,Jan Makan,"Dagmar Rúfusová, Dušan Jamrich"
246745,tt0195268,Skipper,Skipper,1987-06-10,2.1134,7.75,2,"[12, 53, 10770]",it,0,0,0,RAI,Roberto Malenotti,"Fabio Testi, Mariangela Giordano, Valentina Forte, Corinne Cléry, Helmut Berger"
42983,tt0082625,A Woman Alone,Kobieta samotna,1987-03-15,2.0146,6.643,14,[18],pl,0,0,92,"Zespół Filmowy ""X""",Agnieszka Holland,"Maria Chwalibóg, Bogusław Linda, Sława Kwaśniewska, Krzysztof Zaleski, Bożena Baranowska"
116919,tt0093532,Mi general,Mi general,1987-05-07,1.8357,5.333,9,[35],es,0,0,110,"Fígaro Films, Ministerio de Cultura España, TVE",Jaime de Armiñán,"Fernando Rey, Fernando Fernán Gómez, Héctor Alterio, Mónica Randall, Rafael Alonso"
69040,tt0093964,Shy People,Shy People,1987-12-04,2.7207,6.37,27,[18],en,0,769119,118,"The Cannon Group, Golan-Globus Productions",Andrei Konchalovsky,"Jill Clayburgh, Barbara Hershey, Martha Plimpton, Merritt Butrick, John Philbin"
575367,tt1593717,Lalan Fakir,Lalan Fakir,1987-02-06,2.1153,0.0,0,[18],bn,0,0,122,Angel Digital Private Limited,Shakti Chatterjee,"Ashim Kumar, Sandhya Roy, Rabi Ghosh, Asit Baran, Ajit Banerjee"
123396,tt0094269,Vincent,Vincent,1987-10-08,1.9241,6.5,8,"[18, 36]",en,0,0,105,,Paul Cox,"John Hurt, Marika Rivera, Gabriella Trsek"
240477,tt0093306,Rich and Famous,江湖情,1987-05-27,2.3216,6.6,26,"[28, 80]",cn,0,2689050,104,"Orange Sky Golden Harvest, Win's Film Co.",Taylor Wong Tai-Loi,"Chow Yun-Fat, Alex Man Chi-Leung, Ko Chun-Hsiung, Andy Lau, Alan Tam"
190537,tt0092815,Daddy,Daddy,1987-04-14,2.1308,7.192,13,"[18, 10770]",en,0,0,100,Robert Greenwald Productions,John Herzfeld,"Dermot Mulroney, John Karlen, Tess Harper, J.J. Cohen, Trey Aames"
819051,tt5547336,Bitmeyen Adam,Bitmeyen Adam,1987-04-03,2.4392,0.0,0,"[28, 18, 12]",tr,0,0,0,"Varlık Film, Helmut Film",Cüneyt Arkın,"Cüneyt Arkın, Aykut Düz, Ali Güney, Aydın Haberdar, Hale Haykır"
577186,tt0300332,Friday Night,Петък вечер,1987-01-19,1.7755,9.0,1,[18],bg,0,0,117,Boyana Film,Lyudmil Kirkov,"Mariya Stefanova, Elena Rainova, Margarita Pehlivanova, Ernestina Chinova, Martina Vachkova"
87395,tt0093443,Love at Stake,Love at Stake,1987-08-01,2.0955,5.588,17,"[14, 35, 27]",en,0,0,86,"Hemdale Film Corporation, TriStar Pictures",John Moffitt,"Patrick Cassidy, Kelly Preston, Georgia Brown, Barbara Carrera, Bud Cort"
1548590,tt0442290,Kid Chocolate,Kid Chocolate,1987-01-01,1.9926,7.0,1,[99],es,0,0,0,ICAIC,Gerardo Chijona,
127,tt0084549,Blind Chance,Przypadek,1987-01-10,2.3118,7.5,251,[18],pl,0,0,114,"Zespół Filmowy ""Tor""",Krzysztof Kieślowski,"Bogusław Linda, Tadeusz Łomnicki, Zbigniew Zapasiewicz, Bogusława Pawelec, Marzena Trybała"
1248692,tt0375972,El Mikado,El Mikado,1987-02-02,2.1664,10.0,1,"[10402, 10770, 18, 10749]",ca,0,0,0,"TV3, Dagoll Dagom",Joan Lluís Bozzo,"Miquel Periel, Ferran Rañé, Teresa Vallicrosa, Pep Molina, Ferran Frauca"
1601459,tt0460527,On Time,On Time,1987-03-05,2.1926,7.0,1,[35],en,0,0,9,"New York University (NYU), Hit & Run Productions, Tisch School of the Arts (NYU)",Ari Taub,"Hy Anzell, Robert Bland, Tony Didio Jr., Joe Manuella, Janice Nichol"
26574,tt0092933,Dudes,Dudes,1987-08-01,2.2551,5.7,35,"[35, 37, 12]",en,0,0,90,The Vista Organization,Penelope Spheeris,"Jon Cryer, Daniel Roebuck, Catherine Mary Stewart, Flea, Lee Ving"
1632450,tt5580662,Παπαδίστικη δυναστεία,Παπαδίστικη δυναστεία,1987-01-01,2.141,0.0,0,[35],el,0,0,0,,Ilias Mylonakos,"Steve Douzos, Mihalis Gounaris, Antonis Trikaminas, Kostas Dounis, Makis Kostinis"
149039,tt0188442,Part-Time Lifeguards,Los bañeros más locos del mundo,1987-02-05,1.9195,6.675,40,[35],es,0,0,82,Argentina Sono Film,Carlos Galettini,"Emilio Disi, Berugo Carambula, Gino Renni, Alberto Fernández de Rosa, Adrián Martel"
646994,tt0141791,La ruletera,La ruletera,1987-04-05,2.0251,6.0,3,[35],es,0,0,78,Producciones Tijuana S.A. de C.V.,Víctor Manuel Castro,"Maribel Fernández, Rafael Inclán, Raúl Padilla, Manuel 'Flaco' Ibáñez, Miguel Manzano"
478482,,Cultural Soup,Cultural Soup,1987-01-01,1.8921,0.0,0,[],en,0,0,6,,Nancy Buchanan,Paul McCarthy
20465,tt0092576,Stage Fright,Deliria,1987-02-08,2.3668,6.446,252,[27],it,1000000,0,90,"DMV Distribuzione, Filmirage",Michele Soavi,"Barbara Cupisti, David Brandon, Robert Gligorov, Wanja Mary Sellers, Giovanni Lombardo Radice"
1590262,tt0353020,Yagagni,യാഗാഗ്നി,1987-01-01,2.2937,10.0,1,[18],ml,0,0,106,Jay Arts,P. Chandrakumar,"Sabitha Anand, Suresh Gopi, Mukesh, Rohini"
505957,tt0093508,Material urbà,Material urbà,1987-12-11,1.9316,3.667,3,"[80, 18]",ca,0,7267,0,J. Bayona P.C.,Jordi Bayona,"Mónica Molina, David Sust, Joan Peris, Berta Cabré, Julieta Serrano"
678693,tt0374965,Policía salvaje,Policía salvaje,1987-01-01,2.1393,6.667,3,[28],es,0,0,75,Tuna Film,Miguel Marte,"Roberto 'El Flaco' Guzmán, Gabriela Goldsmith, Arturo Martínez hijo, Guillermo Inclán, Paco Pharrez"
29445,tt0092972,Epidemic,Epidemic,1987-09-11,2.2141,5.718,142,"[18, 27]",da,0,938,106,"Det Danske Filminstitut, Elementfilm A/S",Lars von Trier,"Lars von Trier, Niels Vørsel, Claes Kastholm Hansen, Udo Kier, Svend Ali Hamann"
70199,tt0092842,Dead of Winter,Dead of Winter,1987-02-06,2.2096,6.004,129,"[27, 53]",en,0,2413427,100,Metro-Goldwyn-Mayer,Arthur Penn,"Mary Steenburgen, Roddy McDowall, Jan Rubeš, William Russ, Ken Pogue"
177263,tt0093398,Leere Welt,Leere Welt,1987-11-08,2.2081,7.5,2,"[18, 878]",de,0,0,0,"Bavaria Film, ZDF",Wolfgang Panzer,"Tilman Schaich, Beatrice Dossi, Astrid Marshall, Hannes Kaetner, Erika Wackernagel"
107352,tt0094087,Sweet Revenge,Sweet Revenge,1987-02-06,2.2044,3.722,9,"[12, 18, 28, 53]",en,0,0,78,"Concorde-New Horizons, Motion Picture Corporation of America",Mark Sobel,"Nancy Allen, Ted Shackelford, Martin Landau, Sal Landi, Michele Little"
98486,tt0093980,"Sister, Sister","Sister, Sister",1987-09-13,2.204,4.734,32,"[10749, 53, 18, 9648]",en,4000000,743445,91,New World Entertainment,Bill Condon,"Eric Stoltz, Jennifer Jason Leigh, Judith Ivey, Dennis Lipscomb, Anne Pitoniak"
1579513,tt7932864,Aapadbandhava,Aapadbandhava,1987-12-14,2.2039,0.0,0,"[28, 18]",kn,0,0,142,P P Creations,A. T. Raghu,"Ambareesh, Ambika, Devaraj, Lakshman, Mysore Lokesh"
38178,tt0093970,Prince: Sign 'o' the Times,Prince: Sign 'o' the Times,1987-11-20,2.1982,7.467,60,"[10402, 99]",en,0,3000973,84,"Cineplex-Odeon Films, Purple Films",Prince,"Prince, Sheila E., Levi Seacer Jr., Miko Weaver, Dr. Fink"
14488,tt0296589,The Wild Swans,Metsluiged,1987-12-18,2.1964,6.0,9,"[12, 14, 10751]",et,0,0,86,Tallinnfilm,Helle Karis,"Katri Horma, Juris Žagars, Andrejs Žagars, Ines Aru, Gunnar Kilgas"
1601459,tt0460527,On Time,On Time,1987-03-05,2.1926,7.0,1,[35],en,0,0,9,"New York University (NYU), Hit & Run Productions, Tisch School of the Arts (NYU)",Ari Taub,"Hy Anzell, Robert Bland, Tony Didio Jr., Joe Manuella, Janice Nichol"
62132,tt0092669,Blood Diner,Blood Diner,1987-07-24,2.1908,5.402,133,"[27, 35]",en,0,0,88,"PMS Filmworks, Lightning Pictures",Jackie Kong,"Rick Burks, Carl Crew, Roger Dauer, LaNette La France, Lisa Elaina"
340441,tt0285590,Captured Mother and Daughter: She Beast,母娘監禁　牝,1987-02-28,2.1887,4.833,6,[18],ja,0,0,75,Méliès,Nobuyuki Saitō,"Asako Maekawa, Yoshihiro Kato, Megumi Kagami, Naomi Kajitani, Kozue Tsukumo"
100705,tt0092919,Double Agent,Double Agent,1987-03-29,2.1835,5.8,6,"[10770, 10751, 28, 35]",en,0,0,91,"Mark H. Ovitz Productions, Walt Disney Television",Michael Vejar,"Michael McKean, Big John Studd, Alexa Hamilton, Susan Walden, Christopher Burton"
299819,tt0116417,The Girl on the River,Cô gái trên sông,1987-04-01,2.1829,4.8,4,[18],vi,0,0,92,"Vietnam Feature Film Studio, Phương Nam Phim",Dang Nhat Minh,"Minh Châu, Anh Dũng, Hà Xuyên, Trần Văn Sơn, Thanh Lan"
67058,tt0093891,Rumpelstiltskin,Rumpelstiltskin,1987-04-01,2.1806,4.3,10,"[14, 878, 10402, 10751]",en,0,355000,84,"The Cannon Group, Golan-Globus Productions",David Irving,"Amy Irving, Clive Revill, John Moulder-Brown, Priscilla Pointer, Jonny Phillips"
1135231,tt5612068,Silu,सिलु,1987-11-01,2.1795,0.0,0,"[18, 10402, 10749]",ne,0,0,114,Prem Production Pvt. Ltd.,Pradeep Rimal,"Jay Shrestha, Nabina Shrestha, Kishor Malakar, Prem Baniya, Barsha Subba"
331472,tt0094213,Uncle Tom's Cabin,Uncle Tom's Cabin,1987-06-14,2.1721,6.964,14,"[36, 18, 10770]",en,0,0,110,"Edgar J. Scherick Associates, Taft Entertainment Television",Stan Lathan,"Avery Brooks, Kate Burton, Bruce Dern, Paula Kelly, Phylicia Rashād"
2608,tt0093476,Maid to Order,Maid to Order,1987-07-10,2.1709,5.5,63,"[35, 14]",en,0,9868521,93,The Vista Organization,Amy Holden Jones,"Ally Sheedy, Beverly D'Angelo, Michael Ontkean, Valerie Perrine, Dick Shawn"
1231115,,三十六宫七十二院,三十六宫七十二院,1987-01-01,2.1701,0.0,0,[],zh,0,0,0,,,"Kao Wen-Song, Chu Hui-Te"
329303,tt0685628,The Sign of Four,The Sign of Four,1987-03-07,2.1682,7.398,83,"[80, 9648, 53]",en,0,0,103,Granada Television,Peter Hammond,"Jeremy Brett, Edward Hardwicke, Jenny Seagrove, Ronald Lacey, John Thaw"
567823,,The Return of the Newshound and the Lady Cop,迷探偵記者羽鳥雄太郎と駆け出し女刑事IV,1987-10-03,2.1674,5.5,1,[],ja,0,0,93,"TV Asahi, Shigoto Film Production",Keiichirō Yoshida,"Kunie Tanaka, Rie Nakahara, Yoshie Shimamura, Ryuzo Tanaka, Akiko Aitsuki"
1669912,tt7622794,Kötü Kader,Kötü Kader,1987-01-01,2.1664,0.0,0,[18],tr,0,0,0,"Hayat Film (TR), Arsel Film Müzik",Yavuz Figenli,"Ercan Turgut, Selma Poyraz, Halit Akçatepe, Nuran Aksoy, Ali Ekdal"
1248692,tt0375972,El Mikado,El Mikado,1987-02-02,2.1664,10.0,1,"[10402, 10770, 18, 10749]",ca,0,0,0,"TV3, Dagoll Dagom",Joan Lluís Bozzo,"Miquel Periel, Ferran Rañé, Teresa Vallicrosa, Pep Molina, Ferran Frauca"
63381,tt0093626,Nightflyers,Nightflyers,1987-10-23,2.1651,4.69,21,"[27, 878]",en,0,0,89,The Vista Organization,Robert Collector,"Catherine Mary Stewart, Michael Praed, John Standing, Lisa Blount, Glenn Withrow"
85160,tt0093990,Slaughterhouse,Slaughterhouse,1987-08-28,2.1648,5.217,90,[27],fr,0,0,85,American Artists,Rick Roessler,"Joe B. Barton, Don Barrett, Sherry Leigh, Jeff Grossi, Jane Higginson"
46976,tt0094331,Wish You Were Here,Wish You Were Here,1987-07-24,2.1607,6.4,78,"[35, 18, 10749]",en,0,0,92,"Working Title, Zenith Entertainment, Film Four International",David Leland,"Emily Lloyd, Tom Bell, Jesse Birdsall, Clare Clifford, Sheila Kelley"
166461,tt0094068,"¡Sufre, mamón!","¡Sufre, mamón!",1987-06-15,2.1598,7.177,79,"[35, 10402]",es,0,1702603,97,"José Frade Producciones Cinematográficas, ""G"" P.C. S.A.",Manuel Summers,"David Summers Rodriguez, Marta Madruga, Gerardo Ortega, Curro Martín Summers, Javier Molina"
904262,,Stone Age,Кам’яний вік,1987-01-01,2.1581,8.0,1,[16],uk,0,0,10,Kyivnaukfilm,Volodymyr Honcharov,
336403,tt4112470,Tilbury,Tilbury,1987-01-01,2.1549,5.8,8,"[27, 10770]",is,0,0,57,RÚV,Viðar Víkingsson,"Kristján Franklín Magnús, Helga Bernhard, Karl Ágúst Úlfsson, Erla Skúladóttir, Róbert Arnfinnsson"
1258339,,Glorious Day,Glorious Day,1987-01-01,2.1525,0.0,0,[],en,0,0,11,"Innersense Productions, Australian Film Commission",Bill Mousoulis,"Lloyd Fleming, Monica Mousoulis"
678753,tt0364532,Maldicion Maya,Maldicion Maya,1987-01-01,2.1437,6.7,3,"[53, 9648, 80]",es,0,0,90,Diafragma Films,Víctor Herrera Zenil,"Roberto Montiel, Rosalba Brambila, Arturo Martínez hijo, Cuitláhuac Rodríguez, Elsa Nava"
206938,tt0301307,The Photo of a Woman with a Boar,Fotogrāfija ar sievieti un mežakuili,1987-07-12,2.1433,4.0,9,"[9648, 53, 80]",lv,0,0,99,Rīgas kinostudija,Arvīds Krievs,"Alvis Hermanis, Mirdza Martinsone, Ivars Kalnins, Saulius Balandis, Inese Pabērza"
1632450,tt5580662,Παπαδίστικη δυναστεία,Παπαδίστικη δυναστεία,1987-01-01,2.141,0.0,0,[35],el,0,0,0,,Ilias Mylonakos,"Steve Douzos, Mihalis Gounaris, Antonis Trikaminas, Kostas Dounis, Makis Kostinis"
596874,tt0183801,Son Kahramanlar,Son Kahramanlar,1987-04-01,2.1403,5.25,4,[],tr,0,0,80,,Cüneyt Arkın,"Cüneyt Arkın, Refik Göçek, Aytekin Akkaya, Serpil Alkan, Hüseyin Peyda"
163514,tt0092832,The Darkside,The Darkside,1987-06-01,1.8917,4.25,4,"[9648, 80, 18, 53, 27]",en,0,0,95,"Shapiro-Glickenhaus Entertainment, New Line Cinema",Constantino Magnatta,"Tony Galati, Cynthia Preston, Peter Read, John Tench, Charles Loriot"
1276657,tt0476273,Kachchi Kali,Kachchi Kali,1987-07-12,2.1401,8.0,1,[18],hi,0,0,130,,K.R. Rangan,"Sonika Gill, Ajinkya Deo, Kapil Karzan, Abhilasha"
678693,tt0374965,Policía salvaje,Policía salvaje,1987-01-01,2.1393,6.667,3,[28],es,0,0,75,Tuna Film,Miguel Marte,"Roberto 'El Flaco' Guzmán, Gabriela Goldsmith, Arturo Martínez hijo, Guillermo Inclán, Paco Pharrez"
966997,tt31121910,Brytpunkt-87,Brytpunkt-87,1987-10-03,2.139,0.0,0,"[99, 10402]",sv,0,0,59,GAG-Film,Emmanuel M. Geranis,"Kristina Lugn, Leif Nylén, Freddie Wadling, Johan Pettersson, Hasse Malmström"
27462,tt0093991,Slave Girls from Beyond Infinity,Slave Girls from Beyond Infinity,1987-09-18,2.135,4.8,77,"[28, 12, 878]",en,90000,0,74,"Titan Productions, Beyond Infinity",Ken Dixon,"Elizabeth Kaitan, Cindy Beal, Don Scribner, Brinke Stevens, Carl Horner"
2115,tt0093415,Light of Day,Light of Day,1987-02-06,2.1349,5.5,60,"[10402, 18]",en,0,10489617,107,"Keith Barish Productions, Taft Entertainment Pictures",Paul Schrader,"Michael J. Fox, Gena Rowlands, Joan Jett, Michael McKean, Thomas G. Waites"
788360,,Harder Than Everest,Harder Than Everest,1987-01-01,2.1344,0.0,0,[99],en,0,0,58,National Film and Sound Archive of Australia (NFSA),"Bob Connolly, Tim Macartney-Snape","Tim Macartney-Snape, Greg Child, Tom Hargis, Phil Balsdon, Steve Risse"
103216,tt0095866,I picari,I picari,1987-12-18,2.1339,5.485,33,[35],it,0,0,121,"Clemi Cinematografica, Producciones Cinematografica DIA s.a.",Mario Monicelli,"Giancarlo Giannini, Enrico Montesano, Vittorio Gassman, Nino Manfredi, Giuliana De Sio"
67253,tt0093420,Lily C.A.T.,LILY-C.A.T.,1987-09-01,2.1333,5.7,46,"[878, 27, 16]",ja,0,0,67,Pierrot,Hisayuki Toriumi,"Osamu Saka, Chikao Ohtsuka, Hiroyuki Okita, Masako Katsuki, Eiko Yamada"
60477,tt0097594,Ice Palace,Is-slottet,1987-12-26,2.1333,5.258,31,"[9648, 18]",no,0,0,78,Norsk Film,Per Blom,"Hilde Nyeggen Martinsen, Line Storesund, Sigrid Huun, Urda Brattrud Larsen, Merete Moen"
960962,,Ptaszor,Ptaszor,1987-09-16,2.1332,6.0,1,[16],pl,0,0,8,Studio Filmów Animowanych Poltel,Hieronim Neumann,
27737,tt0093876,Rolling Vengeance,Rolling Vengeance,1987-10-02,2.1326,5.707,29,"[53, 28, 18]",en,0,0,92,Apollo Pictures,Steven Hilliard Stern,"Don Michael Paul, Lawrence Dane, Ned Beatty, Lisa Howard, Michael J. Reynolds"
190537,tt0092815,Daddy,Daddy,1987-04-14,2.1308,7.192,13,"[18, 10770]",en,0,0,100,Robert Greenwald Productions,John Herzfeld,"Dermot Mulroney, John Karlen, Tess Harper, J.J. Cohen, Trey Aames"
123392,tt0094078,Surrender,Surrender,1987-10-09,2.1277,5.1,30,[35],en,0,0,105,"The Cannon Group, Golan-Globus Productions",Jerry Belson,"Sally Field, Michael Caine, Steve Guttenberg, Peter Boyle, Jackie Cooper"
152468,tt0220839,Living Dangerously,BiOS + πολιτεία,1987-10-29,2.1259,6.583,12,[35],el,0,0,105,"Greek Film Centre, Home Video Hellas, Spentzos Films, Stefi 2, Nicos Perakis FILMPRODUCTION",Nikos Perakis,"Giorgos Kimoulis, Dimitris Kalivokas, Giorgos Kotanidis, Pavlos Kontoyannidis, Vana Barba"
165379,tt0287104,Weekend in Hell,Savaitgalis pragare,1987-12-09,2.1231,5.111,9,"[18, 10752, 12]",lt,0,0,92,Lithuanian Film Studio,"Vytautas Žalakevičius, Almantas Grikevičius, Avtandil Kvirikashvili","Vladimir Bogin, Vidas Petkevičius, Ingeborga Dapkūnaitė, Juozas Budraitis, Vytautas Paukste"
1583874,,Fotograf,Fotograf,1987-02-26,2.1203,0.0,0,[10402],sk,0,0,0,Československá televízia Bratislava,Ján Tóth,"Marián Slovák, Roman Luknár, Peter Lipa, Hana Králová, Ingrid Kalmánová"
1599701,tt0479305,The Quitter,The Quitter,1987-01-01,2.1194,9.0,1,[16],en,0,0,8,"US Heathcare, Inc.",Paul Fierlinger,Jim Thurman
64405,tt0091529,Miss Mona,Miss Mona,1987-01-28,2.1189,6.5,6,"[35, 18]",fr,0,0,98,KG Productions,Mehdi Charef,"Mohamed Ben Smaïl, Jean Carmet, Kader Boukhanef, Albert Delpy, Albert Klein"
38141,tt0096465,World Gone Wild,World Gone Wild,1987-10-01,2.1178,5.2,31,"[28, 878]",en,0,0,95,Apollo Pictures,Lee H. Katzin,"Bruce Dern, Michael Paré, Catherine Mary Stewart, Adam Ant, Anthony James"
575367,tt1593717,Lalan Fakir,Lalan Fakir,1987-02-06,2.1153,0.0,0,[18],bn,0,0,122,Angel Digital Private Limited,Shakti Chatterjee,"Ashim Kumar, Sandhya Roy, Rabi Ghosh, Asit Baran, Ajit Banerjee"
791388,tt0283138,White Lady,White Lady,1987-08-22,2.115,0.0,0,"[18, 14, 27, 10770]",en,0,0,47,BBC,David Rudkin,"Cornelius Garrett, Meg Wynn Owen, Sophie Thompson, Jessica Martin"
62181,tt4463070,Devilman - Volume 1: The Birth,デビルマン 誕生編,1987-11-01,2.1139,7.1,66,"[28, 14, 27, 16]",ja,0,0,51,Dynamic Planning,Umanosuke Iida,"Show Hayami, Yu Mizushima, Jun Konomaki, Mikio Terashima, Masako Ikeda"
246745,tt0195268,Skipper,Skipper,1987-06-10,2.1134,7.75,2,"[12, 53, 10770]",it,0,0,0,RAI,Roberto Malenotti,"Fabio Testi, Mariangela Giordano, Valentina Forte, Corinne Cléry, Helmut Berger"
74747,tt0092809,The Curse,The Curse,1987-09-11,2.1132,5.018,142,"[27, 878]",en,0,0,92,Trans World Entertainment,David Keith,"Wil Wheaton, Claude Akins, Malcolm Danare, Cooper Huckabee, John Schneider"
616798,tt0165772,"Farewell, Terminator","Farewell, Terminator",1987-01-01,2.1117,4.25,2,"[28, 878]",he,0,0,28,,Isaac Florentine,"Yaakov Yaakobson, Ezra Kafri, Isaac Florentine"
533588,tt13533214,Lemuria Rising,Lemuria Rising,1987-01-01,2.1103,0.0,0,[],en,0,0,59,Unarius Academy of Science,Denecius,"Ruth Norman, Dennis Dallison, Decie Hook, Kevin Kennedy, Dennis McNabb"
678742,tt0319407,Fiera solitaria,Fiera solitaria,1987-01-01,2.1093,5.75,4,"[80, 28]",en,0,0,90,,Hernando Name,"Fernando Casanova, Eleazar García, Eric del Castillo, Carlos Cardán, David Fuentes"
66176,tt0093831,Red Riding Hood,Red Riding Hood,1987-07-15,2.1088,5.625,16,"[12, 10751, 14]",it,0,0,84,"Golan-Globus Productions, The Cannon Group",Adam Brooks,"Amelia Shankley, Isabella Rossellini, Craig T. Nelson, Rocco Sisto, Helen Glazary"
27764,tt0093996,Slumber Party Massacre II,Slumber Party Massacre II,1987-10-16,2.1068,5.119,201,"[27, 35]",en,0,0,76,Concorde Pictures,Deborah Brock,"Crystal Bernard, Jennifer Rhodes, Kimberly McArthur, Patrick Lowe, Juliette Cummins"
53741,tt0092794,Crazy Love,Crazy Love,1987-10-01,2.1014,6.014,35,"[35, 18, 10749]",nl,0,119919,83,"Centre du Cinéma et de l'Audiovisuel de la FWB, Kabinet van de Gemeenschapsminister van Cultuur, Multimedia (BE)",Dominique Deruddere,"Geert Hunaerts, Josse De Pauw, Michaël Pas, Gene Bervoets, Amid Chakir"
226733,tt0093335,Kandyland,Kandyland,1987-01-01,2.0989,3.2,5,[18],en,0,0,83,New World Pictures,Robert Allen Schnitzer,"Kim Evenson, Charles Laulette, Sandahl Bergman, Cole Stevens, Bruce Baum"
37497,tt0090766,Border Radio,Border Radio,1987-11-01,2.0972,5.567,15,[18],en,0,0,84,Coyote Productions,"Allison Anders, Dean Lent, Kurt Voss","Chris D., Luanna Anders, Chris Shearer, John Doe, Devon Anders"
87395,tt0093443,Love at Stake,Love at Stake,1987-08-01,2.0955,5.588,17,"[14, 35, 27]",en,0,0,86,"Hemdale Film Corporation, TriStar Pictures",John Moffitt,"Patrick Cassidy, Kelly Preston, Georgia Brown, Barbara Carrera, Bud Cort"
1761820,tt0150563,First Offender,First Offender,1987-08-01,2.0941,0.0,0,[18],en,0,0,65,,Timothy Bond,"Bernie Casey, Victor Erdos, Jennifer Dale, Yannick Bisson, Brock Simpson"
21840,tt0093546,The Misfit Brigade,The Misfit Brigade,1987-07-02,2.0934,5.673,55,"[10752, 28, 12, 18]",en,0,0,99,Panorama-Film,Gordon Hessler,"Bruce Davison, David Patrick Kelly, D.W. Moffett, Jay O. Sanders, Keith Szarabajka"
383,tt0089537,Mala Noche,Mala Noche,1987-06-19,2.0927,6.081,123,"[18, 10749]",en,22500,0,75,,Gus Van Sant,"Doug Cooeyate, Tim Streeter, Sam Downey, Nyla McCarthy, Ray Monge"
14443,tt0093072,The Garbage Pail Kids Movie,The Garbage Pail Kids Movie,1987-08-22,2.0919,3.5,119,"[12, 35, 10751, 878]",en,1000000,1576615,96,"Topps Chewing Gum, Atlantic Entertainment Group",Rod Amateau,"Anthony Newley, Mackenzie Astin, Katie Barberi, Phil Fondacaro, Ron MacLachlan"
1610436,,Zina,Zina,1987-06-10,2.0909,0.0,0,[18],sk,0,0,0,,Jan Makan,"Dagmar Rúfusová, Dušan Jamrich"
17238,tt0092637,The Belly of an Architect,The Belly of an Architect,1987-09-23,2.0893,6.8,134,[18],en,2000000,0,118,"Callender Company, Mondial, Tangram Film, British Screen, Hemdale Group, SACIS, Film Four International",Peter Greenaway,"Brian Dennehy, Chloe Webb, Lambert Wilson, Sergio Fantoni, Stefania Casini"
713043,,Wesh El Saad,وش السعد,1987-06-04,2.0891,0.0,0,[],ar,0,0,0,,,"Waheid Seif, Tawfiq Al-Deqen, Hala Fakher"
24828,tt0093405,Leonard Part 6,Leonard Part 6,1987-12-18,2.0874,2.9,73,"[28, 35, 878]",en,24000000,4600000,85,"Columbia Pictures, SAH Enterprises, Inc.",Paul Weiland,"Bill Cosby, Tom Courtenay, Joe Don Baker, Moses Gunn, Pat Colbert"
241589,tt0093850,The Return of Sherlock Holmes,The Return of Sherlock Holmes,1987-01-10,2.0855,6.0,6,"[9648, 10770]",en,0,0,95,CBS Entertainment Productions,Kevin Connor,"Margaret Colin, Lila Kaye, Connie Booth, Nicholas Guest, Michael Pennington"
486064,tt0094018,Spårvagn till havet,Spårvagn till havet,1987-02-06,2.0828,9.0,1,[18],sv,0,0,75,Alexandersson & De Geer Bildproduktion,Håkan Alexandersson,"Mikael Samuelson, Fatima Bifeldt, Christine Floderer, Peter Kneip, Ellen Lamm"
631606,tt3083848,The Flood,Die Flut,1987-02-20,2.0822,0.0,0,[16],de,0,0,10,DEFA-Studio für Trickfilme,Lutz Dammbeck,
569182,,The Eccentrics,The Eccentrics,1987-01-01,2.0811,0.0,0,[],fr,0,0,7,,Jennifer L. Burford,
1285701,,Les arcandiers,Les arcandiers,1987-01-01,2.0764,0.0,0,"[18, 35, 80]",fr,0,0,11,Orlando Films,Manuel Sanchez,"Tariq Bettahar, Patrick Blanchet, Philippe Bonometti, Charles Schneider"
258157,tt0093790,Programmed to Kill,Programmed to Kill,1987-04-05,1.7951,3.667,15,"[27, 28, 878]",en,0,0,91,"Retaliator Productions, Trans World Entertainment",Allan Holzman,"Robert Ginty, Sandahl Bergman, James Booth, Alex Courtney, Paul Walker"
158517,tt0093383,Lain ulkopuolella,Lain ulkopuolella,1987-10-30,1.6984,5.333,9,"[18, 80]",fi,0,0,84,Filminor,Ville Mäkelä,"Taneli Mäkelä, Kari Heiskanen, Pirjo Luoma-aho, Antti Litja, Jouko Klemettilä"
96333,tt0094304,Weeds,Weeds,1987-10-16,2.2564,5.3,20,[18],en,0,0,115,"Kingsgate Films, DEG",John D. Hancock,"Nick Nolte, Ernie Hudson, Rita Taggart, Mark Rolston, Lane Smith"
78691,tt0093986,Slam Dance,Slam Dance,1987-10-02,2.2184,4.935,54,"[9648, 53, 80]",en,0,406881,99,"Sho Films, Island Pictures, Zenith Entertainment",Wayne Wang,"Tom Hulce, Mary Elizabeth Mastrantonio, Virginia Madsen, Don Keith Opper, Adam Ant"
330315,,Kepala Angin,Kepala Angin,1987-01-01,1.9527,0.0,0,[35],en,0,0,89,Amir Communication Sdn Bhd,Azmil Mustapha,"Azmil Mustapha, Jacqueline Mitchell, Azman Abu Hassan, Along Kamaruddin, Rashidah Jaafar"
322429,tt0330366,Maid's Room,하녀의 방,1987-10-30,1.9856,9.0,1,"[53, 27, 9648]",ko,0,0,105,Dong-a Export,Kim In-soo,"Choi Yun-seok, Bang Hee, Nam Su-jung, Hong Seong-min"
678753,tt0364532,Maldicion Maya,Maldicion Maya,1987-01-01,2.1437,6.7,3,"[53, 9648, 80]",es,0,0,90,Diafragma Films,Víctor Herrera Zenil,"Roberto Montiel, Rosalba Brambila, Arturo Martínez hijo, Cuitláhuac Rodríguez, Elsa Nava"
195498,tt0140034,I,Eu,1987-07-24,1.9326,4.921,19,"[18, 10749]",pt,0,0,123,"Embrafilme, Cinedistri",Walter Hugo Khouri,"Tarcísio Meira, Bia Seidl, Nicole Puzzi, Monique Lafond, Christiane Torloni"
40634,tt0093660,Nuts,Nuts,1987-11-20,2.6567,6.358,127,[18],en,25000000,0,116,"Warner Bros. Pictures, Barwood Films, Martin Ritt Productions",Martin Ritt,"Barbra Streisand, Richard Dreyfuss, Maureen Stapleton, Karl Malden, Eli Wallach"
167669,tt0093339,The Gambler: The Legend Continues,"The Gambler, Part III: The Legend Continues",1987-11-22,2.2754,6.0,9,"[37, 10770]",en,0,0,190,,Dick Lowry,"Kenny Rogers, Bruce Boxleitner, Marc Alaimo, George American Horse, Charles Durning"
952916,tt0282820,Oscar Thiffault,Oscar Thiffault,1987-06-06,1.8658,8.0,1,[99],fr,0,0,56,"ONF | NFB, Les Productions du Rapide-Blanc, Téléfilm Canada, La Societe Generale du Cinema du Quebec",Serge Giguère,"Oscar Thiffault, Rolland Provencher"
280316,tt0255048,Cheppu,ചെപ്പ്,1987-07-04,1.68,6.167,3,[18],ml,0,0,130,Evershine,Priyadarshan,"Mohanlal, Lissy, K. B. Ganesh Kumar, Cochin Haneefa, Sankaradi"
20242,tt0093690,Outrageous Fortune,Outrageous Fortune,1987-01-30,2.5991,6.038,131,[35],en,0,0,100,"Interscope Communications, Touchstone Pictures, Silver Screen Partners II",Arthur Hiller,"Shelley Long, Bette Midler, Peter Coyote, Robert Prosky, John Schuck"
66265,tt0320718,Velaikkaran,வேலைக்காரன்,1987-03-07,1.7984,6.375,8,"[28, 18]",ta,0,0,140,Kavithalayaa Productions,S. P. Muthuraman,"Rajinikanth, Amala Akkineni, Sarath Babu, K R Vijaya, Nassar"
42004,tt0093166,Heaven,Heaven,1987-04-17,2.3021,6.556,9,[99],en,0,77886,80,"Lightyear Entertainment, Perpetual Productions, RVP, Island Pictures",Diane Keaton,"Don King, Victoria Sellers, Kenny Ostin, Michael Agabian, James Allport"
1276657,tt0476273,Kachchi Kali,Kachchi Kali,1987-07-12,2.1401,8.0,1,[18],hi,0,0,130,,K.R. Rangan,"Sonika Gill, Ajinkya Deo, Kapil Karzan, Abhilasha"
75385,tt0128423,About the Cat...,Про кота...,1987-02-08,1.9148,6.7,5,"[10751, 12, 10770]",ru,0,0,69,Ekran,Svyatoslav Chekin,"Leonid Yarmolnik, Albert Filozov, Marina Levtova, Pyotr Shcherbakov, Valentin Gaft"
404404,tt0093293,Jalwa,Jalwa,1987-06-30,1.8055,6.3,3,"[53, 28]",hi,0,0,134,,Pankaj Parashar,"Amitabh Bachchan, Naseeruddin Shah, Archana Puran Singh, Tejeshwar Singh, Dalip Tahil"
239439,tt0288175,A Matter of Perspective,Point de fuite,1987-01-01,2.669,6.0,20,[35],fr,0,0,10,Iblis Films,Olivier Smolders,"Catherine Aymerie, François Galland, Stéphanie Dessens, Sarah Lefévre, Valerie De Wilde"
925688,tt0094235,Rear-Guard,Valahol Magyarországon,1987-10-22,1.8934,10.0,1,[18],hu,0,0,0,,András Kovács,"Péter Blaskó, Imre Csiszár, Mari Szemes, István Fonyó, Gábor Mádi Szabó"
271953,,Bayangan Cinta,Bayangan Cinta,1987-01-01,1.9486,0.0,0,"[18, 10749]",en,0,0,82,Pengedar Utama Sdn Bhd,"Abdi Wiyono, Ahmad Ibrahim","Lydia Kandou, Ogy Ahmad Daud, Eman Manan, Rina Hushim, Poppy Soraya"
742084,tt4172568,Building No. 13,Imara 13,1987-01-08,1.8891,0.0,0,[35],ar,0,0,109,Babel Film and Television Production,Sahib Haddad,"Mahmoud Abu Abbas, Suad Abdallah, Talib Al-Furati, Qasim Al-Malakh, Khalil Al-Rifai"
277855,tt0320615,Theertha Karayinile,தீர்த்தக்கரையினிலே,1987-09-05,1.8189,9.0,1,"[18, 10749]",ta,0,0,132,Kamala Jothi Combines,Manivannan,"Mohan, Rupini, Janagaraj, Senthil, Malaysia Vasudevan"
1609649,,Priama úmera,Priama úmera,1987-05-12,1.6594,0.0,0,"[10749, 18]",sk,0,0,0,Československá televízia Bratislava,Ľuba Vančíková,"Petra Vančíková, Maroš Kramár, Hana Gajdošová, Jozef Holec, Ida Rapaičová"
247525,tt0262460,"Happy 100th Birthday, Hollywood","Happy 100th Birthday, Hollywood",1987-05-18,2.4326,6.0,7,"[10751, 99, 10770]",en,0,0,120,,Jeff Margolis,"James Stewart, Clint Eastwood, Whoopi Goldberg, Katharine Hepburn, Burt Lancaster"
27462,tt0093991,Slave Girls from Beyond Infinity,Slave Girls from Beyond Infinity,1987-09-18,2.135,4.8,77,"[28, 12, 878]",en,90000,0,74,"Titan Productions, Beyond Infinity",Ken Dixon,"Elizabeth Kaitan, Cindy Beal, Don Scribner, Brinke Stevens, Carl Horner"
100705,tt0092919,Double Agent,Double Agent,1987-03-29,2.1835,5.8,6,"[10770, 10751, 28, 35]",en,0,0,91,"Mark H. Ovitz Productions, Walt Disney Television",Michael Vejar,"Michael McKean, Big John Studd, Alexa Hamilton, Susan Walden, Christopher Burton"
256184,,Mr Os,Mr Os,1987-01-01,1.9623,0.0,0,[35],ms,0,0,90,,A R Badul,"Mr.Os, Ziela Jalil, Salih Yaccob, Raffi Hussain, A R Badul"
4292,tt0092944,Eat the Rich,Eat the Rich,1987-10-23,1.9649,6.2,39,"[28, 35, 80]",en,0,200723,90,Iron Fist Motion Pictures,Peter Richardson,"Ronald Allen, Jimmy Fagg, Lanah P, Fiona Richmond, Sandra Dorne"
40461,tt0092516,Ænigma,Ænigma,1987-12-30,2.053,5.285,107,[27],it,0,0,90,"Sutjeska Film, A.M. Trading International S.r.l.",Lucio Fulci,"Jared Martin, Lara Lamberti, Ulli Reinthaler, Sophie d'Aulan, Jennifer Naud"
1313446,,Copy Film,Copie Film,1987-09-01,2.0521,0.0,0,[16],fr,0,0,12,,Pascal Rémy,"Chick Ortega, francis huret, farid dahlab, Laurent Petitgand, catherine lummert"
106540,tt0347328,Thousand Centipedes,Kelabang Seribu,1987-01-01,2.2403,9.5,2,"[27, 14, 28]",id,0,0,95,,Imam Tantowi,"Barry Prima, Anneke Puteri, W.D. Mochtar, Wenny Rosaline, Advent Bangun"
1611050,tt9683966,Na vlne,Na vlne,1987-08-10,2.0471,0.0,0,[18],sk,0,0,0,Československá televízia Bratislava,Ľuba Vančíková,"Boris Slivka, Petra Vančíková, Július Pántik, Andrej Mojžiš, Jozef Holec"
263373,tt0124164,Theophilos,Θεόφιλος,1987-09-30,2.0249,6.2,4,[18],el,0,0,115,"ERT, Greek Film Centre",Lakis Papastathis,"Dimitris Katalifos, Stamatis Fasoulis, Dimitris Kamberidis, Irini Hatzikonstadi, Yvonne Maltezou"
163541,tt0090084,Storm,Storm,1987-11-27,1.8793,8.333,3,"[18, 28, 27]",en,0,0,102,"Groundstar Entertainment, The Cannon Group",David Winning,"David Palffy, Stan Kane, Thom Schioler, Harry Freedman, Lawrence Elion"
329303,tt0685628,The Sign of Four,The Sign of Four,1987-03-07,2.1682,7.398,83,"[80, 9648, 53]",en,0,0,103,Granada Television,Peter Hammond,"Jeremy Brett, Edward Hardwicke, Jenny Seagrove, Ronald Lacey, John Thaw"
590898,,Le printemps,Le printemps,1987-01-01,1.687,0.0,0,[],fr,0,0,41,,Gaël Badaud,"Gil Brazey, Joël Boivin, Martine Rivière, Teo Hernández"
289565,,Lowo Ijo,Lowo Ijo,1987-01-01,1.9676,0.0,0,"[27, 28, 14]",id,0,0,94,PT Inem Film,Dasri Yacob,"Wenny Rosaline, Yurike Prastika, Atin Martino, Yan Bastian, Robin Karim"
135424,tt0234786,Splatter Farm,Splatter Farm,1987-03-24,1.9208,4.667,9,[27],en,0,0,70,CineGraphic Productions,"Mark Polonia, John Polonia, Todd Michael Smith","Todd Michael Smith, John Polonia, Mark Polonia, Jeff Seddon, Marion Costly"
1098069,tt0389870,Comrade Lady,Comrade Lady,1987-01-01,1.871,7.0,1,"[18, 14, 10749]",en,0,0,11,British Film Institute Production Board,Nobby Clark,"Marguerite Porter, Jay Jolley"
333965,tt0091092,Fuegos,Fuegos,1987-03-11,1.9246,8.0,1,[18],fr,0,0,95,,Alfredo Arias,"Vittorio Mezzogiorno, Ángela Molina, Catherine Rouvel, Valentina Vargas, Christine Camaya"
408018,tt2496166,Super Platoon,Super Platoon,1987-01-01,1.6601,3.0,3,[28],en,0,0,90,Filmark International Ltd.,Sun Chien,"Kevin Brooks, Barry Hyman, Rachel Sheen, David Arch, Kent Wills"
340441,tt0285590,Captured Mother and Daughter: She Beast,母娘監禁　牝,1987-02-28,2.1887,4.833,6,[18],ja,0,0,75,Méliès,Nobuyuki Saitō,"Asako Maekawa, Yoshihiro Kato, Megumi Kagami, Naomi Kajitani, Kozue Tsukumo"
41903,tt0093578,Mr. India,मिस्टर इंडिया,1987-05-25,1.9501,6.885,116,"[28, 878, 18]",hi,0,0,179,Narsimha Enterprises,Shekhar Kapur,"Anil Kapoor, Sridevi, Amrish Puri, Satish Kaushik, Annu Kapoor"
17238,tt0092637,The Belly of an Architect,The Belly of an Architect,1987-09-23,2.0893,6.8,134,[18],en,2000000,0,118,"Callender Company, Mondial, Tangram Film, British Screen, Hemdale Group, SACIS, Film Four International",Peter Greenaway,"Brian Dennehy, Chloe Webb, Lambert Wilson, Sergio Fantoni, Stefania Casini"
1418322,tt0219656,Déjà Vu,Déjà vu,1987-01-01,1.9137,9.0,1,[18],nl,0,0,20,Netherlands Film Academy,Jorge Hoogland,"Frank Rigter, Elise Hoomans, Tamar Baruch"
76289,tt0092070,Terminus,Terminus,1987-01-28,1.8506,4.052,29,"[878, 12, 28]",fr,0,0,115,"CBL Films, Cat Productions, Films A2, Initial Groupe, Les Films du Cheval de Fer, Taurus Film",Pierre-William Glenn,"Johnny Hallyday, Karen Allen, Jürgen Prochnow, Gabriel Damon, Julie Glenn"
851113,tt0299057,Наездники (киноальманах),Наездники (киноальманах),1987-01-01,1.9065,7.0,1,[],ru,0,0,50,,Yuri Kolcheyev,"Irina Miroshnichenko, Boris Novikov, Aleksey Vesyolkin, Valeri Khlevinsky, Dmitri Prachenko"
270393,tt0091942,Sherlock Holmes in the 20th Century,Шерлок Холмс в XX веке,1987-04-01,1.8498,7.143,56,"[9648, 80, 12, 10770]",ru,0,0,149,Lenfilm,Igor Maslennikov,"Vasiliy Livanov, Vitali Solomin, Rina Zelyonaya, Boryslav Brondukov, Boris Klyuev"
536835,tt0094220,Unfinished Business,Unfinished Business,1987-09-18,1.7365,9.0,1,[18],en,0,0,67,Directing Workshop for Women at the American Film Institute,Viveca Lindfors,"Peter Donat, Herriett Guiar, Gina Hecht, Viveca Lindfors, Morrison James"
38141,tt0096465,World Gone Wild,World Gone Wild,1987-10-01,2.1178,5.2,31,"[28, 878]",en,0,0,95,Apollo Pictures,Lee H. Katzin,"Bruce Dern, Michael Paré, Catherine Mary Stewart, Adam Ant, Anthony James"
415321,,Los ángeles se han fatigado,Los ángeles se han fatigado,1987-01-02,1.7657,0.0,0,[18],es,0,0,22,,Teresa Previdi,
97971,tt0092750,Chillers,Chillers,1987-01-01,1.9119,3.789,19,[27],en,250000,0,91,Troma Entertainment,Daniel Boyd,"Jesse Emery, Marjorie Fitzsimmons, Laurie Pennington, Jim Wolfe, David Wohl"
388574,tt0301505,A Cold March,Холодный март,1987-03-18,1.7568,9.5,2,[],ru,0,0,102,Odessa Film Studio,Ihor Minayev,"Maksim Kiselyov, Andrei Tolubeyev, Lyudmila Davydova"
1583874,,Fotograf,Fotograf,1987-02-26,2.1203,0.0,0,[10402],sk,0,0,0,Československá televízia Bratislava,Ján Tóth,"Marián Slovák, Roman Luknár, Peter Lipa, Hana Králová, Ingrid Kalmánová"
491754,,Czas sępa,Czas sępa,1987-01-01,1.7856,0.0,0,[16],pl,0,0,2,,Zofia Oraczewska,
824987,tt3239912,The Ballad of the Wood,Ağacın Türküsü,1987-10-01,1.92,0.0,0,[99],tr,0,0,37,MTV Film Televizyon,Suha Arın,Süreyya Arın
152468,tt0220839,Living Dangerously,BiOS + πολιτεία,1987-10-29,2.1259,6.583,12,[35],el,0,0,105,"Greek Film Centre, Home Video Hellas, Spentzos Films, Stefi 2, Nicos Perakis FILMPRODUCTION",Nikos Perakis,"Giorgos Kimoulis, Dimitris Kalivokas, Giorgos Kotanidis, Pavlos Kontoyannidis, Vana Barba"
568528,tt0231134,Women in Love,L'Amoureuse,1987-11-28,1.9729,5.0,6,"[35, 18]",fr,0,0,98,,Jacques Doillon,"Marianne Denicourt, Hélène de Saint-Père, Isabelle Renauld, Agnès Jaoui, Valeria Bruni Tedeschi"
2608,tt0093476,Maid to Order,Maid to Order,1987-07-10,2.1709,5.5,63,"[35, 14]",en,0,9868521,93,The Vista Organization,Amy Holden Jones,"Ally Sheedy, Beverly D'Angelo, Michael Ontkean, Valerie Perrine, Dick Shawn"
72335,tt0093714,Penitentiary III,Penitentiary III,1987-09-04,1.6659,5.5,13,"[28, 80, 18]",en,0,0,91,The Cannon Group,Jamaa Fanaka,"Leon Isaac Kennedy, Anthony Geary, Steve Antin, Rick Zumwalt, Raymond Kessler"
19324,tt0092690,Born in East L.A.,Born in East L.A.,1987-08-21,1.8876,5.8,121,[35],en,0,17355263,84,"Universal Pictures, Clear Type",Cheech Marin,"Cheech Marin, Daniel Stern, Paul Rodríguez, Jan-Michael Vincent, Kamala Lopez"
95630,tt0093160,He's My Girl,He's My Girl,1987-09-11,2.0691,3.885,13,[35],en,0,0,104,"Scotti Brothers Pictures, International Video Entertainment (IVE)",Gabrielle Beaumont,"T.K. Carter, David Hallyday, David Clennon, Misha McK, Warwick Sims"
807209,,Macan Kampus,Macan Kampus,1987-06-03,1.6782,0.0,0,[18],id,0,0,87,Karnos Film,Adisoerya Abdi,"Rano Karno, Leroy Osmani, Sally Marcelina, Tino Karno, Mustafa Jackson"
1160344,,Malum,Malum,1987-10-28,1.7879,0.0,0,"[53, 27]",de,0,0,12,"Combat, Starduck Entertainment, Volker Morlock Produktion, Hochschule für Fernsehen und Film München",Volker Morlock,Angelika Bender
82315,tt0095984,Retribution,Retribution,1987-10-01,2.2584,6.0,39,[27],en,1200000,0,107,"Renegade, Overseas FilmGroup, Taurus Entertainment Company, Unicorn Pictures",Guy Magar,"Dennis Lipscomb, Leslie Wing, Suzanne Snyder, Jeff Pomerantz, George Murdock"
1096576,tt1136878,In Love,Kasmaran,1987-12-31,2.2957,0.0,0,"[28, 18, 80]",id,0,0,104,PT Multi Permai Film,Slamet Rahardjo,"Ida Iasha, Dwi Yan, August Melasz, Ira Wibowo, Rossy S. Dradjat"
472611,tt0136747,Capablanca,Capablanca,1987-06-11,1.836,7.0,1,[18],es,0,0,0,"Gorky Film Studios, ICAIC",Manuel Herrera,"Galina Belyaeva, César Évora Díaz, Eslinda Núñez, Adolfo Llauradó, Boris Nevzorov"
336403,tt4112470,Tilbury,Tilbury,1987-01-01,2.1549,5.8,8,"[27, 10770]",is,0,0,57,RÚV,Viðar Víkingsson,"Kristján Franklín Magnús, Helga Bernhard, Karl Ágúst Úlfsson, Erla Skúladóttir, Róbert Arnfinnsson"
1023891,tt1706385,Hudas,Hudas,1987-07-12,2.021,0.0,0,[18],tl,0,0,104,,Cesar S.B. Abella,"Myrna Castillo, Amanda Amores, George Estregan, Dick Israel"
71329,tt0094349,Yeelen,Yeelen,1987-07-01,1.9079,6.6,76,"[18, 14]",bm,0,0,105,"Les Films du Carrosse, Atriascop Paris, Burkina Faso Ministry of Life and Culture, French Ministry of Cooperation and Development, Les Films Cissé, Mali Government, Midas, UTA, CNC, French Ministry of Foreign Affairs, Ministère de la culture, WDR",Souleymane Cissé,"Issiaka Kane, Balla Moussa Keita, Aoua Sangare, Ismaila Sarr, Niamanto Sanogo"
47282,tt0095530,Little Dorrit,Little Dorrit,1987-12-11,2.0305,6.4,14,[18],en,0,0,357,Sands Films,Christine Edzard,"Derek Jacobi, Joan Greenwood, Max Wall, Patricia Hayes, Luke Duckett"
779695,tt0203037,Young Lady Detectives: Heart Beat!,お嬢さん探偵　ときめき連発！,1987-08-29,1.8749,4.6,5,"[18, 80]",ja,0,0,75,"Suna Kobo, Nikkatsu Corporation",Naosuke Kurosawa,"Michiko Nishiwaki, Takashi Naito, Yûko Mizushima, Tomomi Segawa, Sakae Umezu"
230823,tt0093655,Widow's Walk,Noyade interdite,1987-12-02,1.8298,5.7,30,[80],fr,0,0,102,"Compagnie Generale d'Images, FR3 Films Production, Paradis Films, L.P. Film",Pierre Granier-Deferre,"Philippe Noiret, Guy Marchand, Élisabeth Bourgine, Anne Roussel, Gabrielle Lazure"
425479,tt0093485,"The Man Who Broke 1,000 Chains","The Man Who Broke 1,000 Chains",1987-10-31,1.8398,6.688,8,"[18, 10770]",en,0,0,115,,Daniel Mann,"Val Kilmer, Sonia Braga, Charles Durning, Kyra Sedgwick, James Keach"
160211,tt0255900,Citizen Steve,Citizen Steve,1987-01-01,1.984,6.0,9,[35],en,0,0,24,,"John Candy, Dan Aykroyd","Dan Aykroyd, John Candy, Richard Dreyfuss, Bob Gale, Kathleen Kennedy"
567024,tt0092547,American Harvest,American Harvest,1987-01-16,1.8248,9.0,1,[18],en,0,0,93,"Roth-Stratton Productions, The Finnegan Company",Dick Lowry,"Wayne Rogers, Earl Holliman, Mariclare Costello, Fredric Lehne, Matt McCoy"
1207802,,Faqeeria,Faqeeria,1987-05-28,1.9291,6.0,1,[],pa,0,0,166,,Waheed Dar,"Sultan Rahi, Anjuman, Arifa Siddiqi, Mustafa Qureshi, Zamurrad"
1574443,,Cannibal Galicia,Galicia Canibal,1987-01-01,1.7147,0.0,0,[],xx,0,0,7,,Xavier Villaverde,
1599701,tt0479305,The Quitter,The Quitter,1987-01-01,2.1194,9.0,1,[16],en,0,0,8,"US Heathcare, Inc.",Paul Fierlinger,Jim Thurman
29445,tt0092972,Epidemic,Epidemic,1987-09-11,2.2141,5.7,141,"[18, 27]",da,0,938,106,"Det Danske Filminstitut, Elementfilm A/S",Lars von Trier,"Lars von Trier, Niels Vørsel, Claes Kastholm Hansen, Udo Kier, Svend Ali Hamann"
27342,tt0093483,Malone,Malone,1987-05-01,2.3908,5.987,78,"[28, 53]",en,0,0,92,Orion Pictures,Harley Cokeliss,"Burt Reynolds, Cliff Robertson, Cynthia Gibb, Kenneth McMillan, Scott Wilson"
117636,tt0092222,Winners Take All,Winners Take All,1987-02-27,2.0309,5.833,12,"[28, 12]",en,0,0,102,Apollo Pictures,Fritz Kiersch,"Don Michael Paul, Kathleen York, Robert Krantz, Deborah Richter, Peter DeLuise"
533588,tt13533214,Lemuria Rising,Lemuria Rising,1987-01-01,2.1103,0.0,0,[],en,0,0,59,Unarius Academy of Science,Denecius,"Ruth Norman, Dennis Dallison, Decie Hook, Kevin Kennedy, Dennis McNabb"
1649483,tt1328619,The Flood,The Flood,1987-09-13,1.9842,0.0,0,[10402],en,0,0,30,,Jaap Drupsteen,"Pauline Daniels, Julian Beusker, Sylvia Millecam, Rudi Van Vlaenderen, Kitty Courbois"
1586355,,Fabrications,Fabricaciones,1987-11-29,1.6753,0.0,0,[],es,0,0,18,,"Juan Carlos Maneglia, Ray Armerle, Hugo Gamarra Etcheverry, Luis R. Vera, Lucy Yegros, Manuel Cuenca",
106280,tt0092831,Dark Tower,Dark Tower,1987-10-29,1.8868,3.883,30,"[27, 53, 9648]",en,0,0,92,Fries Distribution Company,"Freddie Francis, Ken Wiederhorn","Michael Moriarty, Jenny Agutter, Carol Lynley, Theodore Bikel, Kevin McCarthy"
31700,tt0092767,Cold Steel,Cold Steel,1987-12-11,2.2582,5.0,22,"[28, 18, 53]",en,0,285885,90,CineTel Films,Dorothy Ann Puzo,"Brad Davis, Sharon Stone, Jonathan Banks, Jay Acovone, Adam Ant"
163404,tt0319780,El Macho,El Macho,1987-01-01,1.8763,6.857,7,[],es,0,0,90,,Rafael Villaseñor Kuri,"Vicente Fernández, Eulalio González, Lina Santos, Rosario Escobar, Humberto Elizondo"
386668,tt0093514,Mayhem,Mayhem,1987-03-10,1.6349,5.8,5,[],en,0,0,17,,Abigail Child,"Diane Torr, Ela Troyano, Samantha Fox"
287131,tt0280356,Night Journey,Gece Yolculuğu,1987-12-17,2.2833,6.733,15,"[18, 9648]",tr,0,0,100,Alfa Film,Ömer Kavur,"Aytaç Arman, Macit Koper, Zuhal Olcay, Şahika Tekand, Arslan Kaçar"
1210984,tt5544524,Sondhi,Sondhi,1987-06-09,1.9365,0.0,0,"[18, 10751]",bn,0,0,0,Chitrakatha,Gazi Mazharul Anwar,"Abdur Razzak, Shabnam, Suchorita, Nipa Monalisa, Sujan"
26111,tt0093524,More About the Children of Noisy Village,Mer om oss barn i Bullerbyn,1987-09-05,2.0057,6.542,24,[10751],sv,0,0,89,SF Studios,Lasse Hallström,"Linda Bergström, Henrik Larsson, Ellen Demérus, Anna Sahlin, Harald Lönnbro"
580691,,Ohne Nachtigallen,Ohne Nachtigallen,1987-02-01,1.564,4.0,1,[],de,0,0,0,,"Bettina von Arnim, Riki Kalbe",
276796,tt0209217,The Children of the Swallow,Τα παιδιά της Χελιδόνας,1987-06-15,1.8145,6.0,4,[18],el,0,0,118,"Greek Film Centre, ERT, Tria Fylla Ltd.",Costas Vrettakos,"Alekos Alexandrakis, Mairi Hronopoulou, Vasilis Diamantopoulos, Ilias Logothetis, Stefanos Linaios"
37497,tt0090766,Border Radio,Border Radio,1987-11-01,2.0972,5.567,15,[18],en,0,0,84,Coyote Productions,"Allison Anders, Dean Lent, Kurt Voss","Chris D., Luanna Anders, Chris Shearer, John Doe, Devon Anders"
678721,tt0339038,Fuga indomable,Fuga indomable,1987-01-01,1.9134,5.0,3,[],es,0,0,85,,Humberto Martínez Mijares,
1470396,,Here And There,Ordan-burdan,1987-06-09,1.8114,0.0,0,[35],az,0,0,168,AzTV (Azərbaycan Televiziyası),Ramiz Hasanoghlu,"Yashar Nuri, Rafael Dadashov, Rafig Azimov, Zemfira Narimanova, Gulshan Gurbanova"
227037,tt0196019,Professione vacanze,Professione vacanze,1987-04-15,1.7624,6.316,19,[35],it,0,0,90,,Vittorio De Sisti,"Jerry Calà, Gegia, Sandro Ghiani, Mara Venier, Jenny Tamburi"
300980,tt0092248,Scared Stiff,小生夢驚魂,1987-03-06,1.9908,7.333,6,"[35, 80, 53, 878]",cn,0,0,93,"Bo Ho Films, Paragon Films",Lau Kar-Wing,"Michael Miu Kiu-Wai, Eric Tsang Chi-Wai, Emily Chu Bo-Yee, Woo Fung, Chow Yun-Fat"
27611,tt0092872,Deranged,Deranged,1987-10-30,1.8114,5.75,16,[27],en,0,0,83,Platinum Pictures,Chuck Vincent,"Veronica Hart, Jerry Butler, Jennifer Delora, Jamie Gillis, Jill Cumer"
762647,,Debt of love,Duyên nợ,1987-01-01,1.659,0.0,0,"[10751, 18]",vi,0,0,0,,Nguyễn Hữu Luyện,"Như Quỳnh, Tất Bình"
719148,tt1151385,Autumn,پاییزان,1987-01-01,1.7541,1.0,1,"[18, 10751]",fa,0,0,96,,Rasoul Sadrameli,"Amin Tarokh, Katayoun Riahi, Dariush Arjmand, Farideh Daryamajd, Jamileh Sheikhi"
966186,tt0363423,Amar Sangi,অমর সঙ্গী,1987-09-03,1.7877,0.0,1,[10749],bn,0,0,123,,Sujit Guha,"Prosenjit Chatterjee, Vijeta Pandit, Ruma Guha Thakurta, Subhendu Chatterjee, Rabi Ghosh"
42008,tt0093004,The Family,La famiglia,1987-12-01,1.8322,7.465,130,[18],it,0,0,127,"Cinecittà Studios, Cinémax",Ettore Scola,"Vittorio Gassman, Fanny Ardant, Stefania Sandrelli, Andrea Occhipinti, Emanuele Lamaro"
598713,,Sevdim Seni,Sevdim Seni,1987-04-10,1.6826,0.0,0,[],tr,0,0,0,,,"Gökhan Güney, Arzu Aydın, Tufan Bahadır, Süleyman Turan"
49565,tt0093488,The Man Who Planted Trees,L'homme qui plantait des arbres,1987-05-13,1.9375,7.981,184,"[16, 18, 14]",fr,0,0,30,"Société Radio-Canada, CBC, ONF | NFB",Frédéric Back,Philippe Noiret
49684,tt0093286,It's Alive III: Island of the Alive,It's Alive III: Island of the Alive,1987-05-27,2.2198,5.3,82,[27],en,0,0,94,"Larco Productions, Warner Bros. Pictures",Larry Cohen,"Michael Moriarty, Karen Black, Laurene Landon, James Dixon, Gerrit Graham"
72636,tt0091219,Hotshot,Hotshot,1987-01-23,1.806,4.4,7,[18],en,0,0,99,"Film Quest, Hang Tough Associates",Rick King,"Jim Youngs, Pelé, Mario Van Peebles, Penelope Ann Miller, Leon Russom"
330433,,Grandfather's Island,Gorée,1987-01-02,1.7284,0.0,0,[],en,0,0,0,,Taïeb Louhichi,
1681037,,Olive,Olive,1987-12-01,1.6961,0.0,0,[],en,0,0,93,,Stephen Wallace,"Kerry McGuire, Nick Tate, Paddy Costa, Peter McLoughlin, Cathy Richardson"
897947,,Pistolklubben,Pistolklubben,1987-01-01,2.0136,0.0,0,[],en,0,0,20,,Thomas Robsahm,"Thomas Robsahm, Per Øivind Houmb, Viggo Jønsberg, Morten Jørgensen, Bjørn Kulseth"
335821,tt0266980,Sonata soledad,Sonata soledad,1987-07-23,1.6921,7.0,5,[18],es,0,0,84,Telecine,Armando Robles Godoy,"Armando Robles Godoy, Marcela Robles, Orlando Sacha, Tony Vázquez, Veronica Pflucker"
809113,tt0375189,The Way of the Lotus (Devoid of Passions),විරාගය - Viragaya,1987-11-06,1.808,9.0,1,[18],si,0,0,167,,Tissa Abeysekera,"Sanath Gunathilake, Sabeetha Perera, Joe Abeywickrama, Daya Alwis, Shriyani Amarasena"
1074147,,"Mirror, Flowers and Moonlight: Six Tears of Xi Shi",鏡花風月之六西施淚,1987-01-01,1.4904,0.0,0,[27],zh,0,0,80,,,"Ah Wei, Chu Zhiayu, Xuer, Chung Han-lin, Wang Xiaofeng"
1620022,,"Oh, No!","Oh, ne!",1987-12-29,1.8439,0.0,0,"[27, 35, 28]",sh,0,0,9,,Srđan Stojanović,"Danijel Džino, Andrej Šabović, Gordana Stojanović, Kosara Ostojić, Emir Muslić"
1477069,,Terror,Terror,1987-11-05,1.8959,0.0,0,[99],en,0,0,40,BBC,Laurence Rees,
1605523,,Upward Bound,Upward Bound,1987-01-01,2.2295,0.0,0,[99],en,0,0,10,Pyramid Films,Roger Seiler,"John Gill, Tony Yaniro, Randy Leavitt, Corey Burton"
76034,tt0092015,Stockholmsnatt,Stockholmsnatt,1987-01-23,2.3426,5.4,15,"[80, 18]",sv,0,0,50,Staffan Hildebrand Produktion AB,Staffan Hildebrand,"Paolo Roberto, Ian Roberto, Ellen Roberto, Vincenzo Roberto, Quincy Jones III"
238064,tt0271801,Sreedharante Onnam Thirumurivu,ശ്രീധരന്‍റെ  ഒന്നാം തിരുമുറിവ്,1987-02-12,1.793,5.167,9,"[35, 18, 10749]",ml,0,0,121,Century Films,Sathyan Anthikad,"Mammootty, Neena Kurup, Suresh Gopi, Sreenivasan, Janardhanan"
592685,tt0355322,China Run,China Run,1987-12-12,1.8976,9.0,1,[99],en,0,0,90,,Mickey Grant,Stan Cottrell
1263677,,A Streetcar Named Desire,Geismų tramvajus,1987-09-15,1.9366,0.0,0,"[18, 10770]",lt,0,0,197,Lithuanian Television,Juozas Sabolius,"Jūratė Onaitytė, Virginija Kochanskytė, Kostas Smoriginas, Remigijus Sabulis, Violeta Podolskaitė"
166461,tt0094068,"¡Sufre, mamón!","¡Sufre, mamón!",1987-06-15,2.1598,7.177,79,"[35, 10402]",es,0,1702603,97,"José Frade Producciones Cinematográficas, ""G"" P.C. S.A.",Manuel Summers,"David Summers Rodriguez, Marta Madruga, Gerardo Ortega, Curro Martín Summers, Javier Molina"
66263,tt1411894,Manithan,மனிதன்,1987-05-01,1.7278,5.5,3,"[18, 28, 80]",ta,0,0,149,AVM Productions,S. P. Muthuraman,"Rajinikanth, Rupini, Cho Ramaswamy, Srividya, Delhi Ganesh"
1285701,,Les arcandiers,Les arcandiers,1987-01-01,2.0764,0.0,0,"[18, 35, 80]",fr,0,0,11,Orlando Films,Manuel Sanchez,"Tariq Bettahar, Patrick Blanchet, Philippe Bonometti, Charles Schneider"
62454,tt5048384,Space Fantasia 2001 Nights,２００１夜物語,1987-06-21,1.8379,6.8,5,"[12, 878, 18, 16]",ja,0,0,57,Tokyo Movie Shinsha,Yoshio Takeuchi,"Toshio Furukawa, Hiromi Tsuru, Tamio Ohki, Keiichi Noda, Yuriko Fuchizaki"
79204,tt34672274,Viegésimo aniversario,Viegésimo aniversario,1987-05-13,1.8681,8.8,3,[35],es,0,0,0,,Les Luthiers,"Jorge Maronna, Carlos Núñez Cortés, Marcos Mundstock, Carlos López Puccio, Daniel Rabinovich"
478681,tt0320776,Y's Experience,Y의 체험,1987-03-19,1.5926,7.0,1,[18],ko,0,0,111,Pan Film,Lee Jang-ho,"Lee Yeong-ha, Lee Bo-hee, Jin Yoo-young, Shin Chaong-shik, Park Won-sook"
66135,tt0092797,The Cry of the Owl,Le Cri du hibou,1987-10-28,1.9459,5.2,34,"[18, 10749, 53]",fr,0,0,102,"TF1, Civite Casa Films, Italfrance Films",Claude Chabrol,"Christophe Malavoy, Mathilda May, Jacques Penot, Jean-Pierre Kalfon, Virginie Thévenet"
1586549,,Chá,Chá,1987-01-01,1.8544,0.0,0,"[35, 14]",pt,0,0,0,Embrafilme,Paulo Maurício Caldas,"Maria Rossite, Gilza Melo, Atená Kitsos, Henrique Amaral"
1243963,,Grandma for Everybody,ბებია ყველასათვის,1987-01-01,1.7066,8.0,0,"[10749, 10402, 35]",ka,0,0,0,Georgia-Film,Nana Dvalishvili,"Marina Tbileli, Givi Tokhadze, Guram Pirtskhalava, Tamar Qirikashvili, Tatia Rukhadze"
953894,tt0226002,Itinerary,Itinéraire,1987-09-24,1.7452,10.0,1,[16],en,0,0,6,ONF | NFB,Bernard Longpré,
168238,tt0249442,Christine,Christine,1987-09-23,2.0539,7.5,17,"[10770, 18]",en,0,0,52,BBC,Alan Clarke,"Vicky Murdock, Kelly George, Mark Harvey, Joanne Mapp, Anthony Smith"
13246,tt0302596,A Garfield Christmas,A Garfield Christmas,1987-12-21,1.735,7.351,104,"[16, 10751, 35, 10770]",en,0,0,24,"United Media Productions, Paws, Film Roman",Phil Roman,"Lorenzo Music, Thom Huge, Gregg Berger, Pat Carroll, Pat Harrington Jr."
486059,tt0092889,Dirigenterna,Dirigenterna,1987-03-13,1.8014,6.7,3,[99],sv,0,0,80,"Hagafilm, Svenska Filminstitutet",Christina Olofson,"Victoria Bond, Veronika Dudarova, JoAnn Falletta, Camilla Kolchinsky, Ortrud Mann"
66371,tt0319626,Kadamai Kanniyam Kattupaadu,கடமை கண்ணியம் கட்டுப்பாடு,1987-06-12,1.4991,10.0,1,"[28, 18, 80]",ta,0,0,0,Raajkamal Films International,Santhana Bharathi,"Sathyaraj, Geetha, Captain Raju, Jeevitha, Nassar"
1368870,tt1000709,Gülüm Benim,Gülüm Benim,1987-01-01,1.6628,6.0,2,[18],tr,0,0,0,Varlık Film,Ibrahim Tatlises,"Ibrahim Tatlises, Derya Tuna, Aydemir Akbaş, Hüseyin Peyda, Güzin Özipek"
256435,tt0204750,Tokyo Bordello,吉原炎上,1987-06-13,1.8803,5.556,9,"[36, 18]",ja,0,0,127,Toei Company,Hideo Gosha,"Yūko Natori, Rino Katase, Jinpachi Nezu, Sayoko Ninomiya, Mariko Fuji"
1191538,,Fire Operation,Fire Operation,1987-01-01,1.9851,0.0,0,"[28, 10752]",en,0,0,90,,Godfrey Ho,"Alphonse Beni, Anthony Alonzo, Ruel Vernal, David Anderson"
1209828,,Napoli corner,Napoli corner,1987-11-25,1.7252,0.0,0,[],fr,0,0,0,Canal+,Bernard Bloch,Diego Maradona
51521,tt0093589,My Demon Lover,My Demon Lover,1987-04-24,1.8613,5.317,52,"[35, 14, 27, 10749]",en,0,0,90,New Line Cinema,Charlie Loventhal,"Scott Valentine, Michele Little, Robert Trebor, Gina Gallego, Alan Fudge"
448833,tt0344528,Villa-Lobos - O Índio de Casaca,Villa-Lobos - O Índio de Casaca,1987-01-01,1.7545,9.0,1,"[10402, 99]",pt,0,0,112,,Roberto Feith,"Heitor Villa-Lobos, Paulo José, Guerra Peixe, Antônio Carlos Jobim, Turíbio Santos"
1029602,tt0094161,Tommaso Blu,Tommaso Blu,1987-01-01,2.0449,7.667,3,[18],it,0,0,90,,Florian Furtwängler,"Alessandro Haber, Marisa Eugeni, Tristano Gargano, Teodosio Barresi, Antonella Porfido"
1765584,,Tangência,Tangência,1987-01-01,1.6894,0.0,0,[],pt,0,0,0,,Marco Aurélio Penha,"Waldir Orlei Maier, Juliana F. Vieira"
64301,tt0093911,Sale Destin,Sale Destin,1987-01-14,1.6465,4.667,6,"[35, 80]",fr,0,0,94,"Séléna Audiovisuel, Films A2, Flach Film, Solus Productions",Sylvain Madigan,"Victor Lanoux, Pauline Lafont, Marie Laforêt, Jacques Penot, Michel Aumont"
986903,tt6742786,Stallion,Stallion,1987-12-31,1.5867,0.0,0,[],fr,0,0,90,Pierson Productions,Mohamed Benayat,"Charles Mayer, Frédérique Feder, Norbert Vannereau, Claudia Kur"
152814,tt0093931,Scoop,Scoop,1987-04-26,1.7878,5.7,7,"[35, 10770]",en,0,0,120,LWT,Gavin Millar,"Michael Maloney, Michael Hordern, Denholm Elliott, Donald Pleasence, Robert Eddison"
418841,tt0370955,Killer Mind,Menta asesina,1987-01-01,1.9107,6.0,3,[27],es,0,0,77,Producciones Latinas Americanas S.A.,Alberto Mariscal,"Hugo Stiglitz, Silvia Manríquez, Arlette Pacheco, Héctor Sáez, Elsa Montes"
204794,tt0094250,Los verduleros 2,Los verduleros 2,1987-07-02,1.5775,7.32,89,[35],es,0,0,0,"Cinematográfica Calderón S.A., Frontera Films",Adolfo Martínez Solares,"Alfonso Zayas, Lina Santos, Luis de Alba, Maribel Fernández, César Bono"
272252,tt0092789,Courtship,Courtship,1987-01-01,1.4067,10.0,1,[18],en,0,0,84,Indian Falls,Howard Cummings,"Hallie Foote, William Converse-Roberts, Amanda Plummer, Richard Jenkins, Horton Foote Jr."
899779,,Hey Bud,Hey Bud,1987-01-01,1.7263,0.0,0,[99],en,0,0,11,,Julie Zando,
1630348,,Carlota Amorosidade,Carlota Amorosidade,1987-01-01,1.931,0.0,0,[],pt,0,0,0,,Adilson Ruiz,"Chiquinho Brandão, Ceres Ramos, José Rubens Chachá, Maria Alice Vergueiro"
719730,tt0094252,Vergiss Sneider!,Vergiss Sneider!,1987-10-15,1.8325,10.0,1,[18],de,0,0,65,"Hochschule für Musik und darstellende Kunst, Wien",Götz Spielmann,"Wolfgang Böck, Claudia Martini, Wolf Bachofner, Jörg Gillner, Elmar Prack"
1586563,,Camélia,Camélia,1987-07-17,1.8068,0.0,0,"[80, 18]",pt,0,0,0,Embrafilme,Carlos del Pino,"Cláudio Marzo, Teresa Briggs, João Bennio, Bernardo Élis"
567870,tt12423248,Avec Mariola,Avec Mariola,1987-04-02,1.8539,0.0,0,[99],fr,0,0,0,Les Amis de Cinématon,Gérard Courant,"Mariola San Martin, Philippe Sollers, Martine Elzingre, Claude Confortès, Jean-Paul Aron"
917067,,No. 181970,Nr 181970,1987-04-14,1.6053,0.0,0,[99],pl,0,0,11,Studio Filmowe im. Karola Irzykowskiego,Robert Gliński,Henryk Mandelbaum
700239,,La Culotte,La Culotte,1987-08-12,1.5432,0.0,0,[35],en,0,0,130,France Régions 3 (FR3),Philippe Laïk,"Jean Benguigui, Dominique Blanc, Claude Brosset, Simone Turk, Jean Favarel"
1041733,tt7758474,Mimosa's Birthnight,Mimosan syntymäyö,1987-03-01,1.491,10.0,1,"[16, 10751]",fi,0,0,22,,Camilla Mickwitz,Rabbe Smedlund
603112,,İbret,İbret,1987-05-04,1.661,0.0,0,"[18, 12]",tr,0,0,0,Kamera Film (TR),Ali Avaz,"Sevtap Parman, Tolga Savacı, Kazım Kartal, Selahattin Fırat, Handan Adalı"
1544207,tt0309892,My Philosophy,My Philosophy,1987-01-01,1.4874,10.0,1,[],en,0,0,14,"Church of Scientology, Golden Era Productions, Golden Era Studios, L. Ron Hubbard Library",,"L. Ron Hubbard, Jeff Pomerantz, Will Durant"
327703,tt0090624,Sahara Heat,Amantide - Scirocco,1987-08-12,1.6593,4.4,7,[18],it,0,0,100,"Films Jean Alexandre, Futura Films, Jugurtha International Productions",Aldo Lado,"Fiona Gélin, Yves Collignon, Joshua McDonald, Gianluigi Ghione, Christophe Ratandra"
1714732,,Western,Вестерн,1987-01-01,1.7143,0.0,0,"[35, 37]",ru,0,0,9,Kyiv State I. K. Karpenko-Karyi Institute of Theater Arts,Viktor Prikhodko,"B. Sadyko, Petr Kuznetsov, Oleh Prymohenov"
45716,tt0093910,Sakura Killers,Sakura Killers,1987-11-11,1.9299,4.455,11,[28],en,0,0,86,Bonaire Films,"Yu Wang, Dusty Nelson","Chuck Connors, Mike Kelly, George Nicholas, Cara Casey, Manji Otsuki"
698451,tt0091058,Flavia,Flavia,1987-02-16,1.6735,3.4,5,[18],it,0,0,95,Panam International Cinematografica,Lorenzo Onorati,"Maria Ann Levine, Rita Silva, Aldo Sambrell, Mauro Ferri, Roberto Furlanetto"
383104,tt2302835,Stangenfieber,Stangenfieber,1987-06-09,1.7283,8.0,1,[],de,0,0,9,,Helge Schneider,"Helge Schneider, Peter Thoms, Eva Kurowski, Uwe Lyko, Peter Rübsam"
1487993,,Return From Forever,Return From Forever,1987-01-01,1.2802,0.0,0,[99],en,0,0,28,"Pennsylvania Wild Resource Conservation Fund, Harrisburg, PA",Michael A. Fitch,
678698,tt0374951,Persecución criminal,Persecución criminal,1987-01-01,1.5387,6.333,3,[],es,0,0,80,,Jorge Manrique,"Rodolfo de Anda, Edna Bolkan, Michelle Mayer, Carlos F. Pouliot"
134153,tt0091789,Pretty Smart,Pretty Smart,1987-03-13,1.7976,4.8,27,"[18, 35]",en,0,0,84,"Balcor Film Investors, Chroma III Productions",Dimitri Logothetis,"Tricia Leigh Fisher, Dennis Cole, Patricia Arquette, Kimberly B. Delfin, Paris Vaughan"
43637,tt0094375,Magnificent Warriors,中華戰士,1987-04-16,1.9456,6.595,42,"[28, 18]",cn,0,0,92,D & B Films,David Chung,"Michelle Yeoh, Richard Ng Yiu-Hon, Derek Yee Tung-Sing, Lowell Lo Koon-Ting, Lau Chin-Dai"
719777,tt0146042,Taking Care,Taking Care,1987-01-01,1.9129,7.0,1,"[18, 53]",en,0,0,90,,Clarke Mackey,"Kate Lynch, Janet Amos, Saul Rubinek, Barry Flatman, Wendy Springate"
659337,tt0242979,Finger Wave,Ujjhullám,1987-01-01,1.6553,8.0,1,[16],en,0,0,2,,Gyula Nagy,
14488,tt0296589,The Wild Swans,Metsluiged,1987-12-18,2.1964,6.0,9,"[12, 14, 10751]",et,0,0,86,Tallinnfilm,Helle Karis,"Katri Horma, Juris Žagars, Andrejs Žagars, Ines Aru, Gunnar Kilgas"
597323,tt0978323,Dertli Dertli,Dertli Dertli,1987-04-01,1.4798,6.5,2,[10749],tr,0,0,68,Varlık Film,Ibrahim Tatlises,"Ibrahim Tatlises, Melike Zobu, Kutay Köktürk, Seda Sezer, Orhan Çağman"
88823,tt0101474,Blood Massacre,Blood Massacre,1987-01-01,2.0122,5.444,9,"[27, 80]",en,0,0,72,,Don Dohler,"George Stover, Robin London, James DiAngelo, Thomas Humes, Lisa DeFuso"
493430,,Sakrament,Sakrament,1987-02-11,1.7743,0.0,0,[18],sv,0,0,90,Teater Galeasen,Rickard Günther,"Lena B. Eriksson, Bernt Östman, Ylva Törnlund, Leif Andrée, Mats Flink"
419844,tt1207734,Seducing Witchcraft,Pelet,1987-01-01,1.6612,0.0,0,[27],id,0,0,93,,Imam Tantowi,"Diah Puri Handayani, Husein Asgar, Hengky Tornando, Rani Soraya, Lina Budiarti"
623208,tt0376627,GuachoAbel,GuachoAbel,1987-01-01,1.6837,10.0,1,[18],es,0,0,8,"INCAA, ENERC",Víctor González,"Mabel Dai, Gustavo A. Domínguez, Saverio Strático"
838764,tt0283135,When We Are Married,When We Are Married,1987-12-26,1.6306,7.0,1,[35],en,0,0,120,BBC,Barry Davis,"Patricia Routledge, Peter Vaughan, Prunella Scales, Timothy West, Rosemary Leach"
486064,tt0094018,Spårvagn till havet,Spårvagn till havet,1987-02-06,2.0828,9.0,1,[18],sv,0,0,75,Alexandersson & De Geer Bildproduktion,Håkan Alexandersson,"Mikael Samuelson, Fatima Bifeldt, Christine Floderer, Peter Kneip, Ellen Lamm"
42013,tt0093913,Sammy and Rosie Get Laid,Sammy and Rosie Get Laid,1987-10-30,1.9877,5.7,23,"[18, 35]",en,0,0,100,"Working Title, Film Four International",Stephen Frears,"Shashi Kapoor, Ayub Khan-Din, Frances Barber, Claire Bloom, Lesley Manville"
1602094,tt39244126,Break-In,Break-In,1987-01-01,1.8486,7.0,2,"[35, 80]",en,0,0,8,"University of Southern California, School of Cinematic Arts",Matt Reeves,"Timothy Fields, Mark H. Hesson, Lannie O'Neill, Jerry Buteyn, Matt Reeves"
419663,tt0227251,Bloody Wedding,Pernikahan berdarah,1987-01-01,1.844,8.0,1,[27],id,0,0,95,Garuda Film,Torro Margens,"Raja Ema, Dhalia, Yoseph Hungan, Willy Dozan, Abdi Wiyono"
1620022,,"Oh, No!","Oh, ne!",1987-12-29,1.8439,0.0,0,"[27, 35, 28]",sh,0,0,9,,Srđan Stojanović,"Danijel Džino, Andrej Šabović, Gordana Stojanović, Kosara Ostojić, Emir Muslić"
619902,tt2370877,Defeat,Поражение,1987-05-17,1.8434,0.0,0,"[18, 10770]",ru,0,0,341,Mosfilm,Bulat Mansurov,"Igor Volkov, Andrei Teneta, Vasili Lanovoy, Pavel Kadochnikov, Tatyana Plotnikova"
439840,tt0344464,The Blade and the Silk,تیغ و ابریشم,1987-05-05,1.8401,8.0,1,"[28, 12]",fa,0,0,108,,Masoud Kimiai,"Faramarz Sadighi, Farimah Farjami, Mohammad Saleh Ala, Jamshid Hashempour, Jalal Pishvaian"
425479,tt0093485,"The Man Who Broke 1,000 Chains","The Man Who Broke 1,000 Chains",1987-10-31,1.8398,6.688,8,"[18, 10770]",en,0,0,115,,Daniel Mann,"Val Kilmer, Sonia Braga, Charles Durning, Kyra Sedgwick, James Keach"
62454,tt5048384,Space Fantasia 2001 Nights,２００１夜物語,1987-06-21,1.8379,6.8,5,"[12, 878, 18, 16]",ja,0,0,57,Tokyo Movie Shinsha,Yoshio Takeuchi,"Toshio Furukawa, Hiromi Tsuru, Tamio Ohki, Keiichi Noda, Yuriko Fuchizaki"
472611,tt0136747,Capablanca,Capablanca,1987-06-11,1.836,7.0,1,[18],es,0,0,0,"Gorky Film Studios, ICAIC",Manuel Herrera,"Galina Belyaeva, César Évora Díaz, Eslinda Núñez, Adolfo Llauradó, Boris Nevzorov"
116919,tt0093532,Mi general,Mi general,1987-05-07,1.8357,5.333,9,[35],es,0,0,110,"Fígaro Films, Ministerio de Cultura España, TVE",Jaime de Armiñán,"Fernando Rey, Fernando Fernán Gómez, Héctor Alterio, Mónica Randall, Rafael Alonso"
55539,tt0094383,Zombie High,Zombie High,1987-10-02,1.8344,4.054,46,"[35, 27]",en,0,21905,90,Cinema Group,Ron Link,"Virginia Madsen, Richard Cox, James Wilder, Sherilyn Fenn, Paul Feig"
85156,tt0244098,Night Screams,Night Screams,1987-09-01,1.8333,4.2,25,[27],en,0,0,84,Overseas FilmGroup,Allen Plone,"Joseph Paul Manno, Ron Thomas, Randy Lundsford, Megan Wyss, Janette Caldwell"
638159,tt0076900,The Second Attempt of Viktor Krokhin,Вторая попытка Виктора Крохина,1987-02-01,1.8326,7.0,1,[18],ru,0,0,92,Lenfilm,Igor Sheshukov,"Lyudmila Gurchenko, Nikolai Rybnikov, Oleg Borisov, Aleksandr Kharashkevich, Viktor Poluektov"
719730,tt0094252,Vergiss Sneider!,Vergiss Sneider!,1987-10-15,1.8325,10.0,1,[18],de,0,0,65,"Hochschule für Musik und darstellende Kunst, Wien",Götz Spielmann,"Wolfgang Böck, Claudia Martini, Wolf Bachofner, Jörg Gillner, Elmar Prack"
42008,tt0093004,The Family,La famiglia,1987-12-01,1.8322,7.465,130,[18],it,0,0,127,"Cinecittà Studios, Cinémax",Ettore Scola,"Vittorio Gassman, Fanny Ardant, Stefania Sandrelli, Andrea Occhipinti, Emanuele Lamaro"
394719,tt0208186,The Guest,Гость,1987-01-01,1.832,5.2,6,"[18, 14]",ru,0,0,85,"Mosfilm, Lenfilm",Aleksandr Kaydanovskiy,"Levan Abashidze, Levan Pilpani, N. Koundoukhov, Nikolay Ispolatov"
8749,tt0093139,Hamlet Goes Business,Hamlet liikemaailmassa,1987-08-21,1.8318,6.704,54,"[35, 18]",fi,0,0,89,Villealfa Filmproductions,Aki Kaurismäki,"Pirkka-Pekka Petelius, Esko Salminen, Kati Outinen, Elina Salo, Esko Nikkari"
96920,tt0093754,Repentance,მონანიება,1987-05-01,1.8316,7.1,72,"[18, 35]",ka,0,215496,153,"Sovexportfilm, Georgia-Film",Tengiz Abuladze,"Avtandil Makharadze, Iya Ninidze, Zeinab Botsvadze, Ketevan Abuladze, Edisher (Davit) Giorgobiani"
366135,tt0089045,Double Face,Double Face,1987-04-22,1.8315,3.333,3,[10770],fr,0,0,0,,Serge Leroy,"Maïwenn, Bernard-Pierre Donnadieu, Pascale Roberts, Catherine Alric, Sophie Ladmiral"
61178,tt0093596,Nadine,Nadine,1987-08-07,1.8299,5.423,97,"[10749, 35, 80, 28]",en,12000000,5669831,83,"TriStar Pictures, ML Delphi Premier Productions",Robert Benton,"Jeff Bridges, Kim Basinger, Rip Torn, Gwen Verdon, Glenne Headly"
230823,tt0093655,Widow's Walk,Noyade interdite,1987-12-02,1.8298,5.7,30,[80],fr,0,0,102,"Compagnie Generale d'Images, FR3 Films Production, Paradis Films, L.P. Film",Pierre Granier-Deferre,"Philippe Noiret, Guy Marchand, Élisabeth Bourgine, Anne Roussel, Gabrielle Lazure"
221536,tt0093957,Long Arm of the Law II,省港旗兵續集,1987-08-29,1.8296,7.0,22,"[28, 80]",cn,0,0,89,"Johnny Mak Production, Orange Sky Golden Harvest",Michael Mak Tong-Kit,"Alex Man Chi-Leung, Pauline Wong, Elvis Tsui Kam-Kong, Ben Lam Kwok-Bun, Yuen Yat-Choh"
1244256,,The Best of Max Headroom,The Best of Max Headroom,1987-03-05,1.8284,0.0,0,[35],en,0,0,53,"Chrysalis Visual Programming Ltd., Channel 4 Television","Annabel Jankel, Rocky Morton","Matt Frewer, Jackie Collins, Sting, Vidal Sassoon, Oliver Reed"
59066,tt0093106,The Good Wife,The Good Wife,1987-05-14,1.8269,5.25,20,"[18, 10749]",en,0,1155000,98,Laughing Kookaburra Productions,Ken Cameron,"Rachel Ward, Bryan Brown, Sam Neill, Steven Vidler, Jennifer Claire"
567024,tt0092547,American Harvest,American Harvest,1987-01-16,1.8248,9.0,1,[18],en,0,0,93,"Roth-Stratton Productions, The Finnegan Company",Dick Lowry,"Wayne Rogers, Earl Holliman, Mariclare Costello, Fredric Lehne, Matt McCoy"
100119,tt0092985,Esto sí se hace,Esto sí se hace,1987-01-01,1.8242,9.333,3,[35],es,0,0,76,Carlos Cascales Producciones Cinematográficas,Mariano Ozores Puchol,"Antonio Ozores, Adriana Vega, Rosina Pantoja, Rafaela Aparicio, Alfonso del Real"
357927,tt0093583,Murder Ordained,Murder Ordained,1987-05-03,1.8222,5.0,1,"[80, 18, 10770]",en,0,0,185,"Interscope Communications, Braun Entertainment Group, CBS Entertainment Productions",Mike Robe,"Keith Carradine, JoBeth Williams, Kathy Bates, Guy Boyd, Terence Knox"
78146,tt0094169,Tough Guys Don't Dance,Tough Guys Don't Dance,1987-09-18,1.8216,4.718,55,"[35, 80, 53]",en,5000000,858250,109,"Golan-Globus Productions, The Cannon Group, American Zoetrope",Norman Mailer,"Ryan O'Neal, Isabella Rossellini, Debra Stipe, Wings Hauser, John Bedford Lloyd"
73091,tt0093143,The Hanoi Hilton,The Hanoi Hilton,1987-03-27,1.8206,5.3,22,"[10752, 18]",en,0,760000,126,"The Cannon Group, Golan-Globus Productions",Lionel Chetwynd,"Michael Moriarty, John Edwin Shaw, Ken Wright, Paul Le Mat, Lawrence Pressman"
1129918,tt3095968,Consequence,Konsequenz,1987-01-01,1.8195,0.0,0,[16],en,0,0,2,DEFA-Studio für Trickfilme,Klaus Georgi,
277855,tt0320615,Theertha Karayinile,தீர்த்தக்கரையினிலே,1987-09-05,1.8189,9.0,1,"[18, 10749]",ta,0,0,132,Kamala Jothi Combines,Manivannan,"Mohan, Rupini, Janagaraj, Senthil, Malaysia Vasudevan"
571322,tt2033467,White Passage,White Passage,1987-07-17,1.8177,0.0,0,[],en,0,0,8,,Ruby Yang,
38134,tt0163375,Vicious Lips,Vicious Lips,1987-02-01,1.8159,4.936,47,"[35, 27, 10402, 878]",en,0,0,84,"Empire Pictures, ITM Productions",Albert Pyun,"Dru-Anne Perry, Gina Calabrese, Linda Kerridge, Shayne Farris, Anthony Kentz"
276796,tt0209217,The Children of the Swallow,Τα παιδιά της Χελιδόνας,1987-06-15,1.8145,6.0,4,[18],el,0,0,118,"Greek Film Centre, ERT, Tria Fylla Ltd.",Costas Vrettakos,"Alekos Alexandrakis, Mairi Hronopoulou, Vasilis Diamantopoulos, Ilias Logothetis, Stefanos Linaios"
1470396,,Here And There,Ordan-burdan,1987-06-09,1.8114,0.0,0,[35],az,0,0,168,AzTV (Azərbaycan Televiziyası),Ramiz Hasanoghlu,"Yashar Nuri, Rafael Dadashov, Rafig Azimov, Zemfira Narimanova, Gulshan Gurbanova"
27611,tt0092872,Deranged,Deranged,1987-10-30,1.8114,5.75,16,[27],en,0,0,83,Platinum Pictures,Chuck Vincent,"Veronica Hart, Jerry Butler, Jennifer Delora, Jamie Gillis, Jill Cumer"
809113,tt0375189,The Way of the Lotus (Devoid of Passions),විරාගය - Viragaya,1987-11-06,1.808,9.0,1,[18],si,0,0,167,,Tissa Abeysekera,"Sanath Gunathilake, Sabeetha Perera, Joe Abeywickrama, Daya Alwis, Shriyani Amarasena"
443712,tt12885602,Rat in the Skull,Rat in the Skull,1987-01-01,1.8073,0.0,0,"[18, 10770]",en,0,0,84,,"Max Stafford-Clark, Glyn Edwards","Brian Cox, Philip Jackson, Gary Oldman, Colum Convey, Mike Bradwell"
1586563,,Camélia,Camélia,1987-07-17,1.8068,0.0,0,"[80, 18]",pt,0,0,0,Embrafilme,Carlos del Pino,"Cláudio Marzo, Teresa Briggs, João Bennio, Bernardo Élis"
162700,tt0095565,Made in U.S.A.,Made in U.S.A.,1987-10-15,1.8066,5.8,15,"[80, 18, 12]",en,0,0,82,"DEG, Hemdale",Ken Friedman,"Adrian Pasdar, Chris Penn, Lori Singer, Judith Baldwin, Jacqueline Murphy"
51442,tt0094642,American Gothic,American Gothic,1987-08-17,1.8061,5.922,128,[27],en,0,0,90,"manor Ground, Pinetalk",John Hough,"Rod Steiger, Yvonne De Carlo, Michael J. Pollard, Fiona Hutchison, Stephen Shellen"
72636,tt0091219,Hotshot,Hotshot,1987-01-23,1.806,4.4,7,[18],en,0,0,99,"Film Quest, Hang Tough Associates",Rick King,"Jim Youngs, Pelé, Mario Van Peebles, Penelope Ann Miller, Leon Russom"
404404,tt0093293,Jalwa,Jalwa,1987-06-30,1.8055,6.3,3,"[53, 28]",hi,0,0,134,,Pankaj Parashar,"Amitabh Bachchan, Naseeruddin Shah, Archana Puran Singh, Tejeshwar Singh, Dalip Tahil"
486059,tt0092889,Dirigenterna,Dirigenterna,1987-03-13,1.8014,6.7,3,[99],sv,0,0,80,"Hagafilm, Svenska Filminstitutet",Christina Olofson,"Victoria Bond, Veronika Dudarova, JoAnn Falletta, Camilla Kolchinsky, Ortrud Mann"
291308,tt0093391,The Last Innocent Man,The Last Innocent Man,1987-04-19,1.7999,5.308,13,"[80, 10770]",en,0,0,109,HBO,Roger Spottiswoode,"Ed Harris, Roxanne Hart, David Suchet, Bruce McGill, Darrell Larson"
66265,tt0320718,Velaikkaran,வேலைக்காரன்,1987-03-07,1.7984,6.375,8,"[28, 18]",ta,0,0,140,Kavithalayaa Productions,S. P. Muthuraman,"Rajinikanth, Amala Akkineni, Sarath Babu, K R Vijaya, Nassar"
134153,tt0091789,Pretty Smart,Pretty Smart,1987-03-13,1.7976,4.8,27,"[18, 35]",en,0,0,84,"Balcor Film Investors, Chroma III Productions",Dimitri Logothetis,"Tricia Leigh Fisher, Dennis Cole, Patricia Arquette, Kimberly B. Delfin, Paris Vaughan"
392963,tt0091414,Lily Tomlin,Lily Tomlin,1987-06-14,1.7958,6.0,2,[99],en,0,0,90,Channel 4 Television,"Joan Churchill, Nick Broomfield","Lily Tomlin, Jane Wagner, Cheryl Swannack, Peggy Feury"
258157,tt0093790,Programmed to Kill,Programmed to Kill,1987-04-05,1.7951,3.667,15,"[27, 28, 878]",en,0,0,91,"Retaliator Productions, Trans World Entertainment",Allan Holzman,"Robert Ginty, Sandahl Bergman, James Booth, Alex Courtney, Paul Walker"
772974,tt0092120,Turnaround,Turnaround,1987-02-12,1.795,0.0,1,[53],en,0,0,87,,Ola Solum,"Eddie Albert, Doug McKeon, Jonna Lee, Tim Maier, Ed Bishop"
469977,tt0352618,Naradhan Keralathil,Naradhan Keralathil,1987-08-28,1.7949,8.0,1,[],en,0,0,0,,Crossbelt Mani,"Nedumudi Venu, Mukesh, Ratheesh, Jagathy Sreekumar"
60760,tt0093505,Masks,Masques,1987-02-11,1.7947,6.7,75,"[53, 9648]",fr,0,0,100,"Films A2, MK2 Productions",Claude Chabrol,"Philippe Noiret, Robin Renucci, Bernadette Lafont, Monique Chaumette, Anne Brochet"
39895,tt0091671,From a Whisper to a Scream,From a Whisper to a Scream,1987-09-25,1.794,5.75,100,[27],en,1100000,1400000,100,"Conquest Productions, Manson International, Whisper Scream Limited Partnership",Jeff Burr,"Vincent Price, Clu Gulager, Terry Kiser, Harry Caesar, Rosalind Cash"
238064,tt0271801,Sreedharante Onnam Thirumurivu,ശ്രീധരന്‍റെ  ഒന്നാം തിരുമുറിവ്,1987-02-12,1.793,5.167,9,"[35, 18, 10749]",ml,0,0,121,Century Films,Sathyan Anthikad,"Mammootty, Neena Kurup, Suresh Gopi, Sreenivasan, Janardhanan"
555579,tt0093392,Last Song,Last Song,1987-01-14,1.792,8.0,1,"[10402, 18]",fr,0,0,98,"Limbo Film AG, Swan productions, Ministère de la culture, FR3 Films Production, La Cécilia",Dennis Berry,"Gabrielle Lazure, Scott Renderer, Anna Karina, Anouk Grinberg"
782033,tt0093162,Heart Land,Heart Land,1987-01-01,1.7917,7.0,1,[],en,0,0,37,,"Derek Mazur, Norma Bailey, Gail Singer, Richard Condie, Aaron Kim Johnston, Brion Whitford, John Paskievich",
630809,tt0480668,Court voyage,Court voyage,1987-07-01,1.7916,8.0,2,[10749],fr,0,0,22,,Jean-Marie Larrieu,"Sylvie Fauthoux, Eric Aubrey"
1518511,,Doctorii ogrăzii,Doctorii ogrăzii,1987-01-01,1.7915,0.0,0,[16],ro,0,0,0,Studioul Cinematografic Animafilm,Ion Truică,
292374,tt0140770,Vietnam,Vietnam,1987-02-23,1.7907,7.625,8,"[18, 10752]",en,7000000,0,437,Kennedy Miller Productions,"John Duigan, Chris Noonan","Barry Otto, Nicole Kidman, Nicholas Eadie, Veronica Lang, John Polson"
1160344,,Malum,Malum,1987-10-28,1.7879,0.0,0,"[53, 27]",de,0,0,12,"Combat, Starduck Entertainment, Volker Morlock Produktion, Hochschule für Fernsehen und Film München",Volker Morlock,Angelika Bender
152814,tt0093931,Scoop,Scoop,1987-04-26,1.7878,5.7,7,"[35, 10770]",en,0,0,120,LWT,Gavin Millar,"Michael Maloney, Michael Hordern, Denholm Elliott, Donald Pleasence, Robert Eddison"
966186,tt0363423,Amar Sangi,অমর সঙ্গী,1987-09-03,1.7877,0.0,1,[10749],bn,0,0,123,,Sujit Guha,"Prosenjit Chatterjee, Vijeta Pandit, Ruma Guha Thakurta, Subhendu Chatterjee, Rabi Ghosh"
320466,,Small Happiness,Small Happiness,1987-08-25,1.7866,0.0,0,[99],zh,0,0,58,,"Richard Gordon, Carma Hinton",
491754,,Czas sępa,Czas sępa,1987-01-01,1.7856,0.0,0,[16],pl,0,0,2,,Zofia Oraczewska,
1329662,tt0243916,"Funny, You Don't Look 200: A Constitutional Vaudeville","Funny, You Don't Look 200: A Constitutional Vaudeville",1987-10-12,1.7849,8.0,1,"[10751, 99, 35]",en,0,0,60,"Constitution Productions Inc., Dreyfuss / James Productions, Walt Disney Television","David Michener, James Yukich","Richard Dreyfuss, Richard Belzer, Hamilton Camp, Emilio Estevez, John Gielgud"
78028,tt0093424,Lionheart,Lionheart,1987-08-14,1.7826,5.6,19,"[12, 18]",en,0,0,104,"TaliaFilm II Productions, Hungaro, Mafilm, Orion Pictures, Warner Bros. Pictures",Franklin J. Schaffner,"Eric Stoltz, Gabriel Byrne, Nicola Cowper, Dexter Fletcher, Deborah Moore"
796691,tt10833154,Maimat's Unofficial Biography,买买提外传,1987-01-01,1.782,8.0,1,"[18, 10749, 35]",zh,0,0,104,Tianshan Film Studio,Guang Chunlan,"Muradin Abulimit, Tursunay Ibrayimjan, Arzugul Reshit"
1648000,,24 Horas,24 Horas,1987-01-01,1.7811,0.0,0,[99],pt,0,0,0,,Marcus Vilar,
56609,tt0158488,Battle Royale High School,真魔神伝 バトルロイヤルハイスクール,1987-12-10,1.7787,4.842,19,"[16, 28, 14, 27]",ja,0,0,60,"AVACO Creative Studios, Modern Creative Group, IMAGICA, Tokuma Shoten, DAST, Anime International Company, Trans Arts",Ichiro Itano,"Kazuki Yao, Satoru Inagaki, Shin Aomori, Kazuhiko Inoue, Tomohiro Nishimura"
609206,tt3995132,A Dream,Sen,1987-01-01,1.7767,5.0,1,[99],pl,0,0,9,,Bogdan Dziworski,
577186,tt0300332,Friday Night,Петък вечер,1987-01-19,1.7755,9.0,1,[18],bg,0,0,117,Boyana Film,Lyudmil Kirkov,"Mariya Stefanova, Elena Rainova, Margarita Pehlivanova, Ernestina Chinova, Martina Vachkova"
493430,,Sakrament,Sakrament,1987-02-11,1.7743,0.0,0,[18],sv,0,0,90,Teater Galeasen,Rickard Günther,"Lena B. Eriksson, Bernt Östman, Ylva Törnlund, Leif Andrée, Mats Flink"
146047,tt0092962,Emmanuelle 5,Emmanuelle 5,1987-01-07,1.7741,4.5,41,"[28, 18]",en,0,0,85,"AS Productions, Sofima",Walerian Borowczyk,"Monique Gabrielle, Crofton Hardester, Dana Burns Westburg, Bryan Shane, Yaseen Khan"
342127,tt0199867,"Ninja, the Violent Sorceror",霊幻襲撃,1987-05-27,1.7737,6.3,9,"[27, 28]",en,0,0,90,Filmark International Ltd.,Bruce Lambert,"Chiang Tao, Lu Feng, Jack Suen Kwok-Ming, Mark Lung, Peter Chang Chi-Long"
681148,,Divers-epars,Divers-epars,1987-01-01,1.7695,0.0,0,[],fr,0,0,12,,Yann Beauvais,
22915,tt0093648,North Shore,North Shore,1987-08-14,1.7675,5.863,51,"[10749, 28, 18]",en,0,3832228,96,Universal Pictures,William Phelps,"Matt Adler, Gregory Harrison, Nia Peeples, John Philbin, Gerry Lopez"
225577,tt0093723,Perry Mason: The Case of the Murdered Madam,Perry Mason: The Case of the Murdered Madam,1987-10-04,1.7671,6.8,11,"[9648, 18, 80, 10770]",en,0,0,95,"Viacom Productions, Fred Silverman Company, Strathmore Productions",Ron Satlof,"Raymond Burr, Barbara Hale, William Katt, Daphne Ashbrook, Vincent Baggetta"
72655,tt0091982,The Loner,Le Solitaire,1987-03-18,1.7659,6.026,117,"[28, 80, 53]",fr,0,0,100,"Cerito Films, Sara Films",Jacques Deray,"Jean-Paul Belmondo, Jean-Pierre Malo, Michel Beaune, Pierre Vernier, François Dunoyer"
227037,tt0196019,Professione vacanze,Professione vacanze,1987-04-15,1.7624,6.316,19,[35],it,0,0,90,,Vittorio De Sisti,"Jerry Calà, Gegia, Sandro Ghiani, Mara Venier, Jenny Tamburi"
478331,,Family Tyranny (Modeling and Molding),Family Tyranny (Modeling and Molding),1987-01-01,1.7616,0.0,0,[],en,0,0,8,,Nancy Buchanan,"Paul McCarthy, Mike Kelley"
204043,tt0093807,Quartiere,Quartiere,1987-11-28,1.7601,6.0,4,[],it,0,0,124,,Silvano Agosti,"Victoria Zinny, Dario Ghirardi, Valeria Sabel, Lino Salemme, Paola Agosti"
1765601,tt0498057,Gardênia Azul,Gardênia Azul,1987-01-01,1.7596,0.0,0,[18],pt,0,0,0,,Cecília Saint-Pierre,"Bosco Brasil, Maria Helena Carvalho, Ariela Goldman, Gianni Ratto"
50482,tt0093896,Lupin the Third: The Fuma Conspiracy,ルパン三世 風魔一族の陰謀,1987-12-26,1.7587,6.61,73,"[16, 28, 12, 35, 80]",ja,0,0,73,"TOHO, Tokyo Movie Shinsha, Telecom Animation Film",Masayuki Ozeki,"Toshio Furukawa, Banjo Ginga, Mami Koyama, Kaneto Shiozawa, Seizo Kato"
388574,tt0301505,A Cold March,Холодный март,1987-03-18,1.7568,9.5,2,[],ru,0,0,102,Odessa Film Studio,Ihor Minayev,"Maksim Kiselyov, Andrei Tolubeyev, Lyudmila Davydova"
132542,tt0095987,The Return of Bruno,The Return of Bruno,1987-02-07,1.7557,6.536,28,"[35, 10402, 10770]",en,0,0,56,"Hudson Hawk Films Ltd., Split Screen",James Yukich,"Bruce Willis, Jon Bon Jovi, Ringo Starr, Elton John, Phil Collins"
67435,tt0258563,Falsch,Falsch,1987-05-07,1.7551,5.5,6,"[18, 10752, 14]",fr,0,0,82,,"Luc Dardenne, Jean-Pierre Dardenne","Bruno Cremer, Jacqueline Bollen, Christian Crahay, Nicole Colchat, Bérengère Dautun"
152782,tt0292309,Unnikale Oru Kadha Parayam,ഉണ്ണികളെ ഒരു കഥ പറയാം,1987-07-04,1.7549,8.0,7,[18],ml,0,0,118,Century Films,Kamal,"Mohanlal, Karthika, Thilakan, Innocent, M G Soman"
448833,tt0344528,Villa-Lobos - O Índio de Casaca,Villa-Lobos - O Índio de Casaca,1987-01-01,1.7545,9.0,1,"[10402, 99]",pt,0,0,112,,Roberto Feith,"Heitor Villa-Lobos, Paulo José, Guerra Peixe, Antônio Carlos Jobim, Turíbio Santos"
719148,tt1151385,Autumn,پاییزان,1987-01-01,1.7541,1.0,1,"[18, 10751]",fa,0,0,96,,Rasoul Sadrameli,"Amin Tarokh, Katayoun Riahi, Dariush Arjmand, Farideh Daryamajd, Jamileh Sheikhi"
678722,tt0356870,Matadero,Matadero,1987-01-01,1.7522,6.667,3,"[28, 80, 18]",es,0,0,85,,Gilberto de Anda,"Jorge Reynoso, Roberto 'El Flaco' Guzmán, Eleazar García Jr., Leticia Perdigón, Eric del Castillo"
117278,tt0097073,Code Name Vengeance,Code Name Vengeance,1987-12-01,1.7517,4.9,10,"[28, 12, 53]",en,0,0,92,Killmasters Co.,David Winters,"Shannon Tweed, Robert Ginty, Don Gordon, Cameron Mitchell, Kevin Brophy"
293867,tt0092730,Casanova,Casanova,1987-03-01,1.7514,4.1,12,"[35, 10749, 10770]",en,0,0,123,"Taurus Film, Reteitalia, The Konigsberg/Sanitsky Company, HR",Simon Langton,"Richard Chamberlain, Faye Dunaway, Sylvia Kristel, Ornella Muti, Hanna Schygulla"
1620041,tt0199953,Wrong Assessment,Pogrešna procena,1987-01-01,1.7503,9.0,1,"[10770, 18]",sh,0,0,65,Radiotelevizija Beograd,Miroslav 'Mika' Aleksić,"Zlatko Vitez, Branko Vidaković, Rade Lazarević, Milan Pleština, Siniša Ćopić"
59977,tt0094063,Student Exchange,Student Exchange,1987-11-29,1.7497,5.893,14,"[35, 10751, 10749, 10770]",en,0,0,88,Walt Disney Television,Mollie Miller,"Viveka Davis, Todd Field, Mitchell Anderson, Heather Graham, Maura Tierney"
261098,tt0093338,The Kid Brother,The Kid Brother,1987-03-11,1.7494,5.857,7,[18],en,0,0,95,"Yoshimura-Gagnon Productions, Kinema Amerika, TOHO-TOWA, Bandai",Claude Gagnon,"Kenny Easterday, Caitlin Clarke, Liane Curtis, Zach Grenier, Jesse Easterday"
33838,tt0092723,The Care Bears Adventure in Wonderland,The Care Bears Adventure in Wonderland,1987-08-07,1.7474,5.8,35,"[10751, 16, 14]",en,5000000,6000000,75,"Nelvana, American Greetings, Those Characters From Cleveland",Raymond Jafelice,"Bob Dermer, Eva Almos, Dan Hennessey, Jim Henshaw, Alyson Court"
97844,tt0093481,Malady of Love,Maladie d'amour,1987-09-30,1.7456,5.077,13,"[18, 10749]",fr,0,0,122,"Sofica Investimage, Oliane Productions, FR3 Films Production",Jacques Deray,"Nastassja Kinski, Jean-Hugues Anglade, Michel Piccoli, Jean-Claude Brialy, Souad Amidou"
953894,tt0226002,Itinerary,Itinéraire,1987-09-24,1.7452,10.0,1,[16],en,0,0,6,ONF | NFB,Bernard Longpré,
51929,tt0092963,The Emperor's Naked Army Marches On,ゆきゆきて、神軍,1987-08-01,1.745,7.589,56,[99],ja,222000,0,122,"Zanzou-sha, Imamura Productions, Shisso Production",Kazuo Hara,"Kenzo Okuzaki, Masao Koshimizu, Riichi Aikawa, Masaichi Hamaguchi, Toshio Hara"
385027,tt0089270,The Thirty Million Dollar Rush,橫財三千萬,1987-07-02,1.7445,7.2,10,"[35, 12]",cn,0,1736230,93,"Golden Princess Amusement Co., Ltd., Cinema City Company Limited",Karl Maka,"Karl Maka, Brigitte Lin, Paula Tsui Siu-Fung, Eric Tsang Chi-Wai, Anglie Leung Wan-Yui"
57240,tt0092655,Big Shots,Big Shots,1987-10-02,1.7441,6.6,15,"[12, 35, 80, 18]",en,10000000,3390043,91,Lorimar Film Entertainment,Robert Mandel,"Ricky Busker, Darius McCrary, Robert Joy, Robert Prosky, Jerzy Skolimowski"
811515,tt2484440,Mauritz Stiller,Mauritz Stiller,1987-01-01,1.744,0.0,0,[99],sv,0,0,58,"Svenska Filminstitutet, SF Studios",Gösta Werner,Al Simon
108862,tt0191663,Yogi's Great Escape,Yogi's Great Escape,1987-11-19,1.7434,6.8,23,"[16, 12, 10770, 35, 37]",en,0,0,94,Hanna-Barbera Cartoons,"Bob Goe, Paul Sommer, Rudy Zamora, Ray Patterson","Daws Butler, Susan Blu, William Callaway, Hamilton Camp, Dustin Diamond"
42015,tt0094089,Swimming to Cambodia,Swimming to Cambodia,1987-03-13,1.7424,7.017,29,"[99, 35]",en,0,0,85,"The Swimming Company, Cinecom Pictures",Jonathan Demme,"Spalding Gray, Sam Waterston, Ira Wheeler"
378075,tt0092923,Downpayment on Murder,Downpayment on Murder,1987-01-18,1.7412,6.25,4,"[53, 10770]",en,0,0,95,,Waris Hussein,"Ben Gazzara, Connie Sellecca, G.W. Bailey, Miguel Ferrer, David Morse"
105621,tt0291317,Lolita: Vibrator Torture,ロリータ・バイブ責め,1987-09-19,1.7405,5.6,25,"[80, 27]",ja,0,0,63,"Shishi Production, Nikkatsu Corporation",Hisayasu Satō,"Sayaka Kimura, Rio Yanagawa, Kiyomi Itō, Yutaka Ikejima, Yûko Suwano"
565943,tt0093710,Bachelor Girl,Bachelor Girl,1987-11-01,1.7396,4.0,3,[35],en,0,0,83,,Rivka Hartman,"Lyn Pierse, Jan Friedl, Kim Gyngell, Doug Tremlett, Ruth Yaffe"
1217011,tt1706483,Singolo,Singolo,1987-11-05,1.7389,0.0,0,[18],it,0,0,86,,Francesco Ranieri Martinotti,"Christopher Buchholz, Giulia Boschi, Laurentina Guidotti, Massimo Serato"
191479,tt0093057,Fucking Fernand,Fucking Fernand,1987-10-21,1.7383,5.386,22,"[35, 10752]",fr,0,0,89,"Films A2, Delta Film",Gérard Mordillat,"Thierry Lhermitte, Jean Yanne, Martin Lamotte, Marie Laforêt, Charlotte Valandrey"
59172,tt0091649,Northanger Abbey,Northanger Abbey,1987-02-15,1.7378,6.278,10,"[18, 10749, 10770]",en,0,0,88,"BBC, A+E Studios",Giles Foster,"Katharine Schlesinger, Peter Firth, Robert Hardy, Googie Withers, Cassie Stuart"
1389245,tt7037480,Groper Train: Touching and Going to Work,痴漢電車　さわって出勤,1987-01-01,1.7369,2.0,1,[],ja,0,0,63,Shintoho Pictures,Mototsugu Watanabe,"Ai Kobayashi, Kyoko Hashimoto, Chiemi Akimoto, Seira Kitagawa, Jimmy Tsuchida"
536835,tt0094220,Unfinished Business,Unfinished Business,1987-09-18,1.7365,9.0,1,[18],en,0,0,67,Directing Workshop for Women at the American Film Institute,Viveca Lindfors,"Peter Donat, Herriett Guiar, Gina Hecht, Viveca Lindfors, Morrison James"
303056,tt1319616,Digvijaya,Digvijaya,1987-05-27,1.7363,0.0,0,"[28, 18]",kn,0,0,145,Vijayeshwari Productions,Somu,"Ambareesh, Srinath, Shankar Nag, Ambika, Radha"
64438,tt0093234,Hôtel de France,Hôtel de France,1987-05-20,1.7359,5.4,5,"[35, 18]",fr,0,0,98,,Patrice Chéreau,"Laurent Grévill, Valeria Bruni Tedeschi, Vincent Perez, Laura Benson, Thibault de Montalembert"
606957,tt0093585,Murder by the Book,Murder by the Book,1987-03-17,1.7357,6.2,8,"[35, 80, 9648, 53, 10770]",en,0,0,100,"Orion Television, Peter Nelson Production",Mel Damski,"Robert Hays, Catherine Mary Stewart, Christopher Murney, Fred Gwynne, Celeste Holm"
13246,tt0302596,A Garfield Christmas,A Garfield Christmas,1987-12-21,1.735,7.351,104,"[16, 10751, 35, 10770]",en,0,0,24,"United Media Productions, Paws, Film Roman",Phil Roman,"Lorenzo Music, Thom Huge, Gregg Berger, Pat Carroll, Pat Harrington Jr."
702517,tt0305817,Meet Julie,Meet Julie,1987-01-01,1.7347,8.0,1,"[16, 12, 10751, 878]",en,0,0,44,"DiC, World of Wonder",Walt Kubiak,"Mike Myers, Nicole Lyn, Blain Fairman, Karen Burthwright, Dan Hennessey"
5753,tt0092848,Deadly Prey,Deadly Prey,1987-11-02,1.7345,4.875,120,[28],en,0,0,85,Action International Pictures,David A. Prior,"Cameron Mitchell, Troy Donahue, Ted Prior, Fritz Matthews, David James Campbell"
96524,tt0093824,The Rattle Rat,De RatelRat,1987-02-05,1.731,5.375,12,"[80, 28, 18, 53, 35]",nl,0,0,90,"AVRO, Spieghel Filmproductiemaatschappij",Wim Verstappen,"Rijk de Gooyer, Peter Faber, Marc Klein Essink, Bernhard Droog, Sacco van der Made"
88448,tt0093253,In the Mood,In the Mood,1987-09-16,1.731,5.5,18,"[35, 10749]",en,0,0,98,"Kings Road Entertainment, Lorimar Motion Pictures",Phil Alden Robinson,"Patrick Dempsey, Beverly D'Angelo, Talia Balsam, Michael Constantine, Kathleen Freeman"
27464,tt0089715,O.C. and Stiggs,O.C. and Stiggs,1987-07-10,1.7307,4.524,21,[35],en,7000000,29815,109,Metro-Goldwyn-Mayer,Robert Altman,"Daniel H. Jenkins, Neill Barry, Jane Curtin, Paul Dooley, Jon Cryer"
133427,tt0092040,Whooping Cough,Szamárköhögés,1987-09-03,1.7305,5.2,13,"[18, 35]",hu,0,0,91,"Hunnia Filmstúdió, Mafilm",Péter Gárdos,"Mari Törőcsik, Dezső Garas, Judit Hernádi, Marcell Tóth, Károly Eperjes"
61777,tt0092851,Dear America: Letters Home from Vietnam,Dear America: Letters Home from Vietnam,1987-10-01,1.7296,7.117,30,"[99, 10752]",en,0,0,84,"Dear America, GBA Media",Bill Couturié,"Ellen Burstyn, Tom Berenger, J. Kenneth Campbell, Richard Chaves, Josh Cruze"
330433,,Grandfather's Island,Gorée,1987-01-02,1.7284,0.0,0,[],en,0,0,0,,Taïeb Louhichi,
383104,tt2302835,Stangenfieber,Stangenfieber,1987-06-09,1.7283,8.0,1,[],de,0,0,9,,Helge Schneider,"Helge Schneider, Peter Thoms, Eva Kurowski, Uwe Lyko, Peter Rübsam"
66263,tt1411894,Manithan,மனிதன்,1987-05-01,1.7278,5.5,3,"[18, 28, 80]",ta,0,0,149,AVM Productions,S. P. Muthuraman,"Rajinikanth, Rupini, Cho Ramaswamy, Srividya, Delhi Ganesh"
1421908,tt0250304,Circo,Circo,1987-01-01,1.7276,8.0,1,[16],xx,0,0,0,Staatliche Akademie der Bildenden Künste Stuttgart,Tomás Welss,
391110,tt3351342,Light Years,Light Years,1987-01-01,1.7268,6.0,1,[],sv,0,0,26,Filmverkstan,Gunvor Nelson,
1652584,tt4727262,Matros Zheleznyak,Матрос Железняк,1987-08-17,1.7266,5.0,1,"[10752, 18, 10770, 36]",ru,0,0,139,Odessa Film Studio,Vitaliy Dudin,"Anatoliy Kotenyov, Aleksandr Potapov, Boris Borisov, Galina Makarova, Marina Yakovleva"
104583,tt0405479,Child of Peach,新桃太郎,1987-01-29,1.7265,6.3,7,"[35, 28, 10751, 14, 27]",zh,0,0,95,"Kinko Yingi Co. Ltd., Bandai Visual","Chen Chun-Liang, Chiu Chung-Hing","Lin Hsiao-Lao, Pang San, Chin Tu, Yau Mei-Fong, Chen Si-Ping"
899779,,Hey Bud,Hey Bud,1987-01-01,1.7263,0.0,0,[99],en,0,0,11,,Julie Zando,
5749,tt0091710,Overkill,Overkill,1987-12-16,1.7253,4.5,5,"[80, 53]",en,0,0,87,"United Independent Pictures Ltd., Manson International Pictures",Ulli Lommel,"Steve Rally, John Nishio, Laura Burkett, Allen Wisch, Antonio Caprio"
1209828,,Napoli corner,Napoli corner,1987-11-25,1.7252,0.0,0,[],fr,0,0,0,Canal+,Bernard Bloch,Diego Maradona
950641,tt2128605,Za gômon: Niizuma-hen,ザ・拷問　新妻篇,1987-02-07,1.7251,4.0,4,[18],ja,0,0,71,"Nikkatsu Corporation, U-Production",Gô Ijuuin,"Kazuhiro Sano, Miki Shimada, Aiko Matsuoka, Shikô Shima, Hitomi Kobayashi"
58473,tt0092519,After the Promise,After the Promise,1987-10-11,1.7251,7.5,20,"[18, 10770]",en,0,0,90,"Tamara Asseyev Productions, New World International",David Greene,"Mark Harmon, Diana Scarwid, Rosemary Dunsmore, Donnelly Rhodes, Blu Mankuma"
1376787,,Yasemin,Yasemin,1987-10-29,1.7239,0.0,0,[],tr,0,0,0,,Erdoğan Tokatlı,"Harika Avcı, Halil Ergün, Ülkü Ülker, Sevim Çalışgir, Işık Aras"
297785,tt0092825,Stamp of a Killer,Stamp of a Killer,1987-11-01,1.7221,5.7,3,"[10770, 53]",en,0,0,95,"New World Television, Freyda Rothstein Productions, Litke/Grossbart Productions, NBC",Larry Elikann,"Judith Light, Jimmy Smits, Audra Lindley, Rhea Perlman, Billy O'Sullivan"
300772,tt9197720,Wira Angkasa,Wira Angkasa,1987-01-01,1.7218,0.0,0,[28],en,0,0,110,JD Production Sdn Bhd,Aziz Jaafar,"Sabree Fadzil, Yusof Haslam, Aznah Hamid, Noreen Noor, Julie Dahlan"
274952,tt2690116,Machine Song,Machine Song,1987-11-09,1.7218,0.0,0,[16],en,0,0,4,Chel White Films,Chel White,
169832,tt0093658,Number One with a Bullet,Number One with a Bullet,1987-02-27,1.7212,4.583,12,"[28, 35]",en,0,0,100,"Golan-Globus Productions, The Cannon Group",Jack Smight,"Robert Carradine, Billy Dee Williams, Valerie Bertinelli, Peter Graves, Doris Roberts"
44658,tt0093664,Dark Eyes,Очи черные,1987-02-01,1.7178,6.7,102,"[35, 18, 10749]",ru,0,0,121,"Adriana International Corporation, RAI",Nikita Mikhalkov,"Marcello Mastroianni, Marthe Keller, Elena Safonova, Pina Cei, Vsevolod Larionov"
445079,tt0091821,Rags to Riches,Rags to Riches,1987-03-09,1.7166,9.5,10,"[35, 18, 10770]",en,0,0,96,,Bruce Seth Green,"Joseph Bologna, Tisha Campbell, Blanca De Garr, Kimiko Gelman, Heather McAdam"
282040,tt0092527,The Alamo: Thirteen Days to Glory,The Alamo: Thirteen Days to Glory,1987-11-11,1.716,6.067,15,"[10770, 37]",en,0,0,140,,Burt Kennedy,"James Arness, Brian Keith, Alec Baldwin, Kathleen York, David Ogden Stiers"
1574443,,Cannibal Galicia,Galicia Canibal,1987-01-01,1.7147,0.0,0,[],xx,0,0,7,,Xavier Villaverde,
1635333,tt27422994,Jaathi Pookkal,Jaathi Pookkal,1987-07-22,1.7146,0.0,0,[18],ta,0,0,0,,A. P. Rathinam,"Shanawas, Nalini, K.K. Soundar, Goundamani, Ennatha Kannaiya"
461172,tt0353539,The Hospice,The Hospice,1987-01-01,1.7146,7.0,2,"[27, 10770]",en,0,0,55,HTV West,Dominique Othenin-Girard,"Jack Shepherd, Alan Dobie, Marthe Keller, Jonathan Cecil, Gordon Warnecke"
1714732,,Western,Вестерн,1987-01-01,1.7143,0.0,0,"[35, 37]",ru,0,0,9,Kyiv State I. K. Karpenko-Karyi Institute of Theater Arts,Viktor Prikhodko,"B. Sadyko, Petr Kuznetsov, Oleh Prymohenov"
57244,tt0093617,Nice Girls Don't Explode,Nice Girls Don't Explode,1987-02-01,1.7141,4.824,17,"[35, 10749, 878]",en,1000000,0,78,"Nice Girls Films, New World Pictures",Chuck Martinez,"Barbara Harris, Michelle Meyrink, William O'Leary, Wallace Shawn, James Nardini"
31300,tt0094011,Under the Sun of Satan,Sous le soleil de Satan,1987-08-01,1.7137,6.0,139,[18],fr,0,0,98,"Erato Films, Films A2, Action Films, Flach Film",Maurice Pialat,"Gérard Depardieu, Sandrine Bonnaire, Maurice Pialat, Brigitte Legendre, Alain Artur"
119383,tt0094188,The Trouble with Spies,The Trouble with Spies,1987-12-04,1.7126,4.675,20,"[35, 12]",en,0,0,91,"Brigade Productions, HBO Films, DEG",Burt Kennedy,"Donald Sutherland, Ned Beatty, Ruth Gordon, Lucy Gutteridge, Michael Hordern"
171571,tt0093296,Jane and the Lost City,Jane and the Lost City,1987-09-03,1.7123,4.525,20,"[12, 35, 28]",en,0,0,94,Marcel/Robertson Productions Limited,Terry Marcel,"Kirsten Hughes, Sam J. Jones, Maud Adams, Jasper Carrott, Robin Bailey"
166664,tt0205110,Hammerhead Jones,Hammerhead Jones,1987-03-17,1.711,6.333,3,"[18, 28]",en,0,0,82,Shapiro Entertainment,Robert Michael Ingria,"Ted Vernon, Fred Ottman, Marilyn Downey, Rusty Brooks, Dan Richter"
287402,tt0093666,Odyssey of Love,Odyssée d'amour,1987-08-27,1.7107,7.0,2,"[10749, 18]",nl,0,0,110,,Pim de la Parra,"Herbert Flack, Sarah Brackett, Patty Brard, Liz Snoijink, Eddie Marchena"
28070,tt0094077,Surf Nazis Must Die,Surf Nazis Must Die,1987-07-03,1.71,3.903,129,"[28, 35, 27]",en,20000,0,81,"Troma Entertainment, The Institute",Peter George,"Gail Neely, Robert Harden, Barry Brenner, Dawn Wildsmith, Michael Sonye"
1386502,tt1188690,Ο Δέσκαλον,Ο Δέσκαλον,1987-01-01,1.7097,0.0,0,"[35, 10402, 10749]",el,0,0,0,,Vasilis Papadopoulos,"Yannis Floriniotis, Errika Nikolaidou, Hristina Sahinidou, Giannis Georgiadis, Natasa Palaisti"
1556294,tt5542774,Ο παπαφαγάνας,Ο παπαφαγάνας,1987-01-01,1.7086,0.0,0,[35],el,0,0,0,,Giorgos Mylonas,"Giannis Vogiatzis, Yiouli Stamoulaki, Vasilis Malouhos, Akis Florentis, Elena Fotinaki"
758551,,New Moon,New Moon,1987-01-01,1.7084,0.0,0,[16],xx,0,0,11,Papercam Film,Donna Cameron,
368250,tt0126030,Final Act,Sidste akt,1987-01-23,1.7075,5.5,2,[35],da,0,0,0,Nordisk Film Denmark,Edward Fleming,"Erni Arneson, Jytte Breuning, Lily Broberg, Ole Dupont, Birgitte Federspiel"
32039,tt0093347,The Killing Time,The Killing Time,1987-10-23,1.7068,5.027,37,"[28, 53, 9648, 80]",en,0,500283,94,"New World Pictures, Tapestry Films",Rick King,"Beau Bridges, Kiefer Sutherland, Wayne Rogers, Camelia Kath, Joe Don Baker"
1243963,,Grandma for Everybody,ბებია ყველასათვის,1987-01-01,1.7066,8.0,0,"[10749, 10402, 35]",ka,0,0,0,Georgia-Film,Nana Dvalishvili,"Marina Tbileli, Givi Tokhadze, Guram Pirtskhalava, Tamar Qirikashvili, Tatia Rukhadze"
141335,tt0094344,Heartbeat 100,心跳一百,1987-05-21,1.7062,7.6,5,"[27, 53, 35, 9648]",cn,0,0,88,Cinema City Company Limited,"Kent Cheng Jak-Si, Lo Kin","Maggie Cheung, Mark Cheng Ho-Nam, Lui Fong, Wong Ching, Bonnie Law Ming-Chu"
71750,tt0093993,Sleeping Beauty,Sleeping Beauty,1987-06-12,1.7062,7.3,12,"[10751, 14]",en,0,0,90,"Golan-Globus Productions, The Cannon Group",David Irving,"Tahnee Welch, Kenny Baker, Morgan Fairchild, David Holliday, Nicholas Clay"
437769,,Brise-glace : Bateau givre,Brise-glace : Bateau givre,1987-12-15,1.7053,0.0,0,[99],sv,0,0,30,Ministère des Affaires Étrangères,Jean Rouch,"Ewin Hansen, Jan-Cedric Hansen"
84492,tt0093601,Nasty Hero,Nasty Hero,1987-09-25,1.7039,7.0,1,[28],en,0,0,81,"The 'Private' Movie Company, Taurus Film",Nick Barwood,"Scott Feraco, Robert Sedgwick, Carlos Palomino, Mike Starr, Raymond Serra"
143948,tt0094385,Initiation,Initiation,1987-06-20,1.7038,5.5,5,"[53, 12, 28]",en,0,0,92,"FGH, International Film Management, Filmbar, South Australian Film Corporation",Michael Pearce,"Bruno Lawrence, Rodney Harvey, Miranda Otto, Arna-Maria Winchester, Bobby Smith"
393314,tt1159509,Friends & Enemies,Friends & Enemies,1987-04-18,1.7035,0.0,0,[99],en,0,0,88,,Tom Zubrycki,
62185,tt0092854,Death Before Dishonor,Death Before Dishonor,1987-02-20,1.7031,4.684,19,"[18, 28]",en,0,0,91,"MPI, Balcor Film Investors, Bima",Terry Leonard,"Fred Dryer, Joseph Gian, Sasha Mitchell, Peter Parros, Brian Keith"
120358,tt0133712,The Devil's Disciple,The Devil's Disciple,1987-05-17,1.7029,8.0,2,"[18, 10770]",en,0,0,120,BBC,David Hugh Jones,"Patrick Stewart, Elizabeth Spriggs, Cheryl Maiker, Graham Turner, Susan Wooldridge"
89074,tt0097591,Iris,Iris,1987-03-26,1.7018,6.0,4,"[18, 53, 9648]",nl,0,0,90,,Mady Saks,"Monique van de Ven, Roger Van Hool, Titus Tiel Groenestege, Tom Jansen, Elsje Scherjon"
214367,tt0141396,Islands,Islands,1987-10-16,1.6999,7.0,7,[99],en,0,0,58,,"Albert Maysles, David Maysles, Charlotte Zwerin","Christo, Jeanne-Claude, Jacques Chirac, Willy Brandt"
126661,tt0093244,Gramps Is a Great Guy!,Il est génial papy !,1987-08-22,1.6998,4.875,8,[35],fr,0,0,92,"Cléa Productions, TF1 Films Production, Port Royal Films, Les Films de la Tour",Michel Drach,"Guy Bedos, Marie Laforêt, Valérie Rojan, Isabelle Mergault, Fabien Chombart"
27738,tt0093898,Russkies,Russkies,1987-11-06,1.6991,5.191,34,"[18, 10751]",en,0,2189047,99,"New Century Entertainment Corporation, The Vista Organization",Rick Rosenthal,"Joaquin Phoenix, Peter Billingsley, Whip Hubley, Stefan DeSalle, Summer Phoenix"
292201,tt0093098,Going Bananas,Going Bananas,1987-08-05,1.699,3.6,10,"[35, 10751]",en,0,0,95,"Golan-Globus Productions, The Cannon Group",Boaz Davidson,"Dom DeLuise, Jimmie Walker, David Mendenhall, Deep Roy, Warren Berlinger"
158517,tt0093383,Lain ulkopuolella,Lain ulkopuolella,1987-10-30,1.6984,5.333,9,"[18, 80]",fi,0,0,84,Filminor,Ville Mäkelä,"Taneli Mäkelä, Kari Heiskanen, Pirjo Luoma-aho, Antti Litja, Jouko Klemettilä"
1198550,tt1784340,Annoncenglück,Annoncenglück,1987-12-02,1.6982,0.0,0,[],de,0,0,0,,,"Joachim Siebeschuh, Kaspar Eichel, Ilona Knobbe, Claudia Wenzel, Bruno Carstens"
470703,tt3215348,Body Jack: Sublime Separation,ボディジャック 楽しい幽体離脱,1987-01-28,1.6979,4.5,6,"[16, 35]",ja,0,0,33,"Bandai Visual, Studio Tigers",Dojiro,"Issei Futamata, Miyoko Aoba, Yumi Takada, Hiroshi Kiyohara, Ochiai Bo"
219941,tt0092506,The Abduction of Kari Swenson,The Abduction of Kari Swenson,1987-03-08,1.6972,6.0,3,"[53, 10770, 18]",en,0,0,96,"NBC, NBC Productions",Stephen Gyllenhaal,"Tracy Pollan, Joe Don Baker, M. Emmet Walsh, Ronny Cox, Michael Bowen"
1681037,,Olive,Olive,1987-12-01,1.6961,0.0,0,[],en,0,0,93,,Stephen Wallace,"Kerry McGuire, Nick Tate, Paddy Costa, Peter McLoughlin, Cathy Richardson"
181633,tt0093845,People's Hero,人民英雄,1987-12-03,1.6941,7.235,17,"[28, 18, 53, 80]",cn,0,0,82,"Long Shong Pictures, Maverick Films",Derek Yee Tung-Sing,"Ti Lung, Tony Leung Chiu-wai, Tony Leung Ka-fai, Elaine Jin Yan-Ling, Paul Chun Pui"
335821,tt0266980,Sonata soledad,Sonata soledad,1987-07-23,1.6921,7.0,5,[18],es,0,0,84,Telecine,Armando Robles Godoy,"Armando Robles Godoy, Marcela Robles, Orlando Sacha, Tony Vázquez, Veronica Pflucker"
474142,,Vloof the Egret: Monkey Bread,Vloof l’aigrette - Pain de singe,1987-05-26,1.6907,3.0,1,[],fr,0,0,4,,Teo Hernández,Bernardo Montet
77079,tt0093113,Django Strikes Again,Django 2 - Il grande ritorno,1987-10-22,1.6902,5.1,40,"[37, 28]",it,0,0,96,"Reteitalia, National Cinematografica, Dania Film, Filmes International",Nello Rossati,"Franco Nero, Christopher Connelly, Licinia Lentini, William Berger, Roberto Posse"
1765584,,Tangência,Tangência,1987-01-01,1.6894,0.0,0,[],pt,0,0,0,,Marco Aurélio Penha,"Waldir Orlei Maier, Juliana F. Vieira"
534632,tt8238102,Surayya,Sürəyya,1987-09-15,1.6893,7.0,1,"[18, 10770]",az,0,0,79,Azerbaijanfilm,Tofig Ismailov,"Melahat Abbasova, Ulvi Mammadov, Yashar Nuri, Pyotr Glebov, Tofik Mirzoyev"
174754,tt0094015,Specters,Spettri,1987-04-24,1.6887,4.308,26,[27],it,0,0,92,"Reteitalia, Trio Cinema e Televisione",Marcello Avallone,"John R. Pepper, Trine Michelsen, Donald Pleasence, Massimo De Rossi, Riccardo De Torrebruna"
133781,tt0093145,Happy New Year,Happy New Year,1987-08-07,1.6878,5.8,11,"[35, 80, 10749]",en,0,41232,85,"Delphi IV Productions, Columbia Pictures",John G. Avildsen,"Peter Falk, Charles Durning, Tom Courtenay, Tracy Brooks Swope, Ruben Rabasa"
29971,tt0093603,Nayakan,நாயகன்,1987-10-21,1.6877,7.9,94,"[18, 80]",ta,0,0,156,"Sujatha Films, Muktha Films",Mani Ratnam,"Kamal Haasan, Saranya Ponvannan, Karthika, Janagaraj, Delhi Ganesh"
64154,tt0166203,Garfield Goes Hollywood,Garfield Goes Hollywood,1987-05-08,1.6876,6.7,30,"[16, 35, 10751, 10402, 10770]",en,0,0,25,"Film Roman, Paws, United Media Productions",Phil Roman,"Lorenzo Music, Thom Huge, Gregg Berger, Nino Tempo, Frank Welker"
96606,tt0093156,Havinck,Havinck,1987-10-15,1.6872,7.0,1,[18],nl,0,0,102,,Frans Weisz,"Willem Nijholt, Anne Martien Lousberg, Carolien van den Berg, Maarten Wansink, Coen Flink"
590898,,Le printemps,Le printemps,1987-01-01,1.687,0.0,0,[],fr,0,0,41,,Gaël Badaud,"Gil Brazey, Joël Boivin, Martine Rivière, Teo Hernández"
568465,tt0094204,Ubac,Ubac,1987-01-02,1.6868,8.0,1,[18],fr,0,0,77,,Jean-Pierre Grasset,"Richard Bohringer, Rufus, Pierre Malet, Larry Lamb, Franklin Caicedo"
42960,tt0093178,Helsinki Napoli All Night Long,Helsinki Napoli All Night Long,1987-11-13,1.6866,5.909,11,"[35, 80]",en,2270000,0,105,"Villealfa Filmproductions, Salinas Filmproduktion, Finnkino, Durium Milano, Christa Saredi",Mika Kaurismäki,"Kari Väänänen, Roberta Manfredi, Jean-Pierre Castaldi, Margi Clarke, Nino Manfredi"
198075,tt0092650,"My Cousin, the Ghost",表哥到,1987-01-09,1.6856,6.636,11,"[35, 27, 10749]",cn,0,1658309,95,Bo Ho Films,Wu Ma,"Kenny Bee, Richard Ng Yiu-Hon, Mang Hoi, Wu Ma, Tai Bo"
195223,tt0094932,Love Rites,Cérémonie d'amour,1987-07-19,1.6856,4.725,20,"[18, 27]",fr,0,0,100,Sara Films,Walerian Borowczyk,"Mathieu Carrière, Marina Pierro, Josy Bernard, Isabelle Tinard, Jacques Couderc"
1741840,tt18283702,Anurodh,Anurodh,1987-05-29,1.588,0.0,0,[18],en,0,0,134,,Jayanta Bhattacharya,"Ranjit Mallick, Sharmila Tagore, Moon Moon Sen, Samit Bhanja, Chinmoy Roy"
1079938,tt1720192,Pieni yösoitto,Pieni yösoitto,1987-04-13,1.6851,0.0,0,[35],fi,0,0,0,,Neil Hardwick,"Leena Uotila, Aapo Vilhunen, Dick Idman, Eero Saarinen, Elina Pohjanpää"
121893,tt0095303,High Season,High Season,1987-09-01,1.6845,5.1,14,"[35, 10749]",en,0,0,94,"British Screen Productions, Hemdale Film Corporation, Film Four International",Clare Peploe,"Jacqueline Bisset, James Fox, Irene Papas, Sebastian Shaw, Kenneth Branagh"
623208,tt0376627,GuachoAbel,GuachoAbel,1987-01-01,1.6837,10.0,1,[18],es,0,0,8,"INCAA, ENERC",Víctor González,"Mabel Dai, Gustavo A. Domínguez, Saverio Strático"
598713,,Sevdim Seni,Sevdim Seni,1987-04-10,1.6826,0.0,0,[],tr,0,0,0,,,"Gökhan Güney, Arzu Aydın, Tufan Bahadır, Süleyman Turan"
74881,tt0093311,Jim and the Pirates Blom,Jim och piraterna Blom,1987-02-12,1.6816,5.643,14,"[10751, 35, 14]",sv,500,0,92,SF Studios,Hans Alfredson,"Johan Åkerblom, Ewa Fröling, Jan Malmsjö, Stellan Skarsgård, Stig Olin"
1483226,tt36983824,Séo!,Séo!,1987-01-01,1.6815,8.0,2,"[99, 12]",fr,0,0,26,Paradoxe Productions,Pierre-Antoine Hiroz,"Catherine Destivelle, Lucien Abbet, Tidiani Koné, Ibrahim Dolo"
982606,tt0300493,Vilkolakio pedsakai,Vilkolakio pedsakai,1987-08-17,1.6805,9.0,1,"[53, 18, 80]",lt,0,0,93,"Aries Cinematográfica Argentina, Lithuanian Film Studio, INCAA, Sovinfilm",Almantas Grikevičius,"Sergey Shakurov, Mihai Volontir, Regimantas Adomaitis, Olegas Ditkovskis, Elena Sédova"
313115,tt0091017,Sexy Radio,L'escot,1987-02-17,1.68,3.2,4,[35],ca,0,0,104,"Ópalo Films, Ministerio de Cultura España, Generalitat de Catalunya - Departament de Cultura",Antoni Verdaguer,"Laura Conti, Abel Folk, Ferran Rañé, Jaume Valls, Mingo Ràfols"
280316,tt0255048,Cheppu,ചെപ്പ്,1987-07-04,1.68,6.167,3,[18],ml,0,0,130,Evershine,Priyadarshan,"Mohanlal, Lissy, K. B. Ganesh Kumar, Cochin Haneefa, Sankaradi"
603962,tt0259605,Swathi Thirunal,സ്വാതിതിരുനാൾ,1987-09-04,1.6789,9.0,1,"[18, 36]",ml,0,0,130,,Lenin Rajendran,"Anant Nag, Srividya, Nedumudi Venu, Murali, Ambika"
60797,tt0093111,The Grand Highway,Le Grand Chemin,1987-03-25,1.6787,7.274,124,[18],fr,0,0,104,"TF1 Films Production, Flach Film, Séléna Audiovisuel",Jean-Loup Hubert,"Anémone, Richard Bohringer, Antoine Hubert, Vanessa Guedj, Christine Pascal"
805619,,Scary Tales,Scary Tales,1987-01-01,1.6786,0.0,1,[27],en,0,0,22,,Doug Ulrich,"Doug Ulrich, Wayne Rocks, Karen Koker, Ann Ulrich, Ilene Rocks"
807209,,Macan Kampus,Macan Kampus,1987-06-03,1.6782,0.0,0,[18],id,0,0,87,Karnos Film,Adisoerya Abdi,"Rano Karno, Leroy Osmani, Sally Marcelina, Tino Karno, Mustafa Jackson"
443570,tt0237901,The Extinct Volcano,Vulcanul stins,1987-01-01,1.7547,7.0,4,"[12, 18]",ro,0,0,100,Casa de Filme 4,George Cornea,"Adrian Pintea, Ruxandra Bucescu, Oana Sîrbu, Mircea Andreescu, Florin Tănase"
221298,tt0199840,"Ninja, Phantom Heros U.S.A.","Ninja, Phantom Heros U.S.A.",1987-08-14,1.6769,6.25,4,[28],en,0,0,86,Filmark International Ltd.,Bruce Lambert,"Jeff Houston, John Wilford, Christine Wells, Glen Carson, Sophia Crawford"
207713,tt0093030,Flag,Flag,1987-10-06,1.6769,8.5,2,"[80, 28]",fr,0,0,101,"Cinévidéo, Les Films Ariane",Jacques Santi,"Richard Bohringer, Pierre Arditi, Philippine Leroy-Beaulieu, Anne Létourneau, Julien Guiomar"
217333,tt0198267,The Smurfs: 'Tis the Season to Be Smurfy,The Smurfs: 'Tis the Season to Be Smurfy,1987-12-13,1.6767,6.7,23,"[16, 35]",en,0,0,24,"SEPP International, Hanna-Barbera Cartoons",Ray Patterson,"Lucille Bliss, Charlie Adler, William Callaway, Hamilton Camp, Julie McWhirter"
396581,tt4946510,The Country I Saw,내가 본 나라,1987-01-01,1.6755,5.2,6,[18],ko,0,0,91,,"Choi Eun-hee, Shin Sang-ok, Ko Hak-lim","Pak Ki Ju, Kim Ryang Rim, Kim Chong-hwa, Yi Yŏng-ho"
1586355,,Fabrications,Fabricaciones,1987-11-29,1.6753,0.0,0,[],es,0,0,18,,"Juan Carlos Maneglia, Ray Armerle, Hugo Gamarra Etcheverry, Luis R. Vera, Lucy Yegros, Manuel Cuenca",
44201,tt0093727,Personal Services,Personal Services,1987-02-12,1.6742,6.0,48,[35],en,0,1744164,105,"British Screen Productions, Zenith Entertainment, United International Pictures",Terry Jones,"Julie Walters, Shirley Stelfox, Alec McCowen, Danny Schiller, Tim Woodward"
305122,tt0124054,Der Pfandlbräu,Der Pfandlbräu,1987-01-01,1.6741,8.0,1,[35],de,0,0,87,BR,Georg Lohmeier,"Max Grießer, Edmund Steinberger, Kathi Leitner, Gundi Ellert, Franz Hanfstingl"
698451,tt0091058,Flavia,Flavia,1987-02-16,1.6735,3.4,5,[18],it,0,0,95,Panam International Cinematografica,Lorenzo Onorati,"Maria Ann Levine, Rita Silva, Aldo Sambrell, Mauro Ferri, Roberto Furlanetto"
132843,tt0090807,Cassandra,Cassandra,1987-05-12,1.6733,6.85,10,"[27, 14]",en,0,0,94,,Colin Eggleston,"Tessa Humphries, Shane Briant, Briony Behets, Tegan Charles, Susan Barling"
78143,tt0093076,A Gathering of Old Men,A Gathering of Old Men,1987-05-10,1.6729,6.2,10,"[18, 10770]",en,0,0,91,"Consolidated Productions, HR, Jennie & Co., CBS Productions, Neue Bioskop Film, Zenith Entertainment",Volker Schlöndorff,"Louis Gossett Jr., Richard Widmark, Holly Hunter, Will Patton, Joe Seneca"
1674732,tt6560660,Η πολυτεχνίτισσα,Η πολυτεχνίτισσα,1987-01-01,1.6727,0.0,0,[35],el,0,0,0,,Takis Simonetatos,"Rena Vlahopoulou, Giorgos Siskos, Betty Moshona, Vangelis Ploios, Nasia Tsakiri"
158254,tt0291049,Boko climax!,暴行クライマックス,1987-04-01,1.6717,4.0,6,"[80, 18, 27]",ja,0,0,65,Shishi Production,Hisayasu Satō,"Kiyomi Okada, Asami Yamaguchi, Ran Mizukami, Hisako Ishigami, Tōru Moriya"
1074131,,催情功,催情功,1987-01-01,1.6715,4.5,2,[],zh,0,0,0,,刘高仁,"黄晓红, 王玉玲, 吴小惠, 赖皮, 高明"
389909,tt0092728,Italian Postcards,Cartoline italiane,1987-03-26,1.6715,4.0,3,"[18, 35]",it,0,0,93,"Ministero del Turismo e dello Spettacolo, Mean Cinematografica, Istituto Luce Cinecittà, RAI",Memè Perlini,"Geneviève Page, Lindsay Kemp, Christiana Borghi, Brandon David, Stefano Davanzati"
579460,tt0090732,The Birthday Party,The Birthday Party,1987-06-21,1.6709,6.8,5,"[10770, 18, 9648]",en,0,0,110,BBC,Kenneth Ives,"Kenneth Cranham, Joan Plowright, Harold Pinter, Colin Blakely, Julie Walters"
1195492,tt6577260,Zamansızlar,Zamansızlar,1987-01-01,1.6707,0.0,0,[12],tr,0,0,0,Varlık Film,Ömer Uğur,"Berhan Şimşek, Nilgün Akçaoğlu, Sevinç Pekin, Bülent Kayabaş, Oktay Güzeloğlu"
678751,tt0363811,Los mercenarios,Los mercenarios,1987-01-01,1.6699,6.333,3,[],en,0,0,90,,,Roberto 'El Flaco' Guzmán
402057,tt0094145,Sister Cupid,天賜良緣,1987-04-16,1.6698,4.7,3,"[35, 10749, 14]",cn,0,0,95,"Always Good Film Co., Ltd.",Guy Lai Ying-Chau,"Maggie Cheung, Carol Cheng, Jacky Cheung Hok-Yau, Pat Ha Man-Jik, Tang Pik-Wan"
396546,tt0811032,Pulpe Amère,Pulpe Amère,1987-01-01,1.6698,3.0,2,"[18, 10749]",fr,0,0,6,Les Cinémas de la Zone,Gaspar Noé,"Norma Guevara, Héctor Malamud"
42014,tt0093969,Siesta,Siesta,1987-11-11,1.6689,5.322,45,"[18, 9648, 53]",en,0,700000,97,"Lorimar Motion Pictures, Siren Pictures",Mary Lambert,"Ellen Barkin, Gabriel Byrne, Julian Sands, Isabella Rossellini, Martin Sheen"
134828,tt0093792,Project A-Ko 2: Plot of the Daitokuji Financial Group,プロジェクトA子2 - 大徳寺財閥の陰謀,1987-05-21,1.6686,5.5,8,"[878, 16, 35]",ja,0,0,48,"Pony Canyon, SOEISHINSHA, APPP Company",Yuji Moriyama,"Miki Ito, Michie Tomizawa, Emi Shinohara, Tessyo Genda, Asami Mukaidono"
48149,tt0093104,"Good Morning, Babylon","Good Morning, Babilonia",1987-05-13,1.6675,6.1,37,"[10749, 36, 18]",it,0,183700,117,"Filmtre, RAI, Films A2, MK2 Productions","Paolo Taviani, Vittorio Taviani","Vincent Spano, Joaquim de Almeida, Greta Scacchi, Désirée Nosbusch, Omero Antonutti"
1330376,,The Choice,The Choice,1987-01-01,1.6668,0.0,0,[],en,0,0,20,,Joe Yng-Jaw Jiing,"Larry Wu (Yi Min), Richard Fang, Hal Shafer, Reza Rahimian, Carl Tignino"
72335,tt0093714,Penitentiary III,Penitentiary III,1987-09-04,1.6659,5.5,13,"[28, 80, 18]",en,0,0,91,The Cannon Group,Jamaa Fanaka,"Leon Isaac Kennedy, Anthony Geary, Steve Antin, Rick Zumwalt, Raymond Kessler"
299437,,Ini Oru Sudhanthiram,இனி ஓரு சுதந்திரம்,1987-04-24,1.6634,0.0,0,[18],ta,0,0,134,Kalaokovil,Manivannan,"Sivakumar, Nalini, Vagai Chandrasekar, Pandiyan, Rekha"
501952,tt4513056,Finland For Adults,Aikuisten Suomi,1987-01-01,1.6631,0.0,0,"[99, 35]",fi,0,0,30,"StoryFilmi & Video, TalkBack Productions",Richard Stanley,"Mel Smith, Griff Rhys Jones"
1368870,tt1000709,Gülüm Benim,Gülüm Benim,1987-01-01,1.6628,6.0,2,[18],tr,0,0,0,Varlık Film,Ibrahim Tatlises,"Ibrahim Tatlises, Derya Tuna, Aydemir Akbaş, Hüseyin Peyda, Güzin Özipek"
112078,tt0095313,Hollywood Cop,Hollywood Cop,1987-09-22,1.6624,4.357,28,[28],en,0,0,106,"Celebrity Video, Hollywood Royal Pictures",Amir Shervan,"David Goss, James Mitchum, Cameron Mitchell, Lincoln Kilpatrick, Aldo Ray"
419844,tt1207734,Seducing Witchcraft,Pelet,1987-01-01,1.6612,0.0,0,[27],id,0,0,93,,Imam Tantowi,"Diah Puri Handayani, Husein Asgar, Hengky Tornando, Rani Soraya, Lina Budiarti"
603112,,İbret,İbret,1987-05-04,1.661,0.0,0,"[18, 12]",tr,0,0,0,Kamera Film (TR),Ali Avaz,"Sevtap Parman, Tolga Savacı, Kazım Kartal, Selahattin Fırat, Handan Adalı"
408018,tt2496166,Super Platoon,Super Platoon,1987-01-01,1.6601,3.0,3,[28],en,0,0,90,Filmark International Ltd.,Sun Chien,"Kevin Brooks, Barry Hyman, Rachel Sheen, David Arch, Kent Wills"
1609649,,Priama úmera,Priama úmera,1987-05-12,1.6594,0.0,0,"[10749, 18]",sk,0,0,0,Československá televízia Bratislava,Ľuba Vančíková,"Petra Vančíková, Maroš Kramár, Hana Gajdošová, Jozef Holec, Ida Rapaičová"
327703,tt0090624,Sahara Heat,Amantide - Scirocco,1987-08-12,1.6593,4.4,7,[18],it,0,0,100,"Films Jean Alexandre, Futura Films, Jugurtha International Productions",Aldo Lado,"Fiona Gélin, Yves Collignon, Joshua McDonald, Gianluigi Ghione, Christophe Ratandra"
762647,,Debt of love,Duyên nợ,1987-01-01,1.659,0.0,0,"[10751, 18]",vi,0,0,0,,Nguyễn Hữu Luyện,"Như Quỳnh, Tất Bình"
128008,tt0093757,Police Story: The Freeway Killings,Police Story: The Freeway Killings,1987-05-03,1.6589,6.25,4,"[80, 18, 10770]",en,0,0,143,Columbia Pictures Television,William A. Graham,"Richard Crenna, Angie Dickinson, Tony Lo Bianco, Don Meredith, James B. Sikking"
1444843,,Karthika Pournami,Karthika Pournami,1987-04-23,1.6584,0.0,0,[18],te,0,0,120,Kamakshi Movies,A. Kodandarami Reddy,"Sobhan Babu, Radhika Sarathkumar, Bhanupriya, Suthi Velu, Kaikala Satyanarayana"
198884,tt6381486,Barbie and the Sensations: Rockin' Back to Earth,Barbie and The Sensations: Rockin' Back to Earth,1987-09-27,1.6577,7.329,35,"[10770, 16, 10402, 12, 878]",en,0,0,25,"DiC, Saban Entertainment, Mattel, Hi-Tops Video",Bernard Deyriès,Sharon Lewis
91128,tt0093654,Nowhere to Hide,Nowhere to Hide,1987-07-17,1.6575,6.5,13,"[28, 53]",en,0,0,84,Alliance Entertainment,Mario Azzopardi,"Amy Madigan, Daniel Hugh Kelly, Robin MacEachern, Michael Ironside, Chuck Shamata"
350828,tt0092955,"Iron Earth, Copper Sky",Yer Demir Gök Bakır,1987-07-22,1.6572,5.167,6,[18],tr,0,0,94,,Zülfü Livaneli,"Rutkay Aziz, Macide Tanır, Serap Aksoy, Yavuzer Çetinkaya, Yasemin Alkaya"
586932,tt0350897,Er Zi Has a Little Hotel,二子开店,1987-01-16,1.6565,8.0,5,"[35, 18]",zh,0,0,100,Youth Film Studio of Beijing Film Academy 北京电影学院青年电影制片厂,Wang Binglin,"Chen Qiang, Chen Peisi, Jin Ping, Liang Tian, Li Nan"
659337,tt0242979,Finger Wave,Ujjhullám,1987-01-01,1.6553,8.0,1,[16],en,0,0,2,,Gyula Nagy,
819639,tt0382281,Le scorpion,Le scorpion,1987-03-11,1.655,9.0,1,[],fr,0,0,6,Lagonda Films,Yves Lavandier,"Olivier Achard, Philippe Arcury, Yves Lavandier"
213967,tt0094247,Venus Flytrap,Venus Flytrap,1987-02-09,1.6543,5.167,6,"[27, 53]",en,0,0,63,"Campfire Video, Massacre Video",T. Michael,"Steve Malis, Kimberley Kates, Michael Capellupo, Deirdre West, Kevin Glover"
78831,tt0133600,On the Fringe,Bouba,1987-06-06,1.6541,7.0,2,[18],en,0,0,88,,Ze'ev Revach,"Ze'ev Revach, Hanny Nahmias, Eli Danker, Yona Elian"
334900,tt6867880,Touch 3: Don't Pass Me By,タッチ3 君が通り過ぎたあとに,1987-04-11,1.6536,5.8,5,"[18, 16, 10749]",ja,0,0,83,"TOHO, ADK, Shogakukan-Shueisha Productions, Fuji Television Network",Akinori Nagaoka,"Yuji Mitsuya, Noriko Hidaka, Hayashiya Shōzō IX, Hideyuki Tanaka, Kenji Utsumi"
90537,tt0093158,Hawken's Breed,Hawken's Breed,1987-01-01,1.6536,4.0,14,"[12, 37, 18]",en,0,0,89,MLG,Charles B. Pierce,"Peter Fonda, Jack Elam, Serene Hedin, Chuck Pierce Jr., Sue Ane Langdon"
1732982,tt0174501,Last of the Summer Wine: Big Day at Dream Acres,Last of the Summer Wine: Big Day at Dream Acres,1987-12-27,1.6513,0.0,0,"[10770, 35]",en,0,0,79,BBC,Alan J.W. Bell,"Peter Sallis, Bill Owen, Michael Aldridge, Ray McAnally, Thora Hird"
214446,tt0094007,Someone to Love,Someone to Love,1987-09-11,1.6513,5.5,11,[35],en,0,0,111,"Jagfilm, Rainbow Releasing, The Rainbow Film Company",Henry Jaglom,"Henry Jaglom, Andrea Marcovicci, Michael Emil, Sally Kellerman, Oja Kodar"
102211,tt0093984,Skin,Skin,1987-01-01,1.6497,7.7,3,"[878, 28, 18]",nl,0,0,90,"Ministerie van de Vlaamse Gemeenschap, Belga Live, Bingo Box, Brouwerij Maes, LamP Produkties",Guido Henderickx,"Arno Hintjens, Frank Aendenboom, Bert André, Gene Bervoets, Josse De Pauw"
1271780,tt0406543,Aurora,Aurora,1987-03-01,1.6495,7.0,1,[18],pt,0,0,0,,"Beto Brant, Renato Ciasca","Wendel Bezerra, Giulia Gam, Toni Lopes, Maria Lúcia Candeias, Patricia Gasppar"
84294,tt0374599,Dangerfreaks,Dangerfreaks,1987-01-01,1.6491,6.5,2,"[99, 28]",en,0,0,90,,Brian Trenchard-Smith,"Grant Page, Nick Tate"
87736,tt0092765,The Black Cobra,Cobra nero,1987-12-18,1.6486,4.595,21,"[80, 28, 18]",en,0,0,85,"Immagine S.r.l., Metropolitan Filmexport",Stelvio Massi,"Fred Williamson, Eva Grimaldi, Bruno Bilotta, Maurice Poli, Vassili Karis"
249089,,Kalyana Kacheri,கல்யாண கச்சேரி,1987-02-20,1.648,2.0,1,"[18, 10749]",ta,0,0,134,,Manivannan,"Arjun Sarja, Ilavarasi, Senthil, Venniradai Moorthy, Chinni Jayanth"
1360358,tt3552924,Kiwi Magic,Kiwi Magic,1987-01-01,1.647,0.0,0,[12],en,0,0,25,,Bruce Morrison,"Ned Beatty, Billy T. James"
295704,tt0137162,Penn & Teller's Invisible Thread,Penn & Teller's Invisible Thread,1987-03-18,1.6469,6.5,6,"[35, 878, 10770]",en,0,0,41,Mofo Productions,Bob Balaban,"Penn Jillette, Teller, Donald Acree, Evan Handler, Geoff Ewing"
64301,tt0093911,Sale Destin,Sale Destin,1987-01-14,1.6465,4.667,6,"[35, 80]",fr,0,0,94,"Séléna Audiovisuel, Films A2, Flach Film, Solus Productions",Sylvain Madigan,"Victor Lanoux, Pauline Lafont, Marie Laforêt, Jacques Penot, Michel Aumont"
343542,,Great Journey,Велика подорож,1987-06-07,1.6463,0.0,0,[16],uk,0,0,9,Kyivnaukfilm,Valentyna Kostylieva,
1023072,,The Superweapon,The Superweapon,1987-12-01,1.6452,0.0,0,[],en,0,0,14,,Donna Cameron,
388575,tt0092816,Diary of a Mad Old Man,Dagboek van een oude dwaas,1987-03-18,1.6441,4.417,6,[18],nl,0,0,90,"The Cannon Group, Iblis Films, Dedalus Films, Fons Rademakers Produktie",Lili Rademakers,"Ralph Michael, Derek de Lint, Beatie Edney, Dora van der Groen, Suzanne Flon"
225525,tt0093722,Perry Mason: The Case of the Lost Love,Perry Mason: The Case of the Lost Love,1987-02-23,1.6426,7.5,13,"[80, 18, 9648, 10770]",en,0,0,96,"Viacom Productions, Fred Silverman Company, Strathmore Productions, Dean Hargrove Productions",Ron Satlof,"Raymond Burr, Barbara Hale, William Katt, Jean Simmons, Robert Mandan"
1722139,,Regreso,Regreso,1987-12-31,1.642,0.0,0,[],es,0,0,10,,Daniel Padilla Gassols,"Martha Figueroa, Carlos Cano de la Fuente"
493133,tt0093002,Fakta homma,Fakta homma,1987-10-30,1.6416,4.667,3,[35],fi,0,0,95,Filmituotanto Spede Pasanen,Jukka Virtanen,"Taneli Mäkelä, Eija Vilpas, Riitta Havukainen, Lasse Karkjärvi"
294183,tt0174870,Liane,Liane,1987-09-22,1.6408,4.667,3,[18],de,0,0,92,DEFA-Studio für Spielfilme,Erwin Stranka,"Torsten Bauer, Arianne Borbach, Rolf Hoppe, Peter Sodann, Thomas Putensen"
27730,tt0091847,Revenge of the Living Dead Girls,La Revanche des mortes vivantes,1987-09-16,1.6401,4.647,34,[27],fr,0,0,82,Samouraï Films,Pierre B. Reinhard,"Cornélia Wilms, Véronique Catanzaro, Patrick Guillemin, Kathryn Charly, Sylvie Novak"
954119,tt3430736,Nakazawa Keiko vs Takagi Yōko: Daburuōgazumu,中沢慶子VS高樹陽子　ダブルオーガズム,1987-11-21,1.6391,2.0,2,[],ja,0,0,47,"Nikkatsu Corporation, Office Kôwa",Masato Hironishi,"Keiko Nakazawa, Youko Takagi, Kôichi Fujumura, Yuu Tokui"
277854,tt0235489,Rettai Vaal Kuruvi,ரெட்டைவால் குருவி,1987-02-27,1.6369,7.75,4,"[18, 10749, 35]",ta,0,0,134,Saagar Combines,Balu Mahendra,"Mohan, Archana, Radhika Sarathkumar, V. K. Ramasamy, Thengai Srinivasan"
265000,tt0093213,Hostage,Hostage,1987-10-01,1.6367,7.5,2,"[18, 28]",en,0,0,95,"Blue Flower Productions, Alpine","Hanro Möhr, Percival Rubens","Wings Hauser, Karen Black, Kevin McCarthy, Nancy Locke, Robert Whitehead"
1644704,tt0316491,Roman Day,Rimski dan,1987-10-26,1.6359,10.0,1,"[10770, 18]",sh,0,0,69,Televizija Sarajevo,Faruk Piragić,"Dubravka Ostojić, Žarko Laušević, Dragan Jovičić, Vladislava Milosavljević, Velimir Pšeničnik-Njirić"
386668,tt0093514,Mayhem,Mayhem,1987-03-10,1.6349,5.8,5,[],en,0,0,17,,Abigail Child,"Diane Torr, Ela Troyano, Samantha Fox"
634822,tt0428064,Ziyaret,Ziyaret,1987-09-04,1.6325,10.0,1,[],tr,0,0,0,,,"Hülya Avşar, Selçuk Özer, Sevda Ferdağ, Engin İnal, Savaş Yurttaş"
113902,tt0192417,Pagliacci,Pagliacci,1987-05-01,1.5818,4.75,4,"[10402, 18]",it,0,0,72,"Deutsche Grammophon, Unitel",Franco Zeffirelli,"Teresa Stratas, Plácido Domingo, Juan Pons, Florindo Andreolli, Alberto Rinaldi"
327214,tt0132597,Verlierer,Verlierer,1987-01-20,1.6307,7.25,4,[18],de,0,0,85,ZDF,Bernd Schadewald,"Müshim Ay, Besat Ayyildiz, Luzian Walter Bappert, Aram Basyurt, Yüksel Bicici"
838764,tt0283135,When We Are Married,When We Are Married,1987-12-26,1.6306,7.0,1,[35],en,0,0,120,BBC,Barry Davis,"Patricia Routledge, Peter Vaughan, Prunella Scales, Timothy West, Rosemary Leach"
340840,tt0189809,O País dos Tenentes,O País dos Tenentes,1987-05-25,1.6306,7.0,2,[18],pt,0,0,85,"Secretaria Municipal de Cultura de São Paulo, Raiz Produções Cinematográficas",João Batista de Andrade,"Paulo Autran, Carlos Gregório, Ricardo Petraglia, Cássia Kis, Buza Ferraz"
37612,tt0249336,Aha Naa Pellanta!,అహ నా పెళ్ళంట!,1987-11-27,1.6305,7.6,19,"[35, 18]",te,0,0,147,Suresh Productions,Jandhyala Subramanya Sastry,"Rajendra Prasad, Kota Srinivasa Rao, Nutan Prasad, Rajani, Brahmanandam"
575377,tt0093110,Grand Larceny,Grand Larceny,1987-01-01,1.6295,5.0,2,"[53, 9648]",en,0,0,95,France•3,Jeannot Szwarc,"Ritza Brown, Marilu Henner, Louis Jourdan, Ian McShane, Philip Tan"
1228920,tt1877710,"Half and Half, and a Little of the Other One",Μισό μισό και λίγο από το άλλο,1987-01-01,1.6293,0.0,0,[35],el,0,0,108,Andromeda International Films,Vangelis Fournistakis,"Giorgos Papazisis, Titika Stasinopoulou, Dimitris Frangioglou, Giorgos Loukakis, Stavrina Prevedorou"
84599,tt0092938,The Duxorcist,The Duxorcist,1987-11-20,1.6289,6.071,21,"[16, 27, 10751, 35]",en,0,0,8,"Warner Bros. Animation, Warner Bros. Pictures","Terry Lennon, Greg Ford","Mel Blanc, B.J. Ward"
111509,tt0091026,Eye of the Eagle,Eye of the Eagle,1987-01-01,1.6282,5.833,6,"[28, 53]",en,0,0,84,,Cirio H. Santiago,"Brett Baxter Clark, Cec Verrell, Robert Patrick, William Steis, Ed Crick"
392336,tt0211388,The Grand Knockout Tournament,The Grand Knockout Tournament,1987-06-19,1.6277,6.75,4,"[35, 10751]",en,0,0,79,BBC,"Geoffrey C.D. Wilson, Martin Hughes","Prince Edward, Duke of Edinburgh, Andrew Mountbatten Windsor, Anne, Princess Royal, Sarah Ferguson, Prince Richard, Duke of Gloucester"
456169,tt0198503,Galería del terror,Galería del terror,1987-09-02,1.6272,6.7,19,"[27, 35]",es,0,0,89,Aries Cinematográfica Argentina,Enrique Carreras,"Jorge Porcel, Alberto Olmedo, Beatriz Salomón, Susana Romero, Nito Artaza"
385139,tt0324627,Night Train,夜汽車,1987-01-17,1.6272,3.667,3,[18],ja,0,0,137,Toei Company,Kōsaku Yamashita,"Yukiyo Toake, Kumiko Akiyoshi, Kenichi Hagiwara, Masahiko Tsugawa, Kai Ato"
404822,tt0090175,Tigipió - Uma Questão de Amor e Honra,Tigipió - Uma Questão de Amor e Honra,1987-12-10,1.6262,10.0,1,[18],pt,0,0,0,,Pedro Jorge de Castro,"José Dumont, B. de Paiva, Regina Maria Dourado, João Falcão, Ricardo Guilherme"
68540,tt0090861,Coffee and Cigarettes,Coffee and Cigarettes,1987-02-20,1.6258,6.917,133,[35],en,0,0,6,Cinesthesia Productions,Jim Jarmusch,"Roberto Benigni, Steven Wright"
450330,tt0089758,Outtakes,Outtakes,1987-08-01,1.6236,5.0,2,[35],en,0,0,73,Sell Pictures,Jack M. Sell,"Forrest Tucker, Bobbi Wexler, Joleen Lutz, Curt Colbert, Marilyn Abrams"
312030,tt0092761,Living Dangerously,Clandestinos,1987-07-24,1.6228,7.0,11,"[18, 10752, 36, 10749]",es,0,0,87,ICAIC,Fernando Pérez,"Luis Alberto García, Isabel Cristina Santos Téllez, Susana Pérez, Francisco Fonseca, Rolando Tarajano"
1279314,,Ithubaaru,Ithubaaru,1987-01-01,1.6219,0.0,0,[18],dv,0,0,108,,"Hussain Shihab, Hassan Najumee","Mohamed Rasheed, Mariyam Rasheedha, Haajara Abdul Kareem, Ahmed Sharmeel, Khadheeja Ahmed"
338242,tt0967474,Afife Jale,Afife Jale,1987-01-01,1.6218,6.0,1,[18],tr,0,0,0,,"Kemal Uzun, Şahin Kaygun","Müjde Ar, Tarık Tarcan, Macit Koper, Alev Sezer, Gülsen Tuncer"
158050,tt0090652,White Apache,Bianco Apache,1987-08-26,1.6213,4.8,19,[37],it,0,0,100,"Beatrice Film, Multivideo","Claudio Fragasso, Bruno Mattei","Sebastian Harrison, Lola Forner, Alberto Farnese, Charly Bravo, Cinzia de Ponti"
155394,tt0094147,Road Warriors,鐵血騎警,1987-09-09,1.6208,5.7,5,"[28, 80]",cn,0,0,97,Magnum Films Limited,Danny Lee Sau-Yin,"Danny Lee Sau-Yin, Jamie Luk Kim-Ming, Ken Lo Wai-Kwong, Billy Ching Sau-Yat, Shing Fui-On"
125069,tt0092806,The Young Magician,Cudowne dziecko,1987-08-01,1.6204,6.3,13,"[14, 10751]",pl,0,0,95,"Studio Filmowe Tor, Les Productions La Fête",Waldemar Dziki,"Rusty Jedwab, Edward Garson, Daria Trafankowska, Mariusz Benoit, Władysław Kowalski"
432446,tt0093317,John and the Missus,John and the Missus,1987-10-23,1.6198,8.0,3,[18],en,0,0,100,Big Island Motion Pictures,Gordon Pinsent,"Gordon Pinsent, Jackie Burroughs, Randy Follett, Jessica Steen, Greg Thomey"
59558,tt0092549,Miami Connection,Miami Connection,1987-08-18,1.6192,5.205,154,"[28, 80, 10402]",en,0,0,87,Drafthouse Films,"Y.K. Kim, Richard Park Wu-sang","Y.K. Kim, Vincent Hirsch, Joseph Diamand, Maurice Smith, Angelo Janotti"
83411,tt0125201,The Drifting Classroom,漂流教室,1987-07-11,1.6189,5.2,10,"[878, 14, 27]",ja,0,0,104,"Towa Productions, Bandai Namco Entertainment, CCJ, Nippon Television Network Corporation",Nobuhiko Obayashi,"Yasufumi Hayashi, Kiwako Harada, Yuki Kitazume, Nenji Kobayashi, Kaho Minami"
530503,tt0286497,White Curse,Белое проклятье,1987-07-13,1.6167,8.0,3,"[18, 12, 28]",ru,0,0,81,Lenfilm,Nikolai Kovalsky,"Lembit Ulfsak, Aleksandra Yakovleva, Viktor Bychkov, Larisa Guzeeva, Igor Dmitriev"
1715763,tt0411561,Kuckuck,Kuckuck,1987-01-16,1.6159,0.0,0,[16],de,0,0,3,DEFA-Studio für Trickfilme,Katja Georgi,
405797,tt0094103,Talking Walls,Talking Walls,1987-08-01,1.615,3.538,13,[18],en,0,0,85,,Stephen Verona,"Stephen Shellen, Marie Laurin, Barry Primus, Sybil Danning, Rae Davis"
166697,tt5591298,Campus Special Investigator Hikaruon,学園特捜ヒカルオン,1987-01-28,1.6142,7.0,4,"[28, 16, 878]",ja,0,0,29,Anime International Company,Kazuhiro Ochi,"Toshihiko Seki, Mika Doi, Tessyo Genda, Kazuyuki Sogabe, Minami Takayama"
624370,tt2034089,Raiding Invaders,Raiding Invaders,1987-01-01,1.6139,0.0,0,"[28, 10752]",zh,0,0,0,Filmark International Ltd.,Tomas Tang,"Andrew Chang, Roger Crabb, Anna Ii, Daniel Kenneth, Alan Philips"
276123,tt0093720,A Tale from the Past,Përrallë nga e kaluara,1987-01-01,1.6139,7.1,8,[35],sq,0,0,86,Albafilm Studio,Dhimitër Anagnosti,"Elvira Diamanti, Admir Sorra, Xhevdet Ferri, Robert Ndrenika, Mimika Luca"
285318,tt0319778,Una Macho En El Salon de Belleza,Una Macho En El Salon de Belleza,1987-01-01,1.6137,6.774,31,[35],es,0,0,90,"Producciones Esme S.A., Alianza Cinematografica Mexicana S.A. de C.V., Hermes Films Internacional",Víctor Manuel Castro,"Alberto Rojas, Pedro Weber 'Chatanuga', Abril Campillo, Manuel 'Flaco' Ibáñez, Diana Ferreti"
49969,tt0095305,High Tide,High Tide,1987-07-30,1.6129,6.455,22,[18],en,0,0,101,"Hemdale Film Corporation, TriStar Pictures",Gillian Armstrong,"Judy Davis, Jan Adele, Claudia Karvan, Colin Friels, John Clayton"
193596,tt0168249,Way Upstream,Way Upstream,1987-01-01,1.6123,5.667,9,"[10770, 35, 18, 27]",en,0,0,101,"Centre Films, BBC",Terry Johnson,"Nick Dunning, Joanne Pearce, Barrie Rutter, Marion Bailey, Stuart Wilson"
490771,tt0093736,Pica Pica,Pica Pica,1987-03-14,1.6105,5.75,4,[99],en,0,13487,97,picafilm,Mikael Kristersson,
198458,tt0094370,Zegen,女衒,1987-06-02,1.6104,6.375,16,"[35, 36]",ja,0,0,124,Toei Company,Shōhei Imamura,"Ken Ogata, Mitsuko Baisho, Ko Chun-Hsiung, Norihei Miki, Hiroyuki Konishi"
992754,,Winning Basketball,Winning Basketball,1987-08-27,1.6093,10.0,1,[99],en,0,0,60,"Kodak Motion Picture, Kodak Video Program, Century III Home Video, RLR Associates",Sandy Grossman,"Larry Bird, Red Auerbach, Danny Ainge, Dennis Johnson, Robert Parish"
1631186,tt11296170,Kamikaze,Kamikaze,1987-04-21,1.6089,0.0,0,"[28, 12, 35, 10752]",it,0,0,90,"Metrofilm, Reteitalia",Bruno Corbucci,"Gianfranco Manfredi, Melonee Rodgers, Bobby Rhodes, Tony Kendall, Laura D'Angelo"
36354,tt0094034,Steele Justice,Steele Justice,1987-05-08,1.6086,4.714,28,[28],en,0,1327740,95,Atlantic Entertainment Group,Robert Boris,"Martin Kove, Sela Ward, Ronny Cox, Bernie Casey, Joseph Campanella"
153240,tt2077717,Brainblast,Brainblast,1987-01-01,1.6085,3.0,1,[35],en,0,0,90,Mindless Entertainment,Andy Nehl,"Julie Mitchell, Cathy Jukes, Lisa-Jane Stockwell, Toby Zoates, Michael Salmon"
4813,tt0094395,Three Crazy Jerks,Zärtliche Chaoten,1987-08-20,1.6065,4.833,18,"[35, 10749]",de,0,0,93,K.S. Film,Franz Josef Gottlieb,"Thomas Gottschalk, Helmut Fischer, Michael Winslow, Dey Young, Pierre Brice"
471947,tt0094674,Arena Brains,Arena Brains,1987-10-01,1.6062,5.0,5,[18],en,0,0,35,Pressure Pictures,Robert Longo,"Michael Stipe, Eric Bogosian, Ray Liotta, Richard Price, Richard Schiff"
917067,,No. 181970,Nr 181970,1987-04-14,1.6053,0.0,0,[99],pl,0,0,11,Studio Filmowe im. Karola Irzykowskiego,Robert Gliński,Henryk Mandelbaum
1690726,,The Literate Man,Грамотний,1987-01-01,1.6048,0.0,0,[],uk,0,0,28,Dovzhenko Film Studios,Stanislav Chernilevskyi,"Yurii Mazhuha, Valentyna Saltovska, Nataliya Gebdovskaya, Bohdan Beniuk, Petro Beniuk"
80762,tt0092193,War Dog,War Dog,1987-07-30,1.6048,6.188,8,"[28, 53, 18]",en,0,0,95,,"Björn Carlström, Daniel Hübenbecher","Timothy Earle, Gunnar Ernblad, Bengt Fridh, David Gillies, Iréne Grönwall"
612441,tt0093749,Plaza Suite,Plaza Suite,1987-12-03,1.6046,8.0,2,[],en,0,0,100,Paramount Television,"Roger Beatty, Kenny Solms","Carol Burnett, Dabney Coleman, Tim Conway Jr., Richard Crenna, Hal Holbrook"
55188,tt0094100,Princess from the Moon,竹取物語,1987-09-26,1.6031,6.4,28,"[12, 18, 878]",ja,0,0,121,"Toho Pictures, Fuji Television Network, Toho Eizo Bijutsu, Tokyo Laboratory",Kon Ichikawa,"Toshirō Mifune, Ayako Wakao, Yasuko Sawaguchi, Koji Ishizaka, Kiichi Nakai"
212072,tt0816630,Rob Roy,Rob Roy,1987-01-01,1.6018,6.0,3,[16],en,0,0,49,Burbank Animation Studios,Geoff Collins,"Tim Elliot, Ron Haddrick, Jane Harders, Phillip Hinton, Simon Hinton"
1624774,,O Rato,O Rato,1987-01-01,1.6008,0.0,0,[18],pt,0,0,0,,Wilson Solon,"Nathália Timberg, Sérgio Britto, Rodrigo Mendonça"
122623,tt0091443,Loyalties,Loyalties,1987-11-20,1.6006,6.667,3,[18],en,0,0,98,"Dumbarton Films, Lauron International",Anne Wheeler,"Kenneth Welsh, Tantoo Cardinal, Susan Wooldridge, Vera Marin, Diane Debassige"
114041,tt0093912,Salvation!,Salvation!,1987-09-11,1.9501,6.6,5,[35],en,0,0,80,,Beth B,"Stephen McHattie, Dominique Davalos, Exene Cervenka, Viggo Mortensen, Rockets Redglare"
85135,tt0299681,City in Panic,City in Panic,1987-09-12,1.5994,4.1,9,"[27, 53]",en,0,0,85,"Fear Stalker Productions, Transcontinental Pictures Industries",Robert Bouvier,"David Christopher Adamson, Lee Ann Nestegard, Ed Chester, Peter Roberts, John Tench"
1603163,,Our Sun Won't Go Down,شمسنا لن تغيب,1987-09-14,1.5991,0.0,0,[],ar,0,0,110,دائرة السينما والمسرح,Abdul Salam Al Azmy,"Tariq Laibi, Raad Al Nashee, Tarek Shaker, Abd al-Jabbar Kadhim, Abdul Salam Al Azmy"
297029,tt0409436,Operation: Get Victor Corpus - The Rebel Soldier,Operation: Get Victor Corpus - The Rebel Soldier,1987-01-15,1.5986,5.5,4,[28],tl,0,0,101,Vanguard Films,Pablo Santiago,"Rudy Fernandez, Jay Ilagan, Sandy Andolong, Dang Cecilio, Rowell Santiago"
198454,tt0170569,Shinran: Path to Purity,親鸞 白い道,1987-06-02,1.5974,5.8,5,[18],ja,0,0,139,"Kinema Tokyo Company, Nichiei, Shochiku",Rentaro Mikuni,"Junkyu Moriyama, Michiyo Yasuda, Аko, Izumi Hara, Guts Ishimatsu"
1024508,tt0093012,Fatal Confession: A Father Dowling Mystery,Fatal Confession: A Father Dowling Mystery,1987-11-30,1.5962,7.5,2,"[18, 9648, 53, 10770]",en,0,0,100,"Fred Silverman Productions, Dean Hargrove Productions, Viacom Productions",Christopher Hibler,"Tom Bosley, Tracy Nelson, Robert Prescott, Mary Wickes, Susan Blakely"
416101,tt0199812,Ninja Operation 6: Champion on Fire,Ninja Operation 6: Champion on Fire,1987-01-01,1.5961,6.3,6,[28],en,0,0,89,IFD Films & Arts Company,Joseph Lai San-Lun,"Richard Harrison, Stuart Smith, Stefan Bernhardt, Frederick Sneibjerg, John Culkin"
1677038,,Holčičí kapela,Holčičí kapela,1987-03-15,1.5958,0.0,0,"[10751, 10402, 14]",cs,0,0,0,Československá televize Ostrava,Bedřich Jansa,"Miroslava Skalická, Eva Vejmělková, Pavlína Kafková, Monika Nejedlá, Petra Fuchsová"
364390,tt0131532,Penombra,Penombra,1987-05-08,1.5948,5.2,5,[],it,0,0,80,,Bruno Gaburro,"Paola Senatore, Maurice Poli, Marcella Petrelli, Carmen Di Pietro, Claudia Cavalcanti"
989703,tt0338025,Jay Leno's Family Comedy Hour,Jay Leno's Family Comedy Hour,1987-11-25,1.5947,7.0,1,"[35, 10751, 10770, 99]",en,0,0,48,NBC,John Bowab,"Bea Arthur, Corbin Bernsen, Barbara Billingsley, Brian Bonsall, Chao Li Chi"
163630,tt0092822,Dancers,Dancers,1987-10-09,1.5938,4.7,11,"[35, 18]",en,0,0,99,"Golan-Globus Productions, The Cannon Group",Herbert Ross,"Mikhail Baryshnikov, Alessandra Ferri, Leslie Browne, Tommy Rall, Lynn Seymour"
1236780,tt0272350,Walkshort,Walkshort,1987-01-01,1.5928,7.0,1,[35],en,0,0,10,Front Lawn,Bill Toepfer,"Harry Sinclair, Don McGlashan"
86251,tt0094059,Strike Commando,Strike Commando,1987-08-26,1.5928,4.8,36,"[28, 12, 10752]",it,0,0,104,Flora Film,Bruno Mattei,"Reb Brown, Christopher Connelly, Louise Kamsteeg, Luciano Pigozzi, Alex Vitale"
478681,tt0320776,Y's Experience,Y의 체험,1987-03-19,1.5926,7.0,1,[18],ko,0,0,111,Pan Film,Lee Jang-ho,"Lee Yeong-ha, Lee Bo-hee, Jin Yoo-young, Shin Chaong-shik, Park Won-sook"
1695548,,Kung Fu the next generation,Kung Fu the next generation,1987-06-19,1.5922,0.0,0,[28],en,0,0,60,"Lou Step Productions, Warner Bros. Television, CBS",Tony Wharmby,"Brandon Lee, David Darlow, Miguel Ferrer, Paula Kelly, Marcia Christie"
26028,tt0093312,Jimi Plays Monterey,Jimi Plays Monterey,1987-10-16,1.5912,7.5,30,"[99, 10402]",en,0,0,50,"Are You Experienced?, Pennebaker Films","D. A. Pennebaker, Chris Hegedus","John Phillips, Jimi Hendrix, Noel Redding, Mitch Mitchell, Art Garfunkel"
342673,tt0094200,Two of Us,Two of Us,1987-03-25,1.5911,6.2,11,"[18, 10770]",en,0,0,60,BBC,Roger Tonge,"Jason Rush, Lee Whitlock, Jenny Jay, Zoë Nathenson, Kathy Burke"
347573,tt0350177,Sutradhar,Sutradhar,1987-01-31,1.5901,9.0,1,[18],hi,0,0,124,,Chandrakant Joshi,"Girish Karnad, Smita Patil, Nilu Phule, Nana Patekar"
568480,tt0301219,Doux amer,Doux amer,1987-10-17,1.5898,9.0,1,"[35, 18]",fr,0,0,93,,Franck Apprederis,"Véronique Jannot, François Duval, Niels Arestrup, Thierry Fortineau, Tanya Lopert"
855182,,Nossos Bravos,Nossos Bravos,1987-07-09,1.5896,0.0,0,"[99, 18]",pt,0,0,31,"DIEESE, Tapiri Cinematográfica","Joel Zito Araújo, Peter Overbeck","Lélia Abramo, Dionísio Azevedo, Dulce Muniz, Gésio Amadeu, Cláudio Ferrario"
96014,tt0093108,El gran Serafín,El gran Serafín,1987-01-01,1.5896,5.667,3,[18],es,0,0,78,Mare Nostrum Produccions S.A.,José María Ulloque,"María del Puy, Laura del Sol, Fernando Fernán Gómez, Ana Obregón, Fernando Guillén"
648077,tt0158286,Treacle,Treacle,1987-12-12,1.5891,7.0,1,[35],en,0,0,11,,Peter Chelsom,"Ken Goodwin, Stephen Tompkinson, Freddie Davies, Peter Gunn, Irene Prador"
528373,tt0093551,Mistress,Mistress,1987-10-04,1.5887,4.25,4,"[18, 10770]",en,0,0,99,"Jaffe-Lansing, CBS",Michael Tuchner,"Victoria Principal, Lin Shaye, Don Murray, William Bumiller, Kerrie Keane"
1519431,,Weibliche Zone,Weibliche Zone,1987-05-05,1.5885,0.0,0,[99],de,0,0,0,Deutsche Film- und Fernsehakademie Berlin (DFFB),"Gerda Edelweiss Grossmann, Margit Eschenbach",
771082,tt0299069,Apbraucamais ceļš,Apbraucamais ceļš,1987-08-10,1.588,8.5,2,"[18, 12]",lv,0,0,78,Rīgas kinostudija,Ēriks Lācis,"Rolands Zagorskis, Tatyana Poppe, Gunārs Cilinskis, Eduards Pavuls, Janis Paukstello"
31127,tt0098156,R.O.T.O.R.,R.O.T.O.R.,1987-10-01,1.588,4.473,110,"[28, 878]",en,0,0,90,"WestWind Pictures, Manson International",Cullen Blaine,"Margaret Trigg, Richard Gesswein, Jayne Smith, James Cole, Stan Moore"
281496,tt0094361,You Talkin' to Me?,You Talkin' to Me?,1987-09-25,1.5873,3.8,5,[35],en,0,0,97,"Polaire Films, United Artists, Metro-Goldwyn-Mayer",Charles Winkler,"Jim Youngs, James Noble, Mykelti Williamson, Faith Ford, Bess Motta"
847350,tt8698222,Lawyer Suhasini,లాయర్ సుహాసిని,1987-03-06,1.5871,0.0,0,[18],te,0,0,131,,Vamsy,"Suhasini Maniratnam, Rajendra Prasad, Bhanuchander, Tanikella Bharani, Mallikarjuna Rao"
1321213,,Sintonía,Sintonía,1987-01-01,1.5869,0.0,0,[],es,0,0,12,,Silvia Kantor-Palant,"Alberto Ísola, Luis Álvarez, Julio Humberto Cavero, Antero Sanchez, Enrique Urrutia"
111323,tt0092733,Catch the Heat,Catch the Heat,1987-10-01,1.5869,4.75,14,"[18, 28, 53, 80]",en,0,0,88,"Negocios Cinematográficos S.A., Trans World Entertainment",Joel Silberg,"Tiana Alexandra, David Dukes, Rod Steiger, Professor Toru Tanaka, John Hancock"
986903,tt6742786,Stallion,Stallion,1987-12-31,1.5867,0.0,0,[],fr,0,0,90,Pierson Productions,Mohamed Benayat,"Charles Mayer, Frédérique Feder, Norbert Vannereau, Claudia Kur"
475474,tt0225882,Yakuza Ladies 2,極道の妻たちII,1987-10-10,1.5866,7.8,4,"[80, 18]",ja,0,0,120,Toei Company,Tōru Dobashi,"Rino Katase, Yukiyo Toake, Hiroaki Murakami, Tatsuo Endō, Natsuko Fuji"
73792,tt2147730,Digital Devil Story - Megami Tensei,デジタル・デビル物語　女神転生,1987-03-25,1.5852,5.9,15,"[16, 878, 27]",ja,0,0,45,"Animate Film, movic, Tokuma Shoten",Mizuho Nishikubo,"Yu Mizushima, Saeko Shimazu, Masako Katsuki, Hochu Otsuka, Masaharu Sato"
78750,tt0319291,Dhoorathu Pacchai,Dhoorathu Pacchai,1987-06-01,1.5061,9.0,1,[18],en,0,0,0,,Manobala,"Karthik, Suhasini Maniratnam"
10584,tt0092954,Young Love,אסקימו לימון 7: אהבה צעירה,1987-05-21,1.8986,5.345,42,"[35, 10749, 18]",he,0,0,86,"KF Kinofilm, The Cannon Group",Walter Bannert,"Yftach Katzur, Zachi Noy, Jonathan Sagall, Sonja Martin, Sissi Pitz"
201048,tt0293711,Winston,Winston,1987-03-04,1.8505,6.0,5,"[35, 18]",en,0,0,12,Eighteen Percent Grey Ltd.,Steven Soderbergh,"David Jensen, Sherrill Ducharme, John Mese, David Foil"
343429,tt0092779,A Conspiracy of Love,A Conspiracy of Love,1987-10-18,1.5659,8.0,1,[18],en,0,0,93,New World Television,Noel Black,"Drew Barrymore, Robert Young, Elizabeth Wilson, Glynnis O'Connor, John Fujioka"
263377,tt0094254,Days to Remember,Die Verliebten,1987-02-27,1.5014,5.286,7,"[10749, 18]",de,0,0,95,"Von Vietinghoff Filmproduktion, Zeta Film, Art film 80",Jeanine Meerapfel,"Barbara Sukowa, Horst-Günter Marx, Velimir 'Bata' Živojinović, Rade Šerbedžija, Ljiljana Kontić"
219041,tt1105264,Bombin',Bombin',1987-01-01,1.5733,7.7,3,"[99, 10770]",en,0,0,56,Central Independent Television,Dick Fontaine,"Afrika Bambaataa, Goldie, Brim, Robert Del Naja"
220420,,Jungledyret Hugo,Jungledyret Hugo,1987-01-01,1.3651,0.0,0,[16],en,0,0,5,DR,Carl Quist Møller,
86567,tt0422429,Homoti,Homoti,1987-01-01,1.5335,4.3,11,"[878, 35, 14, 12]",tr,0,0,81,Silverstar Production,Müjdat Gezen,"Müjdat Gezen, Perran Kutman, Bahar Öztan, Altan Erbulak, Demet Akbağ"
782033,tt0093162,Heart Land,Heart Land,1987-01-01,1.7917,7.0,1,[],en,0,0,37,,"Derek Mazur, Norma Bailey, Gail Singer, Richard Condie, Aaron Kim Johnston, Brion Whitford, John Paskievich",
230915,tt0093050,Friendship's Death,Friendship's Death,1987-08-17,1.3139,6.841,22,"[878, 18]",en,0,0,78,"BFI, Modelmark, Channel Four Films",Peter Wollen,"Bill Paterson, Tilda Swinton, Patrick Bauchau, Ruby Baker, Joumana Gill"
1474951,tt27814392,Boats,Vapurlar,1987-04-06,1.2194,0.0,0,[],xx,0,0,18,"Nisan Film, Mine Film",Mehmet Güreli,
104583,tt0405479,Child of Peach,新桃太郎,1987-01-29,1.7265,6.3,7,"[35, 28, 10751, 14, 27]",zh,0,0,95,"Kinko Yingi Co. Ltd., Bandai Visual","Chen Chun-Liang, Chiu Chung-Hing","Lin Hsiao-Lao, Pang San, Chin Tu, Yau Mei-Fong, Chen Si-Ping"
101718,tt0094215,Under Cover,Under Cover,1987-12-04,1.5132,4.6,8,"[28, 80, 18]",en,0,0,94,"The Cannon Group, Golan-Globus Productions",John Stockwell,"David Neidorf, Jennifer Jason Leigh, Barry Corbin, David Harris, Kathleen Wilhoite"
8749,tt0093139,Hamlet Goes Business,Hamlet liikemaailmassa,1987-08-21,1.8318,6.704,54,"[35, 18]",fi,0,0,89,Villealfa Filmproductions,Aki Kaurismäki,"Pirkka-Pekka Petelius, Esko Salminen, Kati Outinen, Elina Salo, Esko Nikkari"
838914,tt1265603,Niskavuoren Heta,Niskavuoren Heta,1987-12-13,1.4129,0.0,0,[18],fi,0,0,110,YLE,Kalle Pursiainen,"Leena Suomu, Juhani Niemelä, Tuija Ernamo, Kari Kihlström, Veikko Honkanen"
300183,tt2525628,Sis,Sis,1987-01-01,1.5389,0.0,0,[18],tr,0,0,73,,Faruk Turgut,"Perihan Savaş, Halil Ergün, Erdal Özyağcılar, Ülkü Ülker, Sevim Çalışgir"
403031,tt3878672,Babel,Babel,1987-06-21,1.3571,0.0,0,[],en,0,0,17,,Peter Rose,
55908,tt0095298,Hidden City,Hidden City,1987-06-24,1.579,5.4,8,"[53, 9648]",en,0,0,108,Hidden City Films,Stephen Poliakoff,"Charles Dance, Cassie Stuart, Bill Paterson, Richard E. Grant, Alex Norton"
285913,tt0137141,Ostia,Ostia,1987-12-31,1.4244,6.333,12,[18],en,0,0,26,Royal College of Art,Julian Cole,"Derek Jarman, David Dipnall, Oliver Haden, Dominic Power, Jill Cole"
1722139,,Regreso,Regreso,1987-12-31,1.642,0.0,0,[],es,0,0,10,,Daniel Padilla Gassols,"Martha Figueroa, Carlos Cano de la Fuente"
