id,imdb_id,title,original_title,release_date,popularity,vote_average,vote_count,genre_ids,original_language,budget,revenue,runtime,production_companies,director,cast
557,tt0145487,Spider-Man,Spider-Man,2002-05-01,46.3725,7.355,21430,"[28, 878]",en,139000000,821708551,121,"Marvel Enterprises, Laura Ziskin Productions, Columbia Pictures",Sam Raimi,"Tobey Maguire, Willem Dafoe, Kirsten Dunst, James Franco, Cliff Robertson"
672,tt0295297,Harry Potter and the Chamber of Secrets,Harry Potter and the Chamber of Secrets,2002-11-13,44.0376,7.7,24077,"[12, 14]",en,100000000,876688482,161,"Warner Bros. Pictures, Heyday Films, 1492 Pictures, MIRACLE Productions",Chris Columbus,"Daniel Radcliffe, Rupert Grint, Emma Watson, Kenneth Branagh, Toby Jones"
121,tt0167261,The Lord of the Rings: The Two Towers,The Lord of the Rings: The Two Towers,2002-12-18,36.1413,8.429,24571,"[12, 14, 28]",en,79000000,926287400,179,"New Line Cinema, WingNut Films, The Saul Zaentz Company",Peter Jackson,"Elijah Wood, Ian McKellen, Viggo Mortensen, Sean Astin, Andy Serkis"
425,tt0268380,Ice Age,Ice Age,2002-03-14,28.6011,7.385,14626,"[16, 35, 10751, 12]",en,59000000,383257136,81,"Blue Sky Studios, 20th Century Fox",Chris Wedge,"Ray Romano, John Leguizamo, Denis Leary, Goran Višnjić, Jack Black"
170,tt0289043,28 Days Later,28 Days Later,2002-10-31,24.9571,7.246,8868,"[27, 53, 878]",en,8000000,82784517,113,DNA Films,Danny Boyle,"Cillian Murphy, Naomie Harris, Brendan Gleeson, Megan Burns, Christopher Eccleston"
640,tt0264464,Catch Me If You Can,Catch Me If You Can,2002-12-16,27.0527,7.978,17556,"[18, 80]",en,52000000,352114312,141,"Kemp Company, Splendid Pictures, DreamWorks Pictures, Parkes+MacDonald Production",Steven Spielberg,"Leonardo DiCaprio, Tom Hanks, Christopher Walken, Martin Sheen, Nathalie Baye"
423,tt0253474,The Pianist,The Pianist,2002-09-17,24.2166,8.4,10442,"[18, 10752]",en,35000000,120098945,150,"R.P. Productions, Heritage Films, Studio Babelsberg, Runteam, StudioCanal",Roman Polanski,"Adrien Brody, Thomas Kretschmann, Frank Finlay, Maureen Lipman, Emilia Fox"
11544,tt0275847,Lilo & Stitch,Lilo & Stitch,2002-06-21,25.9839,7.559,7244,"[16, 10751, 35, 878]",en,80000000,273144151,85,Walt Disney Pictures,"Chris Sanders, Dean DeBlois","Daveigh Chase, Chris Sanders, Tia Carrere, David Ogden Stiers, Kevin McDonald"
598,tt0317248,City of God,Cidade de Deus,2002-08-30,18.8677,8.427,8446,"[18, 80]",pt,3300000,30641770,129,"O2 Filmes, VideoFilmes, Wild Bunch, Hank Levine Film & Music, Globo Filmes, Lumière",Fernando Meirelles,"Alexandre Rodrigues, Leandro Firmino, Phellipe Haagensen, Douglas Silva, Jonathan Haagensen"
9016,tt0133240,Treasure Planet,Treasure Planet,2002-11-26,20.6062,7.578,4728,"[878, 12, 16, 10751, 14]",en,140000000,109578115,96,Walt Disney Pictures,"John Musker, Ron Clements","Joseph Gordon-Levitt, Brian Murray, Emma Thompson, David Hyde Pierce, Martin Short"
2251,tt0250797,Unfaithful,Unfaithful,2002-05-10,19.9655,6.726,1796,"[53, 18, 10749]",en,50000000,119137784,124,"Fox 2000 Pictures, Regency Enterprises, Epsilon Motion Pictures, Unfaithful Filmproduktion",Adrian Lyne,"Diane Lane, Richard Gere, Olivier Martinez, Erik Per Sullivan, Željko Ivanek"
608,tt0120912,Men in Black II,Men in Black II,2002-07-03,18.969,6.39,10891,"[28, 35, 878]",en,140000000,445135288,88,"Columbia Pictures, Amblin Entertainment, Parkes+MacDonald Production",Barry Sonnenfeld,"Tommy Lee Jones, Will Smith, Rip Torn, Lara Flynn Boyle, Johnny Knoxville"
4108,tt0293662,The Transporter,The Transporter,2002-10-02,16.1069,6.73,5997,"[28, 80, 53]",en,21000000,43900000,92,"TF1 Films Production, EuropaCorp, Current Entertainment, Canal+","Corey Yuen, Louis Leterrier","Jason Statham, Shu Qi, François Berléand, Matt Schulze, Ric Young"
2501,tt0258463,The Bourne Identity,The Bourne Identity,2002-06-14,17.236,7.486,10381,"[28, 9648, 53]",en,60000000,214034224,119,"Universal Pictures, Hypnotic, Kalima Productions, Stillking Films, The Kennedy/Marshall Company",Doug Liman,"Matt Damon, Franka Potente, Chris Cooper, Clive Owen, Brian Cox"
180,tt0181689,Minority Report,Minority Report,2002-06-20,16.857,7.355,9929,"[878, 28, 53]",en,102000000,358372926,145,"Digital Image Associates, Cruise/Wagner Productions, Blue Tulip Productions, Ronald Shusett/Gary Goldman Productions, Amblin Entertainment, 20th Century Fox, DreamWorks Pictures",Steven Spielberg,"Tom Cruise, Colin Farrell, Samantha Morton, Max von Sydow, Lois Smith"
565,tt0298130,The Ring,The Ring,2002-10-18,14.7783,6.708,6868,"[27, 9648]",en,48000000,249348933,115,"DreamWorks Pictures, BenderSpink, Parkes+MacDonald Production",Gore Verbinski,"Naomi Watts, Martin Henderson, David Dorfman, Brian Cox, Jane Alexander"
9023,tt0166813,Spirit: Stallion of the Cimarron,Spirit: Stallion of the Cimarron,2002-05-24,15.3368,7.7,5018,"[16, 12, 10751, 18, 37]",en,80000000,122563539,83,"DreamWorks Animation, DreamWorks Pictures","Kelly Asbury, Lorna Cook","Matt Damon, James Cromwell, Daniel Studi, Chopper Bernet, Jeff LeBeau"
7451,tt0295701,xXx,xXx,2002-08-09,14.8011,5.987,5028,"[28, 12, 53, 80, 18]",en,70000000,277448382,124,Revolution Studios,Rob Cohen,"Vin Diesel, Asia Argento, Marton Csokas, Samuel L. Jackson, Michael Roof"
1576,tt0120804,Resident Evil,Resident Evil,2002-03-15,16.4884,6.671,7156,"[27, 28, 878]",en,33000000,102984862,100,"Impact Pictures, Davis Films, New Legacy Film, Constantin Film",Paul W. S. Anderson,"Milla Jovovich, Michelle Rodriguez, Eric Mabius, James Purefoy, Martin Crewes"
36669,tt0246460,Die Another Day,Die Another Day,2002-11-17,13.9195,5.996,3994,"[12, 28, 53]",en,142000000,431971116,133,EON Productions,Lee Tamahori,"Pierce Brosnan, Halle Berry, Toby Stephens, Rosamund Pike, Rick Yune"
36586,tt0187738,Blade II,Blade II,2002-03-22,13.6541,6.573,5397,"[14, 27, 28, 53]",en,54000000,155010032,117,"New Line Cinema, Amen Ra Films, Imaginary Forces",Guillermo del Toro,"Wesley Snipes, Kris Kristofferson, Ron Perlman, Leonor Varela, Norman Reedus"
1894,tt0121765,Star Wars: Episode II - Attack of the Clones,Star Wars: Episode II - Attack of the Clones,2002-05-15,13.2731,6.6,14687,"[12, 28, 878]",en,120000000,649398328,142,Lucasfilm Ltd.,George Lucas,"Hayden Christensen, Ewan McGregor, Natalie Portman, Christopher Lee, Samuel L. Jackson"
10771,tt0290095,The Tuxedo,The Tuxedo,2002-09-27,12.9912,5.736,2238,"[53, 28, 35, 878]",en,60000000,104400000,99,"DreamWorks Pictures, Vanguard Films, Paramount Pictures, Parkes+MacDonald Production",Kevin Donovan,"Jackie Chan, Jennifer Love Hewitt, Jason Isaacs, Debi Mazar, Ritchie Coster"
979,tt0290673,Irreversible,Irréversible,2002-05-22,12.5572,7.168,3433,"[18, 53, 80]",fr,3500000,6500000,97,"Wild Bunch, Eskwad, StudioCanal, Les Cinémas de la Zone, Nord-Ouest Productions, 120 Films, Canal+",Gaspar Noé,"Monica Bellucci, Vincent Cassel, Albert Dupontel, Jo Prestia, Philippe Nahon"
79,tt0299977,Hero,英雄,2002-12-19,12.1636,7.501,2589,"[18, 12, 28, 36]",zh,31000000,177394432,99,"Beijing New Picture Film Co. Ltd., China Film Co-Production, Elite Group Enterprises, Edko Films, Sil-Metropole Organisation, Zhang Yimou Studio",Zhang Yimou,"Jet Li, Tony Leung Chiu-wai, Maggie Cheung, Donnie Yen, Zhang Ziyi"
11013,tt0274812,Secretary,Secretary,2002-09-20,11.7918,6.802,2006,"[10749, 18, 35]",en,4000000,9300000,111,"Slough Pond, double A Films, TwoPoundBag Productions",Steven Shainberg,"James Spader, Maggie Gyllenhaal, Jeremy Davies, Lesley Ann Warren, Stephen McHattie"
2675,tt0286106,Signs,Signs,2002-08-02,11.5606,6.733,6543,"[53, 878, 27]",en,72000000,408200000,106,"Touchstone Pictures, Blinding Edge Pictures, The Kennedy/Marshall Company",M. Night Shyamalan,"Mel Gibson, Joaquin Phoenix, Rory Culkin, Abigail Breslin, Cherry Jones"
10775,tt0338564,Infernal Affairs,無間道,2002-12-12,11.5124,7.805,1927,"[18, 28, 53, 80, 9648]",cn,6400000,8836958,101,"Media Asia Films, Basic Pictures","Alan Mak Siu-Fai, Andrew Lau Wai-Keung","Andy Lau, Tony Leung Chiu-wai, Anthony Wong Chau-Sang, Eric Tsang Chi-Wai, Kelly Chen Hui-Lin"
11852,tt0302640,The Hot Chick,The Hot Chick,2002-12-13,11.4054,6.358,2250,"[35, 14]",en,34000000,54639553,104,"Touchstone Pictures, Happy Madison Productions",Tom Brady,"Rob Schneider, Anna Faris, Matthew Lawrence, Eric Christian Olsen, Robert Davi"
9334,tt0277296,The Scorpion King,The Scorpion King,2002-04-18,11.0615,5.582,3458,"[28, 12, 14]",en,60000000,165333180,92,"Universal Pictures, Alphaville Films, Kalima Productions, WWE Studios, Alliance Films",Chuck Russell,"Dwayne Johnson, Steven Brand, Michael Clarke Duncan, Kelly Hu, Bernard Hill"
65,tt0298203,8 Mile,8 Mile,2002-11-08,10.9332,7.147,7979,"[18, 10402]",en,41000000,242875078,111,"Mikona Productions, Imagine Entertainment",Curtis Hanson,"Eminem, Kim Basinger, Mekhi Phifer, Brittany Murphy, Evan Jones"
320,tt0278504,Insomnia,Insomnia,2002-05-24,10.4883,6.953,5529,"[53, 80, 18]",en,46000000,113714830,118,"Alcon Entertainment, Witt/Thomas Productions, Section Eight",Christopher Nolan,"Al Pacino, Robin Williams, Hilary Swank, Maura Tierney, Martin Donovan"
4547,tt0258000,Panic Room,Panic Room,2002-03-29,10.3679,6.796,5567,"[80, 18, 53]",en,48000000,197100000,111,"Columbia Pictures, Hofflund/Polone, Indelible Pictures",David Fincher,"Jodie Foster, Kristen Stewart, Forest Whitaker, Dwight Yoakam, Jared Leto"
3131,tt0217505,Gangs of New York,Gangs of New York,2002-12-14,10.2565,7.316,7416,"[18, 36, 80]",en,100000000,193772504,168,"Miramax, Touchstone Pictures, Initial Entertainment Group, Alberto Grimaldi Productions",Martin Scorsese,"Leonardo DiCaprio, Daniel Day-Lewis, Cameron Diaz, Jim Broadbent, John C. Reilly"
11362,tt0245844,The Count of Monte Cristo,The Count of Monte Cristo,2002-01-23,10.2443,7.686,2112,"[12, 18, 36, 28]",en,35000000,75395048,131,"Touchstone Pictures, Spyglass Entertainment, World 2000 Entertainment, Count of Monte Cristo Ltd., Epsilon Motion Pictures",Kevin Reynolds,"Jim Caviezel, Guy Pearce, Richard Harris, James Frain, Dagmara Dominczyk"
590,tt0274558,The Hours,The Hours,2002-12-27,10.1179,7.252,1908,[18],en,25000000,108846217,114,"Scott Rudin Productions, Robert Fox Productions, Miramax",Stephen Daldry,"Nicole Kidman, Julianne Moore, Meryl Streep, Stephen Dillane, Jack Rovello"
15370,tt0347618,The Cat Returns,猫の恩返し,2002-07-19,10.0785,7.145,2534,"[12, 14, 16, 18, 10751]",ja,0,54016370,75,"Studio Ghibli, Mitsubishi, Nippon Television Network Corporation, TOHO, Tokuma Shoten, Hakuhodo",Hiroyuki Morita,"Chizuru Ikewaki, Yoshihiko Hakamada, Aki Maeda, Tetsu Watanabe, Yousuke Saito"
4614,tt0164184,The Sum of All Fears,The Sum of All Fears,2002-05-31,10.031,6.374,2038,"[53, 28, 18]",en,68000000,193921372,124,"Paramount Pictures, Mace Neufeld Productions",Phil Alden Robinson,"Ben Affleck, Morgan Freeman, James Cromwell, Liev Schreiber, Bridget Moynahan"
9637,tt0267913,Scooby-Doo,Scooby-Doo,2002-06-14,9.796,6.116,4885,"[9648, 12, 35]",en,84000000,275650703,87,"Mosaic Media Group, Warner Bros. Pictures",Raja Gosnell,"Freddie Prinze Jr., Sarah Michelle Gellar, Matthew Lillard, Linda Cardellini, Neil Fanning"
2757,tt0268126,Adaptation.,Adaptation.,2002-12-06,9.7019,7.3,2877,"[35, 80, 18]",en,19000000,32800000,115,"Columbia Pictures, Propaganda Films, Good Machine, Intermedia, Beverly Detroit Studios, Clinica Estetico",Spike Jonze,"Nicolas Cage, Meryl Streep, Chris Cooper, Tilda Swinton, Jay Tavare"
4147,tt0257044,Road to Perdition,Road to Perdition,2002-07-12,10.0713,7.362,4116,"[80, 18, 53]",en,80000000,181001478,117,"DreamWorks Pictures, 20th Century Fox, The Zanuck Company",Sam Mendes,"Tom Hanks, Paul Newman, Jude Law, Tyler Hoechlin, Daniel Craig"
93685,tt0284534,Swingers,Swingers,2002-10-01,9.9353,5.938,81,"[10749, 18]",nl,0,0,93,"BrennFilm, Rebel Film BV",Stephan Brenninkmeijer,"Ellen van der Koogh, Nienke Brinkhuis, Danny de Kok, Joep Sertons, Eleanore Merrill"
9645,tt0288477,Ghost Ship,Ghost Ship,2002-10-25,9.711,6.013,2766,"[27, 9648, 53]",en,35000000,71142361,91,"Village Roadshow Pictures, NPV Entertainment, Dark Castle Entertainment, Ghost Ship Films Pty. Ltd., Warner Bros. Pictures",Steve Beck,"Gabriel Byrne, Julianna Margulies, Desmond Harrington, Ron Eldard, Isaiah Washington"
7299,tt0238380,Equilibrium,Equilibrium,2002-12-06,10.7783,7.1,5212,"[28, 878, 53]",en,20000000,5400000,107,"Dimension Films, Miramax, Blue Tulip Productions",Kurt Wimmer,"Christian Bale, Emily Watson, Taye Diggs, Angus Macfadyen, Sean Bean"
14128,tt0291082,Cinderella II: Dreams Come True,Cinderella II: Dreams Come True,2002-02-23,10.821,6.1,1557,"[10751, 16, 10749, 14]",en,5000000,0,74,"Walt Disney Animation Japan, Disney Television Animation",John Kafka,"Jennifer Hale, Rob Paulsen, Corey Burton, Andre Stojka, Russi Taylor"
12536,tt0329200,Home Alone 4,Home Alone 4,2002-11-03,9.8135,4.5,1410,"[35, 10751, 10770]",en,0,0,84,Fox Television Studios,Rod Daniel,"Mike Weinberg, French Stewart, Missi Pyle, Erick Avari, Barbara Babcock"
325250,,GI Joe: The Story of America's Movable Fighting Man,GI Joe: The Story of America's Movable Fighting Man,2002-08-01,8.3379,0.0,0,[99],en,0,0,120,Third Wave Teleproductions,Mitch Lieding,"Don Levine, Sam Speers, Jerry Einhorn, Janet Downing Taylor, Steve Soulos"
10590,tt0277434,We Were Soldiers,We Were Soldiers,2002-03-01,9.05,7.137,2363,"[28, 36, 10752]",en,75000000,114660784,138,"Wheelhouse Entertainment, Motion Picture Production GmbH & Co. Erste KG, Paramount Pictures, Icon Productions",Randall Wallace,"Mel Gibson, Madeleine Stowe, Greg Kinnear, Sam Elliott, Chris Klein"
2135,tt0268695,The Time Machine,The Time Machine,2002-03-04,10.3232,6.359,2662,"[878, 12, 28]",en,80000000,123729176,96,"DreamWorks Pictures, Warner Bros. Pictures, Parkes+MacDonald Production",Simon Wells,"Guy Pearce, Samantha Mumba, Jeremy Irons, Omero Mumba, Sienna Guillory"
15070,tt0281322,Undisputed,Undisputed,2002-07-17,9.124,6.519,859,"[28, 18, 80]",en,20000000,14946150,96,"Amen Ra Films, Motion Picture Corporation of America, Hollywood Partners, Millennium Media, David Giler Productions",Walter Hill,"Wesley Snipes, Ving Rhames, Peter Falk, Michael Rooker, Jon Seda"
818,tt0295178,Austin Powers in Goldmember,Austin Powers in Goldmember,2002-07-26,10.6634,6.019,3540,"[35, 80]",en,63000000,296938801,94,"Eric's Boy, New Line Cinema, Team Todd, Gratitude International, Moving Pictures",Jay Roach,"Mike Myers, Beyoncé, Seth Green, Michael York, Robert Wagner"
2022,tt0280590,Mr. Deeds,Mr. Deeds,2002-06-28,9.5382,5.931,2598,"[35, 10749]",en,50000000,171269565,97,"Columbia Pictures, New Line Cinema, Happy Madison Productions, Out of the Blue... Entertainment",Steven Brill,"Adam Sandler, Winona Ryder, John Turturro, Allen Covert, Peter Gallagher"
1574,tt0299658,Chicago,Chicago,2002-12-10,9.2173,7.131,2981,"[35, 80, 18]",en,45000000,306776732,113,"Miramax, The Producer Circle Co., Storyline Entertainment",Rob Marshall,"Renée Zellweger, Catherine Zeta-Jones, Richard Gere, Queen Latifah, John C. Reilly"
6278,tt0253556,Reign of Fire,Reign of Fire,2002-07-09,9.4303,6.214,2540,"[12, 28, 14]",en,60000000,82150183,101,"Touchstone Pictures, Spyglass Entertainment, The Zanuck Company, World 2000 Entertainment, Birnbaum/Barber Productions",Rob Bowman,"Christian Bale, Matthew McConaughey, Izabella Scorupco, Gerard Butler, Alexander Siddig"
4689,tt0310775,Sympathy for Mr. Vengeance,복수는 나의 것,2002-03-29,7.7844,7.465,1779,"[28, 18, 53]",ko,4000000,1954937,129,"CJ Entertainment, Studio Box",Park Chan-wook,"Song Kang-ho, Shin Ha-kyun, Bae Doona, Im Ji-eun, Han Bo-bae"
7303,tt0252076,Maid in Manhattan,Maid in Manhattan,2002-12-13,8.5532,6.135,2093,"[35, 18, 10749]",en,55000000,154906693,105,"Red Om Films, Revolution Studios",Wayne Wang,"Jennifer Lopez, Ralph Fiennes, Natasha Richardson, Stanley Tucci, Tyler Posey"
201,tt0253754,Star Trek: Nemesis,Star Trek: Nemesis,2002-12-13,8.0813,6.3,1649,"[878, 28, 12, 53]",en,60000000,67336470,116,"Paramount Pictures, Digital Image Associates",Stuart Baird,"Patrick Stewart, Jonathan Frakes, Brent Spiner, LeVar Burton, Michael Dorn"
2899,tt0250223,Asterix & Obelix: Mission Cleopatra,Astérix & Obélix : Mission Cléopâtre,2002-01-30,8.8617,7.4,3841,"[10751, 14, 35, 12]",fr,58500000,131116046,108,"Pathé, La Petite Reine, Katharina, Renn Productions, TF1 Films Production, Chez Wam, CP Medien, KC Medien, Mediterranean Films",Alain Chabat,"Gérard Depardieu, Christian Clavier, Jamel Debbouze, Monica Bellucci, Alain Chabat"
16690,tt0280030,Return to Never Land,Return to Never Land,2002-02-14,9.8,6.471,2423,"[12, 14, 16, 10751]",en,20000000,109862682,72,"Disney Television Animation, Walt Disney Pictures, DisneyToon Studios",Robin Budd,"Harriet Owen, Blayne Weaver, Jeff Bennett, Kath Soucie, Corey Burton"
9488,tt0287717,Spy Kids 2: The Island of Lost Dreams,Spy Kids 2: The Island of Lost Dreams,2002-08-07,8.3925,5.65,2399,"[10751, 28, 12, 35, 878]",en,38000000,119723358,100,"Dimension Films, Troublemaker Studios",Robert Rodriguez,"Alexa PenaVega, Daryl Sabara, Antonio Banderas, Carla Gugino, Steve Buscemi"
8869,tt0271367,Eight Legged Freaks,Eight Legged Freaks,2002-07-17,7.6466,5.812,1388,"[28, 35, 27, 53]",en,30000000,45900000,99,"Centropolis Entertainment, Village Roadshow Pictures, NPV Entertainment, Electric Entertainment, Warner Bros. Pictures",Ellory Elkayem,"David Arquette, Kari Wührer, Doug E. Doug, Scarlett Johansson, Rick Overton"
11452,tt0283111,National Lampoon's Van Wilder,National Lampoon's Van Wilder,2002-03-29,7.6001,6.041,2001,"[35, 10749]",en,6000000,39241323,92,"Tapestry Films, Myriad Pictures, Artisan Entertainment",Walt Becker,"Ryan Reynolds, Tara Reid, Tim Matheson, Kal Penn, Teck Holmes"
12448,tt0257778,The Hunchback of Notre Dame II,The Hunchback of Notre Dame II,2002-02-06,7.5918,5.4,863,"[16, 10751, 35, 10749]",en,0,0,68,"Disney Television Animation, Walt Disney Animation Japan, Walt Disney Pictures",Bradley Raymond,"Tom Hulce, Jennifer Love Hewitt, Jason Alexander, Paul Kandel, Charles Kimbrough"
11560,tt0257756,High Crimes,High Crimes,2002-04-05,7.5495,6.332,911,"[18, 9648, 53, 80]",en,42000000,63781810,115,"Monarch Pictures, New Regency Pictures, Manifest Film Company, Epsilon Motion Pictures",Carl Franklin,"Ashley Judd, Morgan Freeman, Jim Caviezel, Adam Scott, Amanda Peet"
9884,tt0233469,Collateral Damage,Collateral Damage,2002-02-06,7.4315,5.771,1546,"[28, 53, 18]",en,85000000,78382433,108,"David Foster Productions, Hacienda Productions, Bel Air Entertainment, Warner Bros. Pictures",Andrew Davis,"Arnold Schwarzenegger, Francesca Neri, Elias Koteas, Cliff Curtis, John Leguizamo"
8051,tt0272338,Punch-Drunk Love,Punch-Drunk Love,2002-10-11,7.3889,7.108,2858,"[10749, 18, 35]",en,25000000,24665649,96,"Revolution Studios, New Line Cinema, JoAnne Sellar Productions, Ghoulardi Film Company",Paul Thomas Anderson,"Adam Sandler, Emily Watson, Philip Seymour Hoffman, Luis Guzmán, Mary Lynn Rajskub"
1429,tt0307901,25th Hour,25th Hour,2002-12-19,7.3098,7.312,2647,"[80, 18]",en,5000000,23932055,135,"Touchstone Pictures, 40 Acres and a Mule Filmworks, 25th Hour Productions, Gamut Films, Industry Entertainment Partners",Spike Lee,"Edward Norton, Philip Seymour Hoffman, Barry Pepper, Rosario Dawson, Anna Paquin"
11838,tt0364385,Ju-on: The Grudge,呪怨,2002-10-18,7.2641,6.754,998,[27],ja,3500000,3657876,92,"Oz Company, Xanadeux Company, Pioneer LDC, Nikkatsu Corporation",Takashi Shimizu,"Megumi Okina, Misa Uehara, Yoji Tanaka, Misaki Itō, Kanji Tsuda"
2642,tt0313737,Two Weeks Notice,Two Weeks Notice,2002-12-19,7.1412,6.367,2278,"[10749, 35]",en,60000000,199043242,101,"Fortis Films, Castle Rock Entertainment, Village Roadshow Pictures, NPV Entertainment",Marc Lawrence,"Sandra Bullock, Hugh Grant, Dana Ivey, Robert Klein, Alicia Witt"
10229,tt0281358,A Walk to Remember,A Walk to Remember,2002-01-25,7.0893,7.745,4332,"[18, 10749]",en,11800000,47494916,102,"Pandora Pictures, Di Novi Pictures, Warner Bros. Pictures",Adam Shankman,"Mandy Moore, Shane West, Peter Coyote, Daryl Hannah, Lauren German"
1957,tt0278435,Enough,Enough,2002-05-21,6.9884,6.647,1268,"[18, 53]",en,38000000,51800000,114,Winkler Films,Michael Apted,"Jennifer Lopez, Billy Campbell, Tessa Allen, Juliette Lewis, Dan Futterman"
245,tt0276751,About a Boy,About a Boy,2002-04-26,6.8229,6.699,2463,"[18, 35, 10749]",en,27000000,129000000,101,"Universal Pictures, Tribeca Productions, Working Title, Kalima Productions, StudioCanal","Chris Weitz, Paul Weitz","Hugh Grant, Nicholas Hoult, Toni Collette, Rachel Weisz, Natalia Tena"
9021,tt0304669,The Santa Clause 2,The Santa Clause 2,2002-09-29,6.8134,6.001,1470,"[14, 35, 10751]",en,65000000,172842355,104,"Walt Disney Pictures, Outlaw Productions, Boxing Cat Films",Michael Lembeck,"Tim Allen, Judge Reinhold, Wendy Crewson, Elizabeth Mitchell, David Krumholtz"
11979,tt0238546,Queen of the Damned,Queen of the Damned,2002-02-10,6.7581,6.1,1213,"[14, 27, 10749]",en,35000000,45479110,101,"WV Films LLC, Village Roadshow Pictures, NPV Entertainment, Material, Warner Bros. Pictures",Michael Rymer,"Aaliyah, Stuart Townsend, Marguerite Moreau, Vincent Perez, Paul McGann"
12100,tt0245562,Windtalkers,Windtalkers,2002-06-07,6.7224,6.354,1472,"[10752, 28]",en,115000000,77600000,134,"Lion Rock Productions, Metro-Goldwyn-Mayer",John Woo,"Nicolas Cage, Adam Beach, Peter Stormare, Noah Emmerich, Mark Ruffalo"
9357,tt0265459,One Hour Photo,One Hour Photo,2002-08-21,6.681,6.671,1987,"[18, 53]",en,12000000,52223306,96,"Fox Searchlight Pictures, Catch 23 Entertainment, Killer Films, Laughlin Park Pictures, John Wells Productions",Mark Romanek,"Robin Williams, Connie Nielsen, Michael Vartan, Gary Cole, Erin Daniels"
9012,tt0322802,Jackass: The Movie,Jackass: The Movie,2002-10-25,6.5867,6.339,1818,"[28, 35, 99]",en,5000000,64282312,85,"Lynch Siderow Productions, Dickhouse Productions, Paramount Pictures, MTV Films",Jeff Tremaine,"Johnny Knoxville, Bam Margera, Steve-O, Chris Pontius, Ryan Dunn"
11442,tt0220506,Halloween: Resurrection,Halloween: Resurrection,2002-07-01,6.4365,4.604,1450,"[27, 53]",en,13000000,37664958,89,"Dimension Films, Nightfall Productions, Trancas International Films, Miramax",Rick Rosenthal,"Bianca Kajlich, Busta Rhymes, Brad Loree, Sean Patrick Thomas, Ryan Merriman"
11870,tt0265298,Big Fat Liar,Big Fat Liar,2002-02-08,6.3641,5.894,909,"[10751, 35, 12]",en,15000000,52970014,88,Tollin/Robbins Productions,Shawn Levy,"Frankie Muniz, Paul Giamatti, Amanda Bynes, Amanda Detmer, Sandra Oh"
8665,tt0267626,K-19: The Widowmaker,K-19: The Widowmaker,2002-07-19,6.2873,6.581,1232,"[36, 53, 10752]",en,100000000,65700000,138,"Intermedia Films, Palomar Pictures, First Light, IMF Internationale Medien und Film 2 & Produktions, K-19 Film Production, National Geographic Films, Studio Trite, Working Title",Kathryn Bigelow,"Harrison Ford, Liam Neeson, Peter Sarsgaard, Joss Ackland, John Shrapnel"
361890,tt0405162,Thorns of the soul,Miramenometokéi,2002-09-01,5.9146,7.8,4,[18],es,0,0,113,Areachika/cine,Enrique Collar,"Katherine Catolino, Luis Zorrilla, José Peréz Chaves, Calolo Rodríguez, Nila Servín"
8470,tt0251160,John Q,John Q,2002-02-15,7.1942,7.158,2729,"[18, 53, 80]",en,36000000,102244770,116,"Evolution Entertainment, New Line Cinema, Burg/Koules Productions",Nick Cassavetes,"Denzel Washington, James Woods, Kimberly Elise, Robert Duvall, Shawn Hatosy"
1537,tt0264472,Changing Lanes,Changing Lanes,2002-04-07,7.1341,6.29,1259,"[53, 18]",en,45000000,94935764,98,"Paramount Pictures, Scott Rudin Productions, Senator International",Roger Michell,"Ben Affleck, Samuel L. Jackson, Toni Collette, Sydney Pollack, William Hurt"
13497,tt0303933,Drumline,Drumline,2002-12-13,7.0298,6.973,582,"[18, 10749, 35, 10402]",en,20000000,57600000,118,"Fox 2000 Pictures, Wendy Finerman Productions",Charles Stone III,"Nick Cannon, Zoe Saldaña, Orlando Jones, Leonard Roberts, GQ"
10985,tt0241760,The New Guy,The New Guy,2002-05-10,5.9677,5.98,680,[35],en,13000000,31200000,88,"Bedlam Pictures, Revolution Studios, Frontier Pictures",Ed Decter,"DJ Qualls, Eliza Dushku, Zooey Deschanel, Lyle Lovett, Jerod Mixon"
11529,tt0256415,Sweet Home Alabama,Sweet Home Alabama,2002-09-26,5.3755,6.425,1785,"[35, 10749]",en,30000000,180622424,108,"Touchstone Pictures, Original Film, D&D Films, Pigeon Creek Films",Andy Tennant,"Reese Witherspoon, Josh Lucas, Patrick Dempsey, Candice Bergen, Mary Kay Place"
2637,tt0265349,The Mothman Prophecies,The Mothman Prophecies,2002-01-25,6.767,6.226,1315,"[18, 27, 9648]",en,32000000,55305279,119,"Screen Gems, Lakeshore Entertainment",Mark Pellington,"Richard Gere, Laura Linney, Will Patton, Debra Messing, David Eigenberg"
13683,tt0313680,Tarzan & Jane,Tarzan & Jane,2002-06-24,6.3522,6.023,706,"[16, 10751, 12]",en,0,0,75,Disney Television Animation,"Steve Loter, Don MacKinnon, Victor Cook, Lisa Schaffer","Michael T. Weiss, Olivia D'Abo, Jeff Bennett, Jim Cummings, April Winchell"
10375,tt0160184,D-Tox,D-Tox,2002-01-04,6.1607,5.57,740,"[53, 27, 80]",en,55000000,6632383,96,"Universal Pictures, Capella International, KC Medien",Jim Gillespie,"Sylvester Stallone, Polly Walker, Charles S. Dutton, Kris Kristofferson, Christopher Fulford"
9298,tt0284837,Ali G Indahouse,Ali G Indahouse,2002-03-21,6.3481,6.055,1552,[35],en,7000000,23280529,85,"StudioCanal, Working Title, WT² Productions, Talkback, Kalima Productions",Mark Mylod,"Sacha Baron Cohen, Michael Gambon, Charles Dance, Kellie Bright, Martin Freeman"
16318,tt0341555,Sex Is Zero,색즉시공,2002-12-12,5.5497,6.178,143,"[35, 10749]",ko,0,0,96,"Doosaboo Film, FilmZ, Showbox",JK Youn,"Im Chang-jung, Ha Ji-won, Choi Sung-kook, Yoo Chae-young, Jung Min"
972809,,The Qing Palace's Secret Affairs 5,清宫性史5之重振皇风,2002-01-01,5.5601,0.0,0,[18],zh,0,0,0,,,
26662,tt0990372,Detective Conan: The Phantom of Baker Street,名探偵コナン ベイカー街（ストリート）の亡霊,2002-04-20,6.5461,7.8,242,"[16, 9648, 878]",ja,0,24387667,107,"TMS Entertainment, TOHO, Shogakukan Production, Yomiuri Telecasting Corporation, Nippon Television Network Corporation, Shogakukan",Kenji Kodama,"Minami Takayama, Kappei Yamaguchi, Wakana Yamazaki, Akira Kamiya, Hideyuki Tanaka"
15015,tt0313255,Barbie as Rapunzel,Barbie as Rapunzel,2002-10-01,6.3656,7.0,1296,"[16, 10751]",en,0,0,84,Mainframe Entertainment,Owen Hurley,"Kelly Sheridan, Anjelica Huston, Cree Summer, Ian James Corlett, Mark Hildreth"
10996,tt0243585,Stuart Little 2,Stuart Little 2,2002-07-19,6.5741,5.774,2587,"[10751, 12, 35]",en,120000000,169956806,78,"Columbia Pictures, Red Wagon Entertainment, Franklin/Waterman Productions",Rob Minkoff,"Michael J. Fox, Geena Davis, Hugh Laurie, Jonathan Lipnicki, Anna Hoelck"
437,tt0285492,Cube 2: Hypercube,Cube 2: Hypercube,2002-04-15,6.3175,5.494,1678,"[53, 878, 9648]",en,0,3563603,94,Lions Gate Films,Andrzej Sekula,"Kari Matchett, Geraint Wyn Davies, Grace Lynn Kung, Matthew Ferguson, Neil Crone"
11880,tt0280609,Dog Soldiers,Dog Soldiers,2002-05-10,6.2576,6.733,1042,"[27, 28, 53]",en,2000000,3537283,105,"The Victor Film Company, The Carousel Picture Company, The Noel Gay Motion Picture Company, Kismet Entertainment Group, Luxembourg Film Fund",Neil Marshall,"Sean Pertwee, Kevin McKidd, Emma Cleasby, Liam Cunningham, Thomas Lockyer"
8427,tt0297181,I Spy,I Spy,2002-10-31,5.9327,5.437,1079,"[28, 12, 35, 53]",en,70000000,51386477,97,"Columbia Pictures, Tall Trees Productions, C2 Pictures, Sheldon Leonard Productions",Betty Thomas,"Eddie Murphy, Owen Wilson, Famke Janssen, Malcolm McDowell, Gary Cole"
9932,tt0289848,Analyze That,Analyze That,2002-12-06,5.8265,5.848,1438,"[35, 80]",en,60000000,55003135,96,"Warner Bros. Pictures, Village Roadshow Pictures, NPV Entertainment, Face Productions, Tribeca Productions, Spring Creek Pictures, Baltimore Pictures",Harold Ramis,"Robert De Niro, Billy Crystal, Lisa Kudrow, Joe Viterelli, Cathy Moriarty"
554,tt0308476,The Cuckoo,Кукушка,2002-09-12,4.9134,7.099,121,"[18, 10749, 35]",ru,0,0,100,CTB Film Company,Aleksandr Rogozhkin,"Anni-Kristiina Juuso, Ville Haapasalo, Viktor Bychkov, Mikhail Korobochkin, Denis Aksenov"
452026,,El víbora,El víbora,2002-01-01,5.4803,0.0,0,"[80, 28, 12]",es,0,0,99,"Metropoli Films, Provicine",Avinadaín Bautista Nájera,"Ariel Bautista, Hugo Stiglitz, Javier Rivera, Arturo Ivan, Carlos Amador"
8346,tt0259446,My Big Fat Greek Wedding,My Big Fat Greek Wedding,2002-04-19,5.4322,6.495,2346,"[35, 18, 10749]",en,5000000,368744044,95,"Gold Circle Films, HBO, MPH Entertainment Productions, Playtone",Joel Zwick,"Nia Vardalos, John Corbett, Lainie Kazan, Michael Constantine, Andrea Martin"
11812,tt0253867,The Sweetest Thing,The Sweetest Thing,2002-04-12,5.3059,5.623,1214,"[10749, 35]",en,43000000,68696770,84,Konrad Pictures,Roger Kumble,"Cameron Diaz, Christina Applegate, Thomas Jane, Selma Blair, Jason Bateman"
9280,tt0280665,Femme Fatale,Femme Fatale,2002-04-30,5.2368,6.2,684,"[9648, 80, 53]",en,35000000,16800000,114,"Epsilon Motion Pictures, Quinta Communications",Brian De Palma,"Rebecca Romijn, Antonio Banderas, Peter Coyote, Ériq Ebouaney, Édouard Montoute"
11857,tt0273923,Orange County,Orange County,2002-01-11,5.1975,6.017,520,"[35, 18]",en,18000000,43300000,82,"MTV Films, Paramount Pictures, Scott Rudin Productions",Jake Kasdan,"Colin Hanks, Jack Black, Schuyler Fisk, Catherine O'Hara, John Lithgow"
11892,tt0264935,Murder by Numbers,Murder by Numbers,2002-04-19,5.1943,6.2,1215,"[80, 18, 53]",en,50000000,56714147,120,"Castle Rock Entertainment, Schroeder Hoffman Productions",Barbet Schroeder,"Sandra Bullock, Ben Chaplin, Ryan Gosling, Michael Pitt, Agnes Bruckner"
316017,,Löparen,Löparen,2002-01-01,5.1332,0.0,0,[99],sv,0,0,0,Helion film,Peter Magnusson,
12149,tt0264616,Frailty,Frailty,2002-04-12,5.1322,6.955,1399,"[18, 53, 80]",en,11000000,17400000,100,"Cinerenta, David Kirschner Productions, American Entertainment Partners L.P., Lionsgate, Cinedelta",Bill Paxton,"Bill Paxton, Matthew McConaughey, Powers Boothe, Matt O'Leary, Jeremy Sumpter"
1360,tt0120679,Frida,Frida,2002-08-29,5.129,7.381,2216,"[18, 10749]",en,12000000,56298474,123,"Miramax, Margaret Rose Perenchio Productions, Ventanarosa, Lionsgate",Julie Taymor,"Salma Hayek Pinault, Alfred Molina, Mía Maestro, Patricia Reyes Spíndola, Edward Norton"
429620,tt0354819,Platée,Platée,2002-01-01,5.0995,8.0,1,"[10402, 14]",fr,0,0,159,,Don Kent,"Paul Agnew, Mireille Delunsch, Yann Beuron, Vincent Le Texier, Doris Lamprecht"
3132,tt0280486,Bad Company,Bad Company,2002-06-07,5.0815,5.506,886,"[28, 12, 35, 53]",en,70000000,65977295,116,"Stillking Films, Jerry Bruckheimer Films, Touchstone Pictures",Joel Schumacher,"Anthony Hopkins, Chris Rock, Gabriel Macht, Peter Stormare, John Slattery"
33320,tt0291350,Millennium Actress,千年女優,2002-09-14,5.0765,7.858,1091,"[16, 18, 10749]",ja,0,37641,87,Madhouse,Satoshi Kon,"Miyoko Shoji, Mami Koyama, Fumiko Orikasa, Showko Tsuda, Shozo Iizuka"
10592,tt0251114,Hart's War,Hart's War,2002-02-15,5.0475,6.374,1104,"[18, 10752]",en,70000000,32287044,125,"David Foster Productions, Cheyenne Enterprises, David Ladd Films, Metro-Goldwyn-Mayer",Gregory Hoblit,"Bruce Willis, Colin Farrell, Terrence Howard, Marcel Iureș, Cole Hauser"
12093,tt0300140,Lilya 4-ever,Lilja 4-ever,2002-08-23,5.0127,7.624,692,"[18, 80]",sv,2700000,1007747,109,"Memfis Film, Det Danske Filminstitut, Film i Väst, Nordisk Film & TV Fond, Svenska Filminstitutet, SVT, Zentropa Entertainments",Lukas Moodysson,"Oksana Akinshina, Artyom Bogucharsky, Ljubov Agapova, Liilia Šinkarjova, Elina Benenson"
111972,tt0336564,Hibla,Hibla,2002-11-13,5.0111,4.1,8,"[10749, 18]",tl,0,0,105,Viva Films,Yam Laranas,"Maui Taylor, Rica Peralejo, Ricky Davao, Antonio Aquitania, Tina Monasterio"
4912,tt0270288,Confessions of a Dangerous Mind,Confessions of a Dangerous Mind,2002-12-31,4.9669,6.669,1307,"[35, 80, 18, 10749, 53, 36]",en,30000000,33013805,113,"Miramax, Renaissance Films, Mad Chance, Section Eight, JVS",George Clooney,"Sam Rockwell, Drew Barrymore, George Clooney, Julia Roberts, Rutger Hauer"
9689,tt0278823,Hollywood Ending,Hollywood Ending,2002-05-03,4.9497,6.506,543,"[35, 18]",en,16000000,14569236,112,"Gravier Productions, Capitol Films",Woody Allen,"Woody Allen, George Hamilton, Téa Leoni, Debra Messing, Mark Rydell"
64,tt0287467,Talk to Her,Hable con ella,2002-03-15,4.9101,7.568,1481,"[18, 10749]",es,6500000,64826117,112,El Deseo,Pedro Almodóvar,"Javier Cámara, Darío Grandinetti, Leonor Watling, Rosario Flores, Mariola Fuentes"
59387,tt0289408,The Powerpuff Girls Movie,The Powerpuff Girls Movie,2002-07-03,4.9029,6.8,362,"[16, 28, 10751]",en,11000000,16426471,74,"Cartoon Network Studios, Warner Bros. Pictures, Cartoon Network Movies, Craig McCracken Productions",Craig McCracken,"Cathy Cavadini, Tara Strong, E. G. Daily, Roger L. Jackson, Tom Kane"
12496,tt0351817,The Twilight Samurai,たそがれ清兵衛,2002-11-02,4.8802,7.8,374,"[18, 10749]",ja,5000000,7372769,129,"Shochiku, Sumitomo Corporation, Hakuhodo, Nippan Group Holdings, Eisei Gekijo, Nippon Television Network Corporation",Yoji Yamada,"Hiroyuki Sanada, Rie Miyazawa, Nenji Kobayashi, Mitsuru Fukikoshi, Min Tanaka"
24186,tt0256359,The Safety of Objects,The Safety of Objects,2002-10-25,4.8792,6.482,57,[18],en,0,0,121,,Rose Troche,"Glenn Close, Dermot Mulroney, Jessica Campbell, Patricia Clarkson, Joshua Jackson"
496725,,Soins intensifs,Soins intensifs,2002-09-11,4.8764,0.0,0,[35],fr,0,0,0,,Michel Roux,"Marthe Villalonga, Valérie Delbore, Jacques Zabor, Julie Cavanna"
10052,tt0259288,Dragonfly,Dragonfly,2002-02-22,4.8725,6.571,963,"[18, 53, 14]",en,60000000,52322400,104,"Universal Pictures, Spyglass Entertainment, Gran Via Productions, Shady Acres Entertainment, Kalima Productions, NDE Productions, Touchstone Pictures",Tom Shadyac,"Kevin Costner, Joe Morton, Ron Rifkin, Susanna Thompson, Kathy Bates"
14317,tt0282120,The Wild Thornberrys Movie,The Wild Thornberrys Movie,2002-12-20,4.8488,6.488,298,"[10751, 35, 12, 16]",en,35000000,0,85,"Paramount Pictures, Nickelodeon Movies, Klasky-Csupo","Cathy Malkasian, Jeff McGrath","Lacey Chabert, Tom Kane, Cree Summer, Tim Curry, Lynn Redgrave"
14635,tt0265662,The Rookie,The Rookie,2002-03-25,4.8311,6.798,507,"[18, 10751]",en,20000000,75597042,127,"Walt Disney Pictures, Gran Via Productions, 98 MPH Productions",John Lee Hancock,"Dennis Quaid, Rachel Griffiths, Jay Hernandez, Beth Grant, Angus T. Jones"
20312,tt0165832,Interstate 60,Interstate 60,2002-04-13,4.8223,7.4,827,"[12, 14, 18]",en,7000000,0,116,"Fireworks Pictures, Redeemable Features",Bob Gale,"James Marsden, Gary Oldman, Amy Smart, Christopher Lloyd, Chris Cooper"
17130,tt0275022,Crossroads,Crossroads,2002-02-15,4.758,5.195,699,"[18, 10749, 35]",en,12000000,61141030,93,Zomba Films,Tamra Davis,"Britney Spears, Zoe Saldaña, Taryn Manning, Anson Mount, Dan Aykroyd"
12779,tt0291502,Swept Away,Swept Away,2002-10-11,4.7431,4.733,323,"[35, 10749]",en,10000000,598645,89,"Codi S.p.a., Screen Gems, Marv",Guy Ritchie,"Madonna, Adriano Giannini, Bruce Greenwood, Jeanne Tripplehorn, Elizabeth Banks"
10611,tt0303714,Barbershop,Barbershop,2002-04-01,4.7389,6.448,556,"[35, 18]",en,12000000,77063924,102,"Metro-Goldwyn-Mayer, Cube Vision",Tim Story,"Ice Cube, Anthony Anderson, Cedric the Entertainer, Sean Patrick Thomas, Eve"
12277,tt0279493,Undercover Brother,Undercover Brother,2002-05-31,4.7212,5.938,456,"[28, 35]",en,25000000,41604473,86,"Universal Pictures, Imagine Entertainment",Malcolm D. Lee,"Eddie Griffin, Chris Kattan, Denise Richards, Aunjanue Ellis-Taylor, Chi McBride"
55702,tt0240340,The Angel Doll,The Angel Doll,2002-09-14,4.7177,5.429,7,"[18, 10751]",en,0,0,93,,Alexander Johnston,"Keith Carradine, Betsy Brantley, Beatrice Bush, Pat Hingle, Gil Johnson"
14365,tt0250468,Killing Me Softly,Killing Me Softly,2002-05-10,4.6709,5.623,381,"[53, 80]",en,25000000,7775138,100,"Noelle Entertainment Limited, The Montecito Picture Company",Chen Kaige,"Heather Graham, Joseph Fiennes, Natascha McElhone, Ulrich Thomsen, Ian Hart"
9962,tt0279113,The Good Girl,The Good Girl,2002-08-07,4.6696,6.233,699,"[18, 35, 10749]",en,8000000,16900000,93,"Hungry Eye Lowland Pictures, Myriad Pictures, In-Motion AG Movie & TV Productions",Miguel Arteta,"Jennifer Aniston, Zooey Deschanel, Jake Gyllenhaal, John Carroll Lynch, Tim Blake Nelson"
9039,tt0280380,Trapped,Trapped,2002-09-20,4.66,6.151,632,"[53, 80]",en,30000000,13414416,106,"Senator Film, Propaganda Films, Columbia Pictures",Luis Mandoki,"Charlize Theron, Courtney Love, Stuart Townsend, Kevin Bacon, Pruitt Taylor Vince"
21972,tt0308506,Like Mike,Like Mike,2002-07-03,4.6508,6.097,581,"[35, 10751, 14]",en,30000000,62300000,99,"20th Century Fox, Heller Highwater Productions, NBA Entertainment, Josephson Entertainment, Like Mike Productions",John Schultz,"Shad Moss, Morris Chestnut, Jonathan Lipnicki, Anne Meara, Jesse Plemons"
11468,tt0235737,The Salton Sea,The Salton Sea,2002-02-12,4.6292,6.608,376,"[80, 18, 9648, 53]",en,18000000,1073198,103,"Humble Journey Films, Castle Rock Entertainment, Darkwoods Productions",D.J. Caruso,"Val Kilmer, Vincent D'Onofrio, Adam Goldberg, Luis Guzmán, Doug Hutchison"
12205,tt0308379,Dark Water,仄暗い水の底から,2002-01-19,4.583,6.83,755,"[27, 9648, 53]",ja,4000000,1686839,101,"Office Augusta Co. Ltd., Oz Company, KADOKAWA Shoten, Nippon Television Network Corporation, VAP, TOHO",Hideo Nakata,"Hitomi Kuroki, Rio Kanno, Mirei Oguchi, Asami Mizukawa, Fumiyo Kohinata"
13931,tt0323250,Mike's New Car,Mike's New Car,2002-05-24,4.5706,6.905,780,"[16, 35, 10751]",en,0,0,3,Pixar,"Pete Docter, Roger Gould","Billy Crystal, John Goodman"
28069,tt0283987,A Charlie Brown Valentine,A Charlie Brown Valentine,2002-02-14,4.5401,6.289,57,"[10751, 16, 10749, 10770, 35]",en,0,0,25,"Lee Mendelson Film Productions, Bill Melendez Productions",Bill Melendez,"Wesley Singerman, Lauren Schaffel, Corey Padnos, Emily Lalande, Jessica D. Stone"
2103,tt0307479,Solaris,Solaris,2002-11-27,4.5153,5.955,1519,"[18, 878, 9648]",en,47000000,30002758,99,"20th Century Fox, Lightstorm Entertainment",Steven Soderbergh,"George Clooney, Natascha McElhone, Viola Davis, Jeremy Davies, Ulrich Tukur"
455,tt0286499,Bend It Like Beckham,Bend It Like Beckham,2002-04-11,4.503,6.329,2079,"[35, 18, 10749]",en,3500000,76585951,112,"Kintop Pictures, Bend It Films, Roc Media, Road Movies",Gurinder Chadha,"Parminder Nagra, Keira Knightley, Jonathan Rhys Meyers, Anupam Kher, Shaheen Khan"
177204,tt0310029,Chasing Life,Pulsação Zero,2002-03-14,4.4836,5.9,5,"[28, 35]",pt,0,0,83,"Iniziomédia, SIC Filmes",Fernando Fragata,"Helder Mendes, Adelaide de Sousa, Miguel C., Adriano Carvalho, Olavo Bilac"
9557,tt0285462,Boat Trip,Boat Trip,2002-10-01,4.4083,5.2,712,[35],en,20000000,8586376,94,"Motion Picture Corporation of America, ApolloMedia, Gemini Films, Brad Krevoy Productions",Mort Nathan,"Cuba Gooding Jr., Horatio Sanz, Roselyn Sánchez, Vivica A. Fox, Maurice Godin"
9296,tt0258153,S1m0ne,S1m0ne,2002-08-23,4.3908,6.007,1041,"[878, 35, 18, 10749]",en,10000000,19576023,117,"Niccol Films, New Line Cinema, Jersey Films",Andrew Niccol,"Al Pacino, Rachel Roberts, Catherine Keener, Evan Rachel Wood, Jay Mohr"
25913,tt0281634,Balto: Wolf Quest,Balto: Wolf Quest,2002-04-30,4.3325,6.359,576,"[10751, 16, 12]",en,0,0,75,"Universal Pictures, Universal Cartoon Studios",Phil Weinstein,"Maurice LaMarche, Jodi Benson, Lacey Chabert, David Carradine, Mark Hamill"
12590,tt0276816,Below,Below,2002-08-11,4.3117,6.048,543,"[53, 27, 9648]",en,40000000,2622015,105,"Protozoa Pictures, Dimension Films",David Twohy,"Bruce Greenwood, Matthew Davis, Holt McCallany, Olivia Williams, Jason Flemyng"
13830,tt0281190,Shottas,Shottas,2002-02-27,4.3024,7.689,384,"[28, 12, 80, 18]",en,200000,0,95,"Access Pictures, Jean Silvera Films, Triumph Films, Destination Films","Cess Silvera, Adam Doench, Lyndale V. Pettus","Ky-Mani Marley, Spragga Benz, Paul Campbell, Louie Rankin, Wyclef Jean"
12771,tt0261289,Serving Sara,Serving Sara,2002-08-23,4.2832,5.369,351,[35],en,29000000,16930185,100,Mandalay Pictures,Reginald Hudlin,"Matthew Perry, Elizabeth Hurley, Vincent Pastore, Bruce Campbell, Cedric the Entertainer"
263069,tt0309781,Temptations,Kísértések,2002-02-11,4.2367,9.0,1,[],hu,0,0,91,,Zoltán Kamondi,"Marcell Miklós, Julianna Kovács, Kati Budai, Juli Básti, János Derzsi"
1809,tt0292644,The Rules of Attraction,The Rules of Attraction,2002-10-11,4.2297,6.165,632,"[18, 10749, 35]",en,4000000,11832822,110,"Kingsgate Films, Roger Avary Filmproduktion GmbH, Lionsgate",Roger Avary,"James Van Der Beek, Shannyn Sossamon, Ian Somerhalder, Jessica Biel, Kate Bosworth"
14008,tt0294425,Cadet Kelly,Cadet Kelly,2002-03-07,4.2133,6.2,634,"[10751, 35]",en,0,0,100,"Leider/Shapiro Productions, Walt Disney Television",Larry Shaw,"Hilary Duff, Christy Carlson Romano, Gary Cole, Shawn Ashmore, Aimee Garcia"
741581,tt0431734,Drácula mascafierro,Drácula mascafierro,2002-01-01,4.1973,4.833,6,"[35, 27]",en,0,0,75,Producciones Potosí S.A.,Víctor Manuel Castro,"Roberto 'El Flaco' Guzmán, Jorge Aldama, Gary Rivas, Mario Zebadúa, Siena Perezcano"
13706,tt0324572,Winnie the Pooh: A Very Merry Pooh Year,Winnie the Pooh: A Very Merry Pooh Year,2002-11-12,4.1763,7.0,219,"[16, 10751]",en,0,0,65,"Disney Television Animation, Walt Disney Home Video","Gary Katona, Ed Wexler, Jamie Mitchell","Jim Cummings, Peter Cullen, John Fiedler, Ken Sansom, Kath Soucie"
2017,tt0292610,No Good Deed,No Good Deed,2002-06-28,4.145,5.368,223,"[28, 80, 18, 9648, 53]",en,12000000,1440653,97,"ApolloMedia, Kismet Entertainment Group, Remstar Productions, Seven Arts Productions",Bob Rafelson,"Samuel L. Jackson, Milla Jovovich, Stellan Skarsgård, Doug Hutchison, Joss Ackland"
11692,tt0180052,The Adventures of Pluto Nash,The Adventures of Pluto Nash,2002-08-16,4.1359,4.374,558,"[28, 35, 878]",en,100000000,7103973,95,"Village Roadshow Pictures, Castle Rock Entertainment, NPV Entertainment",Ron Underwood,"Eddie Murphy, Randy Quaid, Rosario Dawson, Joe Pantoliano, Jay Mohr"
181943,tt0334807,deadend.com,deadend.com,2002-09-09,4.1201,7.0,1,[],en,0,0,120,,Wyeth Clarkson,"Harold Amero, Lita Chase, Nicole Raven, Adrian Rogers, Curtis Harrison"
9573,tt0309377,Blood Work,Blood Work,2002-08-09,4.1179,6.207,923,"[53, 80, 28, 9648, 18]",en,50000000,31794718,110,"Malpaso Productions, Warner Bros. Pictures",Clint Eastwood,"Clint Eastwood, Jeff Daniels, Anjelica Huston, Wanda De Jesus, Tina Lifford"
13908,tt0295427,The Master of Disguise,The Master of Disguise,2002-08-02,4.1017,4.016,345,"[35, 10751, 14, 12]",en,16000000,43400000,80,"Revolution Studios, Happy Madison Productions",Perry Andelin Blake,"Dana Carvey, Brent Spiner, Jennifer Esposito, Harold Gould, James Brolin"
123364,tt0305961,Coal Tower,Perníková věž,2002-03-28,4.097,7.25,8,"[18, 35]",cs,0,0,101,"S Pro Alfa, Česká televize",Milan Šteindler,"Jan Dolanský, Radek Kuchař, Michal Dočolomanský, Sylva Legnerová, Vítězslav Jandák"
14245,tt0338450,Sniper 2,Sniper 2,2002-12-28,4.0501,5.54,175,[28],en,5000000,0,91,"Sandstorm Films, TriStar Pictures",Craig R. Baxley,"Tom Berenger, Bokeem Woodbine, Dan Butler, Linden Ashby, Marozsán Erika"
9544,tt0295254,FearDotCom,FearDotCom,2002-08-09,4.3788,3.8,424,"[27, 53, 80]",en,40000000,18902015,101,"MDP Worldwide, ApolloMedia, Fear.com Productions, The Carousel Picture Company",William Malone,"Stephen Dorff, Natascha McElhone, Stephen Rea, Udo Kier, Amelia Curtis"
10955,tt0265651,Ripley's Game,Ripley's Game,2002-09-02,4.1281,6.444,321,"[80, 53]",en,30000000,6200000,110,"Mr. Mudd, Baby Films, Cattleya",Liliana Cavani,"John Malkovich, Dougray Scott, Ray Winstone, Lena Headey, Chiara Caselli"
11891,tt0240468,Kung Pow: Enter the Fist,Kung Pow: Enter the Fist,2002-01-25,4.5166,6.552,816,"[35, 28, 12]",en,10000000,17000000,81,"O Entertainment, 20th Century Fox",Steve Oedekerk,"Steve Oedekerk, Lung Fei, Leo Lee, Hsieh Ling-ling, Lau Kar-Wing"
99640,tt0299206,I'm The Father,Väter,2002-09-26,3.6841,5.0,4,[],de,0,0,102,,Dani Levy,"Ezra-Valentin Lenz, Sebastian Blomberg, Maria Schrader, Ulrich Noethen, Marion Kracht"
15136,tt0300620,So Close,夕陽天使,2002-05-14,4.0858,6.895,256,"[28, 53]",cn,0,810243,111,"Eastern Productions, CP Film Production Asia",Corey Yuen,"Shu Qi, Zhao Wei, Karen Mok Man-Wai, Song Seung-heon, Yasuaki Kurata"
2185,tt0246464,Big Trouble,Big Trouble,2002-04-05,4.9428,6.122,340,"[28, 35, 53, 9648, 80]",en,40000000,8493890,85,"Touchstone Pictures, The Jacobson Company, Sonnenfeld/Josephson Worldwide Entertainment",Barry Sonnenfeld,"Tim Allen, Rene Russo, Ben Foster, Jason Lee, Stanley Tucci"
8325,tt0316768,Tiptoes,Tiptoes,2002-12-17,3.9417,3.9,108,"[18, 10749, 35]",en,0,0,90,"Langley Productions, StudioCanal, Muse Productions, Blacklist Films, Brad Wyman Productions, SE8 Group",Matthew Bright,"Matthew McConaughey, Kate Beckinsale, Gary Oldman, Patricia Arquette, Peter Dinklage"
9275,tt0266452,Death to Smoochy,Death to Smoochy,2002-03-29,4.0109,5.933,461,"[35, 80, 18, 53]",en,55000000,8400000,109,"Warner Bros. Pictures, Film4 Productions, Mad Chance, Senator International",Danny DeVito,"Robin Williams, Edward Norton, Catherine Keener, Danny DeVito, Jon Stewart"
267307,tt1054041,Remue-ménage,Remue-ménage,2002-04-22,3.6375,0.0,0,[99],fr,0,0,0,"Climage, SRG SSR, RTS",Fernand Melgar,
1496143,tt37262970,The Castaways Of Mont Blanc,Les Naufragés Du Mont Blanc,2002-01-01,2.8051,10.0,1,"[36, 99, 18]",fr,0,0,53,"France•3, MFP, France•5",Denis Ducroz,"Jean Vincendon, François Henry, Claude Dufourmantelle, Lionel Terray, Walter Bonatti"
11888,tt0281373,Snow Dogs,Snow Dogs,2002-01-18,3.9575,5.613,802,"[35, 10751, 12]",en,35000000,81000000,99,"Walt Disney Pictures, The Kerner Entertainment Company, Galapagos Productions, Winterdance Productions Ltd.",Brian Levant,"Cuba Gooding Jr., James Coburn, Sisqó, Nichelle Nichols, M. Emmet Walsh"
7342,tt0319970,Carrie,Carrie,2002-11-04,4.1159,6.2,578,"[27, 10770, 53]",en,5000000,0,132,"MGM Television, Trilogy Entertainment Group",David Carson,"Angela Bettis, Patricia Clarkson, Rena Sofer, Kandyse McClure, Emilie de Ravin"
2755,tt0257360,About Schmidt,About Schmidt,2002-12-12,4.1509,6.9,1409,"[18, 35]",en,30000000,105834556,125,"Avery Pix, New Line Cinema",Alexander Payne,"Jack Nicholson, Kathy Bates, Hope Davis, Dermot Mulroney, June Squibb"
5851,tt0284490,Showtime,Showtime,2002-03-14,4.5265,5.564,1113,"[28, 35]",en,85000000,77885672,95,"Material, NPV Entertainment, Tribeca Productions, Village Roadshow Pictures, Warner Bros. Pictures",Tom Dey,"Robert De Niro, Eddie Murphy, Rene Russo, William Shatner, Nestor Serrano"
10167,tt0297162,Half Past Dead,Half Past Dead,2002-11-15,4.3036,5.142,408,"[80, 28, 53]",en,25000000,19233280,98,"Franchise Pictures, Screen Gems, Modern Media Filmproduktion",Don Michael Paul,"Steven Seagal, Morris Chestnut, Ja Rule, Nia Peeples, Alexandra Kamp"
792327,,Tide Or Decapitation,Tide: Отрубание головы,2002-01-01,3.548,0.0,0,[27],ru,0,0,3,,Vladimir Yepifantsev,"Vladislava Kocherova, Tatiana Larionova, Vladimir Yepifantsev"
359647,,A Whistle,Fue,2002-01-01,3.3802,3.0,1,[16],ja,0,0,6,,Atsushi Wada,
13536,tt0269095,City by the Sea,City by the Sea,2002-09-06,4.6228,5.802,397,"[80, 18, 9648]",en,40000000,22433915,108,"Franchise Pictures, Brad Grey Pictures",Michael Caton-Jones,"Robert De Niro, Frances McDormand, James Franco, Eliza Dushku, William Forsythe"
10133,tt0284978,Cypher,Cypher,2002-10-01,3.5362,6.631,659,"[53, 878]",en,7500000,898365,96,"Miramax, Pandora Cinema",Vincenzo Natali,"Jeremy Northam, Kristina Nicoll, Nigel Bennett, Kari Matchett, Lucy Liu"
11246,tt0274546,Hellraiser: Hellseeker,Hellraiser: Hellseeker,2002-10-15,4.2426,4.96,417,"[27, 53]",en,3000000,0,89,"Miramax, Dimension Films, Neo Art & Logic, Cold Day Ltd.",Rick Bota,"Dean Winters, Ashley Laurence, Rachel Hayward, Sarah-Jane Redmond, Doug Bradley"
9613,tt0278731,Spider,Spider,2002-11-06,3.7529,6.651,968,"[9648, 53]",en,10000000,5809240,98,"Davis Films, Artists Independent Network, Capitol Films, Grosvenor Park Productions, Catherine Bailey Productions, Odeon Films",David Cronenberg,"Ralph Fiennes, Miranda Richardson, Gabriel Byrne, Lynn Redgrave, John Neville"
37964,tt0297037,Brown Sugar,Brown Sugar,2002-10-05,3.7458,6.656,131,"[10749, 35]",en,8000000,27362712,109,"Fox Searchlight Pictures, Evergreen Productions, Heller Highwater Productions, Magic Johnson Entertainment, 20th Century Fox",Rick Famuyiwa,"Sanaa Lathan, Taye Diggs, Yasiin Bey, Nicole Ari Parker, Boris Kodjoe"
33176,tt0420138,Lupin the Third: Return of Pycal,ルパン三世 生きていた魔術師,2002-04-03,3.7378,6.021,70,"[16, 28, 35, 80]",ja,0,0,49,"TMS Entertainment, VAP, TFC",Mamoru Hamatsu,"Kanichi Kurita, Kiyoshi Kobayashi, Eiko Masuyama, Makio Inoue, Gorō Naya"
9572,tt0295375,Ants in the Pants 2,Knallharte Jungs,2002-03-13,3.7317,4.785,130,[35],de,0,0,83,"ARD, Constantin Film",Granz Henman,"Tobias Schenke, Axel Stein, Diana Amft, Rebecca von Mitzlaff, Nicky Kantor"
33875,tt0347791,Pokémon Heroes,劇場版ポケットモンスター 水の都の護神 ラティアスとラティオス,2002-07-13,3.7282,6.728,408,"[16, 12, 28, 14, 878]",ja,0,27756381,80,"Pikachu Project, Shogakukan Production, Tomy, The Pokémon Company, TV Tokyo, jeki, Media Factory, OLM, Shogakukan",Kunihiko Yuyama,"Rica Matsumoto, Ikue Otani, Mayumi Izuka, Yuji Ueda, Satomi Korogi"
9266,tt0300532,Blue Crush,Blue Crush,2002-08-16,3.7266,5.995,583,"[12, 10749, 18]",en,25000000,51842679,104,"Shutt/Jones Productions, Universal Pictures, Imagine Entertainment, Mikona Productions",John Stockwell,"Kate Bosworth, Matthew Davis, Michelle Rodriguez, Sanoe Lake, Mika Boorem"
60517,tt0286989,Stranded,Stranded,2002-01-12,3.7253,6.9,18,"[10770, 12, 18, 53]",en,0,0,176,"Hallmark Entertainment, MAT II Productions",Charles Beeson,"Liam Cunningham, Brana Bajic, Roger Allam, Jesse Spencer, Neil Newbon"
16643,tt0282687,Life or Something Like It,Life or Something Like It,2002-04-24,3.7046,5.707,652,"[35, 18, 10749]",en,40000000,16872671,103,"Regency Enterprises, Davis Entertainment, New Regency Pictures, Epsilon Motion Pictures",Stephen Herek,"Angelina Jolie, Edward Burns, Tony Shalhoub, Christian Kane, Melissa Errico"
13098,tt0259484,Paid in Full,Paid in Full,2002-10-25,3.7046,6.878,255,"[28, 80, 18]",en,0,3100000,98,"Loud Films, Roc-a-fella Films, Dimension Films, RAT Entertainment",Charles Stone III,"Wood Harris, Cam'ron, Mekhi Phifer, Kevin Carroll, Chi McBride"
52526,tt0341625,Three Birds,Tres pájaros,2002-10-31,3.697,4.5,4,"[12, 10749]",es,0,0,100,,Carlos Jaureguialzo,"Daniel Kuzniecka, Isabel Achaval, Manuel Vicente, Duilio Marzio"
13376,tt0271263,Eight Crazy Nights,Eight Crazy Nights,2002-11-27,3.6944,5.23,387,"[16, 35]",en,34000000,23833131,76,"Columbia Pictures, Happy Madison Productions",Seth Kearsley,"Adam Sandler, Jackie Sandler, Kevin Nealon, Austin Stout, Rob Schneider"
9093,tt0240510,The Four Feathers,The Four Feathers,2002-09-08,3.6886,6.642,611,"[28, 12, 18, 10749, 10752]",en,35000000,29882645,132,"Paramount Pictures, Miramax, Jaffilms Inc., Belhaven Limited, Dune Films, Marty Katz Productions",Shekhar Kapur,"Heath Ledger, Wes Bentley, Kate Hudson, Djimon Hounsou, Alex Jennings"
26189,tt0282521,Get a Clue,Get a Clue,2002-06-28,3.6673,5.314,250,"[10751, 35, 9648]",en,0,0,83,Flagstaff Pictures,Maggie Greenwald,"Lindsay Lohan, Bug Hall, Ian Gomez, Brenda Song, Al Mukadam"
47387,tt0289786,Some Secrets,Výlet,2002-03-21,3.6657,6.4,7,"[18, 35]",cs,0,0,103,"Filmia, Česká televize, Ars Media, Amp – Studio Virtual, Milk and Honey, Universal Production Partners, Allied VideoAssist Rental, Studio Bystrouška, Construction Heads, Film 1635",Alice Nellis,"Iva Janžurová, Theodora Remundová, Sabina Remundová, Igor Bareš, Naďa Kotršová"
11458,tt0274711,People I Know,People I Know,2002-11-21,3.6527,5.2,189,"[18, 53]",en,20000000,5484302,100,"Myriad Pictures, Wildwood Enterprises, Galena, GreeneStreet Films, Chal Productions, In-Motion AG Movie & TV Productions",Daniel Algrant,"Al Pacino, Kim Basinger, Ryan O'Neal, Téa Leoni, Richard Schiff"
15186,tt0290212,Full Frontal,Full Frontal,2002-08-02,3.6495,4.637,115,"[35, 10749]",en,2000000,3438804,112,"Miramax, Populist Pictures",Steven Soderbergh,"David Duchovny, Nicky Katt, Catherine Keener, Mary McCormack, David Hyde Pierce"
18357,tt0276033,The Country Bears,The Country Bears,2002-07-26,3.6338,4.7,135,"[12, 35, 10751]",en,35000000,18012097,88,Walt Disney Pictures,Peter Hastings,"Haley Joel Osment, James Gammon, Christopher Walken, Diedrich Bader, Brad Garrett"
8094,tt0318411,The Magdalene Sisters,The Magdalene Sisters,2002-08-30,3.6328,7.461,489,"[18, 36]",en,5000000,21107578,119,"Scottish Screen, Fís Éireann/Screen Ireland, Momentum Pictures, PFP Films, Temple Films, Dumfries & Galloway Council, South West Scotland Screen Commission, Scottish Enterprise Dumfries & Galloway, UK Film Council's New Cinema Fund, Element Pictures",Peter Mullan,"Anne-Marie Duff, Nora-Jane Noone, Dorothy Duffy, Geraldine McEwan, Eileen Walsh"
13435,tt0168786,Antwone Fisher,Antwone Fisher,2002-12-19,3.6294,6.946,576,"[18, 36, 10749]",en,12500000,23400000,120,"Mundy Lane Entertainment, Fox Searchlight Pictures",Denzel Washington,"Denzel Washington, Derek Luke, Malcolm David Kelley, Cory Hodges, Viola Davis"
17187,tt0283530,The Emperor's Club,The Emperor's Club,2002-11-22,3.6211,7.126,413,[18],en,0,16300000,108,Universal Pictures,Michael Hoffman,"Kevin Kline, Emile Hirsch, Jesse Eisenberg, Rishi Mehta, Paul Dano"
10426,tt0293815,Friday After Next,Friday After Next,2002-11-22,3.8346,6.4,478,"[35, 18]",en,20000000,33526835,85,"New Line Cinema, Cube Vision",Marcus Raboy,"Ice Cube, Mike Epps, John Witherspoon, Don Curry, Anna Maria Horsford"
10994,tt0283139,White Oleander,White Oleander,2002-10-11,4.0511,7.021,432,[18],en,16000000,21657770,109,"John Wells Productions, Warner Bros. Pictures, Pandora Cinema",Peter Kosminsky,"Alison Lohman, Michelle Pfeiffer, Renée Zellweger, Robin Wright, Cole Hauser"
2752,tt0243736,40 Days and 40 Nights,40 Days and 40 Nights,2002-03-01,3.9888,5.473,1262,"[35, 10749]",en,17000000,95146283,94,"Miramax, Universal Pictures, Working Title, Milo Productions, StudioCanal",Michael Lehmann,"Josh Hartnett, Shannyn Sossamon, Paulo Costanzo, Vinessa Shaw, Maggie Gyllenhaal"
51822,tt0318292,Love Hurts,Amar te duele,2002-11-08,3.7788,8.1,380,"[18, 10749]",es,10000000,0,104,"Altavista Films, Videocine",Fernando Sariñana,"Luis Fernando Peña, Martha Higareda, Ximena Sariñana, Alfonso Herrera, Armando Hernández"
15028,tt0157472,Clockstoppers,Clockstoppers,2002-03-29,3.8733,5.316,361,"[12, 10751, 878, 53]",en,26000000,38793283,94,"Paramount Pictures, Nickelodeon Movies, Valhalla Motion Pictures",Jonathan Frakes,"Jesse Bradford, Paula Garcés, French Stewart, Michael Biehn, Robin Thomas"
1528607,tt0361481,Cuatro piernas,Cuatro piernas,2002-01-01,2.724,8.0,1,[18],es,0,0,82,,Eduardo Segura,"Carla Estamatti, Carolina Silva Scharovsky, Diana Quinteros, Laura Zapata"
1430,tt0310793,Bowling for Columbine,Bowling for Columbine,2002-10-09,3.9583,7.518,1739,"[99, 18]",en,4000000,35564473,120,"Vif Babelsberger Filmproduktion, Alliance Atlantis, Dog Eat Dog Films, Salter Street Films, United Artists",Michael Moore,"Michael Moore, George H. W. Bush, George W. Bush, Charlton Heston, Jacobo Árbenz"
10726,tt0283877,American Psycho II: All American Girl,American Psycho II: All American Girl,2002-06-18,3.7188,4.432,496,"[27, 53]",en,10000000,0,88,Lions Gate Films,Morgan J. Freeman,"Mila Kunis, Geraint Wyn Davies, William Shatner, Robin Dunne, Lindy Booth"
448891,,Mandé Mayé,Mandé Mayé,2002-11-20,2.9435,0.0,0,[],fr,0,0,0,,,"Philippe Calodat, Norlise Felicianne, Joël Jernidier"
12454,tt0286261,All or Nothing,All or Nothing,2002-10-18,3.8313,7.067,180,[18],en,9000000,2847049,128,"StudioCanal, Les Films Alain Sarde, Thin Man Films",Mike Leigh,"Timothy Spall, Lesley Manville, Alison Garland, James Corden, Ruth Sheen"
11022,tt0272207,Narc,Narc,2002-01-14,3.8338,6.776,613,"[80, 9648, 53]",en,6500000,12633747,105,"Julius R. Nasso Productions, Tiara Blu Films, Cruise/Wagner Productions, Emmett/Furla Films, Paramount Pictures, Applecreek Productions, Cutting Edge Entertainment, Echelon Productions, Lions Gate Films, Splendid Pictures, Grosvenor Park Productions",Joe Carnahan,"Jason Patric, Ray Liotta, Chi McBride, Krista Bridges, John Ortiz"
8198,tt0258068,The Quiet American,The Quiet American,2002-11-22,3.8093,6.548,343,"[10749, 53, 18, 10752]",en,30000000,27674124,101,"Mirage Enterprises, IMF Internationale Medien und Film 2 & Produktions, Giai Phong Film Studio, Saga Pictures, Miramax, Intermedia Films, Senator International, Pacifica Film",Phillip Noyce,"Michael Caine, Brendan Fraser, Đỗ Thị Hải Yến, Tzi Ma, Rade Šerbedžija"
18457,tt0283957,Dead Weight,Le Boulet,2002-04-10,4.1799,5.824,411,[35],fr,0,0,107,"France 2 Cinéma, France 3 Cinéma, TPS Cinéma, La Petite Reine, Warner Bros. Pictures","Frédéric Forestier, Alain Berbérian","Benoît Poelvoorde, Gérard Lanvin, José Garcia, Djimon Hounsou, Rossy de Palma"
13768,tt0283084,Tuck Everlasting,Tuck Everlasting,2002-10-11,3.674,6.7,516,"[18, 10751, 14, 10749]",en,15000000,19158074,90,Walt Disney Pictures,Jay Russell,"Alexis Bledel, William Hurt, Sissy Spacek, Jonathan Jackson, Scott Bairstow"
57100,tt0284066,Double Vision,雙瞳,2002-10-17,3.0438,6.631,84,"[9648, 27]",zh,0,0,112,"CP Film Production Asia, Nan Fang Film Productions, Columbia Pictures",Chen Kuofu,"Tony Leung Ka-fai, René Liu, David Morse, Leon Dai, Yang Kuei-mei"
67738,tt0290809,The Landlords,Mille millièmes,2002-08-07,3.6113,6.0,5,[35],fr,0,0,90,"Cofimage 12, Canal+",Rémi Waterhouse,"Grégori Derangère, Irène Jacob, Jean-Pierre Darroussin, Patrick Chesnais, Guillaume Canet"
13201,tt0231448,Deuces Wild,Deuces Wild,2002-05-03,3.8747,5.5,110,"[28, 80, 18]",en,10000000,6282446,96,"United Artists, CineWild, Cinerenta, Eternity Pictures, Presto Productions, The Antonia Company, Unity Productions, Metro-Goldwyn-Mayer",Scott Kalvert,"Stephen Dorff, Brad Renfro, Fairuza Balk, Norman Reedus, Max Perlich"
213674,tt0489931,Autopsy,Autopsia,2002-01-01,3.0911,6.5,2,[],es,0,0,93,,Milagros Bará,"Jesús Cabrero, Isabel Blanco, Abelardo Gabriel, Luisa Martínez, Jorge Ricoy"
10712,tt0297884,Far from Heaven,Far from Heaven,2002-11-08,4.1293,7.058,691,"[18, 10749]",en,13500000,29027914,107,"Vulcan Productions, Killer Films, John Wells Productions, Section Eight",Todd Haynes,"Julianne Moore, Dennis Quaid, Dennis Haysbert, Patricia Clarkson, Viola Davis"
325765,tt0410569,Rustling Landscapes,Šelestenje,2002-03-29,3.6026,4.857,7,[18],sl,0,0,90,Triglav film,Janez Lapajne,"Barbara Cerar, Rok Vihar, Gregor Zorc, Maša Derganc, Mateja Koležnik"
14787,tt0303151,Tom and Jerry: The Magic Ring,Tom and Jerry: The Magic Ring,2002-03-12,3.4307,6.401,284,"[16, 35, 10751, 14]",en,0,0,62,"Warner Bros. Animation, Turner Entertainment Co., Warner Bros. Family Entertainment",James T. Walker,"Jeff Bennett, Frank Welker, Charlie Schlatter, Jim Cummings, Maile Flanagan"
12636,tt0314111,Godzilla Against MechaGodzilla,ゴジラ×メカゴジラ,2002-11-02,3.4201,7.474,273,"[28, 878, 53]",ja,8500000,16000000,88,Toho Pictures,Masaaki Tezuka,"Yumiko Shaku, Shin Takuma, Kana Onodera, Koh Takasugi, Akira Nakao"
310434,tt0353245,Sudor amargo,Sudor amargo,2002-08-20,3.3633,4.75,4,[18],es,250000,0,90,Producciones Copelar,Sonia Valentín,"Alba Nydia Díaz, Yamaris Latorre, Yvonne Caro Caro, Esther Marí, Sonia Valentín"
293110,tt0341522,Pieniä eroja,Pieniä eroja,2002-04-26,3.3612,5.8,4,[18],fi,0,0,59,Kinotar,Mari Rantasila,"Vilma Vuorio, Jari Nissinen, Sara Malmberg, Lina Schiffer, Kirsti Valve"
136634,tt0333744,Kožené slunce,Kožené slunce,2002-09-08,3.3471,4.875,8,[35],cs,0,0,82,Česká televize,Karel Kachyňa,"Ondřej Vetchý, Jan Hrušínský, Zdeněk Palusga, Milan Šimáček, Lubor Tokoš"
27744,tt0274428,Divine Intervention,يد إلهية‎,2002-10-02,3.3371,6.6,57,"[18, 10749, 35]",ar,0,0,92,"Ognon Pictures, ARTE France Cinéma, Gimages Films, Soread-2M, Lichtblick Film, Hubert Bals Fund",Elia Suleiman,"Elia Suleiman, Nayef Fahoum Daher, Manal Khader, George Ibrahim, Jamel Daher"
29339,tt0309912,Nicholas Nickleby,Nicholas Nickleby,2002-12-27,3.3298,6.843,204,"[12, 18]",en,10000000,3651462,132,"Hart-Sharp Entertainment, Potboiler Productions, United Artists, Metro-Goldwyn-Mayer",Douglas McGrath,"Charlie Hunnam, Nathan Lane, Jim Broadbent, Christopher Plummer, Jamie Bell"
262236,tt0338163,John Ford Goes to War,John Ford Goes to War,2002-01-01,3.3212,5.5,8,[99],en,0,0,56,FBN Productions,Tom Thurman,"Kris Kristofferson, Peter Bogdanovich, Oliver Stone, Andrew Sarris, Leonard Maltin"
571363,tt0310702,Fizzy Bizness,Fizzy Bizness,2002-05-15,3.3161,9.0,1,[35],en,0,0,85,,Carl Goldstein,"Danny Smith, Brandon Quinn, Kevin Jubinville, Joris Jarsky, Panou"
3472,tt0301199,Dirty Pretty Things,Dirty Pretty Things,2002-09-05,3.2712,6.902,517,"[80, 18, 53]",en,0,0,97,"Miramax, BBC Film, Jonescompany Productions, Celador Films",Stephen Frears,"Audrey Tautou, Chiwetel Ejiofor, Sergi López, Benedict Wong, Sophie Okonedo"
4911,tt0279331,Dark Blue,Dark Blue,2002-12-14,3.2707,6.242,396,"[80, 53, 18]",en,15000000,12150301,118,"Intermedia Films, IM Filmproduktion, Cosmic Picture, Alphaville Films, United Artists, Metro-Goldwyn-Mayer",Ron Shelton,"Kurt Russell, Scott Speedman, Michael Michele, Brendan Gleeson, Ving Rhames"
107493,tt0333376,Tongman,Kleščar,2002-01-01,3.2649,8.0,1,[18],sl,0,0,77,"Dramsko društvo Muki, Perfo Production, RTV Slovenija",Matjaž Latin,"Aljoša Ternovšek, Mira Muršič, Iva Krajnc Bagola, Mateja Car, Peter Ternovšek"
246563,tt0299844,Forward!,Előre!,2002-10-29,3.2404,8.0,2,"[35, 10751, 10749]",hu,0,0,79,Budapest Film Kft.,Dániel Erdélyi,"Marozsán Erika, Sándor Gáspár, Enikő Tóth, Csaba Gáspár, Dezső Garas"
330094,tt0383729,Strange Exhibitions,Étranges exhibitions,2002-09-08,3.237,4.0,3,[],fr,0,0,0,Kerfaroc Films,"Benjamin Beaulieu, Laurent Lévy","Angela Tiger, Jif, Illona, Maud Kennedy, Pierre Mary"
704940,tt7906772,Pissu Double,පිස්සු ඩබල්,2002-04-04,3.2301,2.0,1,[35],si,0,0,134,,"Sunil Soma Peiris, Sudesh Wasantha Peiris","Ranjan Ramanayake, Bandu Samarasinghe, Dilhani Ekanayake, Vijaya Nandasiri, Rex Kodippili"
371354,tt0341491,Mörderherz,Mörderherz,2002-01-01,3.2291,9.0,1,[80],de,0,0,0,,Christian Görlitz,"Günther Maria Halmer, Julia Stemberger, Ulrich Matthes, Ken Duken, Imogen Kogge"
30301,tt0267261,Black Angel,Senso '45,2002-04-12,3.222,5.333,87,"[18, 10749, 53, 10752, 36]",it,0,347548,128,"Cine 2000, MiC, Tele+",Tinto Brass,"Anna Galiena, Gabriel Garko, Franco Branciaroli, Antonio Salines, Simona Borioni"
79006,tt0284442,Bâtards,Bâtards,2002-11-13,3.2178,8.0,1,[35],fr,0,0,90,,Frédéric Saurel,"Vanille Attié, Laëtitia Lacroix, Fabrice Moussy, André Penvern, Stéphane Derossis"
1445085,,As muxicas,As muxicas,2002-03-10,3.2128,0.0,0,"[18, 9648]",gl,0,0,0,,Carlos Alberto Alonso,"Fely Manzano, Tucho Lagares, Manuel Lourenzo (voz)"
13440,tt0270707,The Truth About Charlie,The Truth About Charlie,2002-10-25,3.2077,4.875,199,"[53, 9648]",en,0,0,104,"Universal Pictures, Clinica Estetico, Magnet Entertainment, Mediastream Zweite Film",Jonathan Demme,"Thandiwe Newton, Mark Wahlberg, Tim Robbins, Christine Boisson, LisaGay Hamilton"
30072,tt0256276,Possession,Possession,2002-08-16,3.1949,5.977,197,"[18, 9648, 10749]",en,25000000,10113733,102,"Focus Features, Warner Bros. Pictures, Contagious Films, Spring Creek Pictures, Baltimore Pictures",Neil LaBute,"Gwyneth Paltrow, Aaron Eckhart, Jeremy Northam, Jennifer Ehle, Lena Headey"
25556,tt0345543,The Land Before Time IX: Journey to Big Water,The Land Before Time IX: Journey to Big Water,2002-12-17,3.1946,6.3,240,"[16, 12, 10751]",en,0,0,71,"Universal Cartoon Studios, Wang Film Productions",Charles Grosvenor,"John Ingle, Kenneth Mars, Miriam Flynn, Thomas Dekker, Anndi McAfee"
35172,tt0291172,The Son,Le Fils,2002-10-04,3.1839,7.474,173,[18],fr,0,0,103,"Archipel 33>35, Les Films du Fleuve, RTBF","Jean-Pierre Dardenne, Luc Dardenne","Olivier Gourmet, Morgan Marinne, Isabella Soupart, Nassim Hassaïni, Pierre Nisse"
295356,tt4836704,Wüstenspringmaus,Wüstenspringmaus,2002-09-28,3.1718,7.0,1,"[35, 99]",en,0,0,3,,Jim Finn,
336332,tt0326861,The Wait,La Espera,2002-09-30,3.1621,5.4,5,[18],es,0,0,72,Austero Producciones,Aldo Garay,"Verónica Perrotta, Elena Zuasti, Walter Reyno, Roberto Suárez, Claudio Castro"
38157,tt0254872,Wishmaster: The Prophecy Fulfilled,Wishmaster: The Prophecy Fulfilled,2002-06-10,3.1578,4.596,188,"[27, 14]",en,500000,0,92,"Paquin Entertainment Group, Overseas FilmGroup, Artisan Entertainment, Blue Rider Pictures, GFT Entertainment",Chris Angel,"Tara Spencer-Nairn, Michael Trucco, Jason Thompson, John Novak, Victor Webster"
6020,tt0279781,Sorority Boys,Sorority Boys,2002-03-22,3.152,5.775,280,[35],en,12000000,12517488,93,Touchstone Pictures,Wallace Wolodarsky,"Barry Watson, Michael Rosenbaum, Harland Williams, Melissa Sagemiller, Tony Denman"
40640,tt0309404,Bungalow,Bungalow,2002-05-24,3.1307,5.5,19,[18],de,0,0,84,Peter Stockhaus Filmproduktion GmbH,Ulrich Köhler,"Lennie Burmeister, Trine Dyrholm, Devid Striesow, Nicole Gläser, Jörg Malchow"
17710,tt0314166,Hey Arnold! The Movie,Hey Arnold! The Movie,2002-06-28,3.1093,6.517,382,"[16, 35, 10751, 12, 18, 53]",en,3000000,15249308,76,"Paramount Pictures, Nickelodeon Movies, Snee-Oosh Inc., Nickelodeon Animation Studio",Tuck Tucker,"Spencer Klein, Francesca Marie Smith, Jamil Walker Smith, Dan Castellaneta, Tress MacNeille"
10389,tt0325655,The Eye,見鬼,2002-05-09,3.1004,6.577,479,[27],cn,10706075,1766761,98,"Applause Pictures, MediaCorp Raintree Pictures, Film Workshop, Fortissimo Films, Advertising Production","Oxide Pang Chun, Danny Pang Phat","Angelica Lee Sin-Jie, Lawrence Chou Chun-Wai, Candy Lo Hau-Yam, Edmund Chen, Yut Lai So"
252969,tt0199007,Secret Pleasures,Secret Pleasures,2002-10-15,3.0744,3.136,11,"[18, 80]",en,0,0,90,"Hollywood DVD Ltd., MRG Entertainment, Industrial Entertainment",Michael Paul Girard,"Kim Yates, Rick Majeske, Nikki Fritz, Everett Rodd, Ahmo Hight"
11056,tt0273517,Darkness,Darkness,2002-10-11,3.0742,5.66,441,[27],en,10600000,33988736,88,"Vía Digital, Filmax Entertainment, Dimension Films, Castelao Productions",Jaume Balagueró,"Anna Paquin, Lena Olin, Iain Glen, Giancarlo Giannini, Fele Martínez"
202476,tt0235807,Stolen Tangos,Tangos Volés,2002-04-18,3.0606,6.0,5,"[10749, 35]",en,0,0,95,"Alphaville Productions, Filmoblic",Eduardo de Gregorio,"Liberto Rabal, Sylvie Testud, Guy Marchand, Juan Echanove, Kiti Mánver"
592666,,Granny,Granny,2002-01-01,3.0493,0.0,0,[],en,0,0,6,,Valentina Homem,
188098,tt0315203,Burn with Me,Arderás conmigo,2002-01-18,3.0471,4.833,6,[80],es,0,0,105,"Lotus Films, Canal+, TVE",Miguel Ángel Sánchez,"Cristina Silva, Daniel Cabello, Manuel de Blas, Julieta Serrano"
334987,tt0327675,Whiteface,Whiteface,2002-05-04,3.0388,7.0,2,"[10770, 80]",de,0,0,92,"RTL, Rialto Film",Wolfgang F. Henschel,"Gunter Berger, Mariella Ahrens, Eddi Arent, Horst Bollmann, Christel Peters"
833890,tt5972452,Blanche faïence,Blanche faïence,2002-02-20,3.0335,6.5,2,[16],fr,0,0,3,Lardux Films,Gérard Ollivier,"Sunniva Labarthe, Bernard Labarthe"
2750,tt0274309,24 Hour Party People,24 Hour Party People,2002-02-13,3.021,7.0,533,"[35, 18, 10402]",en,0,2802899,117,"The Film Consortium, United Artists, Film4 Productions, Revolution Films, Baby Cow Productions",Michael Winterbottom,"Steve Coogan, Lennie James, Paddy Considine, Shirley Henderson, Andy Serkis"
540208,tt2438930,Stalking Leopards,Stalking Leopards,2002-06-30,3.0204,10.0,2,[99],en,0,0,54,National Geographic,,Keith David
1759628,tt2271313,Editio,Editio,2002-01-01,3.0172,10.0,1,"[9648, 14]",es,0,0,11,"IMAGYX Entertainment, Studio Mart",Gabriel Guzmán,"Luis Roberto Tamez, Hernán Garza, Priscila Narro"
129171,tt1594970,Fox Ghost,聊齋誌異之孽慾孤鬼,2002-01-01,3.0902,3.8,5,[14],cn,0,0,97,Matrix Productions,Stanley Tong Man-Hong,"Sophie Ngan Chin-Man, Keung Ho-man, Matthew Ng Ting, Miyuki Hôrai, Junko Akeno"
44725,tt0997084,One Piece: Chopper's Kingdom on the Island of Strange Animals,ワンピース 珍獣島のチョッパー王国,2002-03-02,3.2942,6.71,236,"[28, 16, 12]",ja,0,13107237,56,"Toei Animation, Toei Company, Shueisha, Fuji Television Network, Bandai",Junji Shimizu,"Mayumi Tanaka, Kazuya Nakai, Akemi Okamura, Kappei Yamaguchi, Hiroaki Hirata"
10599,tt0255477,Pinocchio,Pinocchio,2002-10-11,3.1439,5.737,796,"[35, 10751, 14]",it,40000000,41323171,110,"Melampo Cinematografica, Cecchi Gori Group Fin.Ma.Vi",Roberto Benigni,"Roberto Benigni, Nicoletta Braschi, Mino Bellei, Carlo Giuffrè, Peppe Barra"
11535,tt0246894,Rollerball,Rollerball,2002-02-08,3.5094,3.89,527,"[28, 878, 53]",en,70000000,25852764,98,"Atlas Entertainment, TOHO-TOWA, Mosaic Media Group, Yorktown Productions, Helkon Media, Metro-Goldwyn-Mayer",John McTiernan,"Chris Klein, LL Cool J, Rebecca Romijn, Naveen Andrews, Jean Reno"
4107,tt0280491,Bloody Sunday,Bloody Sunday,2002-01-25,3.1125,7.2,370,"[18, 36]",en,0,773228,107,"Granada Television, Portman Entertainment Group, Fís Éireann/Screen Ireland, Hell's Kitchen, Paramount Classics",Paul Greengrass,"James Nesbitt, Allan Gildea, Gerard Crossan, Mary Moulds, Carmel McCallion"
20616,tt0283026,Swimfan,Swimfan,2002-09-06,2.9122,5.259,299,"[53, 9648, 10749, 18]",en,8500000,34411240,84,"Forrest Films, GreeneStreet Films, Cobalt Media Group, Furthur Films, 20th Century Fox",John Polson,"Jesse Bradford, Erika Christensen, Shiri Appleby, Kate Burton, Jason Ritter"
12576,tt0286306,Deathwatch,Deathwatch,2002-10-06,3.0873,5.738,233,"[18, 27, 53, 10752]",en,0,2300000,94,"Q&Q Medien, Portobello Pictures, Bavaria Film, Odyssey Entertainment, ApolloMedia, Film and Music Entertainment",MJ Bassett,"Jamie Bell, Rúaidhrí Conroy, Mike Downey, Laurence Fox, Roman Horák"
13950,tt0278295,All About the Benjamins,All About the Benjamins,2002-03-08,3.833,5.889,194,"[28, 12, 35, 80, 53]",en,14000000,25482931,95,"New Line Cinema, Cube Vision, Flipside Entertainment",Kevin Bray,"Ice Cube, Mike Epps, Eva Mendes, Tommy Flanagan, Carmen Chaplin"
9259,tt0321436,Bibi Blocksberg,Bibi Blocksberg,2002-09-25,3.437,6.0,88,"[12, 35, 10751, 14]",de,0,0,102,"Bavaria Film, Odeon Film",Hermine Huntgeburth,"Sidonie von Krosigk, Katja Riemann, Ulrich Noethen, Max Befort, Corinna Harfouch"
125794,tt0288115,Be My Star,Mein Stern,2002-01-03,2.7035,6.154,13,"[10749, 18]",de,0,0,65,"Filmakademie Wien, Hochschule für Film und Fernsehen 'Konrad Wolf'",Valeska Grisebach,"Nicole Gläser, Christopher Schöps, Monique Gläser, Jeanine Gläser, Anika Jahn"
162095,tt1147526,Doraemon: Nobita and the Robot Kingdom,映画ドラえもん のび太とロボット王国,2002-03-09,3.4188,6.481,28,"[16, 12, 14, 878, 10751]",ja,0,21100000,81,"Shogakukan, TV Asahi, Shin-Ei Animation",Tsutomu Shibayama,"Nobuyo Oyama, Noriko Ohara, Michiko Nomura, Kaneta Kimotsuki, Kazuya Tatekabe"
20648,tt0265010,100 Women,100 Women,2002-10-18,2.8246,4.5,57,"[35, 10749]",en,0,0,95,"Dream Entertainment, Michael/Finney Productions, Film and Music Entertainment",Michael Davis,"Chad Donella, Jennifer Morrison, Erinn Bartlett, Steve Monroe, Chene Lawson"
10575,tt0246677,Heaven,Heaven,2002-02-06,3.0568,6.478,299,"[18, 53, 10749, 80]",en,11000000,4251037,96,"Miramax, X Filme Creative Pool, Mirage Enterprises, Noé Productions",Tom Tykwer,"Cate Blanchett, Giovanni Ribisi, Remo Girone, Stefania Rocca, Alessandro Sperduti"
368534,tt2165999,Naked Poison II,獸性新人類II：失憶性行為,2002-06-05,2.6129,5.2,10,"[80, 9648, 53]",cn,0,0,100,Matrix Productions,Batman Hung,"Sophie Ngan Chin-Man, Mark Cheng Ho-Nam, Matthew Ng Ting, Ruby Wong Jo-Yi, CoCo Chow Ka-Yu"
9583,tt0279778,Divine Secrets of the Ya-Ya Sisterhood,Divine Secrets of the Ya-Ya Sisterhood,2002-06-07,3.5121,6.049,265,"[35, 18]",en,27000000,73839240,116,"All Girl Productions, Gaylord Productions",Callie Khouri,"Sandra Bullock, Ellen Burstyn, Fionnula Flanagan, James Garner, Cherry Jones"
595096,,Two Sisters,Deux Soeurs,2002-01-01,3.1446,0.0,0,[99],fr,0,0,58,"Agat Films & Cie / Ex Nihilo, CBA, Cityzen Télévision, Dérives",Jasna Krajinovic,"Violeta Dukay, Vyollca Dukay"
47354,tt0328007,K-9: P.I.,K-9: P.I.,2002-07-30,3.3693,5.952,217,"[28, 35, 80]",en,0,0,95,Universal Pictures,Richard J. Lewis,"Jim Belushi, Gary Basaraba, Jody Racicot, Blu Mankuma, Christopher Shyer"
21118,tt0219400,Waking Up in Reno,Waking Up in Reno,2002-12-13,3.6572,5.018,111,"[35, 10749]",en,0,261603,91,Miramax,Jordan Brady,"Natasha Richardson, Charlize Theron, Billy Bob Thornton, Patrick Swayze, David Koechner"
436713,tt0373699,On Borders,Aux frontières,2002-10-30,2.7565,8.0,1,[99],fr,0,0,60,"Wallonie Image Production, Movimento Productions, Versus Production",Danielle Arbid,
27259,tt0251806,Long Time Dead,Long Time Dead,2002-01-18,3.161,5.223,149,"[27, 53]",en,0,13102295,94,"StudioCanal, Midfield Films, Working Title, WT² Productions",Marcus Adams,"Joe Absolom, Lara Belmont, Melanie Gutteridge, Lukas Haas, James Hillier"
9026,tt0278500,The Importance of Being Earnest,The Importance of Being Earnest,2002-05-17,4.0186,6.8,518,"[35, 18, 36, 10749]",en,15000000,17300000,97,"Ealing Studios, Miramax, Fragile Films",Oliver Parker,"Rupert Everett, Colin Firth, Reese Witherspoon, Judi Dench, Tom Wilkinson"
22537,tt0366621,Inuyasha the Movie 2: The Castle Beyond the Looking Glass,犬夜叉 鏡の中の夢幻城,2002-12-22,3.0236,7.671,164,"[28, 16, 12, 14]",ja,0,7506630,100,"Shogakukan Production, Shogakukan, Yomiuri Telecasting Corporation, SUNRISE, Nippon Television Network Corporation, TOHO",Toshiya Shinohara,"Kappei Yamaguchi, Satsuki Yukino, Koji Tsujitani, Houko Kuwashima, Kumiko Watanabe"
27915,tt0321376,Balseros,Balseros,2002-04-12,2.4253,6.5,16,[99],es,0,62153,120,Bausan Films,"Josep Maria Domènech, Carlos Bosch","Maria Celeste Arraras, Fidel Castro, Bill Clinton, Guillermo Armas"
16311,tt0280490,The Hard Word,The Hard Word,2002-05-30,2.8848,5.481,54,"[28, 35, 80]",en,0,0,102,"Wildheart Films, Alibi Films",Scott Roberts,"Guy Pearce, Robert Taylor, Rachel Griffiths, Joel Edgerton, Damien Richardson"
9027,tt0280720,The Guru,The Guru,2002-08-21,3.3673,5.339,255,"[35, 10749, 18]",en,0,24128678,91,"Universal Pictures, StudioCanal, Working Title, Kalima Productions",Daisy von Scherler Mayer,"Jimi Mistry, Heather Graham, Marisa Tomei, Michael McKean, Dash Mihok"
10550,tt0308208,Ballistic: Ecks vs. Sever,Ballistic: Ecks vs. Sever,2002-09-20,3.7794,4.3,405,"[28, 12, 53, 878]",en,70000000,19924033,91,"Franchise Pictures, Chris Lee Productions, MHF Erste Academy Film, Epsilon Motion Pictures",Wych Kaosayananda,"Antonio Banderas, Lucy Liu, Gregg Henry, Ray Park, Talisa Soto"
17963,tt0342965,Gone Nutty,Gone Nutty,2002-11-26,2.7016,7.0,225,"[16, 12, 35, 10751]",en,0,0,5,"20th Century Fox, Blue Sky Studios",Carlos Saldanha,Chris Wedge
11304,tt0312318,9/11,9/11,2002-03-10,3.2367,7.9,132,[99],en,0,0,128,"Goldfish Pictures, Reveille Productions, Universal Home Entertainment","Jules Naudet, Gédéon Naudet, James Hanlon","Tony Benatatos, Jamal Braithwaite, Joseph Casaliggi, James Hanlon, Joseph W. Pfeifer"
258736,tt0330790,O Príncipe,O Príncipe,2002-08-09,2.6272,6.7,3,[18],pt,0,0,102,"Quanta Centro de Produções Cinematográficas, TV Cultura, SP Filmes de São Paulo",Ugo Giorgetti,"Eduardo Tornaghi, Bruna Lombardi, Ricardo Blat, Nydia Lícia, Ewerton de Castro"
340153,tt0309106,Yellow Dwarf,Жёлтый карлик,2002-01-11,2.678,3.2,5,"[10749, 35]",ru,0,0,100,Group of companies GP,Dmitriy Astrakhan,"Aleksandr Abdulov, Elena Proklova, Anna Legchilova, Igor Bochkin, Mikhail Parygin"
16802,tt0347014,Forbidden,Forbidden,2002-06-25,3.1011,5.1,20,"[18, 10749]",en,1200000,0,84,"Creative Light Entertainment, Fat Face Productions, Sapphire Films",Robert Kubilos,"Renee Rea, Dillon Morgan Silver, Tracy Ryan, Jason Schnuit, Jeniffer Kush"
15909,tt0304283,Kermit's Swamp Years,Kermit's Swamp Years,2002-09-03,2.9649,5.818,44,"[14, 10751, 35]",en,0,0,82,"Columbia TriStar Home Entertainment, Jim Henson Home Entertainment",David Gumpel,"Steve Whitmire, Bill Barretta, Joey Mazzarino, Alice Dinnean, John E. Kennedy"
310714,tt0112713,Conducting Mahler,Conducting Mahler,2002-06-06,2.5306,9.0,2,"[99, 10402]",en,0,0,75,"AVRO Television, Allegri Film",Frank Scheffer,"Riccardo Chailly, Gustav Mahler, Bernard Haitink, Simon Rattle, Claudio Abbado"
31005,tt0179098,Moonlight Mile,Moonlight Mile,2002-09-09,3.3088,6.3,245,"[10749, 18]",en,21000000,10011050,117,"Punch Productions, Touchstone Pictures, Reveal Entertainment, Hyde Park Entertainment, Gran Via Productions",Brad Silberling,"Dustin Hoffman, Susan Sarandon, Jake Gyllenhaal, Alexia Landeau, Ellen Pompeo"
927086,,Súhra,Súhra,2002-01-01,2.594,0.0,0,[99],sk,0,0,0,,Pavol Barabáš,"Roman Wetter, Anton Miklovič, Ján Mesiarkin, Branislav Slaný, Igor Pribula"
15917,tt0238936,Devdas,देवदास,2002-07-11,3.2102,7.494,391,"[18, 10749]",hi,6663555,13311117,185,"V.I.P. Films, Mega Bollywood Private Limited",Sanjay Leela Bhansali,"Shah Rukh Khan, Aishwarya Rai Bachchan, Madhuri Dixit, Jackie Shroff, Smita Jaykar"
84800,tt0291180,Angel Blade,Angel Blade,2002-02-10,2.915,3.7,10,[53],en,2000000,0,93,"Revolution Film Works Ltd., Vegas Knights Film Productions Ltd.",David Heavener,"David Heavener, Marc Singer, Margot Kidder, Richard Moll, Louis Mandylor"
278516,tt0360396,Avatars Offline,Avatars Offline,2002-06-15,2.4688,6.0,3,[99],en,0,0,75,,Daniel Liatowitsch,
9707,tt0281686,Bubba Ho-tep,Bubba Ho-tep,2002-06-09,2.9608,6.472,724,"[35, 27, 53, 9648, 14]",en,1000000,1239541,92,Silver Sphere Corporation,Don Coscarelli,"Bruce Campbell, Ossie Davis, Ella Joyce, Heidi Marnhout, Bob Ivy"
400512,tt0311878,The Rite of Spring,Svěcení jara,2002-12-01,2.5335,8.0,1,[99],cs,0,0,52,,Jana Ševčíková,
13560,tt0290210,Max,Max,2002-09-10,2.7665,6.165,118,"[10752, 18]",en,11000000,0,106,"Pathé Pictures International, Alliance Atlantis, AAMPI Inc., H2O Motion Pictures, Aconit Pictures, JAP Films, Natural Nylon II, Neue Bioskop Film",Menno Meyjes,"John Cusack, Noah Taylor, Leelee Sobieski, Molly Parker, Kevin McKidd"
354482,tt0411629,Manual,Manual,2002-08-14,2.7621,7.5,2,[],en,0,0,10,,"Matthias Müller, Christoph Girardet",
260011,tt0365691,Roadkill,Roadkill,2002-09-28,2.7615,5.667,3,[35],en,0,0,5,Motel Films,Jeroen Annokkee,"Edgar Danz, Susan Visser"
16351,tt0273435,Ararat,Ararat,2002-05-20,2.7597,6.145,100,"[18, 10752, 36]",en,0,0,115,"Ego Film Arts, Alliance Atlantis, Serendipity Point Films, ARP Sélection, Téléfilm Canada",Atom Egoyan,"Simon Abkarian, Charles Aznavour, Christopher Plummer, Arsinée Khanjian, David Alpay"
103548,tt0254718,Prüfstand VII,Prüfstand VII,2002-05-23,2.7542,6.5,4,"[99, 18]",de,0,0,112,,Robert Bramkamp,"Inga Busch, Matthias Fuchs, Peter Lohmeyer, Mario Mentrup"
87292,tt0299178,Thoth,Thoth,2002-05-10,2.7533,5.615,13,[99],en,0,0,40,,Sarah Kernochan,S.K. Thoth
37910,tt0370754,Voices of a Distant Star,ほしのこえ,2002-02-02,2.752,6.526,343,"[16, 878, 10749]",ja,0,0,25,CoMix Wave Films,Makoto Shinkai,"Makoto Shinkai, Mika Shinohara, Donna Burke, Chihiro Suzuki, Sumi Mutoh"
21605,tt0283054,Thunderpants,Thunderpants,2002-05-24,2.752,3.4,92,"[35, 10751, 878]",en,0,0,87,"CP Medien, Mission Pictures, Pathé Pictures International",Peter Hewitt,"Simon Callow, Stephen Fry, Celia Imrie, Paul Giamatti, Ned Beatty"
568814,tt0239098,Pal System,Krugerandy,2002-11-12,2.7461,9.0,1,[18],pl,0,0,91,"Best Film, Wytwórnia Filmów Fabularnych we Wrocławiu, Figaro Film Production, Telewizja Polska",Wojciech Nowak,"Marcin Dorociński, Maciej Stuhr, Jerzy Trela, Beata Tyszkiewicz, Borys Jaźnicki"
303898,tt0289770,Cut Throat,Cut Throat,2002-12-17,2.7445,4.8,9,[27],en,0,0,90,Shadow Entertainment,Keith Walley,"Luciano Saber, Kate Norby, Cory Almeida, Raquel Baldwin, Paityn James"
9555,tt0252444,Rabbit-Proof Fence,Rabbit-Proof Fence,2002-02-04,2.7391,7.004,402,"[12, 18, 36]",en,6000000,16200000,94,"Rumbalara Films, Showtime Australia, Olsen Levy Productions, Australian Film Finance Corporation, Becker Entertainment, HanWay Films",Phillip Noyce,"Everlyn Sampi, Tianna Sansbury, Laura Monaghan, David Gulpilil, Ningali Lawford"
17774,tt0298296,Derailed,Derailed,2002-05-19,2.7375,5.227,319,"[28, 53]",en,11000000,297835,88,"777 Films Corporation, Halt Productions, Millennium Media",Bob Misiorowski,"Jean-Claude Van Damme, Tomas Arana, Laura Harring, Simona Williams, Susan Gibney"
1958,tt0283832,8 Women,8 femmes,2002-02-06,2.7328,6.896,1094,"[35, 53, 9648]",fr,8000000,42400000,111,"Fidélité Productions, France 2 Cinéma, Mars Films, BiM Distribuzione",François Ozon,"Catherine Deneuve, Isabelle Huppert, Fanny Ardant, Firmine Richard, Emmanuelle Béart"
16646,tt0318034,Russian Ark,Русский ковчег,2002-05-22,2.7326,7.221,516,"[18, 14, 36]",ru,0,6723732,99,"The State Hermitage Museum, The Hermitage Bridge Studio, Egoli Tossell Pictures",Aleksandr Sokurov,"Sergey Dreyden, Mariya Kuznetsova, Leonid Mozgovoy, Mikhail Piotrovsky, Edisher (Davit) Giorgobiani"
321016,tt0355219,Computer assault,Asalto informático,2002-01-04,2.7309,7.0,3,"[53, 10770]",es,0,0,105,"TVG, Canal Sur, Pausoka S.A., Paso al Sur S.L., TeleMadrid, TV3, EiTB, À Punt",Miguel Ángel Carrasco,"José Luis García Pérez, Antonio Dechent, Paco León, Lucina Gil, Paco Luna"
37748,tt0292886,800 Bullets,800 balas,2002-10-18,2.7306,5.819,113,"[35, 28, 37]",es,4380750,1947000,124,"Alan Young Pictures, Panico Films, Canal+ España, TVE, EiTB",Álex de la Iglesia,"Sancho Gracia, Ángel de Andrés López, Carmen Maura, Eusebio Poncela, Luis Castro"
1073382,,The Qing Palace's Secret Affairs 3,清宫性史3之名妓风流,2002-01-01,2.727,6.0,1,[18],zh,0,0,0,,,
15074,tt0283160,Extreme Ops,Extreme Ops,2002-11-27,2.72,4.817,109,"[28, 12, 53]",en,40000000,10959475,93,"Paramount Pictures, Extreme Productions, ApolloMedia, MDP Worldwide, The Carousel Picture Company, Diamant Cohen Productions",Christian Duguay,"Devon Sawa, Bridgette Wilson, Rufus Sewell, Rupert Graves, Heino Ferch"
102828,tt0336231,Dadá,Dadá,2002-08-09,2.717,8.25,2,[],en,0,0,20,,Eduardo Vaisman,"Thaísa Medina, Jésus Lino, Jonathan Haagensen, Gutti Fraga, Luciana Bezerra"
45044,tt0295743,Friday Night,Vendredi soir,2002-09-11,2.714,6.171,38,"[18, 10749]",fr,0,0,86,"Arena Films, France 2 Cinéma, France Télévision Images",Claire Denis,"Valérie Lemercier, Vincent Lindon, Hélène Fillières, Hélène de Saint-Père, Grégoire Colin"
9104,tt0252299,Buffalo Soldiers,Buffalo Soldiers,2002-10-31,3.2559,6.305,359,"[18, 35, 10752, 80, 53]",en,15000000,2300805,98,"Film4 Productions, Good Machine, Odeon Film, Grosvenor Park Productions, Gorilla Entertainment, Strange Fiction",Gregor Jordan,"Joaquin Phoenix, Ed Harris, Scott Glenn, Anna Paquin, Elizabeth McGovern"
9045,tt0280653,Amen.,Amen.,2002-02-27,2.7295,6.952,389,"[18, 36]",fr,0,0,132,"Katharina, Renn Productions, KC Medien, TF1 Films Production",Costa-Gavras,"Ulrich Tukur, Mathieu Kassovitz, Ulrich Mühe, Michel Duchaussoy, Marcel Iureș"
31932,tt0164003,City of Ghosts,City of Ghosts,2002-09-10,3.1557,5.866,97,"[53, 80]",en,17500000,1277187,116,"United Artists, Metro-Goldwyn-Mayer",Matt Dillon,"Matt Dillon, James Caan, Natascha McElhone, Gérard Depardieu, Stellan Skarsgård"
37270,tt0202623,The Third Wheel,The Third Wheel,2002-05-31,3.0235,5.3,130,"[35, 10749]",en,0,0,87,"HSI Tomorrow Film, LivePlanet, Miramax",Jordan Brady,"Luke Wilson, Denise Richards, Jay Lacopo, Ben Affleck, Phill Lewis"
461927,,Visionários,Visionários,2002-01-01,2.475,0.0,0,[99],pt,0,0,15,,Fernando Severo,
1073380,,The Qing Palace's Secret Affairs 1,清宫性史1之无能皇帝,2002-01-01,2.6298,5.0,2,[18],zh,0,0,0,,,
250192,,Strike Three,Strike Three,2002-09-01,2.4296,0.0,0,[],en,0,0,0,Level 1 Productions,Josh Berman,
102428,tt0332743,Salomé,Salomé,2002-11-22,2.6567,6.417,12,"[18, 10402]",en,0,0,85,"ZVE, Zebra Producciones",Carlos Saura,"Aída Gómez, Pere Arquillué, Paco Mora, Javier Toca, Carmen Villena"
51780,tt0251951,Pretty Cool,Pretty Cool,2002-01-01,2.4592,3.464,14,"[14, 35]",en,0,0,92,,Rolfe Kanefsky,"Will Burke, Alexis Thorpe, Gerard Karsenty, Amy Brassette, Cecilia Bergqvist"
1544635,,Empty Rooms: The Aftermath of Terror,Empty Rooms,2002-01-01,2.3347,0.0,0,[99],en,0,0,52,AVA Productions,Willy Lindwer,
269990,tt0273457,Beauty Betrayed,Beauty Betrayed,2002-07-06,2.592,6.2,9,"[18, 53, 80]",en,0,0,98,Indigo Entertainment,John Quinn,"Brad Bartram, Barbara Fixx, Renee Rea, Justin Carroll, Anna de Cardi"
795354,tt0349787,Mapupulang Rosas,Mapupulang Rosas,2002-09-20,2.438,4.667,3,[18],en,0,0,86,"Taurus Films International, Taurus Film",Angelo De Guzman,"Allona Amor, Amalia Jones, Katrina Paula, Pamela Ortiz, Rona Reyes"
495472,tt0354990,Undying Love,Undying Love,2002-10-11,2.3391,9.0,1,[99],en,0,0,0,,Helene Klodawsky,Molly Parker
22156,tt0280990,The Nest,Nid de guêpes,2002-03-06,2.5901,6.484,157,"[80, 28]",fr,0,0,107,"Cinémane Films, Carrere Group D.A., France 2 Cinéma, Pathé Image, Embellie Productions, Pendrake Films",Florent-Emilio Siri,"Samy Naceri, Benoît Magimel, Nadia Farès, Pascal Greggory, Anisia Uzeyman"
13352,tt0329737,It's a Very Merry Muppet Christmas Movie,It's a Very Merry Muppet Christmas Movie,2002-11-29,3.5373,6.027,110,"[35, 10751]",en,0,0,88,"The Jim Henson Company, NBC Studios, Universal Pictures, Metro-Goldwyn-Mayer",Kirk R. Thatcher,"Steve Whitmire, Dave Goelz, Bill Barretta, Eric Jacobson, David Arquette"
607576,,Keny-atta,Keny-atta,2002-03-01,2.294,0.0,0,"[16, 10402]",sv,0,0,0,Trum Trum AB,Roland Larsson,Ockie Nidsjö
31026,tt0346094,Distant,Uzak,2002-12-20,2.7024,7.1,266,[18],tr,0,767337,106,"NBC Film, NBC Ajans",Nuri Bilge Ceylan,"Muzaffer Özdemir, Mehmet Emin Toprak, Zuhal Gencer, Nazan Kesal, Feridun Koç"
812485,,Fantôme,Fantôme,2002-03-01,2.5619,0.0,0,[],fr,0,0,21,,Xavier Baert,Eliichi Kimura
9260,tt0271259,Welcome to Collinwood,Welcome to Collinwood,2002-10-04,2.7738,6.071,255,"[35, 80]",en,7000000,4402922,86,"H5B5 Media, Pandora Cinema, Section Eight, Warner Bros. Pictures","Anthony Russo, Joe Russo","Sam Rockwell, William H. Macy, Isaiah Washington, Michael Jeter, Andy Davoli"
63502,tt0289374,The Outsider,The Outsider,2002-11-10,2.2771,5.893,42,"[18, 10749, 37, 10770]",en,0,0,119,"Phoenix Pictures, Coote Hayes Productions, Hallmark Entertainment",Randa Haines,"Tim Daly, Naomi Watts, Keith Carradine, David Carradine, Thomas Curtis"
9034,tt0280460,The Banger Sisters,The Banger Sisters,2002-09-20,2.7004,5.665,272,"[35, 18]",en,10000000,38068353,98,"Fox Searchlight Pictures, Gran Via Productions, The Cantillon Company",Bob Dolman,"Goldie Hawn, Susan Sarandon, Geoffrey Rush, Erika Christensen, Robin Thomas"
10918,tt0298504,Undertaking Betty,Undertaking Betty,2002-12-04,2.9245,6.12,117,"[35, 10749]",en,8000000,1868949,94,"Spice Factory, Snowfall Films, Great British Films, Telepool, Enterprise Films",Nick Hurran,"Brenda Blethyn, Alfred Molina, Naomi Watts, Lee Evans, Robert Pugh"
15155,tt0291928,G,G,2002-05-10,2.5008,6.581,167,"[18, 10749]",en,0,3020784,96,Andrew Lauren Productions,Christopher Scott Cherot,"Richard T. Jones, Blair Underwood, Chenoa Maxwell, Andre Royo, Laz Alonso"
1073383,,The Qing Palace's Secret Affairs 4,清宫性史4之神医妙药,2002-01-01,2.5064,0.0,0,[18],zh,0,0,0,,,
37857,tt0119004,Don's Plum,Don's Plum,2002-09-05,2.807,5.37,96,[18],en,0,6297,108,"Polo Pictures Entertainment, Trust Film Svenska, Zentropa Entertainments",R.D. Robb,"Scott Bloom, Kevin Connolly, Tobey Maguire, Leonardo DiCaprio, Jenny Lewis"
16077,tt0280969,My Little Eye,My Little Eye,2002-10-04,2.7275,5.379,236,[27],en,3000000,0,95,"StudioCanal, Universal Pictures, Working Title, Imagex Communications, WT² Productions",Marc Evans,"Sean Cw Johnson, Kris Lemche, Stephen O'Reilly, Laura Regan, Jennifer Sky"
117084,tt2180443,Crayon Shin-chan: Fierceness That Invites Storm! The Battle of the Warring States,クレヨンしんちゃん 嵐を呼ぶ アッパレ！戦国大合戦,2002-04-20,3.1559,7.276,38,[16],ja,0,0,95,"Shin-Ei Animation, ADK, TV Asahi",Keiichi Hara,"Akiko Yajima, Miki Narahashi, Keiji Fujiwara, Satomi Korogi, Mari Mashiba"
280969,tt3415566,123,ஒன் டூ த்ரீ,2002-06-01,2.7634,5.8,9,"[35, 10749]",ta,0,0,126,Sidhesh Films,K. Subash,"Prabhu Deva, Jyothika, Raju Sundaram, Nagendra Prasad, Ishari. K. Ganesh"
1926,tt0328802,September 11,11’09”01 – September 11,2002-09-04,2.8487,6.413,126,[18],fr,0,1266063,134,"Galatée Films, StudioCanal","Samira Makhmalbaf, Amos Gitai, Shōhei Imamura, Ken Loach, Idrissa Ouedraogo, Mira Nair, Sean Penn, Alejandro G. Iñárritu, Danis Tanović, Youssef Chahine, Claude Lelouch","Ernest Borgnine, Maryam Karimi, Emmanuelle Laborit, Jérôme Horry, Keren Mor"
13437,tt0275947,Avenging Angelo,Avenging Angelo,2002-08-30,3.0239,5.4,273,"[28, 35, 80]",en,0,0,97,"Dante Entertainment, Quinta Communications, Cinema Holdings, Lionweed, Franchise Pictures, Epsilon Motion Pictures",Martyn Burke,"Sylvester Stallone, Madeleine Stowe, Anthony Quinn, Raoul Bova, Harry Van Gorkum"
39088,tt0308671,Tycoon,Олигарх,2002-06-06,2.7265,5.276,49,"[18, 28, 53, 80]",ru,0,0,128,"Etalon-Film, CTB Film Company, ARTE, ARTE France Cinéma, Catherine Dussart Productions, France 2 Cinéma, Gimages, Kominter, Magnat, Network Movie, ZDF",Pavel Lungin,"Vladimir Mashkov, Mariya Mironova, Andrey Krasko, Aleksandr Baluev, Vladimir Steklov"
464198,tt0997083,One Piece: Dream Soccer King!,ONE PIECE 夢のサッカー王!,2002-03-02,2.8129,6.64,43,"[14, 35, 16]",ja,0,0,5,Toei Animation,Munehisa Sakai,"Mayumi Tanaka, Kazuya Nakai, Akemi Okamura, Kappei Yamaguchi, Hiroaki Hirata"
1529122,tt0333218,Almost angels,Casi ángeles,2002-11-07,2.2808,9.0,1,[18],es,0,0,90,,"Vanessa Erfurth, Carolina Suárez, Mario Borgna, Manuel Tello, Leonel Adrián Compagnet","Lorena Del Rio, Juan Manuel Fernandez, Fernando Tranquillini, Hernán Laporta, Francisco Pucheta"
15992,tt0267248,Abandon,Abandon,2002-10-14,2.9546,4.846,188,"[18, 9648, 53]",en,25000000,10719357,99,"Touchstone Pictures, Paramount Pictures, Spyglass Entertainment",Stephen Gaghan,"Katie Holmes, Benjamin Bratt, Charlie Hunnam, Zooey Deschanel, Fred Ward"
1171776,,Glass Mountain,Szklana Góra,2002-01-01,2.1977,0.0,0,[16],pl,0,0,13,Telewizyjne Studio Filmów Animowanych w Poznaniu,Jacek Adamczak,
61568,tt9903802,Dosage I,Dosage I,2002-02-11,2.8372,7.5,2,"[12, 99]",en,0,0,81,"Sender Films, Big UP Productions",Josh Lowell,"Chris Sharma, Dave Graham, Klem Loskot, Lisa Rands, Jason Kehl"
423016,tt1013616,Ipolits,Ipolits,2002-11-18,2.3785,0.0,0,[18],lv,0,0,75,Platforma Filma,Janis Streics,"Juris Kalniņš, Katrīne Pasternaka, Artis Robežnieks, Viktorija Streiča"
20009,tt0240900,Slackers,Slackers,2002-02-01,2.7481,5.224,225,"[35, 10749]",en,14000000,6413915,86,"Screen Gems, Alliance Atlantis, Neal H. Moritz Productions, Original Film",Dewey Nicks,"Devon Sawa, Jaime King, Jason Segel, Jason Schwartzman, Laura Prepon"
13163,tt0218864,Buying the Cow,Buying the Cow,2002-06-08,2.8195,5.117,124,"[35, 10749]",en,0,0,88,Destination Films,Walt Becker,"Jerry O'Connell, Bridgette Wilson, Ryan Reynolds, Bill Bellamy, Alyssa Milano"
29832,tt0283469,Martin & Orloff,Martin & Orloff,2002-05-01,2.6623,5.474,19,[35],en,0,0,87,,Lawrence Blume,"Ian Roberts, Matt Walsh, H. Jon Benjamin, Amy Poehler, Kim Raver"
408736,tt0331311,Paraíso B,Paraíso B,2002-08-13,2.6738,6.0,5,"[80, 18]",es,0,0,90,Chilefilms,Nicolás Acuña,"Leonor Varela, Fernando Gómez-Rovira, Benjamín Vicuña, Juan Pablo Ogalde, Nelson Villagra"
49516,tt0264429,Black Mask 2: City of Masks,黑俠2,2002-12-24,2.7272,4.575,60,"[28, 12, 18, 878]",en,6000000,529322,102,"One Hundred Years of Film Company, Destination Films, China Star Entertainment, Film Workshop",Tsui Hark,"Andy On Chi-Kit, Tobin Bell, Jon Polito, Teresa Maria Herrera, Scott Adkins"
215485,tt0382719,The Naked,Golasy,2002-10-24,2.2738,3.731,13,"[35, 18]",pl,0,0,89,"Wytwórnia Filmów Amerykañskich, Fajgel, ATM Grupa",Witold Świętnicki,"Anna Pudlowska, Barbara Gasior, Agnieszka Pasko, Irena Kolodziej, Waldemar Plotek"
613700,tt0370928,Osmondagi Bolalar,Osmondagi Bolalar,2002-01-01,2.5085,10.0,1,"[35, 18]",uz,0,0,88,"Uzbekkino, Uzbekfilm",Zulfikar Musakov,"Muzaffar Sadullaev, Timur Musakov, Nazim Tulakhodzhayev, Kristina Tairova"
347733,tt0360504,Daylight Moon,Daylight Moon,2002-10-13,2.4842,10.0,1,[],en,0,0,14,,Lewis Klahr,
21597,tt0265171,Elvira's Haunted Hills,Elvira's Haunted Hills,2002-10-31,3.5632,5.438,161,"[35, 27]",en,1500000,0,90,Media Pro Pictures,Sam Irvin,"Cassandra Peterson, Mary Jo Smith, Richard O'Brien, Mary Scheer, Scott Atkinson"
177625,tt0364035,Summer Blues,Summer Blues,2002-11-01,2.7175,5.143,14,[18],no,0,0,25,Kool Produktion,Frank Mosvold,"Kristoffer Berre Alberts, Hanne Bach Hansen, Tord Vandvik Haugen, Julia Schacht"
15098,tt0252684,Manic,Manic,2002-11-22,3.1279,6.811,122,[18],en,0,0,102,Next Wave Films,Jordan Melamed,"Joseph Gordon-Levitt, Don Cheadle, Zooey Deschanel, Michael Bacall, Elden Henson"
1584508,,Minsk Girl,Zhensheena Minskaya,2002-01-01,2.3638,0.0,0,[99],ru,0,0,7,,Anna Thew,
9685,tt0280760,Igby Goes Down,Igby Goes Down,2002-09-13,2.8771,6.577,359,"[35, 18]",en,9000000,4777465,97,"United Artists, Atlantic Streamline, Helkon Media, Crossroads Films, Marco Weber/Lisa Tornell Productions, Metro-Goldwyn-Mayer",Burr Steers,"Kieran Culkin, Susan Sarandon, Jeff Goldblum, Claire Danes, Jared Harris"
1626257,,The Fight,The Fight,2002-12-29,2.5238,0.0,0,[99],en,0,0,60,BBC,John F.D. Northover,"Ricky Gervais, Grant Bovey, Steve Collins, Martin Freeman, Jane Goldman"
391419,tt0352312,Eden,Eden,2002-09-20,2.2025,8.0,2,[16],en,0,0,85,,Andrzej Czeczot,"Urszula Dudziak, Eugene Lazarotti"
28486,tt0322622,The Hound of the Baskervilles,The Hound of the Baskervilles,2002-12-26,2.9014,6.039,51,"[53, 10770, 18, 9648]",en,0,0,105,"Tiger Aspect, BBC, Isle of Man Film",David Attwood,"Richard Roxburgh, Ian Hart, Richard E. Grant, Matt Day, John Nettles"
14112,tt0298744,Auto Focus,Auto Focus,2002-10-18,2.6365,6.415,224,"[80, 18]",en,7000000,2062066,104,"Propaganda Films, Good Machine, Focus Puller Inc., Sony Pictures Classics",Paul Schrader,"Greg Kinnear, Willem Dafoe, Rita Wilson, Maria Bello, Ron Leibman"
276689,tt0257939,The Guava House,Mùa Ổi,2002-04-17,2.4529,6.8,5,[18],vi,0,42250,100,"Ministry of Culture and Tourism, Les Films d'Ici, Youth Studio, Studio de la Jeunesse, Vietnam Cinema Office, Hubert Bals Fund",Dang Nhat Minh,"Bùi Bài Bình, Lan Hương, Phạm Thu Thủy, Lê Thị Hương Thảo, Hữu Độ"
935511,,Music of Remembrance -Gb-,記憶の音楽-Gb-,2002-06-22,2.6886,0.0,0,"[878, 9648]",ja,0,0,120,,Kensuke Kawamura,"Mitsuru Matsuoka, Yû Kurosawa, Ken Teraizumi, Kōjirō Hongō, Kimiko Yo"
50035,tt0258273,Lovely & Amazing,Lovely & Amazing,2002-08-02,2.6882,6.054,92,"[35, 18, 10749]",en,250000,4186931,92,"Blow Up Pictures, Good Machine, Roadside Attractions",Nicole Holofcener,"Catherine Keener, Brenda Blethyn, Emily Mortimer, Raven Goodwin, Aunjanue Ellis-Taylor"
37913,tt5506330,Killer Queen!,Killer Queen!,2002-06-01,2.4602,0.0,0,[99],en,0,0,92,,Nick Cory-Wright,"Freddie Mercury, Brian May, Roger Taylor, John Deacon"
38144,tt0291035,Bare Witness,Bare Witness,2002-02-15,2.483,4.6,20,"[53, 9648, 10749]",en,1000000,0,88,"Mainline Releasing, Magic Hour Pictures, Hemisphere Entertainment, MRG Entertainment",Kelley Cauthen,"Angie Everhart, Daniel Baldwin, Evan MacKenzie, Catalina Larranaga, Mark Sivertsen"
9533,tt0289765,Red Dragon,Red Dragon,2002-10-02,2.7032,7.048,4855,"[80, 53, 27]",en,78000000,209196298,124,"Universal Pictures, Metro-Goldwyn-Mayer, Mikona Productions, DDL Cinematografica",Brett Ratner,"Edward Norton, Anthony Hopkins, Ralph Fiennes, Emily Watson, Harvey Keitel"
42383,tt0245573,XX/XY,XX/XY,2002-01-11,2.9516,5.99,51,"[18, 35, 10749]",en,0,0,91,"The 7th Floor, Robbins Entertainment, Intrinsic Value Films, Natural Nylon Entertainment",Austin Chick,"Mark Ruffalo, Maya Stange, Kathleen Robertson, Kel O'Neill, Ben Tolpin"
35712,tt0287963,Secret Things,Choses secrètes,2002-10-16,2.4296,5.8,118,[18],fr,0,105090,115,"Les Aventuriers de l'Image, CNC, La Sorcière Rouge",Jean-Claude Brisseau,"Coralie Revel, Sabrina Seyvecou, Roger Miremont, Fabrice Deville, Blandine Bury"
1239095,,Monte Cristo,Monte Cristo,2002-01-01,2.1804,0.0,0,[10402],cs,0,0,0,Česká televize,"Jozef Bednárik, Radovan Urban","Daniel Hůlka, Vanda Konečná, Karel Černoch, Jiří Korn, Hana Křížková"
276544,,Blunt.,Blunt.,2002-01-01,2.4553,0.0,0,[],en,0,0,60,"Jibtech Productions, White Knuckle Xtreme",,
661958,,Pikadourei,Pikadourei,2002-10-27,2.3862,8.0,1,[10402],en,0,0,22,Hydra Head Records,,"Dave Witte, Jon Chang, Rob Marton"
884353,,El forastero,El forastero,2002-10-17,2.5935,6.0,1,[],es,0,0,84,,Federico García Hurtado,"Nacho Duato, Tania Helfgott, Carlos Sobera, Gabriela Velásquez, Antonio Arrué"
1555,tt0283900,The Spanish Apartment,L'Auberge espagnole,2002-06-19,2.7965,7.108,1261,"[18, 35, 10749]",fr,5300000,3897799,122,"Mate Producciones S.A., Bac Films, Ce qui me meut motion pictures, France 2 Cinéma, Mate Films, StudioCanal, Vía Digital",Cédric Klapisch,"Romain Duris, Judith Godrèche, Audrey Tautou, Kelly Reilly, Cécile de France"
211155,tt0285547,Epsteins Nacht,Epsteins Nacht,2002-11-10,1.9528,9.0,1,[18],de,0,0,0,Constantin Film,Urs Egger,"Mario Adorf, Bruno Ganz, Günter Lamprecht, Otto Tausig, Annie Girardot"
35080,tt0266391,The Cat's Meow,The Cat's Meow,2002-04-12,3.5095,5.839,137,"[18, 9648, 53, 80, 36]",en,7000000,3646994,114,"Lionsgate, CP Medien, Bieber+Lewis Productions",Peter Bogdanovich,"Kirsten Dunst, Edward Herrmann, Suzy Eddie Izzard, Cary Elwes, Joanna Lumley"
7294,tt0311519,The Man Without a Past,Mies vailla menneisyyttä,2002-03-01,2.8735,7.422,460,"[18, 10749]",fi,0,921,97,"Sputnik, YLE, Pyramide Productions, Pandora Film, ZDF/Arte, Network Movie, ARTE France Cinéma, Bavaria Film",Aki Kaurismäki,"Markku Peltola, Kati Outinen, Juhani Niemelä, Kaija Pakarinen, Sakari Kuosmanen"
292909,tt0320413,Santa Smokes,Santa Smokes,2002-06-04,2.3674,10.0,1,[18],en,0,0,0,,"Till Schauder, Christoph Valentien",
64222,tt0315930,Marriage Is a Crazy Thing,"결혼은, 미친 짓이다",2002-04-26,2.4514,6.663,40,"[18, 10749]",ko,0,0,103,"Sidus, Chungeorahm Film, Barunson E&A",Yoo Ha,"Uhm Jung-hwa, Kam Woo-sung, Park Won-sang, Lee Joo-sil, Kim Ki-cheon"
30125,tt0296915,Valentin,Valentín,2002-09-29,2.7119,7.426,122,"[10749, 18, 35]",es,0,1691017,83,"RWA, First Floor Features, De Productie, Patagonik",Alejandro Agresti,"Rodrigo Noya, Carmen Maura, Julieta Cardinali, Jean Pierre Noher, Mex Urtizberea"
27669,tt0301165,Dead & Rotting,Dead & Rotting,2002-02-03,2.6564,4.2,13,[27],en,40000,0,72,"Tempe Entertainment, Shadow Entertainment, Full Moon Entertainment",David P. Barton,"Debbie Rochon, Stephen O'Mahoney, Tom Hoover, Trent Haaga, Jeff Dylan Graham"
150238,tt0430748,Vovochka,Vovochka,2002-01-01,2.5818,4.4,5,[35],ru,0,0,96,,Igor Muzhzhukhin,"Maksim Emelyanov, Aleksey Guskov, Mikhail Porechenkov, Inna Ulyanova, Yuriy Shevchuk"
1150885,,Children of the Revolution,Dzieci rewolucji,2002-01-01,2.2778,0.0,0,[99],pl,0,0,0,"Studio Filmowe Kalejdoskop, ARTE, Telewizja Polska",Maria Zmarz-Koczanowicz,
537004,tt0356589,Et après?,Et après?,2002-10-09,2.401,7.0,1,[18],ar,0,0,92,,Mohamed Ismail,"Rachid El Ouali, Siham Assif, Victoria Abril, Mohamed Miftah, Naima Lamcharki"
80306,tt0293357,Local Boys,Local Boys,2002-02-23,2.4845,6.375,16,[18],en,0,0,102,Capstone Pictures,Ron Moler,"Mark Harmon, Eric Christian Olsen, Stacy Edwards, Jeremy Sumpter, Lukas Behnken"
2091,tt0286493,The Badge,The Badge,2002-09-07,3.4292,5.63,54,"[80, 53]",en,6000000,0,99,"Propaganda Films, The Turman-Morrissey Company, Nu Image",Robby Henson,"Billy Bob Thornton, Patricia Arquette, Sela Ward, William Devane, Marcus Lyle Brown"
20053,tt0277744,Dead Heat,Dead Heat,2002-07-23,2.301,5.519,26,"[28, 35, 80]",en,0,0,120,"Cinelaw, Mooseface Films",Mark Malone,"Kiefer Sutherland, Anthony LaPaglia, Radha Mitchell, Lothaire Bluteau, Daniel Benzali"
62583,tt0289625,Windfall,Windfall,2002-11-28,2.3247,4.964,14,"[28, 53]",en,0,0,102,"American Cinema International, Media Pro Pictures",Gerry Lively,"Casper Van Dien, Gregg Henry, Robert Englund, Libby Hudson, Ray Wise"
20321,tt0286594,Doctor Sleep,Doctor Sleep,2002-08-16,2.8971,5.279,68,"[80, 27, 53, 9648]",en,10000000,691495,108,"British Screen, Kismet Film Company, BBC Film, The Film Consortium",Nick Willing,"Goran Višnjić, Paddy Considine, Shirley Henderson, Miranda Otto, Sophie Stuckey"
654401,tt0380000,Space Off,Space Off,2002-09-06,2.4191,8.0,1,[],en,0,0,21,,Tino Franco,"Adrian McCourt, Jennifer Allen, Bruce McGuire, Eric Bassanesi, Rob Allyn"
108204,tt0281905,Double Teamed!,Double Teamed!,2002-01-18,2.4104,5.994,90,"[10770, 18, 10751]",en,0,0,92,"Just Singer Entertainment, Walt Disney Television, Disney Channel",Duwayne Dunham,"Poppi Monroe, Annie McElwain, Teal Redmann, Nick Searcy, Tanya Shanti Goott"
667366,tt4998458,Woman,Sieviete,2002-09-19,2.1613,0.0,0,[16],lv,0,0,10,Rija Films,Signe Baumane,
653372,tt0343825,In Absentia,In Absentia,2002-11-16,2.1983,10.0,1,[],en,0,0,8,,"James Kibbey, Richard Heald","Toby Knowles, Sarah Withers"
31354,tt0309872,Whatever You Say,Mon idole,2002-12-17,2.6205,5.688,85,"[80, 18, 53, 35]",fr,0,0,110,"M6 Films, Pendrake Films, Nord-Ouest Films",Guillaume Canet,"Guillaume Canet, François Berléand, Diane Kruger, Philippe Lefebvre, Daniel Prévost"
109572,tt0827737,Lupin the Third: Episode 0: First Contact,ルパン三世 EPISODE:0 ファーストコンタクト,2002-07-26,2.9831,6.7,50,"[16, 10770, 28, 35, 80]",ja,0,0,90,"TMS Entertainment, Nippon Television Network Corporation",Minoru Ohara,"Kanichi Kurita, Kiyoshi Kobayashi, Eiko Masuyama, Makio Inoue, Gorō Naya"
604787,tt0356985,Let's Go for an Ouzo,Πάμε  Για Ένα Ούζο,2002-11-15,2.2928,8.0,1,"[18, 10749]",el,0,0,85,"Greek Film Centre, ERT",Kleoni Flessa,"Theodora Tzimou, Despina Kourti, Alexandra Pantelaki, Martha Akasoglou, Babis Hatzidakis"
16028,tt0283632,They,They,2002-11-01,2.8249,5.041,302,"[27, 53]",en,17000000,12840842,90,"Focus Features, Dimension Films, Radar Pictures",Robert Harmon,"Laura Regan, Marc Blucas, Ethan Embry, Jon Abrahams, Dagmara Dominczyk"
21106,tt0248640,Hard Cash,Hard Cash,2002-02-15,2.5125,4.662,74,"[80, 28, 53]",en,0,0,98,"Canyon Productions, City Heat Productions, DEJ Productions, Millennium Media, Emmett/Furla Films",Predrag Antonijević,"Christian Slater, Val Kilmer, Sara Downing, Vincent Laresca, Balthazar Getty"
54587,tt0303110,Superfire,Superfire,2002-04-20,2.7234,5.143,14,"[28, 53, 10770]",en,0,0,210,"Epsilon TV Production, KirchMedia, Lions Gate Television, Lionsgate Television, Stephanie Germain Productions, Tandem Communications, Mandalay Television",Steven Quale,"D. B. Sweeney, Diane Farr, Chad Donella, Ellen Muth, Gedeon Burkhard"
34081,tt0284929,Ted Bundy,Ted Bundy,2002-08-02,2.6382,5.787,177,"[80, 27]",en,1200000,68716,99,"Tartan Films, First Look Pictures, Incessant Barking Productions",Matthew Bright,"Michael Reilly Burke, Boti Bliss, Tracey Walter, Deborah Offner, Tom Savini"
145082,tt0318032,Royal Bonbon,Royal Bonbon,2002-09-09,2.5919,5.5,4,"[35, 18, 14]",fr,0,0,85,"Les Films de l'Isle, Les Films du Requin, PROCIREP, Téléfilm Canada, CNC",Charles Najman,"Dominic Batraville, Verlus Delorme, Erol Josué, Anne-Louise Mesadieu, Ambroise Thompson"
459370,tt0342238,O Céu de Iracema,O Céu de Iracema,2002-08-08,2.3521,8.0,1,[],pt,0,0,0,,Iziane Mascarenhas,"Neidinha Castelo Branco, Cherline Farias, Felipe Rodrigues"
21769,tt0303678,Armitage: Dual Matrix,アミテージ・ザ・サード DUAL-MATRIX,2002-03-22,3.1972,6.393,61,"[53, 28, 16, 878, 12]",ja,0,0,90,"Pioneer LDC, Anime International Company, Jay Film",Katsuhito Akiyama,"Ryoka Yuzuki, Hikaru Hanada, Yuka Imai, Kazuhiro Yamaji, Daiki Nakamura"
22242,tt0280605,Dirty Deeds,Dirty Deeds,2002-07-18,2.9058,5.7,46,"[80, 35, 18, 53]",en,0,0,98,"Australian Film Finance Corporation, Haystack Productions, New Town Films Pty. Ltd., Nine Network Australia, New South Wales Film & Television Office",David Caesar,"Bryan Brown, Toni Collette, John Goodman, Sam Neill, Sam Worthington"
154200,tt0299956,The Blue Room,La habitación azul,2002-05-04,2.4415,6.6,62,"[18, 10749]",es,0,0,104,"Argos P.C., Titán Producciones, Videocine, Plural Entertainment",Walter Doehner,"Juan Manuel Bernal, Patricia Llaca, Elena Anaya, Mario Iván Martínez, Margarita Sanz"
36561,tt0281924,I Am Dina,I Am Dina,2002-03-08,2.5218,5.56,58,[18],no,21000000,0,125,"TNT Film Productions, ApolloMedia, Felicia Film, Gemini Films, Mandarin Film, Nordisk Film Denmark, Northern Lights, TF1 International, Per Holst Filmproduktion",Ole Bornedal,"Maria Bonnevie, Gérard Depardieu, Christopher Eccleston, Bjørn Floberg, Pernilla August"
39141,tt0271219,Tadpole,Tadpole,2002-07-19,2.6932,5.657,108,"[35, 18, 10749]",en,150000,2891288,79,"Dolly Hall Productions, IFC Productions, InDigEnt",Gary Winick,"Aaron Stanford, Sigourney Weaver, John Ritter, Bebe Neuwirth, Robert Iler"
712747,tt3914354,Aadamkhor Haseena,Aadamkhor Haseena,2002-06-21,2.2934,0.0,0,[27],hi,0,0,126,,Joginder,"Poonam Das Gupta, Amit Pachori, Raza Murad, Joginder Shelly"
409613,tt0304448,Más allá del límite,Más allá del límite,2002-03-12,2.4736,4.5,2,[18],es,0,0,0,"Riverside Entertainment Group, Gira-Soles",Eric Delgado,"Osvaldo Ríos, Alfred D. Herger Jr., Rey Pascual, Elia Enid Cadilla, Julián Gil"
2076,tt0190938,Swindle,Swindle,2002-04-01,2.3389,4.632,19,"[28, 80, 18, 53]",en,0,0,96,"Faulkner Productions, Domain Cinema",K.C. Bascombe,"Tom Sizemore, Sherilyn Fenn, Dave Foley, Conrad Pla, Alain Goulem"
13369,tt0262396,Empire,Empire,2002-12-06,2.1924,6.195,123,"[80, 28, 18]",en,4000000,18591272,99,"Universal Pictures, Bigel / Mailer Films, Arenas",Franc. Reyes,"John Leguizamo, Peter Sarsgaard, Denise Richards, Vincent Laresca, Isabella Rossellini"
50467,tt0280949,Miranda,Miranda,2002-01-18,2.605,5.47,33,"[35, 18, 10749, 53]",en,0,0,93,Feelgood Films,Marc Munden,"Christina Ricci, John Simm, Kyle MacLachlan, John Hurt, Julian Rhind-Tutt"
542,tt0313196,The Crime of Padre Amaro,El crimen del padre Amaro,2002-10-01,2.342,6.7,312,"[18, 10749]",es,1800000,0,118,"Instituto Mexicano de Cinematografía, Alameda Films, Cinecolor-México, Cinecolor-Argentina, Artcam y Fonds Sud Cinéma, Fondo para la Producción Cinematográfica de Calidad",Carlos Carrera,"Gael García Bernal, Ana Claudia Talancón, Sancho Gracia, Angélica Aragón, Luisa Huertas"
139516,tt0302240,Last Call,Last Call,2002-05-25,2.2979,6.0,10,[18],en,5000000,0,96,"Fitzgerald Productions, Showtime Networks",Henry Bromell,"Jeremy Irons, Neve Campbell, Sissy Spacek, Shannon Lawson, Paul Hecht"
1311725,,Le Rêve plus fort que la mort,Le Rêve plus fort que la mort,2002-01-01,2.2711,0.0,0,[99],fr,0,0,88,Audiovisuel Multimedia International Production (AMIP),Jean Rouch,
61812,tt0342012,9,Dokuz,2002-11-15,2.3469,7.64,25,"[9648, 53]",tr,0,0,91,,Ümit Ünal,"Ali Poyrazoğlu, Cezmi Baskın, Fikret Kuşkan, Ozan Güven, Rafa Radomisli"
197628,tt0311706,Reflex Action,Reflex Action,2002-01-22,2.7777,3.75,4,[],en,0,0,98,,Kevin Rapp,"Michael Baldoz, Michael Guerin, Archie Gibson, Monique Scott, Richard Lynch"
335385,tt0340280,Out,OUT,2002-10-19,2.3855,5.625,8,[18],ja,0,0,119,"Sundance Company, Fellah Pictures, Movie Television Inc.",Hideyuki Hirayama,"Mieko Harada, Mitsuko Baisho, Shigeru Muroi, Naomi Nishida, Nao Omori"
326965,tt0313211,Wind Horse,عود الريح,2002-04-03,2.2714,9.0,2,[18],ar,0,0,89,P.O.M. Films,Daoud Aoulad-Syad,"Mohamed Majd, Faouzi Bensaïdi, Saadia Azgoun, Mohamed Belfquih, Driss Essalah"
506074,tt0400327,Crazy Richard,Crazy Richard,2002-04-14,2.5519,3.0,3,[],en,0,0,64,,"Dean Francis, Katrina Mathers",
55015,tt0264689,Home Room,Home Room,2002-04-12,2.438,6.8,42,[18],en,0,0,133,Homeroom LLC,Paul F. Ryan,"Erika Christensen, Busy Philipps, Victor Garber, Raphael Sbarge, Ken Jenkins"
631347,tt3140588,Salon Beauty,性Salon狂想曲,2002-01-01,2.5799,0.0,0,[35],zh,0,0,81,Poly Stars Entertainment & Production,Sherman Wong,"Ellen Chan Nga-Lun, Sherming Yiu Lok-Yee, Catherine Hung Yan, Iris Chai Chi-Yiu, Perry Chan"
473040,tt0201081,Shadow Man,Shadow Man,2002-08-09,2.0949,10.0,1,[35],en,0,0,12,Mustard Films,Amanda Rudman,"Leah Carroll, Liam Cunningham, Julia Ford, Rob Jarvis, Amber Noble"
115580,tt0385791,Jam Films,Jam Films,2002-12-28,2.6439,7.9,23,"[35, 18, 14]",ja,0,0,109,"SEGA, AMUSE","Daizaburo Hanada, George Iida, Ryuhei Kitamura, Rokurō Mochizuki, Tetsuo Shinohara, Yukihiko Tsutsumi, Isao Yukisada, Shunji Iwai","Natsuko Akiyama, Hirofumi Arai, Haruka Ayase, Ryoko Hirosue, Satomi Ishihara"
122818,tt0311505,Media Whore,Media Whore,2002-04-20,2.502,4.0,2,[],en,0,0,9,,Karl T. Hirsch,"Coolio, John Doe, Taye Diggs, Glen Badyna, Chris Hardwick"
97206,tt0288243,Taboo,Taboo,2002-01-14,2.4009,4.0,41,"[18, 27, 53, 9648]",en,0,0,80,"Imperial Fish Company, Creative Entertainment Group, Silver Bullet Pictures",Max Makowski,"Nick Stahl, Eddie Kaye Thomas, January Jones, Lori Heuring, Derek Hamilton"
24488,tt0284034,Demonlover,Demonlover,2002-11-06,2.916,5.76,131,"[18, 9648, 53]",fr,7900000,231800,121,"Elizabeth Films, M6 Films, Citizen Films",Olivier Assayas,"Connie Nielsen, Charles Berling, Chloë Sevigny, Dominique Reymond, Gina Gershon"
399216,,The Specimen,Das Exemplar,2002-01-01,2.1302,0.0,0,[],de,0,0,18,,Ulrike Ottinger,"Hanns Zischler, Raymond Wolff, Thorsten Heidel, Heidi Maria von Plato, Eva Ebner"
49872,tt0293832,Hansel & Gretel,Hansel & Gretel,2002-10-16,2.5791,5.535,43,"[35, 10751, 14]",en,0,100477,89,"Broomstick Entertainment, Majestic Film Partners, Tag Entertainment",Gary J. Tunnicliffe,"Howie Mandel, Taylor Momsen, Jacob Smith, Delta Burke, Alana Austin"
47237,tt0243991,Intimate Affairs,Intimate Affairs,2002-04-18,2.5425,4.7,40,"[18, 10749]",en,8000000,0,108,"MMC Independent, Janus Films, Kingsgate Films, ApolloMedia, Gemini Film",Alan Rudolph,"Dermot Mulroney, Neve Campbell, Robin Tunney, Julie Delpy, Alan Cumming"
1746583,tt3389032,Anveshana,అన్వేషణ,2002-12-27,2.5729,0.0,0,[],te,0,0,111,,Sagar,"Ravi Teja, Radhika Varma, Raghu Babu"
25853,tt0285728,Dahmer,Dahmer,2002-06-21,2.4943,5.244,330,"[80, 18, 53, 27]",en,250000,144008,101,"Two Left Shoes Films, Blockbuster Films, DEJ Productions, Peninsula Films",David Jacobson,"Jeremy Renner, Bruce Davison, Artel Great, Matt Newton, Dionysio Basco"
288011,tt0411351,Erste Liebe,Erste Liebe,2002-01-01,2.378,3.333,3,"[18, 10749, 10770]",de,0,0,90,NDR,"Claudia Prietzel, Peter Henning","Tino Mewes, Christian Berkel, Leslie Malton, Cordelia Wege, Christian Grashof"
1587403,,Trickster Theory,Trickster Theory,2002-11-07,2.0599,0.0,0,[],en,0,0,34,,"Pierre Joseph, Mehdi Belhaj Kacem",
380784,tt0410433,The Peeping,偷窺無罪,2002-03-16,2.6752,4.923,13,"[53, 80, 9648, 10749]",cn,0,0,93,Tai Seng Entertainment,Marco Mak Chi-Sin,"Daniel Wu, Grace Lam Nga-Si, Teresa Mak Ka-Kei, Jenny Yam Kong-Sau, Keung Ho-man"
81540,tt0270688,Teknolust,Teknolust,2002-01-10,2.4945,4.523,43,"[35, 18, 10749, 878]",en,0,28554,83,"Blue Turtle, Epiphany Productions, Hotwire Productions, ZDF/Arte",Lynn Hershman-Leeson,"Tilda Swinton, Jeremy Davies, James Urbaniak, Karen Black, Al Nazemian"
257937,tt0324408,Valentín,Valentín,2002-05-01,2.327,3.333,3,"[18, 35]",es,0,0,110,"Agua Verde Audio Visual, Cuarteto Producciones Cinematográficas S.L.",Juan Luis Iborra,"Lluís Homar, Iñaki Font, Armando del Río, Elisa Matilla, Jorge Bosch"
32301,tt0201844,Survival Island,Survival Island,2002-06-14,2.4062,4.384,73,[27],en,0,0,84,Hill & Brand Entertainment,"Scott Hillenbrand, David Hillenbrand","Jaime Pressly, Nicholas Brendon, Lara Wickes, Casey Fallo, Garrett Wang"
405032,tt3366746,La fiebre,La fiebre,2002-05-02,2.3711,0.0,0,"[18, 28]",es,0,0,0,XCL-TV,Vicente Castro,"Daniela Droz, Luis Gonzaga, Juan Pablo Díaz, Yinoelle Colon, Arturo Gaskins"
223722,tt0291377,Nelson Gonçalves,Nelson Gonçalves,2002-11-09,2.2778,8.25,2,"[99, 18]",pt,0,0,72,,Elizeu Ewald,"Alexandre Borges, Júlia Lemmertz, Jandir Ferrari, Lara Córdula, Pedro Gonçalves"
148206,tt0346992,Finn & Co.,Finn & Co.,2002-09-30,1.9855,6.0,4,"[35, 10402]",da,0,0,0,CMC Entertainment,,"Finn Nørbygaard, Rikke Mølgaard, Yasmin Elvira Steenholdt, Kristian Borregaard, Allan Gade"
24617,tt0281617,Atomic Twister,Atomic Twister,2002-06-09,2.9004,6.359,39,"[28, 18, 53]",en,0,0,86,,Bill Corcoran,"Sharon Lawrence, Mark-Paul Gosselaar, Carl Lewis, Jonathan Blick, Daniel Costello"
208283,tt0323613,Gods of Brazil: Pelé & Garrincha,"Pelé, Garrincha, dieux du Brésil",2002-06-03,2.3685,7.0,2,"[10770, 99]",fr,0,0,85,"ARTE, AMIP",Jean-Christophe Rosé,"Pelé, Garrincha"
10605,tt0272147,Vampires: Los Muertos,Vampires: Los Muertos,2002-09-23,2.3929,5.4,262,"[27, 53, 28]",en,0,429189,93,"Storm King Productions, Destination Films",Tommy Lee Wallace,"Jon Bon Jovi, Cristián de la Fuente, Diego Luna, Natasha Gregson Wagner, Antonio Muñiz"
997601,tt6313354,Silencio Nuclear,Silencio Nuclear,2002-09-22,2.0846,0.0,0,[878],es,0,0,10,,Iván Mora Manzano,Sebastián Burbano
2594,tt0291400,Monsieur Batignole,Monsieur Batignole,2002-03-06,2.5383,6.982,251,"[35, 18]",fr,0,0,100,"TF1 Films Production, Novo Arturo Films, RF2K Productions, Turkhoise",Gérard Jugnot,"Gérard Jugnot, Jules Sitruk, Michèle Garcia, Jean-Paul Rouve, Alexia Portal"
291610,tt0378358,Midnight Skater,Midnight Skater,2002-09-10,2.391,5.75,4,"[35, 27]",en,0,0,91,Speed Freak Productions,Luke Campbell,"Cory Maidens, Mike Neeson, Nick Jackson, Ashleigh Holeman, Luke Campbell"
260796,tt0338297,Octavia,Octavia,2002-10-11,2.0425,9.0,2,"[18, 10751]",en,0,0,130,"Lanterna Magica, Canal+ España, TVE",Basilio Martín Patino,"Miguel Ángel Solá, Margarita Lozano, Antonia San Juan, Blanca Oteyza, Paul Naschy"
579167,tt0322650,Mama Africa,Mama Africa,2002-06-07,2.1125,7.0,1,[18],en,0,0,78,Wellspring Productions,"Fanta Régina Nacro, Zulfah Otto-Sallies, Ingrid Sinclair, Ngozi Onwurah, Bridget Pickering, Raja Amari","Queen Latifah, Rehane Abrahams, Ayesha Meer Krige, Ivan D. Lucas, Denise Newman"
1169414,tt0325010,L'arpenteur,L'arpenteur,2002-04-07,2.1411,8.0,1,[18],fr,0,0,45,,"Michel Klein, Sarah Leonor","Hovnatan Avédikian, Pierre-François Laks, Stepan Shahinyan, Khatchik Arakelian, Christophe Derouet"
31008,tt0265709,Scenes of the Crime,Scenes of the Crime,2002-05-11,2.5053,5.54,47,"[18, 53, 28]",en,0,0,91,"Battleplan Productions, Cinerenta",Dominique Forma,"Jon Abrahams, Peter Greene, Jeff Bridges, Mädchen Amick, R. Lee Ermey"
43084,tt0355364,Deadly Species,Deadly Species,2002-02-15,2.068,3.833,15,"[12, 27]",en,0,0,90,Dirty Martini Productions,Daniel Springen,"Pete Penuel, Allison Adams, Brian Minyard, Jeff Brozovich, William Cefalo"
1133309,tt0251681,The Empath,The Empath,2002-05-17,2.2472,10.0,1,[],en,0,0,0,The Empath Productions,David Lowell Sonkin,"John Shea, Paige Turco, Dan Lauria, Dana Watkins, Rusty Thrasher"
341770,,Block Party,Block Party,2002-05-12,2.5429,0.0,0,"[36, 99]",en,0,0,6,Pierre Huyghe,Pierre Huyghe,
814832,,Délices,Délices,2002-01-01,2.4144,0.0,0,[],fr,0,0,9,,Gérard Cairaschi,
270306,tt0184719,Maryam,Maryam,2002-02-22,2.0463,8.0,2,[18],en,0,0,87,"Centre Street Productions, Streetlight Films",Ramin Serry,"Mariam Parris, David Ackert, Shaun Toub, Shohreh Aghdashloo, Maz Jobrani"
558575,tt0377357,The Mistress,L'amante,2002-02-22,2.1499,7.0,3,[16],fr,0,0,7,"Lardux Films, Mac Guff Ligne",Alexandre Dubosc,Maryse Poulhe
507940,tt0390253,Memosium,Memosium,2002-12-14,1.8775,8.0,1,[],fr,0,0,7,,Louis Dupont,
1724821,,Eigenwijs participeren,Eigenwijs participeren,2002-05-29,2.1428,0.0,0,[99],nl,0,0,47,HUMAN,Frans Bromet,Frans Bromet
35225,tt0269483,Lone Star State of Mind,Lone Star State of Mind,2002-04-23,2.54,5.415,53,"[35, 80]",en,0,0,88,"Bedford Falls Productions, Screen Gems",David Semel,"Joshua Jackson, Jaime King, Matthew Davis, Ryan Hurst, John Mellencamp"
12770,tt0265808,Stealing Harvard,Stealing Harvard,2002-09-13,2.9007,4.868,152,"[80, 35, 18]",en,25000000,14277032,85,"Revolution Studios, Imagine Entertainment",Bruce McCulloch,"Jason Lee, Tom Green, Leslie Mann, Megan Mullally, Dennis Farina"
118483,tt0407534,The Art of Action: Martial Arts in the Movies,The Art of Action: Martial Arts in the Movies,2002-06-01,2.7059,5.821,14,[99],en,0,0,96,,Keith R. Clarke,"Sammo Kam-Bo Hung, Jackie Chan, Steven Seagal, Gordon Liu, Lau Kar-leung"
1655673,,Dracula,Dracula,2002-05-29,2.1409,9.5,2,"[27, 18, 10770]",en,0,0,104,,Roger Young,"Patrick Bergin, Giancarlo Giannini, Hardy Krüger Jr., Stefania Rocca, Muriel Baumeister"
29229,tt0283644,Left Behind II: Tribulation Force,Left Behind II: Tribulation Force,2002-10-29,2.6216,4.5,89,"[14, 18, 53]",en,3800000,0,96,Cloud Ten Pictures,Bill Corcoran,"Kirk Cameron, Brad Johnson, Clarence Gilyard Jr., Janaya Stephens, Gordon Currie"
800352,tt0368948,Release,Release,2002-02-15,1.8519,9.0,1,[],en,0,0,10,Resolute Pictures,Shawn Postoff,Matt Sadowski-Austin
8460,tt0278723,The Skulls II,The Skulls II,2002-04-09,2.2196,4.726,84,"[28, 53]",en,3800000,0,99,"Original Film, Newmarket Capital Group",Joe Chappelle,"Robin Dunne, Nathan West, Ashley Tesoro, Lindy Booth, James Gallanders"
1237412,,Digna Ochoa,Digna Ochoa,2002-01-01,2.3371,0.0,0,[99],es,0,0,0,Canal 6 de Julio,"Mario Viveros, Carlos Mendoza","Digna Ochoa, Bernardo Ezeta"
1490291,tt0478448,Asesino,Asesino,2002-07-17,2.2459,8.0,1,[99],es,0,0,62,SET Film,Nurit Kedar,
778246,,War Babies,War Babies,2002-04-28,2.0465,0.0,0,[99],en,0,0,92,,Raymonde Provencher,
26955,tt0320193,Oasis,오아시스,2002-08-09,2.6266,7.736,290,"[18, 10749]",ko,0,0,132,"UniKorea Pictures, Dream Venture Capital, East Film, CJ Entertainment",Lee Chang-dong,"Sul Kyung-gu, Moon So-ri, Ahn Nae-sang, Ryoo Seung-wan, Son Byung-ho"
1515912,tt0357800,Instant Trauma,Instant Trauma,2002-11-01,2.0994,9.0,1,"[99, 18]",en,0,0,79,,Clete Keith,"Clete Keith, Diane Adair, Minae Noji, Christopher Best"
66243,tt0326746,Baba,பாபா,2002-08-15,2.1906,6.269,26,"[18, 28, 14]",ta,0,0,160,Lotus International,Suresh Krissna,"Rajinikanth, Goundamani, Manisha Koirala, M. N. Nambiar, Amrish Puri"
24649,tt0255702,Wishcraft,Wishcraft,2002-09-25,2.493,5.156,45,[27],en,0,0,102,Gold Circle Films,"Danny Graves, Richard Wenk","Michael Weston, Alexandra Holden, Austin Pendleton, A.J. Buckley, Huntley Ritter"
859839,tt0377722,Daddy Cool,Daddy Cool,2002-11-08,1.886,7.0,1,[27],en,150000,0,84,Catrack Films,Brady Lewis,"John Amplas, Alice Eisner, Jack Erdie, Barret Hackney, Mae Hignett"
478819,,Zombie Lust,Zombie Lust,2002-01-01,2.1355,0.0,0,[27],en,0,0,86,,Carl J. Sukenick,"Carl J. Sukenick, Evelyn Sukenick, Fred Bliven, Debbie Rochon, Sara Victor"
2165,tt0280870,Liberty Stands Still,Liberty Stands Still,2002-01-18,2.4893,5.331,168,"[53, 28, 18]",en,11000000,595214,96,"Lions Gate Films, Cinerenta, Pearl Pictures, Still Productions, Cinestone",Kari Skogland,"Linda Fiorentino, Wesley Snipes, Oliver Platt, Martin Cummins, Hart Bochner"
18602,tt0300214,Morvern Callar,Morvern Callar,2002-11-01,2.3549,6.7,195,[18],en,0,869820,97,"Company Pictures, Alliance Atlantis, BBC Film, Scottish Screen, The Glasgow Film Fund",Lynne Ramsay,"Samantha Morton, Kathleen McDermott, Raife Patrick Burchell, Dan Cadan, Carolyn Calder"
415533,tt0302471,Hotel Descanso,El descanso,2002-05-30,2.2369,9.5,2,[35],es,0,0,95,,"Ulises Rosell, Andrés Tambornino, Rodrigo Moreno","Juan Ignacio Machado, Fernando Miaznik, Raúl Urtizberea, José Palomino, Javier Lombardo"
1012007,,Aspiralux,Aspiralux,2002-07-17,2.3175,6.0,1,[27],fr,0,0,15,Les productions Sémiramis,Izabel Grondin,"Martin Plouffe, Éric Loiseau, Martin Levesque, Simon Lambert, Nathalie Cloutier"
794148,tt1183373,Tory Island,Oileán Thoraí,2002-01-01,2.2586,10.0,1,[99],ga,0,0,52,Harvest Films,Pat Collins,
525271,tt0441712,Taboo Exchange,Échange tabou,2002-12-01,2.4135,4.25,4,[10770],fr,0,0,0,Shoot Again,Marcis de Carrabas,"Serena Monti, Angelina, Lisa Belle, Véronique Deweaver, Pauline de Meurville"
738983,,La Horda,La Horda,2002-01-01,2.1765,0.0,0,[],en,0,0,7,,Oriol Sánchez,
14874,tt0311941,Try Seventeen,Try Seventeen,2002-09-10,2.5212,6.217,122,"[35, 10749, 18]",en,0,0,96,"Flirt Pictures, Capital Arts Entertainment, Millennium Media",Jeffrey Porter,"Elijah Wood, Franka Potente, Mandy Moore, Debbie Harry, Elizabeth Perkins"
1439425,tt0344922,Beso nocturno,Beso nocturno,2002-01-01,2.0926,4.5,2,"[18, 27]",es,0,0,14,"Alcina Pictures, Pata de Gallo Productions",Boris Rodriguez,"Ana Luisa Peluffo, Roberto Cobo, Raúl Méndez"
568200,,Portal,Portal,2002-02-07,2.1807,0.0,0,[],es,0,0,0,,Anouk de Clercq,
311749,tt0376273,Tropical Passions,Tropical Passions,2002-12-10,2.3521,4.667,6,"[80, 53]",en,0,0,81,Hawaiian Two Productions,Mike Sedan,"Diana Kauffman, Aaron R. Thomas, Alison Waters, Jamie Phelps, Raena Cassidy"
46561,tt0337593,Sherlock: Case of Evil,Sherlock: Case of Evil,2002-10-25,2.2979,6.264,55,"[9648, 80, 18, 10770]",en,0,0,100,"Box TV, Castel Film",Graham Theakston,"James D'Arcy, Roger Morlidge, Vincent D'Onofrio, Gabrielle Anwar, Richard E. Grant"
166823,tt0459080,Beyblade the Movie: Fierce Battle,爆転シュート ベイブレード THE MOVIE 激闘!! タカオVS大地,2002-08-17,2.977,5.688,24,"[12, 16]",ja,0,0,71,"Takara, d-rights, Shogakukan, YOMIKO Advertising, TOHO, BROCCOLI, Nippon Animedia",Toshifumi Kawase,"Motoko Kumai, Ai Orikasa, Aya Hisakawa, Houko Kuwashima, Ai Orikasa"
32616,tt0307538,Swing,Swing,2002-03-20,1.9314,7.182,22,"[35, 18, 10402]",fr,0,0,90,Princes Films,Tony Gatlif,"Oscar Copp, Lou Rech, Tchavolo Schmitt, Mandino Reinhardt, Abdellatif Chaarani"
277436,tt0427865,"Simon, el gran varón","Simon, el gran varón",2002-01-01,2.2121,4.3,10,[18],es,0,0,90,Vanguard Cinema,Miguel Barreda-Delgado,"Alberto Estrella, Hugo Stiglitz, Alicia Encinas, Alfonso Ayala, Mel Bataz"
24978,tt0309986,Paper Soldiers,Paper Soldiers,2002-06-01,2.4076,5.615,26,"[28, 35]",en,0,0,88,,"David Daniel, Damon Dash","Kevin Hart, Beanie Sigel, Paul Sado, Derron 'Smokey' Edington, Tiffany Withers"
30404,,Zombie Ninja,Zombie Ninja,2002-01-01,2.0716,0.0,0,[],en,0,0,0,,Carl J. Sukenick,"Carl J. Sukenick, Evelyn Sukenick, Rich Towers, Debbie Rochon, Fred Bliven"
1657927,,Čatiņš,Čatiņš,2002-08-01,2.0588,0.0,0,"[16, 10751]",lv,0,0,11,Dauka,Dzintars Krūmiņš,"Ainārs Ančevskis, Andris Otisons, Niks Matvejevs, Valts Pūce, Dace Pūce"
25649,tt0307213,Bad Guy,나쁜 남자,2002-01-11,2.5778,6.519,308,"[18, 53, 10749]",ko,0,62100,102,"LJ Film, Prime Entertainment, Tube Entertainment",Kim Ki-duk,"Cho Jae-hyun, Seo Won, Kim Yun-tae, Choi Deok-moon, Choi Yoon-young"
1194174,,O Ladrão,O Ladrão,2002-01-01,2.0725,0.0,0,[80],pt,0,0,0,,Ronaldo de Azevedo,Ronaldo de Azevedo
1532854,,VR,VR,2002-01-01,2.1555,0.0,0,[],en,0,0,64,GwenMedia,Bob Zak,"Jillian Ann Durgin, Eden Wells, Anna Mills, Emily Marilyn, Cheryl Dynasty"
612184,,Making Distant,Making Distant,2002-12-31,2.0584,6.0,1,[99],tr,0,0,42,,Nuri Bilge Ceylan,"Nuri Bilge Ceylan, Mehmet Emin Ceylan"
35696,tt0247444,Juwanna Mann,Juwanna Mann,2002-06-21,2.8877,5.146,113,[35],en,15600000,0,91,Morgan Creek Entertainment,Jesse Vaughan,"Miguel A. Núñez Jr., Vivica A. Fox, Kevin Pollak, Tommy Davidson, Ginuwine"
188160,tt0310673,At Dawning,At Dawning,2002-01-01,1.8952,6.5,6,[],en,0,0,12,TTO Films,Martin Jones,"Jenny Agutter, Yvan Attal, Christine Entwisle, David Buonoguidi, Alice Murray"
20689,tt0118926,The Dancer Upstairs,The Dancer Upstairs,2002-09-20,2.0764,6.136,66,"[80, 18, 10749, 53]",en,0,5227348,132,"Vía Digital, Lolafilms, Mr. Mudd, Atresmedia",John Malkovich,"Javier Bardem, Juan Diego Botto, Laura Morante, Elvira Mínguez, Alexandra Lencastre"
1501370,,Bad Coffee,Bad Coffee,2002-01-01,2.1505,0.0,0,"[27, 35]",en,0,0,29,,Kristopher Whitley,"Nicole Georges, April Mullen, John Thering, Jim Hartz, Brent Salo"
328887,tt0256703,Les couilles de l'éléphant,Les couilles de l'éléphant,2002-02-13,2.1149,7.5,2,[35],fr,0,0,0,Adélaïde Productions,Henri-Joseph Koumba Bididi,"Jean-Claude M'Paka, Malcolm Conrath, Nadine Koyo, Nadège Beausson-Diagne, Philippe Mory"
227386,tt0249215,Umur,Umur,2002-09-20,1.9128,6.0,11,"[18, 10749]",fi,0,0,102,Fantasiafilmi,Kai Lehtinen,"Heikki Rantanen, Minna Turunen, Juhani Niemelä, Rea Mauranen, Outi Mäenpää"
353704,tt0398941,Developing Sheldon,Developing Sheldon,2002-01-01,1.987,10.0,1,"[10749, 18]",en,0,0,0,Creative Balance Films,Terre Weisman,"Ryan Gaul, Linda Amendola, Bobby DiVito, Monica Farrington, David Ian"
86584,tt0327419,The Prince of Darkness,أمير الظلام,2002-06-26,2.1618,5.8,28,"[35, 18, 53]",ar,0,0,114,,Ramy Imam,"Adel Emam, Donia Abdel Azziz, Youssef Daoud, Khaled Sarhan, Diaa Abdel Khaleq"
16539,tt0245157,Zus & Zo,Zus & zo,2002-05-08,2.5807,5.0,24,"[35, 18]",nl,0,0,106,Filmprodukties de Luwte,Paula van der Oest,"Jacob Derwig, Halina Reijn, Monic Hendrickx, Sylvia Poorta, Jaap Spijkers"
200130,tt0344942,Bloody Streetz,BLOODY STREETZ,2002-08-08,2.1489,7.5,2,"[27, 28, 18]",en,0,0,83,"Hush Hush Studio, Gee-Bee Productions",Gerald K. Barclay,"Gano Grills, Kalimi Baxter, Jamel Scott, Olatunde Olusei, Adunni Tabasi"
54117,tt0324242,Three,쓰리,2002-07-09,2.4285,5.964,83,"[27, 9648]",ko,0,1691811,129,"Applause Pictures, Bom Film Productions, Cinemasia, Sahamongkolfilm","Nonzee Nimibutr, Peter Chan Ho-Sun, Kim Jee-woon","Kim Hye-soo, Jung Bo-seok, Suwinit Panjamawat, Leon Lai Ming, Eric Tsang Chi-Wai"
1476181,tt0373245,Pork Chop,Pork Chop,2002-01-01,1.9838,10.0,1,[35],en,0,0,10,"Scottish Screen, GMAC Film, BBC Scotland",David Paton,"Anna Hepburn, Malcolm Shields, Ricky Callan, Anne Downie"
21868,tt0298856,Evelyn,Evelyn,2002-09-30,2.5957,6.4,117,[18],en,0,0,92,"CineEvelyn, Irish Dreamtime",Bruce Beresford,"Pierce Brosnan, Aidan Quinn, Julianna Margulies, Stephen Rea, John Lynch"
69648,tt2325539,Bagavathi,பகவதி,2002-11-04,1.8374,5.5,18,"[28, 10749, 18]",ta,0,0,160,Lakshmi Movie Makers,A. Venkatesh,"Vijay, Vadivelu, Ashish Vidhyarthi, Reema Sen, Jai Sampath"
26225,tt0280438,Ash Wednesday,Ash Wednesday,2002-10-11,2.5302,5.435,46,"[18, 28, 80]",en,0,2942,99,"IFC Productions, Marlboro Road Gang Productions, Focus Features",Edward Burns,"Edward Burns, Brian Burns, Vincent Rubino, Jimmy Cummings, Elijah Wood"
40576,tt0412769,Ghiblies: Episode 2,ギブリーズ episode2,2002-07-19,2.4077,7.0,16,"[16, 35]",ja,0,0,24,Studio Ghibli,Yoshiyuki Momose,"Masahiko Nishimura, Arata Furuta, Kyoka Suzuki, Kaoru Kobayashi, Koji Imada"
1376,tt0313670,Sweet Sixteen,Sweet Sixteen,2002-09-07,2.3372,7.015,261,"[80, 18]",en,0,3961374,106,"Sixteen Films, Road Movies, Tornasol Media, Alta Films",Ken Loach,"Martin Compston, Annmarie Fulton, William Ruane, Michelle Abercromby, Michelle Coulter"
30246,tt0326806,Civil Brand,Civil Brand,2002-05-26,2.3026,7.04,25,"[80, 18, 53]",en,500000,243347,95,Mandalay Sports Entertainment,Neema Barnette,"LisaRaye McCoy, N'Bushe Wright, Monica Calhoun, Clifton Powell, Yasiin Bey"
1574101,,Bhavum,Bhavum,2002-05-24,2.0515,0.0,0,[18],ml,0,0,111,,Sathish Menon,"Jyothirmayi, Murali Menon, Siddique, Ambika Mohan, Irshad"
39862,tt0257510,Crocodile 2: Death Roll,Crocodile 2: Death Roll,2002-03-19,2.3477,5.1,101,[27],en,2200000,0,89,"Martien Holdings A.V.V., Millennium Media",Gary Jones,"Heidi Lenhart, Jon Sklaroff, Martin Kove, Darryl Theirse, David Valcin"
695110,tt0322085,Dream Hotel,Dream Hotel,2002-06-05,2.4296,9.0,2,"[35, 10770]",el,0,0,0,,Antonis Tempos,"Afroditi Al-Saleh, Alexandros Bourdoumis, Lila Kafantari, Antonis Kafetzopoulos, Filippos Sofianos"
1750578,,Boundary,Ranh giới,2002-01-01,2.434,0.0,0,[],vi,0,0,88,VFC,Vũ Hồng Sơn,"Tăng Nhật Tuệ, Minh Hòa, Phạm Cường, Minh Phương, Tuấn Quang"
624761,tt0321871,El cumple,El cumple,2002-11-07,2.2713,7.5,2,[18],es,0,0,80,"Fundación Antorchas, GAP",Gustavo Postiglione,"Bárbara Peters, Raúl Calandra, Tito Gómez, Miguel Franchi, Gustavo Guirado"
120549,tt0239467,The Hollywood Sign,The Hollywood Sign,2002-09-17,2.2566,4.583,18,"[28, 35, 53]",en,0,0,91,,Sönke Wortmann,"Tom Berenger, Jacqueline Kim, Rod Steiger, Burt Reynolds, Whoopi Goldberg"
1180992,tt14677576,Dakota Express,Dakota Express,2002-04-11,2.3076,0.0,0,[35],kn,0,0,154,,M S Rajashekar,"Rockline Venkatesh, Om Prakash Rao, Amrutha Anandamayi, Ashok, Mimicry Dayanand"
454333,tt0432002,Pszichoparádé,Pszichoparádé,2002-04-25,2.2213,5.7,3,[16],hu,0,0,6,C.A.K.O. Studio,Ferenc Cakó,
617610,tt0391164,El Fulgor,El Fulgor,2002-11-24,2.114,10.0,1,"[99, 10402]",en,840,0,100,,Ramón Lluís Bande,
738994,,Katiffa Xina,Katiffa Xina,2002-01-01,2.0692,0.0,0,[],en,0,0,7,,Oriol Sánchez,
44708,tt0333764,Blue Gate Crossing,藍色大門,2002-09-27,2.0101,7.25,96,"[18, 10749]",zh,0,0,85,"Trigram Films, Arc Light Films, Pyramide Productions",Yee Chih-yen,"Chen Bolin, Gwei Lun-Mei, Liang Yolin, Jessica Chau Ching, Ming Gin Cheng"
124108,tt0299943,Gotta Kick It Up!,Gotta Kick It Up!,2002-07-26,2.3535,6.688,48,"[10770, 35, 18]",en,0,0,85,Walt Disney Television,Ramón Menéndez,"Camille Guaty, America Ferrera, Jhoanna Flores, Suilma Rodriguez, Sabrina Wiener"
810929,,Eskimo Weekend,Eskimo Weekend,2002-07-17,2.0434,0.0,0,[18],kl,0,0,27,Techno Suaasat,Inuk Silis Høegh,"Angunnguaq Larsen, Malik Kleist, Arnaaraq Kristiansen, Katinka Kleist"
56523,tt0330452,The Interrogation of Michael Crowe,The Interrogation of Michael Crowe,2002-12-02,2.9148,6.943,35,"[18, 10770]",en,0,0,100,,Don McBrearty,"Ally Sheedy, Mark Rendall, John Bourgeois, Hannah Lochner, Andre Noble"
12112,tt0291579,He Loves Me… He Loves Me Not,À la folie... pas du tout,2002-03-27,2.3536,6.715,260,"[18, 10749, 53]",fr,0,5126264,92,"Téléma, TPS Cinéma, Cofimage 12, TF1 Films Production",Laetitia Colombani,"Audrey Tautou, Isabelle Carré, Samuel Le Bihan, Clément Sibony, Sophie Guillemin"
47657,tt0275468,The Last Minute,The Last Minute,2002-11-09,2.0232,5.529,17,"[53, 18, 9648]",en,0,0,104,Venom Productions Limited,Stephen Norrington,"Max Beesley, Tom Bell, Jason Isaacs, Ciarán McMenamin, Kate Ashfield"
921257,tt0285693,A Bad Stroke of Luck,Mala Racha,2002-07-26,2.1299,6.333,3,"[35, 18]",es,0,0,65,Suertempila Producciones,Daniela Speranza,"Walter Speranza, Lydia Chipas, Roberto Suárez, Mario Ferreira, Graciela Escuder"
1740,tt0300237,Naked,Nackt,2002-09-02,2.1869,5.42,44,"[35, 18]",de,0,5744968,100,"Fanes Film, Constantin Film, Megaherz",Doris Dörrie,"Heike Makatsch, Benno Fürmann, Alexandra Maria Lara, Jürgen Vogel, Nina Hoss"
395068,tt0334352,Show,Show,2002-09-13,2.278,7.4,5,[35],te,0,0,120,Indira Productions,G. Neelakanta Reddy,"Manjula Ghattamaneni, Laxmi Rattan, Surya Bhagawan Das"
1209086,tt0215687,Cuba,Cuba,2002-02-22,2.077,3.667,3,"[18, 10749, 36]",es,0,0,0,"Anola Films S.L., ICAIC",Pedro Carvajal,"Ana Álvarez, José Antonio Rodríguez, Eloy Azorín, María Elena Jiménez, Carlos Padrón"
23855,tt0280674,The First $20 Million Is Always the Hardest,The First $20 Million Is Always the Hardest,2002-06-28,2.6676,5.9,58,[35],en,0,0,105,,Mick Jackson,"Adam Garcia, Rosario Dawson, Jake Busey, Enrico Colantoni, Ethan Suplee"
258409,tt0350927,Fetch!,Fetch!,2002-10-26,1.8598,4.714,7,"[16, 35]",xx,0,0,5,,Nina Paley,
15041,tt0329297,American Girl,American Girl,2002-02-10,2.29,5.517,29,"[35, 18]",en,0,0,88,,Jordan Brady,"Jena Malone, Michelle Forbes, Brad Renfro, Chris Mulkey, Alicia Witt"
882223,tt2188956,Disenchanted Forest,Disenchanted Forest,2002-02-14,1.6676,0.0,0,[99],en,0,0,52,Collective Eye Films,Sarita Siegel,"Brooke Shields, Anne Russon, Willie Smits, Carl Van Schaik"
17043,tt0305396,The Crocodile Hunter: Collision Course,The Crocodile Hunter: Collision Course,2002-07-26,2.799,5.397,116,"[10751, 12, 35, 28]",en,12000000,33082548,90,"Winchester Films, Best Picture Show Company, The, Cheyenne Enterprises, Discovery Channel Pictures, J&M Entertainment, Metro-Goldwyn-Mayer",John Stainton,"Steve Irwin, Terri Irwin, Magda Szubanski, David Wenham, Lachy Hulme"
57326,tt0284445,Sabretooth,Sabretooth,2002-11-26,2.3445,4.6,33,"[27, 878, 28]",fr,0,0,90,"International Film Group (IFG), Sabretooth Productions",James D.R. Hickox,"David Keith, Vanessa Angel, John Rhys-Davies, Jenna Gering, Lahmard J. Tate"
56412,tt0312278,Skinwalkers,Skinwalkers,2002-11-02,2.3471,6.781,16,"[18, 53, 80, 9648, 10770]",en,0,0,100,"Carlton International Media, Granada Entertainment",Chris Eyre,"Adam Beach, Wes Studi, Harrison Lowe, Saginaw Grant, Nicholas Bartolo"
15647,tt0264761,Kissing Jessica Stein,Kissing Jessica Stein,2002-03-13,2.2649,6.043,258,[35],en,1000000,10013424,97,"Michael Alden Productions, Fox Searchlight Pictures, Brad Zions Films, Eden Wurmfeld Films, Cineric",Charles Herman-Wurmfeld,"Jennifer Westfeldt, Heather Juergensen, Scott Cohen, Jackie Hoffman, Tovah Feldshuh"
524964,tt10031480,Samurai,Samouraï,2002-04-05,2.2674,0.0,0,[99],fr,0,0,9,,Johanna Vaude,
292214,tt0361800,Killer Cop,Killer Cop,2002-10-15,1.9199,6.0,2,"[28, 35]",en,0,0,90,Insight Studios Productions,Marc Rylewski,"Wade Hunt Williams, Sara Rinde, Aaron Braxton, Brad Heller, Adam Clark"
14923,tt0258100,Run Ronnie Run,Run Ronnie Run,2002-01-20,2.3506,5.929,85,[35],en,0,0,84,"HBO, Burg/Koules Productions, Dakota North Entertainment, Dakota Pictures",Troy Miller,"David Cross, Bob Odenkirk, Bruce Taylor, Leon Lamar, India Cosper"
17906,tt0246592,Dummy,Dummy,2002-09-12,2.5976,5.902,97,"[35, 18, 10749]",en,0,71646,91,"Dummy Productions LLC, Quadrant Entertainment",Greg Pritikin,"Adrien Brody, Milla Jovovich, Illeana Douglas, Vera Farmiga, Jessica Walter"
1956,tt0302674,Gerry,Gerry,2002-09-20,2.3213,6.093,365,"[18, 12, 9648]",en,3500000,255000,103,"My Cactus, Epsilon Motion Pictures, Tango Films",Gus Van Sant,"Casey Affleck, Matt Damon"
912704,,Le pote,ولد الدرب,2002-01-01,1.8681,0.0,0,[],ar,0,0,92,,Hassan Benjelloun,"Saïd Naciri, Majdouline Idrissi, Hamady Amor, Naima Ilyas, Salah Eddine Benmoussa"
44373,tt0191074,New Best Friend,New Best Friend,2002-04-12,2.3549,5.056,45,"[18, 53, 9648]",en,0,0,91,FGM Entertainment,Zoe Clarke-Williams,"Mia Kirshner, Meredith Monroe, Dominique Swain, Rachel True, Scott Bairstow"
37556,tt0382602,Charlie Brown's Christmas Tales,Charlie Brown's Christmas Tales,2002-12-08,2.2297,6.5,52,"[16, 35, 10751, 10770]",en,0,0,18,"Lee Mendelson Film Productions, Bill Melendez Productions, Charles M. Schulz Creative Associates, United Media Productions",Larry Leichliter,"Wesley Singerman, Serena Berman, Corey Padnos, Megan Taylor Harvey, Christopher Johnson"
78195,tt0316023,Inner Senses,異度空間,2002-03-28,2.0369,5.8,43,"[80, 9648, 27, 53, 10749]",cn,4000000,0,100,Filmko Pictures,Lo Chi-Leung,"Leslie Cheung, Karena Lam Kar-Yan, Maggie Poon Mei-Kei, Waise Lee Chi-Hung, Valerie Chow"
652039,tt0330338,Goldfish Game,Goldfish Game,2002-03-15,2.0374,8.0,1,"[18, 53]",nl,0,0,105,,Jan Lauwers,"Grace Ellen Barkey, Anneke Bonnema, Timothy Crouchman, Dick Crane, Gonzalo Cunill"
870,tt0330229,Dolls,ドールズ,2002-10-12,2.2171,7.522,378,"[18, 10749]",ja,0,0,114,"TV Tokyo, Bandai Visual, Office Kitano, Tokyo FM",Takeshi Kitano,"Miho Kanno, Hidetoshi Nishijima, Tatsuya Mihashi, Chieko Matsubara, Kyoko Fukada"
502045,,No Comment,No Comment,2002-12-01,1.9558,10.0,1,"[12, 99]",de,0,0,71,"Riroc Pictures, Snap, Österreichischer Alpenverein, Kompass, Jürgen Sport Shop, Freestone, Alpinesports, E9, Metolius, Moon","Gerhard Hörhager, Richard Schipflinger","Gerhard Hörhager, David Lama, Jerry Moffatt, Ben Moon, Bernd Zangerl"
407921,,Antikrist,Antikrist,2002-01-01,2.0025,0.0,0,[10402],en,0,0,0,"DACAPO, Royal Danish Opera, DR",Staffan Valdemar Holm,"Thomas Dausgaard, Sten Byriel, Anne Margrethe Dahl, Helene Gjerris, Poul Elming"
5168,tt0318202,To Be and to Have,Être et avoir,2002-08-28,2.0715,7.322,152,[99],fr,1000000,0,104,"Gimages 204, Les Films d'Ici, ARTE France Cinéma, Maïa Films",Nicolas Philibert,"Georges Lopez, Johan, Alizé, Guillaume, Létitia"
18015,tt0313597,Shark Attack 3: Megalodon,Shark Attack 3: Megalodon,2002-11-26,2.5663,4.702,156,"[27, 53, 28, 12]",en,0,0,99,"Martien Holdings A.V.V., Nu Image",David Worth,"John Barrowman, Jenny McShane, Ryan Cutrona, Bashar Rahal, George Stanchev"
1647445,,Sibyls,Σίβυλλες,2002-01-01,1.7401,0.0,0,[],el,0,0,0,"Cinergon Productions, Greek Film Centre",Vouvoula Skoura,
25745,tt0369445,The Gamers,The Gamers,2002-11-03,1.9462,7.189,37,"[28, 35, 14]",en,1000,0,48,Dead Gentlemen Productions,Matt Vancil,"Matt Shimkus, Nathan Rice, Phil M. Price, Justin MacGregor, Chris Duppenthaler"
23964,tt0282171,Slap Shot 2: Breaking the Ice,Slap Shot 2: Breaking the Ice,2002-03-26,2.2329,4.211,45,[35],en,0,0,104,Universal Studios Home Entertainment,Steve Boyum,"Stephen Baldwin, Callum Keith Rennie, Jessica Steen, Gary Busey, David Hemmings"
44193,tt1712588,Zombie Ferox,Zombie Ferox,2002-09-02,1.8674,0.0,0,[],en,0,0,70,,Jonathon Ash,"Jimmy Alder, Jonathon Ash, Kimberly Kensington, Steven Ash"
307028,tt0360390,Astérix & Co: La bande dessinée selon Uderzo,Astérix & Co: La bande dessinée selon Uderzo,2002-02-28,2.1991,7.333,3,[99],fr,0,0,56,"Egmont Film, HK Editions",Jo Müller,Albert Uderzo
70443,tt0269461,Safe Conduct,Laissez-passer,2002-01-09,2.7607,6.5,37,"[18, 10752, 36]",fr,0,0,171,"France 2 Cinéma, KC Medien, Les Films Alain Sarde, StudioCanal, Little Bear, France 3 Cinéma, Vértigo Films",Bertrand Tavernier,"Jacques Gamblin, Denis Podalydès, Charlotte Kady, Marie Desgranges, Ged Marlon"
64280,tt1942962,Schönbrunn - Well of Beauty,Schönbrunn - Quelle der Schönheit,2002-12-19,2.2127,0.0,0,[99],de,0,0,52,,Georg Riha,"Peter Ustinov, Miguel Herz-Kestranek, John Shrapnel"
1251632,,Armed Hand,Mano Armada,2002-07-18,2.0025,0.0,0,[99],es,0,0,21,Mitómana Producciones,José Luis Sepúlveda,
177382,tt0345781,Pentamagica,Pentamagica,2002-12-29,2.0857,6.25,4,[35],de,0,0,103,WTP International,Roland Reber,"Mira Gittner, Marina Anna Eich, Claire Plaut, Ute Meisenheimer, Patricia Koch"
69437,tt0287497,Infested,Infested,2002-10-18,1.8825,4.636,22,"[878, 27]",en,0,0,80,City Block Productions,Josh Olson,"Zach Galligan, Amy Jo Johnson, Lisa Ann Hadley, Nahanni Johnstone, Robert Duncan McNeill"
1156833,tt0318767,Tragic Love,Tragic Love,2002-02-24,1.6087,9.0,1,[35],en,0,0,6,,Gary Eck,"Gary Eck, Emmanual Schiena, Josh Baker, Peter Green, Sonja McNamee"
347262,tt4824474,Working Stiff,Working Stiff,2002-05-05,1.6836,0.0,0,"[27, 35]",en,0,0,14,,Jesse Kerman,"Matthew Cooney, Lisa Stanton, DB Cooper, Chris Henderson"
610995,tt6224560,"Azizam, Man Kook Nistam",عزیزم من کوک نیستم,2002-12-04,2.0939,2.5,2,"[35, 18]",fa,0,0,95,,Mohamad Reza Honarmand,"Parviz Parastouei, Fatemeh Motamed-Arya, Farhad Aeish, Sepehr Azadi, Mehdi Fathi"
239116,tt0418291,Vertical Frontier,Vertical Frontier,2002-10-13,2.2627,9.0,2,"[99, 12]",en,0,0,90,Peloton Productions,Kristi Denton Cohen,"Yvon Chouinard, Royal Robbins, Elizabeth Burkner Robbins, Warren Harding, Ron Kauk"
97889,tt0311231,The Greenskeeper,The Greenskeeper,2002-05-01,2.1204,3.167,18,"[27, 35]",en,800000,0,82,Ghost Man on Third Productions,"Kevin Greene, Tripp Norton, Adam Johnson","Allelon Ruggiero, Bruce Taylor, Ron Lester, Steve Rickman, Thomas Merdis"
706669,tt0340262,In That Neighbouhood,Naquele Bairro,2002-01-01,1.9336,9.0,1,[],pt,0,0,27,,Madalena Miranda,"Gracinda Nave, Pedro Carmo, Adelaide João, Carlos Curto, Miguel Moreira"
14809,tt0286152,Stark Raving Mad,Stark Raving Mad,2002-05-23,2.5099,6.118,85,"[35, 80, 28]",en,5000000,54028,101,"Newmarket Capital Group, Summit Entertainment, A Band Apart, Stark Raving Productions Inc.","Drew Daywalt, David Schneider","Seann William Scott, Timm Sharp, Patrick Been, John B. Crye, Suzy Nakamura"
1092877,,Ding Dong,Ding Dong,2002-01-01,2.0466,0.0,0,"[35, 18]",en,0,0,3,"Tumble Hill Productions, Sgrîn: Media Agency for Wales, UK Film Council, Arts Council of Wales, HTV",Tracy Spottiswoode,"Philip Madoc, Ifan Huw Dafydd, Huw Ceredig, Chloe Williams, Luke Evans"
69443,tt1365457,Ezhumalai,ஏழுமலை,2002-06-21,2.0533,6.2,3,"[28, 18]",ta,0,0,159,,Arjun Sarja,"Arjun Sarja, Simran, Gajala, Mumtaj, Vijayakumar"
130002,tt0306355,Mark Twain,Mark Twain,2002-01-14,2.1571,7.111,18,[99],en,0,0,212,"WETA, Florentine Films",Ken Burns,"Keith David, Kevin Conway, Blythe Danner, Philip Bosco, Tim Clark"
264066,tt5985446,Shree,ஸ்ரீ,2002-07-19,2.2067,6.5,2,"[28, 18]",ta,0,0,148,,Pushpavasakan,"Suriya, Shrutika, Gayatri Jayaraman, Vadivelu, Vijayakumar"
28184,tt0348008,Shockheaded,Shockheaded,2002-10-08,1.9837,5.0,2,[27],en,0,0,107,,Eric Thornett,"Jason Wauer, Debbie Rochon, Demetrius Parker, Peter Smak, Eric Thornett"
200770,tt1260515,Ultraman Cosmos 2: The Blue Planet,ウルトラマンコスモス2 THE BLUE PLANET,2002-08-03,2.1221,6.5,10,"[28, 12, 10751, 878]",ja,0,0,75,"Tsuburaya Productions, Bandai, Bandai Visual, TBS, MBS, Kodansha, Shogakukan, Shochiku",Tsugumi Kitaura,"Taiyo Sugiura, Miho Kaneko, Masatoshi Matsuo, Mai Saito, Shingo Kazami"
8341,tt0196069,Samsara,འཁོར་བ།,2002-04-30,2.0122,7.464,137,"[12, 18, 10749]",bo,3000000,0,138,Fandango,Pan Nalin,"Shawn Ku, Christy Chung Lai-Tai, Neelesha Barthel, Lhakpa Tsering, Tenzin Tashi"
236277,tt0282613,Inferno,Inferno,2002-06-25,2.053,4.333,7,"[18, 28]",en,0,0,91,PorchLight Entertainment,Dusty Nelson,"Jeff Fahey, Janet Gunn, Dean Stockwell, Richard Danielson, Greta Danielle Newgren"
1014708,,Splash,Splash,2002-01-01,1.8315,0.0,0,[],en,0,0,0,"Pride Video, Wolfe Video",,"Lukas Ridgeston, Johan Paulik, Barry, Dennis, Jason"
30768,tt0330152,The Christmas Shoes,The Christmas Shoes,2002-12-01,2.1039,6.839,56,"[18, 10770]",en,0,0,100,"Craig Anderson Productions, Beth Grossbard Productions",Andy Wolk,"Rob Lowe, Kimberly Williams-Paisley, Max Morrow, Maria del Mar, Hugh Thompson"
276684,tt0302017,Warrior Angels,Warrior Angels,2002-10-11,2.3866,4.5,8,"[28, 12]",fr,100000,0,92,"Drotcroft Limited, Weintraub/Kuhn Productions, Lithuanian Film Studio",Byron W. Thompson,"Charlotte Avery, Nick Brading, Molly Culver, Rutger Hauer, Kristina Kaubryte"
127281,tt0317211,Black Box,Caja negra,2002-08-15,2.2467,5.6,7,[18],es,0,0,81,"Villa Vicio, INCAA",Luis Ortega,"Dolores Fonzi, Eduardo Couget, Eugenia Bassi, Silvio Bassi, Delia Cejas"
15173,tt0298388,Jonah: A VeggieTales Movie,Jonah: A VeggieTales Movie,2002-10-04,2.2374,6.2,112,"[12, 16, 35, 10751, 10402]",en,14000000,25615231,82,"Big Idea Productions, Family Home Entertainment (FHE), Artisan Entertainment","Phil Vischer, Mike Nawrocki","Phil Vischer, Mike Nawrocki, Tim Hodge, Lisa Vischer, Dan Anderson"
385459,tt0293020,Until Death,Until Death,2002-11-11,1.7723,3.0,4,[27],en,0,0,86,,Charles Buchanan,"Clemency Burton-Hill, Jamie Bower, Gyuri Sarossy, Margaret Tyzack"
478386,tt0333399,The Exam,Emtehan,2002-09-27,1.9399,7.7,3,[18],fa,0,0,80,,Nasser Refaie,
162168,tt0283972,Butterfly Man,Butterfly Man,2002-12-06,2.246,4.6,5,"[10749, 18]",en,0,0,95,"De Warrenne Pictures, GMM Pictures Co.",Kaprice Kea,"Napakpapha Nakprasitte, Francis Magee, Abigail Good, Kirsty Mitchell, Vasa Vatcharayon"
700057,tt0356781,Kanmashi,കൺമഷി,2002-05-03,2.174,7.0,1,[10749],ml,0,0,137,,V M Vinu,"Vineeth Kumar, Nithya Das, Nedumudi Venu, Jagathy Sreekumar, Kalabhavan Mani"
13245,tt0285441,Atanarjuat: The Fast Runner,ᐊᑕᓈᕐᔪᐊᑦ,2002-02-01,2.0851,6.805,82,"[14, 18]",iu,1934000,3786801,172,Isuma Productions,Zacharias Kunuk,"Natar Ungalaaq, Sylvia Ivalu, Peter-Henry Arnatsiaq, Lucy Tulugarjuk, Pakak Innuksuk"
16857,tt0238924,The Dangerous Lives of Altar Boys,The Dangerous Lives of Altar Boys,2002-06-14,2.3287,6.675,186,"[35, 18]",en,12000000,2036599,104,"Trilogy Entertainment Group, Egg Pictures, Initial Entertainment Group, thinkfilm",Peter Care,"Kieran Culkin, Emile Hirsch, Jena Malone, Jake Richardson, Jodie Foster"
27710,tt0329334,Bleed,Bleed,2002-12-24,2.3224,4.2,16,"[27, 53]",en,45000,0,82,"Full Moon Features, Shadow Films, Full Moon Entertainment","Devin Hamilton, Dennis Petersen","Debbie Rochon, Danny Wolske, Allen Nabors, Orly Tepper, Ronnie Gene Blevins"
71886,tt0296251,Tru Confessions,Tru Confessions,2002-04-05,2.6029,6.867,60,"[10770, 10751, 18]",en,0,0,83,"Walt Disney Television, Chanticleer Films",Paul Hoen,"Clara Bryant, Shia LaBeouf, Mare Winningham, William Francis McGuire, Nicole Dicker"
197721,tt0408225,Studio Tour,Studio Tour,2002-12-02,1.6544,6.0,2,[],en,0,0,0,,,Leonard Maltin
25006,tt0301893,State Property,State Property,2002-01-18,1.8992,6.388,49,"[80, 28, 18]",en,0,2106838,88,,Abdul Malik Abbott,"Beanie Sigel, Omillio Sparks, Memphis Bleek, Damon Dash, Sundy Carter"
138485,,Gun Up,Gun Up,2002-11-05,1.8674,4.2,2,[10751],en,0,0,75,Music Video Distribution,,"Beenie Man, Bounty Killer"
247280,tt0285976,Reality Check,Reality Check,2002-07-15,2.3193,4.5,6,"[27, 53]",en,0,0,88,Millennium Films,Rafal Zielinski,"Natalia Cigliuti, Timothy Lee DePriest, Nate Dushku, Julie Ann Emery, Sticky Fingaz"
1135133,,Tanyabi's Lake,Tanyabi Firti,2002-01-01,1.9332,0.0,0,[],en,0,0,60,,Satarupa Sanyal,
665350,tt0324083,Straight,Straight,2002-05-01,2.0671,9.0,1,[35],en,0,0,100,Five Faces Films,"Chay Yew, Jeff Meyers, Matthiew Klinck","Thomas Michael, David Schmader, Hayden Baptiste, Ron Langton, Christopher Mio"
1836,tt0337961,In My Skin,Dans ma peau,2002-12-04,2.3559,6.035,155,"[18, 27]",fr,2000000,31046,93,"Lazennec et Associés, CNC, Natexis Banques Populaires Images 2",Marina de Van,"Marina de Van, Laurent Lucas, Léa Drucker, Thibault de Montalembert, Dominique Reymond"
61758,tt0333407,Enfin pris ?,Enfin pris ?,2002-10-02,2.1785,6.833,9,[99],fr,0,0,93,,Pierre Carles,"Jean-Paul Abribat, Pierre Bourdieu, Pierre Bérégovoy, Pierre Carles, Alain Delon"
1700726,tt0236832,Vampire Night,Vampire Night,2002-01-22,2.1083,0.0,0,"[27, 35]",en,0,0,76,Unknown Productions,Jason Robert Stephens,"Jimmy Jerman, Eden Rae, Robert Michael Ryan, Pat Downey, Kat Facchino"
50573,tt0296845,Little Secrets,Little Secrets,2002-08-23,2.3275,6.3,78,"[18, 10751, 35]",en,0,0,96,Columbia TriStar Home Entertainment,Blair Treu,"Evan Rachel Wood, Michael Angarano, David Gallagher, Vivica A. Fox, Jan Broberg Felt"
27345,tt0260162,The Mangler 2,The Mangler 2,2002-02-26,2.0585,3.5,37,"[27, 878]",en,4000000,0,97,Banana Brothers Entertainment Inc.,Michael Hamilton-Wright,"Lance Henriksen, Chelse Swain, Philippe Bergeron, Dexter Bell, Daniella Evangelista"
36629,tt0287969,Comic Book Villains,Comic Book Villains,2002-09-03,2.0774,5.2,51,"[35, 80]",en,0,0,92,Capital Arts Entertainment,James Robinson,"Donal Logue, Cary Elwes, Michael Rapaport, Natasha Lyonne, Eileen Brennan"
65830,tt0313410,No Night Is Too Long,No Night Is Too Long,2002-12-27,2.4022,6.326,46,"[80, 18, 53, 10770]",en,0,0,116,"Studios Victoria Inc., Alliance Atlantis, BBC",Tom Shankland,"Lee Williams, Marc Warren, Mikela J. Mikael, Beverley Breuer, Emily Holmes"
691446,,The Ape of Light,Le Singe de la lumière,2002-01-01,1.9504,0.0,0,[],fr,0,0,23,,Érik Bullot,
1678348,,3-South,3-South,2002-11-07,2.189,5.0,1,[],en,0,0,273,,Ron Hughart,"Brian Dunkleman, Brian Posehn, Mark Hentemann, Jeffrey Tambor, Lori Alan"
1265613,,Monkeys,Monkeys,2002-05-31,2.1002,0.0,0,"[28, 878, 35]",en,25,0,55,,Jack McGuigan,"Peter Rago, Jack McGuigan, Brian Wessel, Mark Wilhelm, Pat Miller"
102,tt0315543,Open Hearts,Elsker dig for evigt,2002-09-06,2.1135,7.1,127,"[18, 10749]",da,0,0,113,"Zentropa Entertainments, Det Danske Filminstitut",Susanne Bier,"Sonja Richter, Nikolaj Lie Kaas, Mads Mikkelsen, Paprika Steen, Stine Bjerregaard"
631238,tt0415237,Remembering November,Remembering November,2002-11-22,1.9775,8.0,1,[18],en,0,0,37,,Scott Beck,
109164,tt0313634,The Scream Team,The Scream Team,2002-10-11,2.493,6.6,42,"[14, 10770, 35]",en,0,0,88,Hartbreak Films,Stuart Gillard,"Mark Rendall, Kat Dennings, Robert Bockstael, Eric Idle, Tommy Davidson"
800385,tt1134625,Playtime Story,Playtime Story,2002-12-26,1.7152,0.0,0,"[99, 10770]",fr,0,0,33,"ARTE, Les Films de Mon Oncle, On Line Productions",François Ede,
437413,tt0346621,Birthday Girl,Birthday Girl,2002-12-22,2.0637,7.0,1,"[10770, 18]",en,0,0,120,"ITV, Yorkshire Television",Morag Fullarton,"Sarah Lancashire, Emma Fielding, Mina Anwar, Julia Ford, Ciarán McMenamin"
148290,tt0360848,Ocean,Océan,2002-09-12,1.9678,4.5,3,[99],en,0,0,50,Les productions virage,Catherine Martin,
569830,,Fumble,Fumble,2002-03-09,2.2816,0.0,0,[99],en,0,0,4,,Kevin Jerome Everson,Vincent Katz
12577,tt0282552,Steal,Riders,2002-05-08,2.1535,5.371,143,"[80, 28, 53]",en,0,0,83,Alliance Films,Gérard Pirès,"Stephen Dorff, Natasha Henstridge, Bruce Payne, Steven Berkoff, Clé Bennett"
1059136,,Finding Destiny,Finding Destiny,2002-01-01,2.039,7.0,1,[],en,0,0,2,,Matthew Giaquinto,"Robert Brown, Heather Robinson"
1019161,tt0325753,Loft Paradoxe,Loft Paradoxe,2002-05-28,1.9552,9.0,1,"[10770, 99]",fr,0,0,80,"Cargo Films, ARTE",Jean-Jacques Beineix,"Maurice Achard, Jacques Attali, Roselyne Bachelot, Professeur Choron"
18300,tt0293116,Jet Lag,Décalage Horaire,2002-10-30,2.2419,5.522,147,"[35, 18, 10749]",fr,0,0,91,"StudioCanal, Les Films Alain Sarde, TF1 Films Production, Pathé",Danièle Thompson,"Jean Reno, Juliette Binoche, Sergi López, Scali Delpeyrat, Karine Belly"
227321,tt1245553,Wunderwerk,Wunderwerk,2002-01-01,1.8621,5.3,3,[16],en,0,0,9,,Michael Sieber,
109698,tt0290280,Roughing It,Roughing It,2002-03-16,2.4794,5.5,4,"[18, 10770]",en,0,0,185,,Charles Martin Smith,"Robert Dunne, James Garner, Adam Arkin, Eric Roberts, Ned Beatty"
27733,tt0325228,Death Factory,Death Factory,2002-11-05,1.9914,3.3,19,[27],en,9000,0,81,Brain Damage Films,Brad Sykes,"Lisa Jay, Karla Zamudio, Tiffany Shepis, Jeff Ryan, Rhoda Jordan"
18435,tt0245407,Crush,Crush,2002-06-07,2.2745,5.683,52,"[10749, 35, 18]",en,0,0,112,Columbia Pictures,John McKay,"Andie MacDowell, Imelda Staunton, Anna Chancellor, Kenny Doughty, Bill Paterson"
278152,tt0356505,Dany,ഡാനി,2002-02-28,1.9592,7.5,2,[18],ml,0,0,109,,T. V. Chandran,"Mammootty, Vani Viswanath, Mallika Sarabhai, Siddique, Ratheesh"
2095,tt0167116,Desert Saints,Desert Saints,2002-03-10,2.1314,5.8,60,"[28, 10749, 53]",en,0,0,88,"Sagg Main Productions, City Heat Productions, Prufrock Pictures",Richard Greenberg,"Kiefer Sutherland, Melora Walters, Jamey Sheridan, Leslie Stefanson, Bill Sage"
995119,tt0319200,Cliché,Cliché,2002-06-02,1.928,9.0,1,"[28, 18]",en,0,0,4,Triple Horse Entertainment,Karl Horstmann,"Brian Barnard, Gerelld R. Rice, E.J. Shannon, George Robinson, Kaleka"
244981,tt0329245,Johnny Flynton,Johnny Flynton,2002-09-21,1.8549,7.125,8,[],en,0,0,37,,Lexi Alexander,"Dash Mihok, Michele Matheson, James Beck, Raymond Thorne, Robert W. Hill"
1401362,tt0366154,AlaRm,AlaRm,2002-09-01,1.9322,7.0,1,"[18, 80, 53, 10770]",pl,0,0,66,"Filmotwórnia Stanisława Martynowskiego-Poznań, Kinoteater",Dariusz Gajewski,"Sławomir Grzymkowski, Elżbieta Komorowska, Sławomir Orzechowski, Lech Mackiewicz, Agnieszka Grochowska"
1499290,,Ouf ! Enfin...,Ouf ! Enfin...,2002-01-01,2.3377,0.0,0,[],fr,0,0,0,"Wild Roses, CRRAV, Dick Laurent",Eric Waeghemacker Knecht,"Anne Gaelle Ponche, Sébastien Epier"
1287459,,El Maestro,El Maestro,2002-01-01,1.7024,0.0,0,[18],es,0,0,0,caught indie act film,Ramiro Meneses,"Alessandro Basile, Jairo Camargo, darin estrella, Inés Correa, Félix Sanchez"
1638123,tt0989856,Remembering Roots,Remembering Roots,2002-01-15,2.1392,0.0,0,[99],en,0,0,19,New Wave Entertainment Television,Jeffrey Lerner,"David L. Wolper, Leslie Uggams, Sandy Duncan, David Greene, Georg Stanford Brown"
24079,tt0283077,Triggermen,Triggermen,2002-07-26,1.8742,4.789,19,"[28, 35, 53, 80]",en,500000,0,92,"International West Pictures (IWP), Now Entertainment Group, Trimuse Entertainment Inc., Ballpark Productions Partnership, Franchise Pictures",John Bradshaw,"Neil Morrissey, Donnie Wahlberg, Adrian Dunbar, Claire Forlani, Amanda Plummer"
46993,tt0317887,Madame Satã,Madame Satã,2002-10-03,2.1698,6.9,88,"[80, 18, 10749, 36]",pt,0,0,105,"VideoFilmes, Wild Bunch, Lumière, Dominant 7",Karim Aïnouz,"Lázaro Ramos, Marcélia Cartaxo, Flávio Bauraqui, Renata Sorrah, Fellipe Marques"
971609,tt6646492,Murderer Tale,Murderer Tale,2002-03-06,1.8885,3.0,1,[27],de,0,0,77,Creative Lynch,Marco Knapp,"Julia Ewald, Carsten Hiller, Tobias Rehn, Yazid Benfeghoul, Florian Krehn"
225360,tt0314480,"Palestine, Palestine","Palestine, Palestine",2002-07-03,1.5631,10.0,1,"[99, 10770]",fr,0,0,73,"Les, ARTE France Cinéma",Dominique Dubosc,
348853,tt0307180,The Model Solution,The Model Solution,2002-04-30,1.7641,4.5,11,[18],en,0,0,94,Indigo Entertainment,Edward Holzman,"Sebastien Guy, Holly Hollywood, Jason Schnuit, Kim Yates, Regina Russell Banali"
1668879,,Le Menteur,Le Menteur,2002-08-01,1.8641,0.0,0,"[36, 10749]",fr,0,0,106,Théâtre Hébertot,Nicolas Briançon,"Nicolas Vaude, Henri Courseaux, Marie Piton, David Seigneur, Pierre Maguelon"
36199,tt0810833,Digimon Tamers: Runaway Locomon,デジモンテイマーズ 暴走デジモン特急,2002-03-02,2.2065,6.8,20,[16],ja,0,0,30,Toei Animation,Tetsuharu Nakamura,"Touko Aoyama, Yoko Asada, Susumu Chiba, Yuka Imai, Ai Iwamura"
818642,,Une saison,Une saison,2002-02-03,1.742,0.0,0,[],fr,0,0,15,,Pierre Creton,
25675,tt0328258,Ping Pong,ピンポン,2002-07-20,2.0507,7.1,63,"[35, 18]",ja,0,0,114,"TBS, Asmik Ace Entertainment",Fumihiko Sori,"Yosuke Kubozuka, Arata Iura, Sam Lee, Shido Nakamura, Koji Ohkura"
20646,tt0316599,Graveyard of Honor,新・仁義の墓場,2002-06-22,1.7505,6.23,61,"[80, 18, 53, 28]",ja,0,0,131,"Toei Video Company, Excellent Film, Daiei Film",Takashi Miike,"Goro Kishitani, Narimi Arimori, Ryôsuke Miki, Yoshiyuki Daichi, Hirotaro Honda"
49088,tt0317086,Ansel Adams,Ansel Adams,2002-12-21,1.7094,8.5,2,[99],en,0,0,100,,Ric Burns,David Ogden Stiers
1289287,,Long Take,Plano-Seqüência,2002-03-25,1.7141,0.0,0,[18],pt,0,0,12,Dezenove Som e Imagem,Patrícia Moran,Paulo César Peréio
697956,,Hotel Tubu,Hotel Tubu,2002-09-17,1.7109,0.0,0,[],en,0,0,5,,"Kornél Szilágyi, Ivan Buharov",
1261897,tt0457045,Love Boogie,Love Boogie,2002-01-01,2.0792,8.0,1,[],sv,0,0,0,,Lena Koppel,"Nadine Kirschon, Philip Panov, Annika Eriksson, Peter Sjöberg, Lovisa Onnermark"
77568,tt0302935,Polle Fiction,Polle Fiction,2002-03-08,1.9778,4.267,15,[35],da,0,0,90,FilmPeople,Søren Fauli,"Jens Andersen, Per Otto Bersang Rasmussen, Henrik Bechman, Petrine Agger, Sigri Mitra Gaïni"
846421,tt12282120,A Ira,A Ira,2002-07-02,1.6572,0.0,0,[18],pt,0,0,20,,Joel Yamaji,"Simone Momm, Beth Pinn, Nina Pessoa"
21220,tt0281865,"Frank McKlusky, C.I.","Frank McKlusky, C.I.",2002-04-26,2.4302,4.4,24,"[28, 35, 9648, 53]",en,0,0,83,"Robert Simonds Productions, Touchstone Pictures",Arlene Sanford,"Dave Sheridan, Cameron Richardson, Randy Quaid, Dolly Parton, Enrico Colantoni"
29922,tt0273041,13th Child,13th Child,2002-10-25,1.941,2.7,25,"[27, 53]",en,0,0,99,,"Steven Stockage, Thomas Ashley","Cliff Robertson, Lesley-Anne Down, Christopher Atkins, Gano Grills, Robert Guillaume"
1210056,,Luting,Luting,2002-07-01,1.5845,0.0,0,[99],st,0,0,47,,Vincent Moloi,
10630,tt0329106,Führer Ex,Führer Ex,2002-08-31,2.0347,6.319,36,[18],de,6854500,0,105,Nextfilm Filmproduktion,Winfried Bonengel,"Christian Blümel, Aaron Hildebrand, Jule Flierl, Harry Baer, Dieter Laser"
52999,tt0273069,The Adversary,L'Adversaire,2002-08-28,2.3374,6.641,198,"[9648, 18, 80]",fr,0,0,129,"StudioCanal, Les Films Alain Sarde, France 3 Cinéma, Pauline's Angel, Vega Film, Vértigo Films",Nicole Garcia,"Daniel Auteuil, Géraldine Pailhas, François Cluzet, François Berléand, Emmanuelle Devos"
354383,tt0338987,Familie XXL,Familie XXL,2002-10-29,1.9383,6.75,2,"[35, 10751, 10770, 10749]",de,0,0,90,RELEVANT F!LM Produktion GmbH,Peter Timm,"Oliver Stokowski, Ursula Karven, Esther Schweins, Kostja Ullmann, Antje Hagen"
66344,tt0422908,Pammal K. Sambandam,பம்மல் கே. சம்பந்தம்,2002-01-14,1.9119,6.658,19,"[35, 18]",ta,0,0,160,Media Dreams Limited,Mouli,"Kamal Haasan, Simran, Abbas, Sneha, Manivannan"
16068,tt0280453,Babylon 5: The Legend of the Rangers - To Live and Die in Starlight,Babylon 5: The Legend of the Rangers - To Live and Die in Starlight,2002-04-30,2.2786,6.004,114,"[878, 12, 28]",en,0,0,90,"Babylonian Productions, Legendary Films, Sci-Fi Channel",Michael Vejar,"Dylan Neal, Andreas Katsulas, Alex Zahara, Myriam Sirois, Dean Marshall"
44528,tt0267736,The Matthew Shepard Story,The Matthew Shepard Story,2002-03-16,2.1028,5.574,27,"[18, 10770]",en,0,0,92,Echo Bridge Home Entertainment,Roger Spottiswoode,"Stockard Channing, Shane Meier, Wendy Crewson, Kristen Thomson, Joseph Ziegler"
46865,tt0252266,Beeper,Beeper,2002-10-10,1.7332,5.6,10,"[28, 80, 53]",en,0,0,94,"Shoreline Entertainment, Ushakiron Movies International",Jack Sholder,"Harvey Keitel, Joey Lauren Adams, Ed Quinn, Gulshan Grover, Stefan Djordjevic"
1742475,,The Golden Duck,Złota Kaczka,2002-11-29,1.9134,0.0,0,[16],pl,0,0,13,Telewizyjne Studio Filmów Animowanych w Poznaniu,Jacek Kasprzycki,
696186,tt0346595,Berlin Beshert,Berlin Beshert,2002-11-12,1.7367,3.0,3,[],he,0,0,30,,November Wanderin,
688607,tt0241998,Sweetie Pie,Sweetie Pie,2002-01-14,1.8933,10.0,2,"[18, 53]",en,0,0,85,"Lost Angels Films, Palm Pictures",K. Asher Levin,"Cisco Adler, Spencer Grammer, Paris Hilton, Jake Hoffman, Sarah Howard"
158244,tt1262033,Fed Up!,Fed Up!,2002-01-01,1.7648,5.5,2,[],en,0,0,57,,,"Britt Bailey, Dominique Baron, Brent Blackwelder, Beth Burroughs, Ignacio Chapela"
148271,tt0328199,Le nèg',Le nèg',2002-09-11,2.1741,7.091,11,"[18, 9648]",fr,0,0,92,"Coop Vidéo de Montréal, Les Productions 23",Robert Morin,"Iannicko N'Doua, Robin Aubert, Emmanuel Bilodeau, Vincent Bilodeau, Sandrine Bisson"
604388,tt0356968,Όνειρα γλυκά,Όνειρα γλυκά,2002-11-13,1.822,5.5,2,[18],el,0,0,0,,Pandelis Pagoulatos,"Giannis Fertis, Betty Livanou, Hristos Nomikos, Othon Metaxas, Yiannis Karageorgopoulos"
405524,tt0819134,Vasya,Vasya,2002-12-09,1.8162,4.9,5,[99],ru,0,0,60,,Andriy Zahdanskyi,
334540,tt0975745,Tati Story,Tati Story,2002-04-06,1.7672,5.6,5,[99],fr,0,0,21,,Stéphane Goudet,Jacques Tati
1720894,tt0301378,The Hamptons,The Hamptons,2002-06-02,1.6956,0.0,0,[99],en,0,0,176,"ABC, Cabin Creek Films",Barbara Kopple,"Alec Baldwin, Jason Binn, Christie Brinkley, George Butler, Chevy Chase"
21518,tt0288415,Air Bud: Seventh Inning Fetch,Air Bud: Seventh Inning Fetch,2002-06-18,2.4908,5.565,170,"[35, 10751]",en,0,0,93,"Fetch Boy Films Ltd., International Keystone Entertainment, Keystone Pictures, Air Bud Entertainment",Robert Vince,"Kevin Zegers, Caitlin Wachs, Chantal Strand, Molly Hagan, Patrick Cranshaw"
23967,tt0187512,Slap Her... She's French,Slap Her... She's French,2002-02-07,2.2799,4.71,93,[35],en,0,0,89,"Key Entertainment, Bandeira Entertainment, Constantin Film, IMF, Intermedia Films",Melanie Mayron,"Piper Perabo, Jane McGregor, Trent Ford, Julie White, Brandon Smith"
138015,tt0337974,Dennis the Menace: Cruise Control,Dennis the Menace: Cruise Control,2002-02-01,1.9219,5.0,21,"[35, 10751, 16, 12]",en,0,0,72,DiC,Patrick A. Ventura,"Tom Arnold, Jim Byrnes, Garry Chalk, Jeannie Elias, Maurice LaMarche"
1665031,tt0344699,"Dad, the policeman",Pappa Polis,2002-11-23,2.0132,0.0,0,"[18, 10751, 53]",sv,0,0,82,"Jarowskij, SVT",Clas Lindberg,"Daniel Bragderyd, Jakob Eklund, Bill Skarsgård, Henrik Hjelt, Ingar Sigvardsdotter"
16402,tt0318819,Patlabor WXIII the Movie,WXIII 機動警察パトレイバー,2002-03-30,2.238,6.6,53,"[28, 16, 878, 53]",ja,0,0,107,"Madhouse, Bandai Visual, TFC","Fumihiko Takayama, Takuji Endo","Hiroaki Hirata, Katsuhiko Watabiki, Atsuko Tanaka, Ryusuke Ohbayashi, Mina Tominaga"
13442,tt0271885,Zig Zag,Zig Zag,2002-06-14,2.6274,5.7,36,[18],en,0,0,101,"Silver Nitrate, Franchise Classics",David S. Goyer,"John Leguizamo, Wesley Snipes, Oliver Platt, Natasha Lyonne, Luke Goss"
506373,tt0373319,Silver Path,Silver Path,2002-03-04,1.777,10.0,1,[],en,0,0,63,,Nathaniel Walters,
1117148,,Promoting Pollyanna,Promoting Pollyanna,2002-05-07,1.61,0.0,0,[99],en,0,0,6,Buena Vista Home Entertainment,,"Stacia Martin, Les Perkins, Roy Edward Disney"
277642,tt0965620,Formidable Force,Formidable Force,2002-01-01,1.9137,0.0,0,[],en,0,0,106,,Teco Benson,"Genevieve Nnaji, Hanks Anuku, Ernest Asuzu, Laz Ekwueme, Kola Idowu"
31094,tt0260414,Taking Sides,Taking Sides,2002-03-07,2.1353,6.3,50,"[18, 10752, 10402]",en,20000000,0,108,"Paladin Production S.A., Maecenas Film- und Fernseh GmbH, Studio Babelsberg, Little Big Bear Filmproduktion GmbH, MBP, Satel Film, Spice Factory",István Szabó,"Harvey Keitel, Stellan Skarsgård, Moritz Bleibtreu, R. Lee Ermey, Birgit Minichmayr"
505596,tt0304291,Killer Love,Killer Love,2002-05-11,1.8597,3.25,4,[27],en,0,0,90,,Lloyd A. Simandl,"Kari Wührer, Tereza Duchková, David O'Kelly, Noel le Bon, Elin Špidlová"
958056,tt0339404,Moje miasto,Moje miasto,2002-11-05,2.0522,7.0,4,"[18, 10770]",pl,0,0,60,"Fundacja Sztuki Filmowej, Telewizja Polska",Marek Lechki,"Jerzy Łapiński, Elżbieta Karkoszka, Stanisław Brudny, Krystyna Tkacz, Agnieszka Banach"
39227,tt0324532,When in Rome,When in Rome,2002-11-26,2.2955,5.95,341,"[12, 10751, 10749]",en,0,0,94,"Dualstar Productions, Tapestry Films",Steve Purcell,"Ashley Olsen, Mary-Kate Olsen, Leslie Danon, Julian Stone, Michelangelo Tommaso"
475058,tt0328550,The Tombs,Les Tombales,2002-04-06,1.8998,7.667,3,[],fr,0,0,15,,Christophe Barratier,"Lambert Wilson, Carole Weiss, Kad Merad, Paul Chariéras, Louis Bonnet"
527090,,Gay refuge,Gay refuge,2002-01-01,1.7904,0.0,0,[],fr,0,0,2,,Didier Blasco,Jean-Christophe Bouvet
112578,tt0317936,n[eon],n[eon],2002-01-26,1.9932,5.9,9,[14],en,0,0,28,Hourglass Pictures,Dave McKean,"Eamonn Collinge, Eileen Daly, John Cale"
291824,tt0318479,Heimatfilm!,Heimatfilm!,2002-01-01,2.0451,7.0,3,[18],de,0,0,0,WDR,Daniel Krauss,"Fritzi Haberlandt, Hannes Jaenicke, Annika Blendl, Lars Gärtner, Rolf Peter Kahl"
22016,tt0301414,Man on the Train,L'Homme du train,2002-10-02,2.1145,6.683,120,"[80, 18, 53]",fr,0,7727906,90,"Zoulou Films, Tubedale Films, FCC, Ciné B, Pandora Filmproduktion, Cinéma Parisien, Media Suits, Canal+, Eurimages, Sofica Sofinergie 5, Natexis Banques Populaires Images 2, CNC, Auvergne-Rhône-Alpes Cinéma",Patrice Leconte,"Jean Rochefort, Johnny Hallyday, Jean-François Stévenin, Pascal Parmentier, Charlie Nelson"
24080,tt0271882,You Stupid Man,You Stupid Man,2002-11-02,2.3394,5.5,98,"[35, 10749]",en,0,0,95,"ApolloMedia, Artists Production Group, New Legend Media",Brian Burns,"Milla Jovovich, David Krumholtz, William Baldwin, Denise Richards, Jessica Cauffiel"
57992,tt0254775,The Red Siren,La sirène rouge,2002-08-21,2.2256,5.25,24,"[18, 28, 53]",fr,0,0,118,"Haut et Court, StudioCanal, France 2 Cinéma",Olivier Megaton,"Jean-Marc Barr, Asia Argento, Frances Barber, Andrew Tiernan, Alexandra Negrão"
834169,tt0922607,Siembras Michoacanas,Siembras Michoacanas,2002-01-01,1.6074,5.0,1,"[80, 28]",es,0,0,94,Producciones Alfa Audiovisual,Lourdes Álvarez,"Eleazar García Jr., Bernabé Melendrez, Alicia Reynoso, Roberto Ruiz, Fructuoso Rodríguez"
274431,tt0348601,Entre Bateas,Entre Bateas,2002-03-28,1.7012,10.0,1,"[28, 18]",gl,0,27,0,"TVG, Continental TV",Jorge Coira,"Miguel de Lira, Pepo Suevos, Nekane Fernández, Luisa Merelas, Xosé Manuel Olveira"
21327,,Ghost Rider: The Final Ride,Ghost Rider: The Final Ride,2002-11-25,1.9952,6.1,5,[99],en,0,0,53,X-Factor Productions,,Ghost Rider
1212984,tt0396619,Good Night,Good Night,2002-01-01,1.8426,9.0,1,[18],en,0,0,15,,Chun Sun-young,"In-sook Chappell, Barbara Elryod, Yoav Factor, Dolly Unachukwu"
334467,tt0343956,Flesh,Laman,2002-09-11,1.694,4.2,6,"[53, 18]",tl,0,0,115,Regal Entertainment,Maryo J. de los Reyes,"Albert Martinez, Yul Servo, Elizabeth Oropesa, Lolita De Leon, Kenneth Ocampo"
326021,,The Secret of Genghis Khan,Таємниця Чингісхана,2002-01-01,1.5603,0.0,0,"[18, 36]",uk,0,0,95,Dovzhenko Film Studios,Volodymyr Saveliev,"Bohdan Stupka, Polina Lozova, Serhii Romaniuk, Rayisa Nedashkivska, Kostiantyn Stepankov"
470638,tt0379497,The Last Supper,شام آخر,2002-03-28,1.5982,6.2,6,"[18, 10749]",fa,0,0,96,,Fereydoun Jeyrani,"Katayoun Riahi, Hanie Tavassoli, Mohammad Reza Golzar, Sorayya Ghasemi, Atila Pesyani"
433944,tt0325778,Mamasan,Mamasan,2002-06-12,1.7096,4.0,4,[18],en,0,0,0,FLT Films International,Joey Romero,"Elizabeth Oropesa, Jenine Desiderio, Mark Gil, Raven Villanueva, Barbara Milano"
367471,tt0296535,Bollywood Bound,Bollywood Bound,2002-05-05,2.0311,10.0,1,[99],en,0,0,88,ONF | NFB,Nisha Pahuja,
89591,tt0284851,Black Plague,Anazapta,2002-12-01,2.203,5.381,21,[53],en,0,0,115,"Spice Factory, Beyond Films, Great British Films, Enterprise Films",Alberto Sciamma,"Lena Headey, David La Haye, Jason Flemyng, Christopher Fairbank, Anthony O'Donnell"
1154643,tt0774715,I am,Yo soy,2002-01-01,2.0795,0.0,0,"[10402, 16]",es,0,0,1,,Walter Tournier,"Laura Canoura, Jorge Vercillo"
974726,,Fairy Secter Tentoh Battle 6,フェアリーセクター  　テントーBattle 6,2002-01-01,2.0864,0.0,0,[],ja,0,0,25,Nishida Special Effects Research Institute,Satoshi Nishida,"Megumi Yoshida, Mako Nakatsu, Ishii Sekin, Rina Nishizaki, Naomi Kono"
67984,tt0310188,Surf Adventures,Surf Adventures: O Filme,2002-02-01,1.7514,6.5,5,[99],pt,0,0,92,,Arthur Fontes,"Carlos Burle, Danylo Grillo, Eraldo Gueiros, Flávio Teco Padaratz, Phil Rajzman"
353044,tt0326073,Rita Koeling,Rita Koeling,2002-09-23,1.647,8.0,1,[18],nl,0,0,10,Get Reel Productions,Hubert Pouille,"Manon von Liebenstein, Jim van der Panne, Unna Huijsman, Barry Atsma, Steven Thans"
1767805,,El rey de la Sierra,El rey de la Sierra,2002-01-01,2.2664,0.0,0,[28],es,0,0,83,,Alejandro Todd,"Miguel Ángel Rodríguez, Sergio Mayer, Jorge Ortín, Claudia Pichardo, Guillermo Lagunes"
1528648,tt0359826,Pernicioso vegetal,Pernicioso vegetal,2002-01-01,1.6603,10.0,1,[18],es,0,0,59,"Kaos Coop, INCAA",Mariano Mucci,"Erasmo Olivera, Antonella Costa, Cecilia Roth, Eduardo Pavlovsky, Fenna Della Maggiora"
506343,tt0882792,Naughty Boys,NAUGHTY BOYS ノーティー・ボーイズ,2002-08-03,1.7782,4.0,3,"[18, 35, 10749]",ja,0,0,76,"Habakari Cinema, ENK Promotion",Kōichi Imaizumi,"Yuji Kuwa, Akio Yoshioka, Akira the Hustler, Kazuhisa Iriuchijima, Margarette"
5252,tt0341470,Ardor,밀애,2002-11-07,1.9852,5.029,17,"[18, 53]",ko,0,0,112,"CJ Entertainment, Fun and Happiness Film, Cinema Service",Byun Young-joo,"Yunjin Kim, Lee Jong-won, Kye Seong-yong, Kim Min-kyeong, Son Ji-na"
364545,tt1501292,Charging Out Amazon,冲出亚马逊,2002-07-01,2.2056,5.9,10,[28],zh,0,0,91,,Song Yeming,"Hou Yong, Mu Li-Xin, Tom Butler, JR Bourne, Johnny Cuthbert"
61047,tt0360175,Watchful Eye,Watchful Eye,2002-05-16,1.9881,4.1,14,"[9648, 53]",en,0,0,87,Fat Face Productions,Robert Kubilos,"Renee Rea, Julie Lynn Cialini, Nikki Fairchild, Melissa Barmes, Frankie Dell"
45699,tt0329485,The Butterfly,Le Papillon,2002-12-18,2.1434,6.774,144,"[10751, 18]",fr,0,0,85,"Canal+, Alicéléo, France 2 Cinéma",Philippe Muyl,"Michel Serrault, Claire Bouanich, Nade Dieu, Françoise Michaud, Pierre Poirot"
434967,tt0479792,Forbidden Lust,Forbidden Lust,2002-11-14,1.8417,6.125,8,[53],en,0,0,86,MRG Entertainment,Dante Giove,"Mandy Fisher, Brad Bartram, Joe Souza, Nakita Kash, Olivia Saint"
686525,tt26693461,Heartbeat,Heartbeat,2002-01-01,2.1355,5.0,1,[16],en,0,0,2,Mikrofilm,Julie Engaas,
218062,tt0323874,Sam & Janet,Sam & Janet,2002-05-29,1.697,5.0,2,"[18, 10749]",en,0,0,90,"Salmon Films LLC, Lifetime",Rick Walker,"Ryan Brown, Jennifer Ferguson, Gary Busey"
894377,tt0323135,La maceta,La maceta,2002-01-01,1.9467,10.0,1,[35],es,0,0,0,Instituto Mexicano de Cinematografía,Javier 'Fox' Patrón,"Aurora Cortés, Ana Ofelia Murguía, Margarito Esparza Nevare, Zaide Silvia Gutiérrez, Joaquín Garrido"
346900,tt0302472,Design,Design,2002-01-10,1.8653,7.0,2,"[18, 35]",en,0,0,112,Traveller Jones Production,Davidson Cole,"Emma Bates, Larissa Borkowski, Kipleigh Brown, Stephen Cinabro, Davidson Cole"
1022454,,Où Sont les Femmes ?,Où Sont les Femmes ?,2002-01-01,2.3398,0.0,0,[],fr,0,0,3,,"Étienne Labroue, Joseph Dahan",
207941,tt0350513,Alice,Alice,2002-12-08,1.6653,4.0,11,[18],fr,0,0,48,,Sylvie Ballyot,"Anne Bargain, Lei Dinety, Élodie Mennegand"
40002,tt0291395,Okay,Okay,2002-03-27,1.994,5.841,22,"[35, 18, 10749]",da,0,210565,93,"Bech Film, Peter Bech Film, Det Danske Filminstitut, TV 2",Jesper W. Nielsen,"Paprika Steen, Ole Ernst, Molly Egelind, Trine Dyrholm, Lotte Andersen"
1528713,tt0366827,Nosotros,Nosotros,2002-12-18,1.7463,8.0,1,[99],es,0,0,71,,Diego Martínez Vignatti,
1525861,tt26457683,Mandinga,Mandinga,2002-01-01,1.7566,0.0,0,[27],es,0,0,16,Universidad del Cine,Gonzalo Calzada,"René Olaguivel, Raquel Barcena, Virginia Mamaní, Zulema Ovando, María Cristina Zeballos"
13791,tt0207524,How to Kill Your Neighbor's Dog,How to Kill Your Neighbor's Dog,2002-02-22,2.1707,5.9,59,"[35, 18]",en,7300000,0,107,,Michael Kalesniko,"Kenneth Branagh, Robin Wright, Suzi Hofrichter, Lynn Redgrave, Jared Harris"
18808,tt0165361,Highway,Highway,2002-03-26,2.334,5.514,141,"[28, 12, 18]",en,14000000,0,97,Alex Entertainment Inc.,James Cox,"Jared Leto, Selma Blair, Jake Gyllenhaal, John C. McGinley, Jeremy Piven"
1550679,tt8066942,Siste hus,Siste hus,2002-01-01,1.5875,0.0,0,[],no,0,0,11,,Pål Øie,"Jan Gunnar Røise, Karl Bomann-Larsen"
393941,tt2266801,Games in Edem,Παιχνίδια στην Εδέμ,2002-01-01,1.9395,0.0,0,[35],el,0,0,0,VA Films,Stella Belessi,"Vasilis Koukouras, Vicky Koulianou, Dimitris Poulikakos, Tania Kapsali, Dora Hrysikou"
440308,tt0352713,Pickpocket,මගේ වම් අත,2002-09-06,1.8165,10.0,2,[18],si,0,0,85,"Seli Films, Sri Lanka National Film Corporation Film Development Fund",Linton Semage,"Linton Semage, Dilhani Ekanayake, Saumya Liyanage, Sarath Kothalawala, Gayani Gisanthika"
1764253,,Le Cri,Le Cri,2002-11-25,2.0597,0.0,0,[10752],fr,0,0,0,Vincent et 7 Amis,Emmanuel robert-espalieu,"Jean-Yves Augros, Laurent Valo, Bernard Campan"
112209,tt0365910,War Game,War Game,2002-02-11,1.7751,7.2,8,"[16, 18, 10751, 10752]",en,0,0,29,The Illuminated Film Company,Dave Unwin,"Iain Jones, Adam Godley, Ben Warwick, Tom Wesel, Colin McFarlane"
677853,tt0381526,El raider,El raider,2002-01-01,1.8492,6.333,3,[],es,0,0,90,,Christian González,"Gerardo Albarrán, Jorge Aldama, Claudia Bernal, Gary Rivas, Martha Acuña"
41548,tt0285112,Framed,Framed,2002-02-13,2.2874,5.294,17,"[28, 80, 18, 53, 10770]",en,0,0,91,"Turner Network Television, Anglia Television",Daniel Petrie Jr.,"Rob Lowe, Sam Neill, Alicia Coppola, Peter MacNeill, Dorian Harewood"
30309,tt0296166,Real Women Have Curves,Real Women Have Curves,2002-10-18,2.189,6.1,105,"[35, 18]",en,3000000,7700000,86,"LaVoo Productions, HBO Films",Patricia Cardoso,"America Ferrera, Lupe Ontiveros, Ingrid Oliu, George López, Brian Sites"
15147,tt0350165,Storm,Storm,2002-11-11,2.0763,6.5,3,[99],en,0,0,93,Warren Miller Entertainment,John Teaford,"Warren Miller, Chris Anthony, Micah Black, Bob Rankin, Chris Davenport"
452162,tt0347145,Thieves in KG2,حرامية فى كى جى تو,2002-02-20,1.821,6.396,24,"[35, 10749]",ar,0,0,107,Oscar Pictures,Sandra Nashaat,"Karim Abdel Aziz, Hanan Turk, Maged El Kedwany, Nashwa Mustafa, Mohamed Ragab"
30863,tt0277909,Mutant Aliens,Mutant Aliens,2002-06-14,2.4822,6.177,31,"[16, 35, 878]",en,200000,29687,81,Plymptoons,Bill Plympton,"Dan McComas, Francine Lobis, George Casden, Matthew Brown, Jay Cavanaugh"
618977,tt2009559,Qaidi,Qaidi,2002-05-03,1.8749,0.0,0,[28],hi,0,0,101,Bohra Bros Productions,T. L. V. Prasad,"Mithun Chakraborty, Raza Murad, Jhony Nirmal, Nirmal Pandey, Vishwajeet Pradhan"
1566577,,"Mizu Natsuki Dinner Show ""Soul ~Agitated Soul~""","水夏希ディナーショー ""Soul - 煽動する魂 -""",2002-08-28,1.7889,0.0,0,[],ja,0,0,60,,Ogita Kouichi,"Mizu Natsuki, Ayano Kanami, Mebae Haruka, Ayahana Chika, Kazune Miou"
158483,tt0803038,Mei and the Kittenbus,めいとこねこバス,2002-10-01,1.7989,7.162,71,"[16, 12, 10751, 14]",ja,0,0,13,Studio Ghibli,Hayao Miyazaki,"Chika Sakamoto, Hayao Miyazaki"
253453,tt0447642,Hannah House,Hannah House,2002-06-22,1.6882,8.0,1,[27],en,0,0,78,,"Chad Smith, Max Smith","Dave Mrkvicka, Cecilia Johnson, Chelsea Graham"
171388,tt0304017,Problemzone Mann,Problemzone Mann,2002-06-09,1.6915,7.0,1,"[35, 10770, 10749]",de,0,0,93,,Felix Dünnemann,"Elena Uhlig, Steffen Groth, Gudrun Landgrebe, Michael Brandner, Liz Baffoe"
502459,,Shakalaka Baby,ஷக்கலக்க பேபி,2002-10-18,2.0088,0.0,0,"[18, 35, 10749]",ta,0,0,140,Shivakami Productions,Rama Narayanan,"Ramki, Roja Selvamani, Udhaya, Vivek, Vadivelu"
32091,tt0293660,The Touch,The Touch,2002-08-01,2.1859,5.1,43,"[28, 14]",en,0,0,103,"Han Entertainment, Media Asia Films, Mythical Films, Pandasia Entertainment, Tianjin Film Studio, Aruze",Peter Pau Tak-Hai,"Michelle Yeoh, Ben Chaplin, Richard Roxburgh, Lung Sihung, Brandon Chang"
1706158,tt0320549,Svědek,Svědek,2002-02-10,1.8462,8.0,1,"[18, 80]",cs,0,0,82,,Petr Slavík,"Jaromír Hanzlík, Jitka Smutná, Marika Procházková, František Němec, Petr Kostka"
310631,tt0375789,Groove Squad,Groove Squad,2002-10-01,2.2489,8.5,2,"[10770, 16, 10751]",en,0,0,80,DiC,Patrick A. Ventura,"Jennifer Love Hewitt, Andrea Libman, Kathleen Barr, Stefanie Abramson, Meghan Black"
59815,tt0322350,Fumata blanca,Fumata blanca,2002-05-10,1.9349,8.0,1,"[18, 80]",en,0,0,113,,Miquel García Borda,"José Sacristán, Cayetana Guillén Cuervo, Adrià Collado, Héctor Alterio, Franco Nero"
981269,tt0398820,Bye,Bye,2002-10-08,1.5648,9.0,1,[],en,0,0,5,,Roy Mitchell,
342686,tt0309012,Killed by Lightning,Убитые молнией,2002-06-27,2.0382,6.3,6,"[18, 878]",ru,0,0,65,"CTB Film Company, The Swiss Agency for Development & Cooperation, Fondazione MonteCinemaVerità Locarno, Hubert Bals Fund, Nikola Film",Evgeny Yufit,"Aleksandr Anikeyenko, Aleksandr Maskalin, Vera Novikova, Olga Semyonova, Elena Simonova"
456117,tt0308577,"Micaela, una película mágica","Micaela, una película mágica",2002-12-05,1.6803,5.0,2,"[10751, 16, 12, 35]",es,0,0,90,"Laboratorios Stagnaro, Encuadre S.A.",Rosanna Manfredi,"Micaela Casotto, Mario Bogado, Tomás Crespo, Luciano Acosta, Brenda Mora"
53095,tt0316653,Spider's Web,Spider's Web,2002-11-12,1.9124,4.633,15,"[18, 53, 9648, 10749]",en,1000000,0,88,"Magic Hour Pictures, Mainline Releasing, MRG Entertainment",Paul Levine,"Stephen Baldwin, Kari Wührer, Benjamin King, Scott Williamson, Michael Gregory"
99368,tt0321150,All the Love You Cannes!,All the Love You Cannes!,2002-05-16,1.9535,6.471,17,[99],en,0,0,108,Troma Entertainment,Lloyd Kaufman,"Lloyd Kaufman, Doug Sakmann, Yaniv Sharon, Jen Amato, Shelley Michelle"
274992,tt9815124,Mami Jarum,Mami Jarum,2002-12-06,1.8645,5.0,1,"[35, 10751, 18]",ms,0,0,95,Metrowealth International Group (MIG),A. Razak Mohaideen,"Kartina Aziz, Rita Rudaini, Vanida Imran, Zahida Rafik, Sheila Mambo"
24829,tt0299556,Bloody Mallory,Bloody Mallory,2002-07-17,1.9995,5.143,43,"[14, 27, 28, 35, 53, 878]",fr,0,0,94,"Canal+, Alquimia Cinema, Bee Movies",Julien Magnat,"Olivia Bonamy, Adrià Collado, Jeffrey Ribier, Valentina Vargas, Thylda Barès"
126934,tt0282123,A Ring of Endless Light,A Ring of Endless Light,2002-08-23,2.0037,6.6,40,"[10749, 18]",en,0,0,88,Disney Channel,Greg Beeman,"Mischa Barton, Ryan Merriman, Jared Padalecki, Scarlett Pomers, Soren Fulton"
414791,tt0435336,Rooftop Kisses,Rooftop Kisses,2002-06-23,1.9553,7.5,2,[18],en,0,0,23,,Andrew Bernstein,"Allison Janney, Maura Tierney, Anton Yelchin"
1235156,tt0345316,Le gave,Le gave,2002-05-13,1.7793,10.0,1,"[18, 10770]",fr,0,0,0,"France•3, Ciné Mag Bodard",Christian Bonnet,"Dominique Reymond, Michel Duchaussoy, Bruno Wolkowitch, Jacques Spiesser, Denise Chalem"
218374,tt0348247,Trim Time,Trim Time,2002-10-25,1.7461,9.0,1,[16],de,0,0,3,"MFG Filmförderung, Gil Alkabetz Sweet Home Studio",Gil Alkabetz,
327363,tt0468482,Fungicide,Fungicide,2002-09-01,1.6995,3.0,7,"[35, 878, 27]",en,0,0,84,Troubled Moon Films,Dave Wascavage,"Dave Bonavita, Wes Miller, Dave Wascavage, Edward Wascavage, Loretta Wascavage"
100852,tt0330202,Dead Casual,Dead Casual,2002-04-23,1.6869,10.0,1,[],en,0,0,30,BBC,Julian Holmes,"Danny Dyer, Sophie Okonedo, Charlie Creed-Miles, Kris Marshall, Daniel Mays"
45397,tt0319901,My Left Eye Sees Ghosts,我左眼見到鬼,2002-07-13,1.9254,6.3,45,"[35, 14, 10749]",cn,0,0,97,"China Star Entertainment, One Hundred Years of Film Company, Milkyway Image","Johnnie To, Wai Ka-Fai","Sammi Cheng Sau-Man, Lau Ching-Wan, Cherrie Ying Choi-Yi, Lee San-San, Simon Yam"
495454,tt0989867,Shark Tracker,Shark Tracker,2002-12-01,1.8832,0.0,0,[99],en,0,0,0,Film Projects,Roland Théron,Richard Fitzpatrick
57012,tt0289652,Living with the Dead,Living with the Dead,2002-04-28,2.3307,5.463,27,"[878, 80, 9648, 53, 10770]",en,0,0,166,"Once Upon a Time Films, Nitelite Entertainment, CBS, Gaslight Pictures",Stephen Gyllenhaal,"Mary Steenburgen, Diane Ladd, Ted Danson, Queen Latifah, Jack Palance"
1161229,,Dinotopia,Dinotopia,2002-02-12,2.2491,7.6,5,"[28, 12, 14, 878]",en,0,0,117,,Marco Brambilla,"David Thewlis, Katie Carr, Jim Carter, Alice Krige, Tyron Leitso"
41846,tt0293624,Super Sucker,Super Sucker,2002-02-24,1.9843,5.75,12,[35],en,0,0,93,"Purple Rose Productions, Purple Rose Films",Jeff Daniels,"Jeff Daniels, Matt Letscher, Harve Presnell, Dawn Wells, Guy Sanville"
19085,tt0120467,Vulgar,Vulgar,2002-04-26,2.1219,5.327,52,"[18, 27, 53, 80]",en,120000,14904,87,"Chango Productions, Shongo Filmworks Ltd., View Askew Productions",Bryan Johnson,"Brian O'Halloran, Bryan Johnson, Jerry Lewkowitz, Ethan Suplee, Matthew Maher"
36174,tt0327804,"Goodbye, Mr. Chips","Goodbye, Mr. Chips",2002-12-26,2.0809,6.316,19,"[10751, 18, 10770]",en,0,0,99,SMG Productions,Stuart Orme,"Martin Clunes, Victoria Hamilton, Conleth Hill, John Wood, Patrick Malahide"
69651,tt0330977,Thamizhan,தமிழன்,2002-04-12,1.7488,5.808,13,"[18, 28]",ta,0,0,150,G. V. Films,Abdul Majith,"Vijay, Priyanka Chopra Jonas, Nassar, Revathi, Vivek"
192642,tt0293019,Castle Erotica,Castle Erotica,2002-06-18,2.08,5.222,9,"[14, 10749]",en,0,0,93,"Playboy Entertainment Group, Surrender Cinema",Madison Monroe,"Holly Sampson, Chelsea Blue, Catalina Larranaga, Sebastien Guy, Loredana Bontempi"
723961,,Problemas personales,Problemas personales,2002-04-08,1.6699,0.0,0,[99],es,0,0,70,,"Lisandra Rivera, Manolo Sarmiento",
49269,tt0330831,Rock Bottom,Rock Bottom,2002-01-01,2.0687,4.214,7,"[10749, 35]",en,0,0,22,"Picture This! Entertainment, Firebuilder Pictures",Mary Feuer,"Timothy Lee DePriest, John Militello"
704888,,Nightingale,Nightingale,2002-01-01,1.5855,10.0,1,[18],en,0,0,14,,Lee Anne Schmitt,"Sophia Skiles, Joaquin De La Puente"
859845,tt0460389,100 Stories,100 Stories,2002-03-15,1.5382,6.0,2,[18],en,0,0,90,Bee Productions,Pierre St-Jacques,"Sidney Barnes, Will Beinbrink"
30081,tt0271210,R.S.V.P.,R.S.V.P.,2002-01-15,2.1425,4.2,16,"[35, 27]",en,0,0,100,,Mark Anthony Galluzzo,"Rick Otto, Jason Mewes, Majandra Delfino, Brandi Andres, Glenn Quinn"
525291,tt0441617,Dilemme charnel,Dilemme charnel,2002-02-24,1.7026,3.75,4,[10749],fr,0,0,91,,Étienne Dhaene,"Serena Monti, Angela Tiger, Adeline Lange, Linda Paris, Mathilda Reynier"
53267,tt0313550,On the Occasion of Remembering the Turning Gate,생활의 발견,2002-03-22,1.9049,6.7,64,[18],ko,0,0,116,"UniKorea Pictures, Cinema Service, Miracin Korea",Hong Sang-soo,"Kim Sang-kyung, Chu Sang-mi, Ye Ji-won, Kim Hak-sun, Ahn Kil-kang"
21801,tt0266971,The Slaughter Rule,The Slaughter Rule,2002-01-11,2.1853,5.654,52,[18],en,0,0,116,,"Andrew J. Smith, Alex Smith","Ryan Gosling, David Morse, Clea DuVall, Amy Adams, David Cale"
141644,tt0339184,Hunting Humans,Hunting Humans,2002-07-22,2.1295,3.708,12,"[27, 80, 9648]",en,21000,0,88,"Kevin Kangas Films, Marauder Productions",Kevin Kangas,"Rick Ganz, Bubby Lewis, Lisa Michele, Jeff Kipers, Trent"
19448,tt0257850,The Laramie Project,The Laramie Project,2002-01-10,2.0848,6.242,62,"[80, 18, 10770]",en,0,0,95,"HBO, Cane/Gabay Productions, Good Machine",Moisés Kaufman,"Dylan Baker, Tom Bower, Clancy Brown, Steve Buscemi, Jeremy Davies"
550281,tt0328478,Stockholmssyndromet,Stockholmssyndromet,2002-08-09,1.9096,8.0,3,[99],en,0,0,9,Bokomotiv Freddy Olsson Filmproduktion,Carl Johan De Geer,Carl Johan De Geer
695661,tt0386377,Chrysalis,Chrysalis,2002-02-24,1.9885,8.0,1,[18],en,0,0,8,Star Baby Productions,Timothy Spanos,"Sarah Pax, Tony Watupongoh, Michael Burkett, Clinton Nain"
16174,tt0210294,Snow Queen,Snow Queen,2002-12-07,2.0458,6.067,79,"[12, 10751, 14, 878, 10770]",en,0,0,180,,David Wu,"Bridget Fonda, Jeremy Guilbaut, Chelsea Hobbs, Robert Wisden, Wanda Cannon"
434642,tt0853128,Lagos/Koolhaas,Lagos/Koolhaas,2002-01-01,1.5113,0.0,0,[],en,0,0,55,,Bregtje van der Haak,
841280,tt0903890,Mara Salvatrucha,Mara Salvatrucha,2002-12-31,1.8855,5.0,1,[],es,0,0,88,,"José Luis Vera, Alejandro Chilpa","Guillermo Quintanilla, Alfredo Gutiérrez 'El Turco', Armando Zamarripa, Amador Granados, Angelica Barrera"
601339,tt0353669,Little Dickie,Little Dickie,2002-09-02,1.8331,10.0,1,"[35, 10402, 37]",en,0,0,7,,Anita Reilly McGee,"Jeff Smallwood, Brian Downey, Tanya Penney, Belle Hatfield, Normand Bernier"
36464,tt0314097,The Gathering Storm,The Gathering Storm,2002-04-22,1.9626,6.671,79,"[18, 36]",en,12000000,0,94,Scott Free Productions,Richard Loncraine,"Albert Finney, Vanessa Redgrave, Jim Broadbent, Linus Roache, Lena Headey"
606994,tt0389903,Boys Alone,Boys Alone,2002-05-30,1.9315,6.0,2,"[10770, 99]",en,0,0,48,"Channel 4 Television, Soul Purposes Productions",Kim Flitcroft,John Simm
35565,tt0325761,Luster,Luster,2002-03-17,2.0398,5.6,21,"[18, 35]",en,0,0,90,"Film Research Unit, Form A 2042 Films",Everett Lewis,"Justin Herwick, Shane Powers, Barry Wyatt, Susannah Melvoin, Jonah Blechman"
18302,tt0317234,Chihwaseon,취화선,2002-05-10,1.7978,6.985,67,"[18, 36]",ko,0,0,120,"Taehung Pictures, Cinema Service",Im Kwon-taek,"Choi Min-sik, Kim Yeo-jin, Ahn Sung-ki, Yoo Ho-jeong, Son Ye-jin"
619726,,عاوزين لعب,عاوزين لعب,2002-01-01,2.0413,0.0,0,[],ar,0,0,0,,,"Amira Naif, Khaled Mahmoud, Ehab Shehab, Ahmed Saeed Abdel-Ghany, Gamal Youssef"
1601631,,Maternité Interdite,Maternité Interdite,2002-01-01,1.8223,0.0,0,[],fr,0,0,0,Athénaïse,Diane Maroger,
75177,tt4130788,Turn A Gundam II: Moonlight Butterfly,∀ガンダムII 月光蝶,2002-02-10,1.8214,6.042,12,"[16, 878]",ja,0,0,128,SUNRISE,Yoshiyuki Tomino,"Rieko Takahashi, Romi Park, Takehito Koyasu, Tetsu Inada"
132423,tt0299512,Bedford Springs,Bedford Springs,2002-01-01,1.8196,9.0,1,[35],en,0,0,0,Black Sheep Films,Marc Berlin,"David Garver, R.J. Reed, Melissa Hickey, Allene Quincy, Elaina Vrattos Jacobs"
41209,tt0284655,WiseGirls,WiseGirls,2002-12-06,1.8183,5.5,36,"[28, 18, 53, 80]",en,0,0,96,,David Anspaugh,"Mira Sorvino, Mariah Carey, Melora Walters, Arthur J. Nascarella, Saul Stein"
52407,tt0348226,Tomie: Forbidden Fruit,富江 最終章～禁断の果実～,2002-06-29,1.8178,5.95,30,[27],ja,0,0,91,Daiei Film,Shun Nakahara,"Nozomi Ando, Aoi Miyazaki, Jun Kunimura, Yuka Fujimoto, Ayaka Ninomiya"
36430,tt0307507,The Stickup,The Stickup,2002-02-01,1.8175,6.3,23,"[28, 53]",en,0,0,97,Promark Entertainment Group,Rowdy Herrington,"James Spader, Leslie Stefanson, David Keith, John Livingston, Robert Miano"
566750,tt0390980,Circa Me,Circa Me,2002-11-01,1.8173,8.0,1,[99],en,0,0,22,,Amarante Abramovici,
184976,tt0349189,Le Canard à l'orange,Le Canard à l'orange,2002-12-11,1.8164,6.8,5,[16],fr,0,0,9,"Kira B.M. Films, ARTE",Patrick Bokanowski,"Patrick Bokanowski, François Lauzon"
178118,tt0283143,Extreme Heist,Extreme Heist,2002-03-12,1.8162,9.0,3,"[28, 80]",en,0,0,95,,"Koichi Sakamoto, Makoto Yokoyama","Johnny Yong Bosch, Jason Narvy, Motoko Nagino, Michael Hexum, Ed Neil"
78044,tt0327085,The Pact,The Pact,2002-11-04,1.8147,6.0,6,[18],en,0,0,89,"Lifetime, Hearst Entertainment Productions, Randwell Productions",Peter Werner,"Megan Mullally, Juliet Stevenson, Henry Czerny, Bob Gunton, Eric Lively"
40360,tt0303184,A Kind of America,Valami Amerika,2002-01-31,1.8136,6.1,40,[35],hu,0,0,115,Budapest Film Kft.,Gábor Herendi,"Tibor Szervét, Csaba Pindroch, Eszter Ónodi, Győző Szabó, Szonja Oroszlán"
741792,,Showa Shinzan,Showa Shinzan,2002-03-07,1.8122,0.0,0,[16],en,0,0,12,ONF | NFB,Alison Reiko Loader,
424526,tt0361076,Ultima Thule,Ultima Thule,2002-09-07,1.8119,9.0,1,[16],en,0,0,10,,Janie Geiser,
307085,tt0295823,What's Up with the Men in My Life?,Was ist bloß mit meinen Männern los?,2002-05-16,1.8119,10.0,1,"[35, 10770]",de,0,0,93,Bavaria Filmverleih- und Produktions GmbH,Reto Salimbeni,"Thomas Heinze, Max Felder, Christian Tramitz, Nikolaus Paryla, Sidonie von Krosigk"
369586,tt0320693,Purely Coincidental,Une pure coïncidence,2002-05-17,1.5776,9.0,1,"[35, 99]",fr,0,0,92,"Les Films du Losange, CNC, Canal+",Romain Goupil,"Alain Cyroulnik, Romain Goupil, Olivier Martin, Nicolas Minkowski, Jean-Baptiste Poirot"
265146,tt5579182,Código 7,Código 7,2002-01-01,1.8117,6.2,5,"[35, 878]",es,0,0,9,,Nacho Vigalondo,"Alejandro Tejerías, Nacho Vigalondo"
1778,tt0309326,The Backyard,The Backyard,2002-03-08,1.8113,7.333,12,[99],en,0,3200,80,Paul Hough Entertainment,Paul Hough,"Paul Hough, The Lizard, Chaos, Heartless, Scar"
28028,tt0305973,Sonny,Sonny,2002-10-26,1.8104,5.237,63,"[80, 18]",en,4000000,132221,110,"Saturn Films, Gold Circle Films",Nicolas Cage,"James Franco, Brenda Blethyn, Harry Dean Stanton, Mena Suvari, Nicolas Cage"
100198,tt0290903,Tinke the Wolfgirl,Ulvepigen Tinke,2002-06-14,1.8091,7.8,16,"[10751, 18]",da,0,0,93,ASA Film Production,Morten Køhlert,"Sarah Juel Werner, Peter Jeppe Hansen, Lisbet Dahl, Erik Wedersøe, Birthe Neumann"
68098,tt0328132,One-Way Ticket to Mombasa,Menolippu Mombasaan,2002-09-06,1.8084,6.1,25,"[18, 35]",fi,1800000,1011700,88,Cinemaker,Hannu Tuomainen,"Antti Tarvainen, Joonas Saartamo, Johanna Rönnlöf, Timo Päivänsalo, Liisa Halonen"
44347,tt0303794,The Brady Bunch in the White House,The Brady Bunch in the White House,2002-11-29,1.9968,4.154,52,"[10751, 10770, 35]",en,0,0,88,"Redwood Productions, Paramount Television",Neal Israel,"Shelley Long, Gary Cole, Chad Doreck, Autumn Reeser, Blake Foster"
1133157,tt10517982,The Package,Pakken,2002-10-22,1.7303,0.0,0,[],no,0,0,73,,Frode Nesbø Nordås,"Øystein Kloster, Narve Lerstad, Vera Holte, Ingrid Mørseth Tolstad, Sven Veine"
330794,tt0816611,Naughty Léa,Perverse Léa,2002-11-09,1.7163,3.2,5,[18],fr,0,0,90,Kerfaroc Films,Bruno Garcia,"Benoit Clerc, Linda Paris, Fabrice Darzens, Clara Morgane, Estelle Desanges"
58631,tt0283090,29 Palms,29 Palms,2002-07-29,2.1569,4.684,38,"[35, 80, 18, 53]",en,5000000,0,93,"Release Entertainment, B. Lord Productions, Ben's Sister Productions, Davis Entertainment Filmworks, George Street Pictures",Leonardo Ricagni,"Jeremy Davies, Rachael Leigh Cook, Chris O'Donnell, Michael Rapaport, Michael Lerner"
738982,,Opus Incertum,Opus Incertum,2002-01-01,1.8617,0.0,0,[],en,0,0,3,,Oriol Sánchez,
37750,tt0385656,Dinosaur Island,Dinosaur Island,2002-06-03,1.6136,5.9,20,"[10751, 16, 14]",en,0,0,73,DiC,Will Meugniot,"Philip Chen, Ronelle Tipler, Anadelia Lamas, Hilary Williams"
150829,tt0308407,Inferno,Inferno,2002-10-06,1.6162,5.1,8,[878],en,0,0,28,,Paul Kousoulides,"Emily Booth, Sanjeev Bhaskar, Nitin Ganatra, Alan Talbot"
15761,tt0296574,Company,Company,2002-04-15,1.7359,7.0,81,"[28, 80, 18]",hi,1500000,6000000,156,"RGV Film Factory, Vyjayanthi Movies, Bayview Projects",Ram Gopal Varma,"Ajay Devgn, Vivek Oberoi, Mohanlal, Manisha Koirala, Antara Mali"
255979,tt0319031,Balnearios,Balnearios,2002-04-23,1.9319,6.933,15,[99],es,0,0,82,El Pampero Cine,Mariano Llinás,"José Palomino, Verónica Llinás, Daniel Natanson, Mario Mactas, Eduardo Gamba"
894373,tt0438908,Bad Habits,Malos hábitos,2002-01-01,1.7681,3.333,3,[18],es,0,0,10,Instituto Mexicano de Cinematografía,Tony Wakefield,"Alpha Acosta, Alberto Estrella"
1023902,,Black flag,Black flag,2002-07-26,1.6122,0.0,0,[],xx,0,0,27,,"Yasunori Ikunishi, Yasunori Kakegawa",
60990,tt0176185,The Story of O: Untold Pleasures,The Story of O: Untold Pleasures,2002-07-07,1.9402,5.7,12,"[18, 10749]",en,0,0,102,,Phil Leirness,"Danielle Ciardi, Neil Dickson, Max Parrish, Michelle Ruben, Katherine Randolph"
802053,,Perverse Game,Juego Perverso,2002-01-01,1.7421,0.0,0,[18],es,0,0,86,"Octavo Circulo, Grupo visual, Elemental Films",Carlos Lascano,"Leo de Bari, Karla das Neves, Freddy Virgolini, Ernesto Kaufman, Claudio Herrera"
1682649,,Confianza,Confianza,2002-01-01,1.6092,0.0,0,[],es,0,0,18,Cinecorp,Daniel Rodríguez Risco,"Eduardo Cesti, Juan Manuel Ochoa, Marisela Puicón"
444733,tt0312994,Meeting Evil,Meeting Evil,2002-10-09,1.5455,7.0,1,[18],en,0,0,12,Svenska Filminstitutet,Reza Parsa,César Saratxu
329549,tt0328084,Lurking Terror,Lurking Terror,2002-05-23,1.8179,5.0,4,[27],en,0,0,74,Crossbow 5 Entertainment,Tommy Brunswick,
87146,tt1083999,Destination Mars!,Destination Mars!,2002-09-25,1.7729,6.0,1,"[35, 878]",en,4500,0,80,,Richard Lowry,"T. Henry Amitai, Suzzette Andrea, Fred Arnold, Bryan Bodine, Dan Brinkle"
161244,tt0293086,Desmundo,Desmundo,2002-11-08,1.6982,6.045,11,"[18, 10749, 36]",pt,3,3,101,"A.F. Cinema e Vídeo, Columbia TriStar Filmes do Brasil",Alain Fresnot,"Simone Spoladore, Osmar Prado, Caco Ciocler, Berta Zemel, Beatriz Segall"
435954,tt0355342,Aswasuma,Aswasuma,2002-02-22,1.8696,6.0,3,"[18, 80]",si,0,0,0,Benn Films,Bennett Rathnayake,"Joe Abeywickrama, Jackson Anthony, Mahendra Perera, Giriraj Kaushalya, Saumya Liyanage"
18221,tt0290296,Space Station 3D,Space Station 3D,2002-04-17,2.1858,6.531,49,[99],en,0,163333893,47,IMAX,Toni Myers,"Tom Cruise, James H. Newman, Jerry L. Ross, Robert D. Cabana, Koichi Wakata"
277566,tt0339618,Samba Chanson,Samba-Canção,2002-09-28,1.6112,8.0,1,[35],pt,0,0,85,,Rafael Conde,"Nivaldo Pedrosa, Yara de Novaes, Teuda Bara, Carolina Duarte, Guará Rodrigues"
36222,tt0301167,Dead or Alive: Final,DEAD OR ALIVE FINAL,2002-01-12,2.2285,5.587,69,"[28, 35, 878, 80, 18, 53]",ja,0,0,89,"Excellent Film, Toei Video Company, Daiei Film",Takashi Miike,"Show Aikawa, Riki Takeuchi, Maria Chen, Richard Chen, Jason Chu Wing-Tong"
1412500,tt0348520,AFI's 100 Years... 100 Passions: America's Greatest Love Stories,AFI's 100 Years... 100 Passions: America's Greatest Love Stories,2002-06-11,1.9198,7.667,3,"[10770, 99, 10749]",en,0,0,180,AFI,Gary Smith,"Richard Benjamin, Candice Bergen, Peter Bogdanovich, George Chakiris, Tim Conway"
50658,tt0282378,Bella Bettien,Bella Bettien,2002-04-17,1.9357,4.9,6,"[80, 18]",nl,0,0,102,Shooting Star Filmcompany,Hans Pos,"Thekla Reuten, Kim van Kooten, Daniël Boissevain, Dimme Treurniet, Fedja van Huêt"
37922,tt0219374,Unconditional Love,Unconditional Love,2002-08-23,2.1139,5.987,63,"[18, 35, 53]",en,0,0,124,Avery Pix,P.J. Hogan,"Kathy Bates, Rupert Everett, Meredith Eaton, Lynn Redgrave, Dan Aykroyd"
1504110,tt14691918,Romeo Juliet,Romeo Juliet,2002-10-11,1.8152,0.0,0,"[10749, 18]",kn,0,0,130,Srinivasa Productions,Gunakumar,"Vijay Raghavendra, Radhika Kumaraswamy, Reethu Singh, V. Nagendra Prasad, Bharath Bhagavathar"
117803,tt0310009,Plus haut,Plus haut,2002-06-19,1.8566,7.0,1,[],fr,0,0,85,,Nicolas Brevière,"Margot Abascal, Pascale Arbillot, Camille Japy, Lucía Sánchez, Florence Loiret Caille"
800340,tt0365821,Talk Salo,Talk Salo,2002-05-25,1.7068,9.0,1,[18],en,5000,0,10,Resolute Pictures,Shawn Postoff,"Matt Sadowski-Austin, Moti Yona"
41712,tt0274468,Door to Door,Door to Door,2002-07-14,2.3486,7.529,70,"[10770, 18]",en,0,0,90,"Turner Network Television, Rosemont Productions International, Angel/Brown Productions",Steven Schachter,"William H. Macy, Kyra Sedgwick, Kathy Baker, Joel Brooks, Woody Jeffreys"
47226,tt0308363,Waiting for Happiness,Heremakono,2002-05-19,1.4978,6.467,30,[18],fr,0,7406,91,"Duo Films, ARTE France Cinéma, Hubert Bals Fund",Abderrahmane Sissako,"Khatra Ould Abder Kader, Maata Ould Mohamed Abeid, Mohamed Mahmoud Ould, Nana Diakité, Fatimetou Mint Ahmeda"
150002,tt0314032,Erotic Obsessions,Erotic Obsessions,2002-01-01,1.3685,3.7,10,"[53, 10749]",en,0,0,83,MRG Entertainment,Madison Monroe,"Griffin Drew, Collin Bernsen, Flower Edwards, John Crown, Darby Daniels"
544218,tt13324520,Kamen Rider Ryuki Special: 13 Riders,仮面ライダー龍騎スペシャル 13 RIDERS,2002-09-19,1.9171,7.375,8,"[28, 14, 878]",ja,0,0,49,"Toei Company, Ishimori Production",Ryuta Tasaki,"Takamasa Suga, Satoshi Matsuda, Ayano Sugiyama, Ryohei Odai, Takashi Hagino"
206042,tt0283991,Children on Their Birthdays,Children on Their Birthdays,2002-02-16,1.7461,6.125,8,"[35, 10751, 10749]",en,0,0,104,Crusader Entertainment,Mark Medoff,"Sheryl Lee, Christopher McDonald, Tom Arnold, Tania Raymonde, Jesse Plemons"
1247343,tt0323261,Minimal Knowledge,Minimal Knowledge,2002-01-21,1.8271,7.0,1,"[18, 53]",en,0,0,94,,Gregory J. Corrado,"Cristián de la Fuente, Izabella Miko, Henry Marshall, Christian Graham, Iraida Polanco"
101058,tt0313411,Nowhere,Nowhere,2002-05-17,1.78,4.857,7,"[35, 18]",es,0,0,100,"Surf Film, Castelao Productions, Patagonik",Luis Sepúlveda,"Manuel Bandera, Miquel Bordoy, Luigi Maria Burruano, Patricio Contreras, Harvey Keitel"
31460,tt0262571,Life Without Dick,Life Without Dick,2002-03-05,2.2883,3.707,41,"[35, 10749]",en,0,0,97,TriStar Pictures,Bix Skahill,"Sarah Jessica Parker, Harry Connick Jr., Johnny Knoxville, Craig Ferguson, Teri Garr"
711601,tt12433896,Method Acting,Method Acting,2002-01-01,1.4937,10.0,1,[35],en,0,0,12,,David Kramer,"David Kramer, Sandra Bernhard"
21925,tt0145937,Naqoyqatsi,Naqoyqatsi,2002-09-02,2.2703,6.144,160,[99],en,3000000,13000,89,"Santa Fe Institute for Regional Education, Qatsi Productions, IRE Productions, Miramax",Godfrey Reggio,"Marlon Brando, Elton John, Julia Louis-Dreyfus, Madonna, Adolf Hitler"
41235,tt0250698,Ritual,Ritual,2002-09-18,2.5665,4.72,82,[27],en,10000000,0,111,"Silver Pictures, RKO Pictures, Dimension Films, Tales From The Crypt Holdings",Avi Nesher,"Jennifer Grey, Craig Sheffer, Daniel Lapaine, Kristen Wilson, Gabriel Casseus"
1081028,,No Loitering,No Loitering,2002-03-17,1.9169,0.0,0,[99],en,0,0,56,New Day Films,Ellen Frankenstein,"Dana Chase, Jennifer Cole, Peter Williams, Carla Nanok, April West"
654458,tt0382670,The Interview,L'Entretien,2002-01-01,1.9171,8.0,1,[],fr,0,0,20,,Kathleen Man Gyllenhaal,"Grégory Monro, Patrick Chetritt, Olivia Carducci, Ingrid Plaitano, Charlie Michale"
36198,tt0810832,Digimon: Island of Lost Digimon,デジモンフロンティア 古代デジモン復活！！,2002-07-20,1.8328,7.029,17,"[16, 28]",ja,0,0,40,Toei Animation,Takahiro Imamura,"Junko Takeuchi, Hiroshi Kamiya, Sawa Ishige, Michael Shitanda, Kumiko Watanabe"
110989,tt0160905,Spooky House,Spooky House,2002-04-19,2.1435,5.9,24,"[12, 10751, 9648, 27]",en,0,0,106,,William Sachs,"Ben Kingsley, Mercedes Ruehl, Matt Weinberg, Jason Fuchs, Ronald Joshua Scott"
677844,tt0780175,Viaje Aterrador,Viaje Aterrador,2002-01-01,1.8364,5.0,2,[],en,0,0,85,,José Arturo Velazco,"José Carlos Ruiz, Armando Zamarripa, Violeta Illescas, Carlos Puente, Fernando Sieber"
62190,tt0270197,American Gun,American Gun,2002-06-13,1.966,5.429,14,[18],en,0,0,89,,Alan Jacobs,"James Coburn, Virginia Madsen, Barbara Bain, Alexandra Holden, Ryan Locke"
599203,tt0398977,Dream Lover,Dream Lover,2002-05-21,1.7568,8.0,1,"[35, 10749]",en,0,0,87,York Entertainment,Curtis Green,"Scott Matthew Harris, Curtis Green, K.C. Ramsey, Eve Green"
275814,,Björk: Minuscule,Björk: Minuscule,2002-11-18,1.9358,6.0,1,"[99, 10402]",en,0,0,70,One Little Independent,Ragnheiður Gestsdóttir,"Björk, Zeena Parkins, Drew Daniel, M.C. Schmidt"
659323,tt0269755,The Long Night,Raat Chali Hai Jhoom Ke,2002-06-30,1.5853,10.0,1,"[28, 18]",ur,0,0,94,,Hasan Zaidi,"Faisal Rehman, Nadia Jamil"
359286,tt0349969,Pistolero,Pistolero,2002-04-24,1.8393,7.0,1,"[28, 35, 27]",tl,0,0,110,Regal Entertainment,William Mayo,"Jeric Raval, John Apacible, Joanne Miller, Ramon Artiaga Zamora, Orestes Ojeda"
69530,tt0245294,Moonlight,Moonlight,2002-09-27,1.8311,6.318,22,"[53, 10749]",en,0,0,91,"Staccato Films, Delux Productions, Great British Films, Peppermint, Spice Factory",Paula van der Oest,"Laurien van den Broeck, Hunter Bussemaker, Andrew Howard, Johan Leysen, Franck Sasonoff"
102016,tt0259017,Swimming Upstream,Swimming Upstream,2002-01-01,1.9778,7.0,1,"[18, 10770]",en,0,0,105,,Robert J. Emery,"Matt Czuchry, Ben Savage, Kelly Rutherford, Elisabeth Harnois, Michael Moriarty"
26495,tt0329042,El Alamein: The Line of Fire,El Alamein - La linea del fuoco,2002-11-08,1.8021,6.528,107,"[28, 18]",it,0,0,117,"Cattleya, MiC, Medusa Film, Tele+, Medusa Distribuzione, Premium Cine, Kurt Media, Pandastorm Pictures, Czech National Symphony Orchestra, Costumi d'Arte, Medusa Video",Enzo Monteleone,"Paolo Briguglia, Pierfrancesco Favino, Luciano Scarpa, Emilio Solfrizzi, Thomas Trabacchi"
251025,,Katia Kabanova,Katia Kabanova,2002-06-05,1.8051,0.0,0,[10402],cs,0,0,107,"La Sept-Arte, BelAir Media, EuroArts","Christoph Marthaler, Pierre Cavassilas","Angela Denoke, David Kuebler, Jane Henschel, Hubert Delamboye, Dagmar Peckova"
367716,tt0306009,René,René,2002-08-01,1.9986,6.8,4,[18],fr,0,0,85,Camera One,Alain Cavalier,"Joël Lefrançois, Nathalie Malbranche, Nathalie Grandcamp, Emmanuelle Grandcamp"
551299,tt0442301,People Power,Lakas Sambayanan,2002-02-24,1.8034,7.0,1,[99],tl,0,0,100,Foundation for Worldwide People Power,Butch Nolasco,"Cesar Montano, Ferdinand Marcos, Sr., Randy David, Imelda Marcos, Corazon Aquino"
204372,tt0303396,Smokers Only,Vagón fumador,2002-06-12,2.0131,4.556,9,"[18, 10749]",es,0,0,91,"Serene Skylight, Ezeiza Films, INCAA",Verónica Chen,"Cecilia Bengolea, Leonardo Brzezicki, Adrián Fondari, Pablo Razuk, Fabián Talín"
990047,tt0401283,Broken Things,Broken Things,2002-06-24,1.9003,7.0,2,[18],en,0,0,15,"Dún Laoghaire Institute of Art, Design and Technology (IADT), National Film School at IADT",Vincent Lambe,"Diarmuid Noyes, Eamonn Hunt, Bernadette McKenna, Marian Reece, Maebh Carron"
476680,tt0975650,Beyond 'PlayTime',Au-delà de Playtime,2002-05-01,1.8891,0.0,0,[99],fr,0,0,7,"INA, Les Films de Mon Oncle, StudioCanal","Stéphane Goudet, Nadia ben Rachid","Jacques Tati, Stéphane Goudet"
452343,tt0342062,The Ethereal,اثیری,2002-01-01,1.583,10.0,1,"[18, 27]",fa,10000,10000,83,,Mohammad Ali Sajjadi,"Khosro Shakibai, Amin Hayaei, Hanie Tavassoli, Abbas Amiri, Azita Lachini"
75915,tt0299892,The Flintstones: On the Rocks,The Flintstones: On the Rocks,2002-01-02,2.1168,6.6,19,"[16, 35, 10751, 10770]",en,0,0,85,"Cartoon Network Studios, Hanna-Barbera Cartoons, Cartoon Network Movies","Chris Savino, David P. Smith","Jeff Bergman, Tress MacNeille, Kevin Michael Richardson, Grey DeLisle, Jeff Bennett"
48761,tt0296712,Catch That Girl,Klatretøsen,2002-01-25,1.5566,5.6,26,"[28, 10751, 12, 80]",da,2600000,0,90,Nimbus Film,Hans Fabian Wullenweber,"Julie Zangenberg, Stefan Pagels Andersen, Lars Bom, Nastja Arcel, Anders W. Berthelsen"
109349,tt0307101,Little John,Little John,2002-05-05,1.9586,6.4,12,"[18, 10770]",en,0,0,100,"Hallmark Hall of Fame Productions, McGee Street Productions, CBS",Dick Lowry,"Ving Rhames, Gloria Reuben, Ruben Santiago-Hudson, Adilah Barnes, Robert Bailey Jr."
117096,tt0321067,Ab Ke Baras,Ab Ke Baras,2002-05-10,1.9696,6.0,7,"[12, 14, 18, 53, 10749]",hi,0,0,169,,Raj Kanwar,"Arya Babbar, Amrita Rao, Ashutosh Rana, Ashish Vidhyarthi, Danny Denzongpa"
683215,,Somlói galuska,Somlói galuska,2002-01-02,1.9073,0.0,0,"[35, 10402]",hu,0,0,15,,Zsolt Meskó,"Ervin Nagy, Sándor Csányi, Iván Kamarás, Lia Pokorny, Judit Schell"
640212,tt36774728,Cicuta,Цикута,2002-12-01,2.0372,10.0,1,[18],ru,0,0,104,TFS Production,Alexander Shapiro,"Volodymyr Horianskyi, Kostiantyn Shaforenko, Alexandr Prischepa, Yuri Nezdymenko, Anton Komyakhov"
432962,tt14401022,Dziga and His Brothers,Дзига и его братья,2002-01-01,1.6518,6.0,1,[99],ru,0,0,52,CTB Film Company,Evgeny Tsymbal,"Abaya Kaufman, Bernard Eisenschitz, Marianna Tavrog, Andrew Kaufman, Lev Roshal"
306586,tt0300315,Paramaribo Papers,Paramaribo Papers,2002-03-11,1.6381,6.0,4,"[18, 53]",nl,0,0,94,VARA,Ger Poppelaars,"Mark Rietman, Daniëlla Mercelina, Kenneth Herdigein, Wilgo Baarn, Farida van den Stoom"
44635,tt0245479,Just a Kiss,Just a Kiss,2002-06-15,1.8585,4.4,21,"[35, 10749]",en,0,0,91,GreeneStreet Films,Fisher Stevens,"Patrick Breen, Zoe Caldwell, Sarita Choudhury, Taye Diggs, Ron Eldard"
202497,tt0346138,Weihnachten,Weihnachten,2002-12-12,1.648,8.0,1,[],de,0,0,90,"Boje Buck Produktion GmbH, Langfilm",Marc-Andreas Bochert,"Fabian Busch, Eva Haßmann, Sylvia Rohrer, Martin Brambach, Matthias Brenner"
1092935,,Possibihilities,Möhöguleikar,2002-11-13,1.8465,0.0,0,[99],is,0,0,52,Ergis Filmproduction,Ari Alexander Ergis Magnússon,
20731,tt0307873,Raaz,राज़,2002-02-01,1.5656,5.809,47,"[53, 27]",hi,0,0,152,,Vikram Bhatt,"Bipasha Basu, Dino Morea, Ashutosh Rana, Malini Sharma, Shruti Ulfat"
874654,tt0380206,Una bala,Una bala,2002-01-01,1.8621,7.0,1,[18],es,0,0,0,Instituto Mexicano de Cinematografía,"Ibon Antuñano, Edgar San Juan","Carlos Figols, Joaquín Ortega"
511898,tt0308972,Der Templer,Der Templer,2002-10-20,1.7425,7.0,1,"[18, 27, 36]",de,0,0,15,"Wiedemann & Berg Film, ARTE, BR","Florian Henckel von Donnersmarck, Sebastian Henckel von Donnersmarck","Walter Sittler, Marozsán Erika, Michael Habeck, Gilbert von Sohlern, Barbara Morawiecz"
767169,tt0327356,Saddle Rash,Saddle Rash,2002-03-24,1.5645,4.5,4,"[16, 35, 37]",en,0,0,23,"Ka-Plunk Productions, FlickerLab",Loren Bouchard,"H. Jon Benjamin, Sarah Silverman, Sam Seder, Joe McGuirk, Waylon Jennings"
38190,tt0340398,Ticker,Ticker,2002-11-12,1.9644,6.633,79,"[28, 12]",en,0,0,10,"RSA Films, Bayerische Motoren Werke (BMW)",Joe Carnahan,"Clive Owen, Don Cheadle, F. Murray Abraham, Eli Danker, Dennis Haysbert"
899769,tt1570391,Family,Family,2002-08-22,1.7157,0.0,0,[18],en,0,0,24,,Adrian Mead,"Eric Barlow, Pam Ferris, Maurice Roëves, Paul Wilson, Ian Hanmore"
435147,tt0425043,From Puppets to Pixels: The Making of Star Wars Episode II,From Puppets to Pixels: The Making of Star Wars Episode II,2002-11-12,2.2447,6.8,11,[99],en,0,0,52,Lucasfilm Ltd.,Jon Shenk,"George Lucas, Frank Oz, Christopher Lee, Rob Coleman, Geoff Campbell"
60312,tt0126423,Pete's Meteor,Pete's Meteor,2002-12-31,2.05,4.9,12,"[18, 80]",en,0,0,104,,Joe O'Byrne,"Brenda Fricker, Alfred Molina, Mike Myers, Ian Costello, Jamie McCormack"
48321,tt2728668,The Prophecy,The Prophecy,2002-01-01,1.756,0.0,0,[99],en,0,0,63,,"Dirk Collins, Todd Jones","Marc Andre Bellieveau, Micah Black, Sage Cattabriga-Alosa"
88450,tt0327016,The Locket,The Locket,2002-12-08,1.8194,5.2,12,"[18, 10770]",en,0,0,100,Hallmark Hall of Fame Productions,Karen Arthur,"Vanessa Redgrave, Chad Willett, Marguerite Moreau, Lori Heuring, Lourdes Benedicto"
34341,tt0263734,Men with Brooms,Men with Brooms,2002-09-20,1.7033,5.2,37,"[35, 10749]",en,7500000,4245870,102,"Alliance Atlantis, Serendipity Point Films, Téléfilm Canada, The Movie Network, Super Écran, Astral Media, Société Radio-Canada",Paul Gross,"Paul Gross, Molly Parker, Leslie Nielsen, Barbara Gordon, Michelle Nolden"
20718,tt0282593,I'm with Lucy,I'm with Lucy,2002-09-04,2.1397,5.439,41,"[35, 10749]",en,0,0,90,"Acme Date, Gaumont, Fabulous Films",Jon Sherman,"Monica Potter, Julianne Nicholson, Flora Martínez, Harold Ramis, Julie Christie"
244066,tt0291886,Embun,Embun,2002-08-01,1.5929,9.0,1,"[10749, 10752]",ms,0,0,135,,Erma Fatima,"Umie Aida, Aqasha, Izi Yahya, Hani Mohsin, Normah Damanhuri"
41645,tt0309600,Food of Love,Menja d’amor,2002-02-08,2.0536,5.667,24,"[18, 10749]",en,0,0,105,42nd Street Productions,Ventura Pons,"Juliet Stevenson, Kevin Bishop, Allan Corduner, Paul Rhys, Naím Thomas"
1009919,tt11849960,The Invisible,L'invisible,2002-09-04,1.9619,0.0,0,[99],fr,0,0,45,,Nicolas Philibert,Jean Oury
41421,tt3207532,eX-Driver the Movie,エクスドライバー the Movie,2002-04-20,2.0959,6.5,4,"[28, 16]",ja,0,0,62,Actas,Akira Nishimori,"Yoko Asada, Miki Nagasawa, Yumiko Kobayashi, Kenichi Suzumura, Masane Tsukayama"
61304,tt0305395,Cravate Club,Cravate Club,2002-07-03,1.4566,5.111,9,"[35, 18]",fr,0,0,85,"Alicéléo, Cofimage 13, Canal+, Gimages 5, France 2 Cinéma",Frédéric Jardin,"Charles Berling, Édouard Baer, Albane Urbin , Patrick Mille, Pierre Balesi"
113660,tt0347909,Rumble,Rumble,2002-05-31,1.9004,5.467,15,"[12, 35]",fi,0,0,55,Silva Mysterium,Jani Volanen,"Vesa-Matti Loiri, Jari Nissinen, Tommi Korpela, Jari Pehkonen, Henry Hanikka"
1639463,,Subtalk,Subtalk,2002-01-01,1.6796,0.0,0,[],en,0,0,15,,Abigail Child,
464197,tt2728684,Salad Days (TGR),Salad Days (TGR),2002-10-01,1.8215,0.0,0,[99],en,0,0,30,Teton Gravity Research,Pete O'Brien,"Peter Olenick, Sage Cattabriga-Alosa, Marc Andre Bellieveau, Kristi Leskinen, Rory Bushfield"
103701,tt0303162,The Uncertainty Principle,O Princípio da Incerteza,2002-05-17,1.9628,6.5,9,[18],pt,0,0,133,"RTP, Madragoa Filmes, Gemini Films",Manoel de Oliveira,"Leonor Baldaque, Leonor Silveira, Isabel Ruth, Ricardo Trêpa, Ivo Canelas"
271627,tt0207635,Ocean Park,Ocean Park,2002-04-05,1.5572,8.0,2,"[53, 18]",en,0,0,100,,David W. Warfield,"James Haven, Julie Ariola, Alexandra Wilson, Dane Northcutt, Marcus Dean Fuller"
86976,tt0367257,Perfect Blue: Yume Nara Samete,PERFECT BLUE 夢なら醒めて,2002-08-24,2.0457,6.417,18,"[18, 9648, 53]",ja,0,0,103,"Kokuei Company, Japan Sky Way, Endless",Toshiki Satō,"Ayaka Maeda, Nao Omori, Masahiro Toda, Makiko Watanabe, Yumi Shimizu"
1117188,tt20145710,My Older Brother,אח שלי הגדול,2002-04-24,1.6852,0.0,0,"[10752, 10770, 18]",he,0,0,32,,Ofer Weitzman,"ofer seker, Tal Mosseri, Shimon Cohen, Yael Pearl, Miriam Banay"
15395,tt0282698,Love Liza,Love Liza,2002-12-30,1.8507,6.435,123,"[35, 18]",en,1000000,223426,90,"Kinowelt Filmproduktion, Wild Bunch, StudioCanal, Muse Productions, Blacklist Films, Ruth Charny Productions, Jeff Roda Productions",Todd Louiso,"Philip Seymour Hoffman, Jack Kehler, Sarah Koskoff, Stephen Tobolowsky, Erika Alexander"
49475,tt0287364,Porn Theatre,La Chatte à deux têtes,2002-11-20,1.9218,6.0,28,[18],fr,0,0,84,Elia Films,Jacques Nolot,"Vittoria Scognamiglio, Jacques Nolot, Sébastien Viala, Olivier Torres, Lionel Goldstein"
212076,tt0298519,Redeemer,Redeemer,2002-01-31,2.1915,7.1,5,"[18, 10770]",en,0,0,85,"Robert Greenwald Productions, Muse Entertainment",Graeme Clifford,"Matthew Modine, Obba Babatundé, Michele Greene, Bruce Dinsmore, Emily VanCamp"
104391,tt0306714,Darkened Room,Darkened Room,2002-04-12,1.6388,5.541,85,"[18, 27]",en,0,0,8,davidlynch.com,David Lynch,"Jordan Ladd, Cerina Vincent, Etsuko Shikata"
47959,tt0274407,Callas Forever,Callas Forever,2002-09-18,2.1589,6.5,38,"[10749, 18]",en,0,0,111,"Cattleya, Medusa Film, Alquimia Cinema",Franco Zeffirelli,"Fanny Ardant, Jeremy Irons, Joan Plowright, Jay Rodan, Gabriel Garko"
410764,tt4165374,Kombate Brutal,Kombate Brutal,2002-01-01,1.7059,0.0,0,"[28, 35]",es,0,0,95,Eskoria Films,Adrián Cardona,"Juan Cardona, Vicente Pizarro, José María Angorrilla, David Ortíz, Tamara Gallego"
363315,tt33898258,Algeria's Bloody Years,Algérie(s),2002-01-01,1.8355,8.5,2,"[99, 36]",fr,0,0,158,"Article Z, Canal+, CNC, PROCIREP, Sundance Institute","Malek Bensmaïl, Patrice Barrat, Thierry Leclère","Chadli Bendjedid, Mohamed Boudiaf, Houari Boumédiène, Abdelaziz Bouteflika, Ali Dilem"
525621,tt0303376,Passengers,Passengers,2002-01-01,1.5363,4.25,2,[18],en,0,0,8,,Joseph T. Walker,"James Urbaniak, Christina Kirk, Stan Carp, Kate Pak"
2175,tt0433263,Wirklich alles?!,Wirklich alles?!,2002-11-30,2.1224,7.0,1,[99],en,0,0,65,Sony Pictures,Helmuth Rüßmann,Wolfgang Petry
63971,tt0313608,Deserter,Simon: An English Legionnaire,2002-04-30,1.8986,5.264,36,"[18, 10752]",en,3500000,0,90,Simon Films,Martin Huberty,"Paul Fox, Tom Hardy, Kate Maberly, Aitor Merino, Félicité Du Jeu"
29696,tt0345784,Perfectly Legal,Perfectly Legal,2002-10-10,1.6098,5.1,8,"[18, 10749]",en,0,0,100,Indigo Entertainment,Lane Shefter Bishop,"Lauren Hays, Rafe Urquhart, Tony Menke, Beverly Lynne, Allison Thomas-Miller"
293304,tt0279154,Everyman's Feast,Jedermanns Fest,2002-01-25,1.8538,4.0,3,[18],de,0,0,173,"Eurimages, Wega Film, Studio Babelsberg, Star Production, WDR, ARTE",Fritz Lehner,"Klaus Maria Brandauer, Juliette Gréco, Sylvie Testud, Alexa Sommer, Otto Tausig"
771160,,Le carnet,Le carnet,2002-01-01,1.8273,7.0,1,[16],fr,0,0,4,La Poudrière,Izù Troin,"Jean-Pierre Morise, Lionel Charpy, Pierre Goudail, Izù Troin"
823034,tt0350093,Schizophrenic,Schizophrenic,2002-01-01,1.5221,6.5,2,[27],en,0,0,74,,Anthony Duva,"Ann McFadden, Anthony Duva, Chuck Martinez, Kim Lores"
16875,tt0250292,Cheats,Cheats,2002-10-31,1.9253,5.391,78,[35],en,0,0,86,"FilmEngine, New Line Cinema, BenderSpink",Andrew Gurland,"Trevor Fehrman, Elden Henson, Matthew Lawrence, Martin Starr, Griffin Dunne"
94,tt0436488,Kunstgriff,Kunstgriff,2002-01-01,1.5531,7.7,6,[35],de,0,0,6,Hamburger Filmschule,André F. Nebe,"Ursula Buschhorn, Hans-Werner Meyer"
61196,tt0350044,Reflections of Evil,Reflections of Evil,2002-03-22,1.4803,6.474,19,"[35, 18, 14]",en,0,0,138,"Pollock Trust Fund, Pookie Films",Damon Packard,"Nicole Vanderhoff, Beverly Miller, Chad Nelson, Damon Packard, Dean Spunt"
1093234,tt0455615,Made to,Mandado hacer,2002-01-01,2.0421,10.0,1,[18],es,0,0,6,,Diego Fernández Pujol,"Rodrigo Ceni, Ricardo Ceni, Roberto Fernández"
723285,,Koszmar minionej zimy,Koszmar minionej zimy,2002-01-01,1.645,6.0,5,"[27, 35]",pl,0,0,91,Muflon Pictures,Piotr Matwiejczyk,"Piotr Matwiejczyk, Anna Borusińska, Dawid Antkowiak, Anna Maciejowska, Łukasz Lipiński"
23375,tt0342535,The Wisdom of the Pretzel,חוכמת הבייגלה,2002-10-03,1.9632,4.625,8,"[10749, 35, 18]",he,0,0,101,,Ilan Heitner,"Gisele Silver, Nir Levy, Benny Avni, Orit Cher, Guy Loel"
99177,tt5734484,Yey! Nee Romba Azhaga Irukke,ஏய்! நீ ரொம்ப அழகா இருக்கே!,2002-07-13,1.6134,8.0,3,"[10749, 35]",ta,0,0,145,,Vasanth,"Shaam, Sneha, Vivek, Ramya Krishnan, Uma Padmanabhan"
288785,tt0332636,Group,Group,2002-04-05,1.5907,4.0,3,"[35, 18]",en,0,0,106,,"Anne de Marcken, Marilyn Freeman","Carrie Brownstein, Kari Fillipi, S. Ann Hall, Vicki Holllenberg, Tracy Kirkpatrick"
195414,tt0324175,Looking for you,Te Busco,2002-12-20,1.7521,7.045,11,"[18, 35, 10749]",es,0,0,84,"Caracol Televisión, Dago García Producciones",Ricardo Coral,"Robinson Díaz, Felipe Rubio Lucero, Andrea Guzmán, Jorge Barón, Álvaro Bayona"
60282,tt0307034,Fat Choi Spirit,嚦咕嚦咕新年財,2002-02-08,1.7255,6.4,44,[35],cn,0,0,96,"China Star Entertainment, Milkyway Image","Johnnie To, Wai Ka-Fai","Andy Lau, Lau Ching-Wan, Louis Koo, Gigi Leung Wing-Kei, Cherrie Ying Choi-Yi"
1562571,,Sweet Charity,Sweet Charity,2002-05-06,1.9245,0.0,0,[],en,0,0,30,,Michael Hines,"Thelma Barlow, Anne Reid, Gavin Mitchell, James Ryland, Lesley Harcourt"
259345,tt0313005,Recently 3,Neulich 3,2002-01-01,1.8793,10.0,1,[16],en,0,0,6,,Jochen Kuhn,
1298432,tt0319759,Livermore,Livermore,2002-02-21,1.6124,7.0,1,[99],en,0,0,60,,"David Murray, Rachel Raney",
29047,tt0303353,The Kid Stays in the Picture,The Kid Stays in the Picture,2002-08-16,2.161,6.632,102,[99],en,40000,1434436,93,"Ministry of Propaganda Films, Woodland Pictures LLC, Highway Films, Robert Evans Productions","Nanette Burstein, Brett Morgen",Robert Evans
1587601,tt2803980,Twatting Zombies,Twatting Zombies,2002-10-01,1.9507,0.0,0,[35],en,0,0,3,Untamed Aggression Productions,"Nicola Ford, Alex Eamonson, James Raynor, Nick Thompson, Dom Wynter","Alex Eamonson, Nicola Ford, James Raynor, Nick Thompson, Dom Wynter"
78198,tt0350370,Zombie Campout,Zombie Campout,2002-10-30,1.9009,3.778,9,"[27, 35]",en,0,0,91,Latetalk Productions,Joshua D. Smith,"Misty Orman, Tiffany Black, John M. Davis, Jeremy Schwab"
1598745,tt0470137,The Making of 'Tombstone',The Making of 'Tombstone',2002-01-01,1.981,6.667,3,[99],en,0,0,27,Hollywood Pictures,,"George P. Cosmatos, Kurt Russell, Wyatt Earp, Powers Boothe, Val Kilmer"
16261,tt0260320,Repli-Kate,Repli-Kate,2002-01-29,1.9459,5.394,132,"[878, 35]",en,4000000,0,96,"Helkon Media, Zide-Perry Productions, Silver Nitrate",Frank Longo,"James Roday Rodriguez, Desmond Askew, Ali Landry, Eugene Levy, Todd Robert Anderson"
15951,tt0322177,The Boy Who Wanted to Be a Bear,Drengen der ville gøre det umulige,2002-12-18,2.1507,7.586,29,"[12, 16, 10751]",da,0,0,75,"France 3 Cinéma, Les Armateurs, Dansk Tegnefilm",Jannik Hastrup,"Marlon Vilstrup, Joachim Boje Helvang, Otto Brandenburg, Paprika Steen, Tommy Kenter"
639224,,A Rip Roaring Tale,A Rip Roaring Tale,2002-03-27,1.735,4.0,1,"[10402, 10751]",en,0,0,48,InVision Media,,"Julienne Maree, Tenielle Stoltenkamp, Oliver Thompson"
452160,tt0404215,Mafia,مافيا,2002-07-24,1.9049,6.9,20,"[28, 18, 10749]",ar,0,2744748,113,,Sherif Arafa,"Ahmed Al Saqqa, Mona Zaki, Mostafa Shaaban, Ahmed Rizq, Abbas Abu Elhassan"
1260414,,Draußen,Draußen,2002-03-03,1.5809,0.0,0,[18],de,0,0,27,Starlit Film Produktion,Till Kleinert,"Marcus Staab-Poncet, Katja Dieske, Markus Burkhardt"
35713,tt0326089,Roxanna,Roxanna,2002-05-28,1.8687,3.818,11,[18],en,0,0,36,Seduction Cinema,Ted W. Crestview,"Erin Brown, Suzi Lorraine, Josh Robinson, Jillian Ann Durgin, Barbara Joyce"
41890,tt0260695,Hometown Legend,Hometown Legend,2002-01-25,1.9562,4.7,10,"[35, 18, 10751]",en,2000000,112000,120,"Jenkins Entertainment, Miracle Network Group LLC, Miracle Films",James Anderson,"Terry O'Quinn, Nick Cornish, Lacey Chabert, Kirk B.R. Woller, Ian Bohen"
786583,tt0381187,Fist Power,Fist Power,2002-12-11,1.691,5.5,2,"[16, 10402]",fr,0,0,5,,"Tom de Pékin, Lionel Soukaz","Tom de Pékin, Farrah Diod, Christophe Marcq, Katharina Wartena"
291216,tt0286592,Dildo Heaven,Dildo Heaven,2002-03-08,2.093,6.2,5,[35],en,0,0,79,Editech,Doris Wishman,"Mickey Garcia, Elizabeth Ash, Everette, Jerry Hart, Dr. Faust"
94996,tt0302889,On_Line,On_Line,2002-01-01,1.7623,5.071,14,"[18, 10749]",en,0,167544,97,"Plinyminor, Indican Pictures",Jed Weintrob,"Josh Hamilton, Harold Perrineau, Isabel Gillies, John Fleck, Vanessa Ferlito"
6318,tt0295001,Vaya con Dios,Vaya con Dios,2002-03-28,1.914,5.848,23,[35],de,0,0,106,ARD,Zoltan Spirandelli,"Michael Gwisdek, Daniel Brühl, Traugott Buhre, Matthias Brenner, Konstantin Graudus"
1147404,tt0304458,Nantucket,Nantucket,2002-09-06,1.6478,5.5,2,[],fr,0,0,0,,Glenn Klinker,"Jennifer Morrison, Robert Benson, Tava Smiley, Geoff Stults"
64116,tt0339149,Falling Sky,Himmelfall,2002-10-18,1.8571,5.538,13,"[18, 35]",no,0,0,83,"Motlys, Alligator Film",Gunnar Vikene,"Kristoffer Joner, Maria Bonnevie, Kim Bodnia, Hildegun Riise, Endre Hellestveit"
26894,tt0313016,Saint Sinner,Saint Sinner,2002-10-26,1.9173,4.468,31,"[14, 27, 878, 10770]",en,3900000,0,90,"Seraphim Films, USA Cable Entertainment, Via Genesis Productions",Joshua Butler,"Greg Serano, Gina Ravera, Mary Mara, Rebecca Harrell Tickell, Art Hindle"
1535570,tt0307108,Lost,Lost,2002-05-03,1.8706,9.0,1,[],en,0,0,24,,Frederick E. O. Toye,"Bodhi Elfman, Scarlett Chorvat, Michelle Stafford, Michael Cornacchia, Jim Meskimen"
13040,tt0298491,The Invisible,Den osynlige,2002-01-30,1.7175,6.0,54,"[18, 14, 53]",sv,0,0,92,"Film i Väst, SF Bio, Sonet Film AB, TV1000 AB, TV4, Nordisk Film Sweden","Simon Sandquist, Joel Bergvall","Gustaf Skarsgård, Tuva Novotny, Catherine Hansson, Joel Kinnaman, Thomas Hedengran"
924762,tt15290430,And We Become Weightless,Och vi blir tyngdlösa,2002-12-09,1.9264,0.0,0,"[35, 18, 27]",sv,0,0,97,,"Shahriyar Latifzadeh, Rune Brixelius, Nicolas Debot, Thomas Hilding, Micke Engström, Malga Kubiak, Karin Hagen, Claes Lejonhufvud, Henrik Möller, Mats Lundell, Emma Ringström, Mystomtarna, Johannes Pinter, Nicole Paglia, Tom Hell, Per Hilding","Linda Axelsson, Lisa Berg, Jonas Bergström, Linda Birgersson, Lilian Brevik"
494698,tt0314385,Mitini,मितिनी,2002-10-01,1.5676,6.5,2,"[10749, 18, 28]",ne,0,0,138,,Anish Koirala,"Rekha Thapa, Bipana Thapa, Dilip Rayamajhi, Uttam Pradhan, Shivahari Paudel"
345240,tt0371820,Mens du står utenfor,Mens du står utenfor,2002-10-01,1.7962,7.0,2,[],en,0,0,0,,Nina Grünfeld,
72658,tt0317469,Falcons,Fálkar,2002-09-27,1.7843,4.889,9,[18],is,0,0,95,"Icelandic Film Corporation, Filmhuset AS, Film and Music Entertainment, Peter Rommel Productions",Fridrik Thor Fridriksson,"Keith Carradine, Margrét Vilhjálmsdóttir, Ingvar E. Sigurðsson, Magnús Ólafsson, Margrét Ólafsdóttir"
1457753,,Malcolm,Malcolm,2002-08-30,1.6715,0.0,0,[18],sv,0,0,20,Memfis Film,Baker Karim,"Alexander Karim, Christina Wideland, Leo Karim, Baker Karim, Rolf Liljebad"
205481,tt0331525,The Intended,The Intended,2002-06-06,1.7489,5.227,11,"[53, 18]",en,0,0,110,"Southeast Asia Film Location Services Sdn. Bhd., Mikado Film, Parallax Pictures",Kristian Levring,"Janet McTeer, Olympia Dukakis, Brenda Fricker, Tony Maudsley, JJ Feild"
534525,tt0471291,The Wizard,Ovsunçu,2002-01-01,1.4036,9.0,1,"[18, 12, 36]",az,0,0,97,"""Yeni Film"" Film Company, Timrash, Azerbaijanfilm",Oktai Mir-Kasimov,"Bakhtiyar Khanizadeh, Fuad Poladov, Ayan Mirgasimova, Eldaniz Rasulov, Yuri Baliyev"
815645,tt3896236,Loco frenesí,Loco frenesí,2002-12-31,1.707,2.333,3,[18],es,0,0,0,La Raza Mex Films,Christian González,"Gerardo Albarrán, Alexa Castillo, Aleyda Gallardo, Armando Zamarripa, Martha Díaz"
400056,tt0363137,Total Romance,Total Romance,2002-09-22,1.619,4.8,5,"[10749, 18]",fr,0,0,83,"Big Brother Productions, DPI, Cult Productions, M6 Métropole Télévision, Neue Deutsche Filmgesellschaft",Nicolas Weber,"Alia De Angelis, Alex Lundqvist, Hélène Neveu, Nathalie Raynal, Vera Morin"
28204,tt0310001,Stones,Piedras,2002-02-08,1.4664,6.2,25,[18],es,500000,0,135,,Ramón Salazar,"Najwa Nimri, Antonia San Juan, Mónica Cervera, Vicky Peña, Ángela Molina"
67083,tt0321353,BaadAsssss Cinema,BaadAsssss Cinema,2002-08-14,2.6348,6.019,26,"[28, 99]",en,0,0,58,,Isaac Julien,"Larry Cohen, Tamara Dobson, Ron Finley, Pam Grier, Ed Guerrero"
163678,tt0331458,Claude Jutra: An Unfinished Story,Claude Jutra: An Unfinished Story,2002-05-30,1.5945,6.0,3,[99],en,0,0,83,"Fox-Fire Films, ONF | NFB",Paule Baillargeon,"Claude Jutra, Bernardo Bertolucci, Michel Brault, Geneviève Bujold, Saul Rubinek"
1712310,,Weta Digital,Weta Digital,2002-11-12,1.7407,0.0,0,[99],en,0,0,25,,Michael Pellerin,"Peter Jackson, Barrie M. Osborne, Gray Horsefield, Jim Rygiel, Randall William Cook"
28730,tt0319758,Live from Baghdad,Live from Baghdad,2002-12-07,1.8261,6.7,55,"[18, 10752, 10770]",en,0,0,108,"HBO Films, Industry Entertainment Partners",Mick Jackson,"Michael Keaton, Helena Bonham Carter, Joshua Leonard, Lili Taylor, David Suchet"
28710,tt0320042,Kamchatka,Kamchatka,2002-10-17,1.7359,6.683,82,[18],es,0,8000000,106,"Alquimia Films, Patagonik, Oscar Kramer, TVE, Vía Digital, INCAA, Instituto de la Cinematografía y de las Artes Audiovisuales",Marcelo Piñeyro,"Ricardo Darín, Cecilia Roth, Héctor Alterio, Fernanda Mistral, Tomás Fonzi"
834263,tt0396658,Incest,Incest,2002-04-20,1.5797,10.0,1,"[35, 18]",en,0,0,19,,Luke Eberl,"Hallee Hirsh, John Patrick Amedori, Erick Avari, Jesse Head, Courtland Mead"
45379,tt0311913,Chinese Odyssey 2002,天下無雙,2002-02-06,1.605,6.8,55,"[28, 35, 10749]",cn,0,0,91,Block 2 Pictures,Jeffrey Lau Chun-Wai,"Tony Leung Chiu-wai, Zhao Wei, Faye Wong, Chang Chen, Athena Chu Yan"
1652997,,Haji Kara,Hacı Qara,2002-04-07,1.892,0.0,0,[],az,0,0,79,,"Dzhakhangir Mekhdiev, Elnur Mehdiyev","Sayavush Aslan, Elnur Mehdiyev, Malik Dadashev, Ajdar Hamidov, Saleh Sadigov"
560947,tt0323122,Luca Lives,Luca vive,2002-10-10,1.4375,5.0,4,"[18, 10402]",es,0,0,111,,Jorge Coscia,"Darío Ritto, Tom Lupo, Valeria de Luque, Lorena Damonte, Omar Chabán"
8439,tt0340468,Bus 174,Ônibus 174,2002-10-22,1.8128,7.4,150,"[99, 80]",pt,0,217201,118,Zazen Produções,José Padilha,"Yvonne Bezerra de Mello, Sandro do Nascimento, Rodrigo Pimentel, Luiz Eduardo Soares"
258577,tt0315476,Dein Mann wird mir gehören!,Dein Mann wird mir gehören!,2002-04-04,1.5574,5.0,1,[53],de,0,0,0,,Gerhard Hroß,"Mark Kuhn, Stefanie Schmid, Sabine Vitua, Lotte Letschert, Jonas Jägermeyr"
54580,tt0319769,Mondays in the Sun,Los lunes al sol,2002-09-27,2.0722,7.25,256,"[18, 35]",es,4000000,146402,113,"Elías Querejeta PC, Mediapro, Quo Vadis Cinéma, Eyescreen, Continental Producciones, TVG",Fernando León de Aranoa,"Javier Bardem, Luis Tosar, José Ángel Egido, Nieve de Medina, Enrique Villén"
44761,tt0339343,The Man Who Saved Christmas,The Man Who Saved Christmas,2002-12-15,2.0625,6.222,9,"[18, 10770]",en,0,0,100,,Sturla Gunnarsson,"Jason Alexander, Kelly Rowan, Ed Asner, Jayne Eastwood, Ari Cohen"
38866,tt0289668,Between Strangers,Between Strangers,2002-08-30,2.1365,5.632,19,[18],en,0,0,95,"MediaTrade, Equinox Entertainment, Capri Films",Edoardo Ponti,"Sophia Loren, Mira Sorvino, Deborah Kara Unger, Pete Postlethwaite, Julian Richings"
279464,tt10409824,Gemeni,జెమిని,2002-10-11,1.539,5.8,5,"[28, 80, 18]",te,0,0,132,"AVM Productions, Suresh Productions",Saran,"Venkatesh, Namitha, Kalabhavan Mani, Kota Srinivasa Rao, Murali"
1683546,,Ausencia,Ausencia,2002-01-01,1.6842,0.0,0,[99],es,0,0,42,,Marianela Vega,
10636,tt0291213,Big Girls Don't Cry,Große Mädchen weinen nicht,2002-10-24,1.6235,6.024,42,[18],de,0,0,87,,Maria von Heland,"Anna Maria Mühe, Karoline Herfurth, David Winter, Josefine Domes, Nina Petri"
567936,,Périssable Paradis,Périssable Paradis,2002-12-27,1.7829,10.0,1,[99],fr,0,0,70,"Jakaranda, Aqui TV, CNC",Gérard Courant,"Gérard Courant, Joseph Morder, Agnès Thomas, Mariola San Martin, Frédéric Taddeï"
33251,tt0312841,The Way Home,집으로...,2002-04-05,1.9356,8.004,241,"[18, 10751]",ko,2000000,0,86,"CJ Entertainment, Tube Pictures, Tube Entertainment",Lee Jeong-hyang,"Kim Eul-boon, Yoo Seung-ho, Dong Hyo-hee, Min Kyung-hoon, Yim Eun-kyung"
29135,tt0248190,No Such Thing,No Such Thing,2002-03-29,1.8835,6.0,69,"[14, 18, 27]",en,5000000,62703,102,"American Zoetrope, True Fiction Pictures, The Icelandic Film Company",Hal Hartley,"Sarah Polley, Robert John Burke, Helen Mirren, Julie Christie, Baltasar Kormákur"
67025,tt0336678,Addicted,중독,2002-10-25,1.9466,6.1,22,"[18, 53, 9648, 10749]",ko,0,0,110,"Cine2000, Showbox",Park Young-hoon,"Lee Byung-hun, Lee Mi-yeon, Park Sun-young, Lee Eol, Kang Ye-won"
43071,tt0259134,Corto Maltese: The Secret Court of the Arcane,Corto Maltese : La Cour secrète des Arcanes,2002-09-25,1.9309,6.447,57,"[18, 16, 36, 12]",fr,0,1254978,92,"Canal+, Ellipsanime Productions, France 2 Cinéma, Home Made Movies, Pomalux, Tele Plus, RAI",Pascal Morelli,"Richard Berry, Patrick Bouchitey, Barbara Schulz, Marie Trintignant, Marc Chapiteau"
115550,tt0294869,Rancour,Rencor,2002-05-31,1.9143,6.583,12,[18],en,0,0,106,,Miguel Albaladejo,"Lolita Flores, Jorge Perugorría, Elena Anaya, Mar Regueras, Santiago Crespo"
569885,tt0303287,New World Order,New World Order,2002-01-13,1.4439,5.333,3,[53],en,0,0,100,,Jay Lee,"Lauren Fox, Susan Greenhill, Thomas Jay Ryan, Norbert Leo Butz, Tia Campbell"
374920,tt0475728,Family & Friends,Släkt & vänner,2002-10-05,1.747,4.0,2,[16],sv,0,0,12,"Chimney Sweden, Filmtecknarna, ALC Ljuddesign",Jonas Odell,Jonas Karlsson
1455823,tt30400063,Reattachment,Vasleh-kari,2002-01-23,1.9548,0.0,0,[],fa,0,0,12,,Saeed Nouri,"Pantea Panahiha, Kiarash Anvari, shabnam farshadju"
69048,tt0255797,Angels Crest,Angels Crest,2002-10-17,1.6377,5.75,4,"[18, 53]",en,0,0,87,Coast 2 Coast Pictures,J. Michael Couto,"Chris Bauer, Currie Graham, J. Michael Couto"
152586,tt0272036,Deep Freeze,Deep Freeze,2002-06-11,1.6972,4.1,23,"[28, 27, 878]",en,0,0,83,"ACH, Frozen Films Inc., Regent Entertainment, Regent Productions",John Carl Buechler,"Allen Lee Haff, Götz Otto, Alexandra Kamp, Karen Nieci, Howard Holcomb"
508675,tt8081176,Bonobono: Secret of the Kumomo Tree,ぼのぼの クモモの木のこと,2002-08-10,1.4398,4.5,2,"[16, 18]",ja,0,0,61,"Digital Frontier, IMO, Takeshobo",Kōki Kumagai,"Yuto Uemura, Konami Yoshida, Kappei Yamaguchi, Etsuko Kozakura, Masashi Sugawara"
