id,imdb_id,title,original_title,release_date,popularity,vote_average,vote_count,genre_ids,original_language,budget,revenue,runtime,production_companies,director,cast
626,tt0020530,Un Chien Andalou,Un chien andalou,1929-06-05,4.6003,7.397,1452,"[14, 27, 53]",fr,124797,0,17,Billancourt Studios,Luis Buñuel,"Simone Mareuil, Pierre Batcheff, Luis Buñuel, Salvador Dalí, Robert Hommet"
190292,tt0499565,Sevil,Севиль,1929-09-03,2.8843,5.833,6,"[18, 10749]",ru,0,0,68,Azerbaijanfilm,Hamo Bek-Nazaryan,"Izzet Oruczade, Agasadig Gararbayli, Mustafa Mardanov, Bella Beletskaya, Latif Safarov"
285129,tt0020390,Señor Americano,Señor Americano,1929-11-10,3.1167,7.0,1,[37],en,0,0,71,Ken Maynard Productions Inc.,Harry Joe Brown,"Ken Maynard, Kathryn Crawford, J.P. McGowan, Frank Beal, Gino Corrado"
26317,tt0019760,Man with a Movie Camera,Человек с киноаппаратом,1929-05-12,3.2636,7.844,826,[99],ru,0,0,68,VUFKU,Dziga Vertov,Mikhail Kaufman
433027,tt1034390,Frivolities,Frivolités,1929-01-01,3.1938,6.0,1,[99],en,0,0,11,,René Le Hénaff,"Geneviève Cargese, Nilda Duclos, Manuel Raaby"
1412596,tt0020151,Master & Man,Master & Man,1929-02-02,3.3168,9.0,1,[],en,0,0,0,British Screen Productions,George A. Cooper,"Henri De Vries, Anne Grey, Humberston Wright, Olaf Hytten, Maurice Braddell"
282708,tt0205749,L'Arpète,L'Arpète,1929-07-19,2.8886,10.0,1,[35],fr,0,0,107,Francos Films,Donatien,"Lucienne Legrand, Raymond Guérin-Catelain, Louis Ravet, Pierre Pradier, Jean Godard"
88018,tt0020414,The Skeleton Dance,The Skeleton Dance,1929-08-29,3.1056,7.388,338,"[16, 10751, 10402, 35, 27]",en,0,0,5,Walt Disney Productions,Walt Disney,"Walt Disney, Carl W. Stalling"
133659,tt0020608,The Wonderful Lies of Nina Petrovna,Die wunderbare Lüge der Nina Petrowna,1929-04-15,2.7424,7.1,10,"[36, 10749, 18]",de,0,0,80,UFA,Hanns Schwarz,"Brigitte Helm, Francis Lederer, Warwick Ward, Lya Jan, Harry Hardt"
353158,tt0020352,The Kingdom of Rye,Rågens Rike,1929-12-26,2.6754,7.5,2,"[10749, 18]",sv,0,0,136,"Tellus Films, Maja Engelbrektson",Ivar Johansson,"Mathias Taube, Eric Laurent, Märtha Lindlöf, Margit Manstad, Artur Cederborgh"
235591,tt0019957,Half Marriage,Half Marriage,1929-10-13,2.0719,5.833,6,"[18, 10749]",en,0,0,68,RKO Radio Pictures,William J. Cowen,"Olive Borden, Morgan Farley, Ken Murray, Ann Greenway, Anderson Lawler"
20625,tt0019777,The Cocoanuts,The Cocoanuts,1929-05-23,2.7193,6.473,130,"[35, 10402]",en,500000,1800000,93,Paramount Pictures,"Robert Florey, Joseph Santley","Groucho Marx, Harpo Marx, Chico Marx, Zeppo Marx, Oscar Shaw"
543,tt0019702,Blackmail,Blackmail,1929-07-28,2.526,6.5,288,"[18, 53, 80]",en,0,0,86,British International Pictures,Alfred Hitchcock,"Anny Ondra, Sara Allgood, Charles Paton, John Longden, Donald Calthrop"
77922,tt0020075,Laila,Laila,1929-10-14,2.2132,7.063,8,"[18, 10749]",no,0,0,165,Lunde Film,George Schnéevoigt,"Mona Mårtenson, Tryggve Larssen, Harald Schwenzen, Peter Malberg, Cally Monrad"
512955,tt0020415,Skin Deep,Skin Deep,1929-09-07,2.0828,3.333,3,"[80, 18]",en,0,0,64,Warner Bros. Pictures,Ray Enright,"Monte Blue, Betty Compson, Davey Lee, Alice Day, John Davidson"
128888,tt0020134,Mother Hummingbird,Maman Colibri,1929-10-23,2.0507,4.667,6,"[18, 10749]",fr,0,0,120,Le Film d'Art (Vandal et Delac),Julien Duvivier,"Maria Jacobini, Francis Lederer, Jean Dax, Jean Gérard, Jean-Paul de Baere"
20213,tt0020142,The Manxman,The Manxman,1929-01-18,2.0974,6.032,94,"[10749, 18]",en,0,0,100,British International Pictures,Alfred Hitchcock,"Carl Brisson, Malcolm Keen, Anny Ondra, Randle Ayrton, Clare Greet"
905,tt0018737,Pandora's Box,Die Büchse der Pandora,1929-01-30,2.8093,7.4,268,"[18, 80, 10749]",de,0,885533,141,Nero-Film AG,G.W. Pabst,"Louise Brooks, Fritz Kortner, Francis Lederer, Carl Goetz, Krafft-Raschig"
684879,tt0212586,Faulty Brides,Vigased pruudid,1929-01-01,2.7328,8.0,1,[35],et,0,0,0,,"Konstantin Märska, Johannes Loop","Samuel Siirak, Ly Schönberg, Margareta Müller, Joosep Koppel, Karl Laas"
1689954,,Baas Ganzendonck,Baas Ganzendonck,1929-01-01,2.1734,0.0,0,[],nl,0,0,50,,Germain Baert,"Edmond Laverge, Daniel Claeys, Elise Dormand, Germain Baert, Jef Verplancke"
691656,tt0019030,Sündenfall,Sündenfall,1929-01-04,2.2272,7.0,1,[18],de,0,0,0,"Bratři Deglové, Hom-AG für Filmfabrikation",Karel Lamač,"Agnes Petersen-Mozżuchinowa, Josef Rovenský, Suzanne Marwille, Vera Schmiterlöw, Jan W. Speerger"
477176,tt0020393,Shanghai Lady,Shanghai Lady,1929-11-17,1.929,10.0,1,[18],en,0,0,66,,John S. Robertson,"Mary Nolan, James Murray, Lydia Yeamans Titus, Wheeler Oakman, Anders Randolf"
919512,,Si Tjonat,Si Tjonat,1929-02-11,1.7011,0.0,0,"[18, 28]",xx,0,0,0,Batavia Motion Picture,Nelson Wong,"Lie A Tjip, Ku Fung May, Herman Sim"
27456,tt0020499,Thunderbolt,Thunderbolt,1929-06-20,1.9342,5.734,32,"[80, 18]",en,0,0,91,Paramount Pictures,Josef von Sternberg,"George Bancroft, Fay Wray, Richard Arlen, Tully Marshall, Eugenie Besserer"
235572,tt0216718,Till Tomorrow,До завтра,1929-11-11,1.8727,5.6,5,[18],ru,0,0,63,Belgoskino,"Yuri Tarich, Iosif Bakhar","Georgiy Samoylov, Klavdiya Chebyshyova, Nikolai Prozorovsky, Nikolai Vitovtov, Leonid Danilov"
50855,tt0019640,Angora Love,Angora Love,1929-12-14,1.8982,6.5,28,[35],en,0,0,21,Hal Roach Studios,Lewis R. Foster,"Stan Laurel, Oliver Hardy, Harry Bernard, Charlie Hall, Edgar Kennedy"
663940,,The Cheaters,The Cheaters,1929-01-01,2.1026,0.0,0,"[80, 18, 10749]",en,0,0,92,McDonagh Productions,Paulette McDonagh,"Marie Lorraine, Arthur Greenaway, John Faulkner, Josef Bambach, Nellie McNiven"
50858,tt0019670,Bacon Grabbers,Bacon Grabbers,1929-10-19,2.181,6.4,26,[35],en,0,0,19,Hal Roach Studios,Lewis R. Foster,"Stan Laurel, Oliver Hardy, Edgar Kennedy, Jean Harlow, Harry Bernard"
671139,tt0020200,Möblierte Zimmer,Möblierte Zimmer,1929-03-29,2.019,7.0,1,[18],de,0,0,96,,Fred Sauer,"Margot Landa, Fritz Schulz, Hans Albers, Hertha von Walther, Yvette Darnys"
466620,tt0020222,No Defense,No Defense,1929-04-05,1.9099,10.0,1,"[10749, 18]",en,0,0,60,Warner Bros. Pictures,Lloyd Bacon,"Monte Blue, May McAvoy, Lee Moran, Kathryn Carver, William H. Tooker"
1003177,tt0020520,True Heaven,True Heaven,1929-02-17,2.102,7.0,1,"[18, 10752]",en,0,0,61,Fox Film Corporation,James Tinling,"George O'Brien, Lois Moran, Phillips Smalley, Oscar Apfel, Duke Martin"
963123,tt0020279,Points West,Points West,1929-08-25,1.9388,7.0,1,[37],en,0,0,60,Universal Pictures,Arthur Rosson,"Hoot Gibson, Alberta Vaughn, Frank Campeau, John Raymond, Martha Franklin"
724313,tt0250661,Podskalák,Podskalák,1929-03-15,1.756,10.0,1,[35],cs,0,0,0,Bratři Deglové,Přemysl Pražský,"Theodor Pištěk, Antonie Nedošinská, Máňa Ženíšková, Jan W. Speerger, Ella Voldánová"
1639317,tt0019386,Sin Town,Sin Town,1929-01-20,1.8482,9.0,1,"[18, 37]",en,0,0,50,DeMille Pictures Corporation,"J. Gordon Cooper, William K. Howard","Hugh Allan, Jack Oakie, Elinor Fair, Ivan Lebedeff, Bob Perry"
65203,tt0019729,The Broadway Melody,The Broadway Melody,1929-02-08,2.5789,5.129,178,"[10402, 10749, 18]",en,379000,4358000,101,Metro-Goldwyn-Mayer,Harry Beaumont,"Charles King, Anita Page, Bessie Love, Betty Arthur, J. Emmett Beck"
1524298,,"Kehre wieder, Afrika!","Kehre wieder, Afrika!",1929-06-04,2.5247,0.0,0,[99],de,0,0,75,Deutscher Werkfilm,Ernö Metzner,
127080,tt0019704,Le Bled,Le Bled,1929-05-17,2.0405,5.917,6,[12],fr,0,0,104,,Jean Renoir,"Alexandre Arquillière, Jackie Monnier, Diana Hart, Renée Rozier, Aisa"
48736,tt0020264,Perfect Day,Perfect Day,1929-08-10,2.0019,7.032,78,[35],en,0,0,19,Hal Roach Studios,James Parrott,"Stan Laurel, Oliver Hardy, Edgar Kennedy, Kay Deslys, Isabelle Keith"
1599699,tt0019954,Gun Law,Gun Law,1929-03-03,1.9426,8.0,1,"[18, 37]",en,0,0,55,Film Booking Offices of America (FBO),Robert De Lacey,"Tom Tyler, Frankie Darro, Barney Furey, Ethlyne Clair, Lew Meehan"
190236,tt0020182,Monte Cristo,Monte Cristo,1929-04-30,1.9496,6.9,11,[12],fr,0,0,223,"Les Films Louis Nalpas, Grands Films Européens, Les",Henri Fescourt,"Jean Angelo, Lil Dagover, Gaston Modot, Jean Toulout, Marie Glory"
1111263,tt11889628,Dzhalma,Джальма,1929-02-26,1.9596,0.0,0,[18],uk,0,0,50,VUFKU,Arnold Kordium,"Lidiya Ostrovskaya-Kurdyum, Ivan Kononenko-Kozelskyi, V. Kritskiy, D. Lyubchenko, Tamara Gorban"
72856,tt0019959,Hallelujah,Hallelujah,1929-08-20,1.7876,6.588,40,"[10402, 18]",en,0,0,100,Metro-Goldwyn-Mayer,King Vidor,"Daniel L. Haynes, Nina Mae McKinney, William Fountaine, Harry Gray, Fanny Belle DeKnight"
206672,tt0248528,Taxi Spooks,Taxi Spooks,1929-02-16,2.0653,7.0,2,[],en,0,0,0,,Del Lord,Jack Cooper
339648,tt0219934,Movie Night,Movie Night,1929-05-11,2.1167,6.667,3,[35],en,0,0,20,Hal Roach Studios,Lewis R. Foster,"Charley Chase, Eugenia Gilbert, Edith Fellows, Tiny Sandford, Spec O'Donnell"
3007,tt0019901,Woman in the Moon,Frau im Mond,1929-10-15,2.219,7.227,119,"[18, 878, 10749]",de,0,0,170,"UFA, Fritz Lang-Film",Fritz Lang,"Willy Fritsch, Gerda Maurus, Klaus Pohl, Fritz Rasp, Gustav von Wangenheim"
1575697,tt0019804,Dark Skies,Dark Skies,1929-12-10,1.8729,5.5,2,"[80, 10749]",nl,0,0,0,"Biltmore Productions, Capitol Film Exchange",Harry S. Webb,"Shirley Mason, William V. Mong, Wallace MacDonald, Tom O'Brien, Josef Swickard"
79761,tt0020030,The Iron Mask,The Iron Mask,1929-02-21,2.0902,6.7,33,"[12, 36]",en,0,3270000,103,Elton Productions,Allan Dwan,"Douglas Fairbanks, Belle Bennett, Marguerite De La Motte, Dorothy Revier, Vera Lewis"
295873,tt1555990,No Children,No Children,1929-03-10,1.9018,0.0,0,[35],en,0,0,20,Van Beuren Studios,George Marshall,"Donald Haines, William Desmond, Jackie Combs, Joseph Belmont, Maude Truax"
67175,tt0020445,Springtime,Springtime,1929-10-24,1.8369,5.676,34,"[16, 10751, 35]",en,4353,0,6,Walt Disney Productions,Ub Iwerks,
1195789,tt3903000,Chelsea Nights,Chelsea Nights,1929-07-05,2.5583,0.0,0,[10402],en,0,0,13,British International Pictures,R.E. Jeffrey,"Carl Brisson, Mimi Crawford, Eugenie Amami"
999603,tt0020157,Meineid,Meineid,1929-04-26,2.1014,9.0,1,[18],de,0,0,91,,Georg Jacoby,"Miles Mander, Alice Roberts, Inge Landgut, Francis Lederer, La Jana"
724327,tt1087623,Neviňátka,Neviňátka,1929-03-01,1.8701,0.0,0,[35],cs,0,0,0,Starfilm,Svatopluk Innemann,"Ferenc Futurista, Jára Kohout, Eman Fiala, Anna Tichá, Karel Fiala"
265562,tt0121993,Human Clay,Barro Humano,1929-06-16,1.9206,8.0,1,[18],pt,0,0,0,Benedetti Filme,Adhemar Gonzaga,"Gracia Morena, Lelita Rosa, Eva Schnoor, Eva Nil, Carlos Modesto"
1298053,,Η Μπόρα,Η Μπόρα,1929-11-25,1.8874,0.0,0,[18],el,0,0,0,,Dimitris Gaziadis,"Edmond First, Aliki Ieronymou, Periklis Hristoforidis, Dita Parlo, Dimitris Tsakiris"
283618,tt0021557,Wise Girls,Wise Girls,1929-09-21,1.9372,5.4,5,[35],en,0,0,97,Metro-Goldwyn-Mayer,E. Mason Hopper,"Elliott Nugent, Norma Lee, J. C. Nugent, Roland Young, Clara Blandick"
970668,tt0020378,Se Norge,Se Norge,1929-02-11,1.6712,9.0,1,[99],no,0,0,118,Bio-Film Compagni,Gustav Lund,"Sonja Henie, King Haakon VII"
879180,tt0949549,Path of Shame,Szlakiem hańby,1929-11-16,2.0747,0.0,0,"[18, 28]",pl,0,0,97,Star-Film,"Mieczysław Krawicz, Alfred Niemirski","Maria Malicka, Wanda Zawiszanka, Zofia Batycka, Maria Wrońska, Bogusław Samborski"
222781,tt0020278,Pointed Heels,Pointed Heels,1929-12-21,1.8765,6.214,7,"[10402, 35]",en,0,0,61,"Paramount Pictures, Paramount Famous Lasky Corporation",A. Edward Sutherland,"William Powell, Helen Kane, Fay Wray, Richard 'Skeets' Gallagher, Phillips Holmes"
506725,tt0181777,Spring Awakening,Frühlings Erwachen,1929-01-01,2.216,10.0,1,[18],de,0,0,95,"Hegewald Film, Richard Oswald Produktion",Richard Oswald,"Toni van Eyck, Ita Rina, Carl Ballhaus, Rolf von Goth, Paul Henckels"
684212,,Kaya Palat,Kaya Palat,1929-01-01,1.8044,0.0,0,[],en,0,0,7,,Vithaldas Panchotia,
55584,tt0019655,Asphalt,Asphalt,1929-03-12,1.8676,7.26,52,[18],de,0,0,93,UFA,Joe May,"Albert Steinrück, Else Heller, Gustav Fröhlich, Betty Amann, Hans Adalbert Schlettow"
439244,tt0138560,Korkein voitto,Korkein voitto,1929-09-02,2.2456,5.667,6,"[18, 10749, 53]",fi,0,0,89,Suomi-Filmi,Carl von Haartman,"Carl von Haartman, Kerstin Nylander, Aku Korhonen, Erik Fröling, Ellen Sylvin"
149952,tt0263857,The Pearl,La perle,1929-06-06,1.9696,7.208,24,[14],fr,0,0,34,ARC,Henri d'Ursel,"Georges Hugnet, Kissa Kouprine, Renee Savoye, Mary Stutz"
193394,tt0231188,Astero,Αστέρω,1929-04-22,1.9112,9.0,1,"[18, 10749]",el,0,0,57,,Dimitris Gaziadis,"Aliki Theodorides, Aimilios Veakis, Costas Moussouris, Dimitris Tsakiris"
806228,tt0182972,Destinos,Destinos,1929-10-02,1.8266,8.5,2,"[10749, 18, 35]",xx,0,0,80,Ariel,Edmo Cominetti,"Felipe Farah, Eva Bettoni, Carlos Dux, Juan Siches de Alarcón, Antonio Ber Ciani"
958972,tt0019789,Courtin' Wildcats,Courtin' Wildcats,1929-12-22,1.5045,8.0,1,[37],en,0,0,58,Hoot Gibson Productions,Jerome Storm,"Hoot Gibson, Eugenia Gilbert, Monte Montague, Joseph W. Girard, Jim Farley"
35454,tt0020286,A Throw of Dice,Prapancha Pash,1929-08-16,1.972,6.313,32,"[18, 12, 10749]",hi,0,0,74,"UFA, BIF, Himansu Rai Film",Franz Osten,"Seeta Devi, Charu Roy, Himansu Rai, Modhu Bose, Sarada Gupta"
396843,tt0216082,Pivoine,Pivoine,1929-05-10,1.5339,6.833,6,"[35, 18]",fr,0,0,17,,André Sauvage,"Michel Simon, Line Noro, René Lefèvre"
313078,tt0020334,The River of Romance,The River of Romance,1929-06-28,1.8051,5.667,3,"[10749, 18]",en,0,0,78,Paramount Pictures,Richard Wallace,"Charles 'Buddy' Rogers, Mary Brian, June Collyer, Henry B. Walthall, Wallace Beery"
198164,tt0019758,Charming Sinners,Charming Sinners,1929-08-17,1.8709,7.0,3,[18],en,0,0,66,Paramount Pictures,"Robert Milton, Dorothy Arzner","Ruth Chatterton, Clive Brook, Mary Nolan, William Powell, Laura Hope Crews"
1522513,,White Poison,Veneno Branco,1929-10-31,2.0677,0.0,0,[18],pt,0,0,0,Sociedade Brasileira de Filmes,Luis Seel,"Olivette Thomas, Odilon Azevedo, Gina Cavalieri, Antoine Cassal, Armando Braga"
317472,tt0020118,"Love, Live & Laugh","Love, Live & Laugh",1929-11-02,1.7196,9.0,1,[18],en,0,0,81,Fox Film Corporation,William K. Howard,"George Jessel, Lila Lee, David Rollins, Henry Kolker, John Loder"
556359,tt0017781,Croquette,Croquette,1929-02-18,1.4825,7.0,1,[35],fr,0,0,0,,Louis Mercanton,"Betty Balfour, Walter Butler, Nicolas Koline, Rachel Devirys, Louis Baron fils"
1184558,tt0301502,Smugglers,Kaçakçılar,1929-01-01,2.1343,7.0,1,"[80, 18]",tr,0,0,0,İpek Film,Muhsin Ertuğrul,"Behzat Haki Butak, Sait Köknar, Talat Artemel, Feriha Tevfik, Hâzım Körmükçü"
556430,tt0020558,La vocation,La vocation,1929-06-28,1.7656,10.0,1,[],fr,0,0,0,,"André Tinchant, Jean Bertin","Jaque Catelain, Rachel Devirys, Eric Barclay, Collette Jell, Marcel Vibert"
1242402,tt0019763,China Bound,China Bound,1929-05-18,1.8319,8.0,1,[35],en,0,0,70,Metro-Goldwyn-Mayer,Charles Reisner,"Karl Dane, George K. Arthur, Josephine Dunn, Polly Moran, Carl Stockdale"
1113341,tt1686883,Lebende Ware,Lebende Ware,1929-10-28,1.6449,4.0,1,[18],de,0,0,84,,Robert Wohlmuth,"Margot Landa, El' Dura, Luigi Serventi, Theodor Pištěk, Attila Hörbiger"
31678,tt0019993,The Hollywood Revue of 1929,The Hollywood Revue of 1929,1929-11-23,1.9937,5.7,36,"[35, 10402]",en,0,0,118,Metro-Goldwyn-Mayer,Charles Reisner,"Conrad Nagel, Jack Benny, John Gilbert, Norma Shearer, Joan Crawford"
110736,tt0020335,The River,The River,1929-10-06,1.7328,7.1,18,"[10749, 18]",en,0,0,84,Fox Film Corporation,Frank Borzage,"Charles Farrell, Mary Duncan, Ivan Linow, Margaret Mann, Alfred Sabato"
281915,tt0019734,Brothers,Brüder,1929-04-28,1.7223,6.2,10,[18],de,0,0,78,Werner Hochbaum Filmproduktion,Werner Hochbaum,"Gyula Balogh, Ilse Berger, Erna Schumacher"
319259,tt0020149,Masked Emotions,Masked Emotions,1929-06-22,1.7716,8.0,1,"[18, 80]",en,0,0,60,,"Kenneth Hawks, David Butler","George O'Brien, Nora Lane, James Gordon, J. Farrell MacDonald, Frank Hagney"
42616,tt0020556,The Virginian,The Virginian,1929-11-09,1.7589,5.944,18,[37],en,0,0,91,Paramount Pictures,Victor Fleming,"Gary Cooper, Walter Huston, Richard Arlen, Mary Brian, Helen Ware"
51303,tt0020442,Spite Marriage,Spite Marriage,1929-03-24,1.7378,6.6,66,[35],en,0,0,76,Metro-Goldwyn-Mayer,"Edward Sedgwick, Buster Keaton","Buster Keaton, Dorothy Sebastian, Edward Earle, Leila Hyams, William Bechtel"
284086,tt0229866,Golden Beak,Золотой клюв,1929-01-02,1.6414,7.0,1,[18],ru,0,0,0,Sovkino,Yevgeni Chervyakov,"Anna Sten, Antonina Sadovskaya, Pyotr Beryozov, Konstantin Gibshman, Mikhail Gipsi"
205960,tt0020949,Happy Days,Happy Days,1929-09-16,2.1918,6.333,3,[10402],en,0,0,80,Fox Film Corporation,Benjamin Stoloff,"Charles E. Evans, Marjorie White, Richard Keene, Stuart Erwin, Martha Lee Sparks"
464863,tt0019639,Andreas Hofer,Andreas Hofer,1929-10-14,1.6743,6.333,6,"[36, 18]",de,0,0,105,,Hans Prechtl,"Fritz Greiner, Maly Delschaft, Rolf Pinegger, Grit Haid, Carl de Vogt"
190312,tt0466900,Montparnasse,Montparnasse,1929-04-30,1.5274,6.447,19,[99],fr,0,0,17,,Eugène Deslaw,"Luis Buñuel, Fujita, Filippo Tommaso Marinetti, Enrico Prampolini, Luigi Russolo"
884173,tt0121642,Työn sankarilaulu,Työn sankarilaulu,1929-09-29,1.6321,7.0,1,[18],fi,0,0,92,Filmi Kotka,Kalle Kaarna,"Urho Somersalmi, Kaisa Leppänen, Einar Rinne, Eero Leväluoma, Lauri Korpela"
42637,tt0020475,Diary of a Lost Girl,Tagebuch einer Verlorenen,1929-09-27,2.1367,7.3,124,[18],de,0,0,113,"Hom-AG für Filmfabrikation, Pabst-Film",G.W. Pabst,"Louise Brooks, André Roanne, Josef Rovenský, Fritz Rasp, Vera Pawlowa"
665196,tt0019717,Branding,Branding,1929-03-03,1.5595,7.0,1,[],xx,0,0,33,,"Joris Ivens, Mannus Franken","Jef Last, Hein Blok, Co Sieger, Piet van Duin"
533883,tt0019727,Broadway Fever,Broadway Fever,1929-01-01,1.6593,7.0,1,[35],en,0,0,60,Tiffany-Stahl Productions,Edward F. Cline,"Sally O'Neil, Roland Drew, Corliss Palmer, Calvert Carter"
131362,tt0020359,Salute,Salute,1929-09-01,1.7614,5.8,5,"[18, 10749]",en,0,0,84,Fox Film Corporation,John Ford,"George O'Brien, Helen Chandler, William Janney, Stepin Fetchit, Frank Albertson"
428633,tt1448560,Mosaico criollo,Mosaico criollo,1929-12-02,2.0003,0.0,0,"[10402, 99]",es,0,0,9,,Eleuterio Iribarren,"Nedda Francy, Miguel Faust Rocha, Julio Perceval, Anita Palmero"
548758,tt0019687,Betrayal,Betrayal,1929-05-11,1.5098,9.0,1,[18],en,0,0,80,Paramount Pictures,Lewis Milestone,"Emil Jannings, Esther Ralston, Gary Cooper, Jada Weller, Douglas Haig"
248134,tt0018739,Cagliostro,Cagliostro,1929-04-08,1.8439,4.833,9,"[18, 12]",de,0,0,59,"Isepa-Wengeroff Film, Richard Oswald Produktion, Albatros",Richard Oswald,"Hans Stüwe, Charles Dullin, Edmond van Daële, Alfred Abel, Ivan Koval-Samborskiy"
409995,tt0189157,Traffic Regulations,Traffic Regulations,1929-01-01,1.8651,5.5,4,[],en,0,0,6,,Donald Ogden Stewart,
1639312,tt0020225,Noisy Neighbors,Noisy Neighbors,1929-02-17,1.5857,9.0,1,"[35, 10402, 10749]",en,0,0,60,Paul Bern Productions,Charles Reisner,"Eddie Quillan, Alberta Vaughn, Jane Keckley, Theodore Roberts, Ray Hallor"
612256,tt2083145,Бегствующий остров,Бегствующий остров,1929-01-01,1.6701,0.0,0,[18],ru,0,0,0,,Aleksandr Razumnyj,"Antonin Pankryshev, Yuliya Vasileva, Lyubov Nenasheva, Olga Obolenskaya, Sofya Levitina"
983299,tt0331003,Toot Sweet!,Toot Sweet!,1929-11-10,1.7321,8.0,1,[35],en,0,0,20,Educational Films Corporation of America,Alfred J. Goulding,"Lloyd Hamilton, Lena Malena, William T.  Hayes, Rolfe Sedan"
671353,tt0020322,Daughter of the Regiment,Die Regimentstochter,1929-06-11,1.7217,8.0,1,[35],de,0,0,97,"Hom AG für Filmfabrikation (Berlin), British International Pictures, Wardour Films",Hans Behrendt,"Betty Balfour, Kurt Gerron, Julius Falkenstein, Olga Limburg, Alexander D'Arcy"
1570009,tt0020275,Pleasure Crazed,Pleasure Crazed,1929-07-07,1.4719,7.0,1,[18],en,0,0,60,Fox Film Corporation,"Donald Gallaher, Charles Klein","Marguerite Churchill, Kenneth MacKenna, Dorothy Burgess, Campbell Gullan, Douglas Gilmore"
1119470,tt0922523,Mária növér,Mária növér,1929-09-05,2.0801,0.0,0,[18],hu,0,0,0,,Antal Forgács,"Iris Arlan, Kálmán Zátony, Werner Pittschau, Rosy Barsony, Giza Báthory"
1075834,tt11906516,Downpour,Злива. Кіно-офорти до історії Гайдамаччини,1929-04-18,1.9034,0.0,0,[36],uk,0,0,0,VUFKU,Ivan Kavaleridze,"Ivan Marianenko, M. Petlyashenko, Stepan Shkurat, L. Sharov, Severyn Pankivskyi"
774338,tt0415530,Baby Talks,Baby Talks,1929-09-11,1.4411,9.0,1,[35],en,0,0,20,Universal Pictures,Harold Beaudine,"Sunny Jim McKeen, Charles King, Roger Moore"
990457,tt0019835,Dear Homeland,Teure Heimat,1929-07-31,1.4493,9.0,1,[35],de,0,0,85,Erich Engels-Film GmbH,Carl Wilhelm,"Hans Brausewetter, Renate Müller, Else Reval, Hans Albers, Jakob Tiedtke"
461076,tt0020284,La Possession,La Possession,1929-05-24,1.523,8.0,1,[18],en,0,0,0,,Léonce Perret,"Francesca Bertini, Pierre de Guingand, Gil Roland, Jeanne Aubert, André Nox"
190334,tt0020403,The Show of Shows,The Show of Shows,1929-11-21,1.9391,6.6,5,[10402],en,850000,0,128,"The Vitaphone Corporation, Warner Bros. Pictures",John G. Adolfi,"Frank Fay, Lloyd Hamilton, Lupino Lane, Ben Turpin, Sally O'Neil"
265554,tt0019900,Life's Fragments,Fragmentos da Vida,1929-12-05,1.5991,7.333,3,[18],pt,0,0,40,Rossi Filme,José Medina,"Áurea de Aremar, Carlos Ferreira, Farid Riskallah"
289448,tt0019404,Sole!,Sole!,1929-06-19,1.7149,5.5,6,[18],it,0,0,76,,Alessandro Blasetti,"Marcello Spada, Vasco Creti, Dria Paola, Vittorio Vaser, Lia Bosco"
304637,tt0019660,Call of the Blood,Bujná krev,1929-11-14,1.6627,10.0,1,[18],cs,0,0,77,"Moldavia-Film, Akkord-Film",Victor Trivas,"Vera Voronina, Jan Sviták, Oskar Marion, George Seroff, Feodor Chaliapin Jr."
556660,tt0193550,Les taciturnes,Les taciturnes,1929-09-27,1.6038,10.0,1,[],fr,0,0,0,,Jacques de Casembroot,"Michèle Verly, Jean Dehelly, Jim Gérald"
1627781,tt0020295,Protection,Protection,1929-05-05,1.2778,10.0,1,"[18, 9648]",en,0,0,62,Fox Film Corporation,Benjamin Stoloff,"Dorothy Burgess, Robert Elliott, Paul Page, Dorothy Ward, Roy Stewart"
79971,tt0020305,The Racketeer,The Racketeer,1929-11-09,1.5424,5.143,14,"[80, 18]",en,0,0,66,Pathé Exchange,Howard Higgin,"Robert Armstrong, Carole Lombard, Roland Drew, Paul Hurst, Kit Guard"
99037,tt0020053,The Karnival Kid,The Karnival Kid,1929-07-30,1.841,5.887,62,"[16, 35]",en,0,0,8,Walt Disney Productions,"Walt Disney, Ub Iwerks","Walt Disney, Carl W. Stalling"
476774,tt0019705,Blue Skies,Blue Skies,1929-03-16,1.5124,10.0,1,"[18, 10749]",en,0,0,60,Fox Film Corporation,Alfred L. Werker,"Carmencita Johnson, Freddie Burke Frederick, Ethel Wales, Helen Twelvetrees, Frank Albertson"
1599673,tt0020013,Idaho Red,Idaho Red,1929-04-21,1.5902,9.0,1,"[18, 37]",en,0,0,50,Film Booking Offices of America (FBO),Robert De Lacey,"Tom Tyler, Patricia Caron, Frankie Darro, Barney Furey, Lew Meehan"
1017030,tt0020537,Unmasked,Unmasked,1929-12-15,1.5863,7.0,1,"[9648, 27]",en,0,0,62,,Edgar Lewis,"Robert Warwick, Milton Krims, Sam Ash, Charles Slattery, Sue Conroy"
235586,tt0795935,Grace,La grazia,1929-11-11,1.7278,0.0,0,[18],en,0,0,80,"Adia, Sofar-Film, Orplid-Film",Aldo De Benedetti,"Carmen Boni, Giorgio Bianchi, Bonaventura Ibáñez, Piero Cocco, Ruth Weyher"
403281,,El adiós del unitario,El adiós del unitario,1929-09-08,1.8441,0.0,0,"[18, 10749]",es,0,0,4,,Edmo Cominetti,"Nedda Francy, Miguel Faust Rocha"
30631,tt0020062,The Kiss,The Kiss,1929-11-15,1.7302,6.37,27,"[18, 10749]",en,0,0,62,Metro-Goldwyn-Mayer,Jacques Feyder,"Greta Garbo, Conrad Nagel, Anders Randolf, Holmes Herbert, Lew Ayres"
768752,tt1092405,Popelka,Popelka,1929-12-25,1.5547,0.0,0,"[10751, 14]",cs,0,0,51,,Josef Kokeisl,"Zdena Listová, Milka Balek-Brodská, Zina Zimová-Lipkovská, Olga Frimová, Vendelín Buk"
1709289,,Machu Picchu,Machu Picchu,1929-12-05,1.3284,0.0,0,[99],xx,0,0,0,,Enzo Longhi,
273867,tt0212268,Jüri Rumm,Jüri Rumm,1929-12-11,2.2516,7.0,1,[12],xx,0,0,101,Konstantin Märska Filmproduktsioon,Johannes Loop,"Hans Suursööt, Ly Kerge, Boris Jaanikosk, Karl Laas, Mihkel Lepper"
290381,tt0019766,Ranks and People,Чины и люди,1929-10-01,1.3712,5.563,8,[35],ru,0,0,65,Mezhrabpomfilm,Yakov Protazanov,"Mikhail Tarkhanov, Mariya Strelkova, Andrey Petrovsky, Nikolay Shcherbakov, Viktor Stanitsyn"
980093,tt0020017,In Holland,In Holland,1929-02-06,1.4918,7.0,1,[35],en,0,0,30,Fox Film Corporation,Norman Taurog,"Bobby Clark, Paul McCullough, Marjorie Beebe, George Bickel, James A. Marcus"
515027,tt0020412,Scandal in Baden-Baden,Skandal in Baden-Baden,1929-01-18,1.6162,7.0,1,[18],de,0,0,74,UFA,Erich Waschneck,"Brigitte Helm, Ernst Stahl-Nachbaur, Henry Stuart, Leo Peukert, Lilly Alexandra"
190229,tt0020344,Rails,Rotaie,1929-04-30,1.4561,6.222,10,[18],it,0,0,68,,Mario Camerini,"Käthe von Nagy, Maurizio D'Ancora, Daniele Crespi, Giacomo Moschini, Mario Camerini"
454668,tt0133688,Bright Eyes,Champagner,1929-03-29,1.5636,7.0,2,"[35, 10749]",en,0,0,85,"British International Pictures, Sascha-Film",Géza von Bolváry,"Betty Balfour, Jack Trevor, Fritz Greiner, Marcel Vibert, Vivian Gibson"
497295,tt0019859,Evidence,Evidence,1929-12-05,1.9564,8.0,1,"[18, 10749]",en,0,0,70,Warner Bros. Pictures,John G. Adolfi,"Pauline Frederick, William Courtenay, Conway Tearle, Lowell Sherman, Alec B. Francis"
189925,tt1886619,Night Coachman,Нічний візник,1929-04-08,1.4532,5.8,5,[18],uk,0,0,55,VUFKU,Heorhiy Tasin,"Amvrosii Buchma, Mariia Diusimetier, Karl Tomskyi, Yurii Shumskyi, Borys Shelestov"
190262,tt0020580,When the Cat's Away,When the Cat's Away,1929-05-02,2.0218,5.896,67,[16],en,0,0,7,Walt Disney Productions,Walt Disney,
445958,tt0250723,Today,Сегодня,1929-03-08,1.4872,6.5,5,[99],ru,0,0,65,Sovkino,Esfir Shub,
1006334,tt0468213,Two Americans,Two Americans,1929-06-22,1.2813,7.0,1,"[36, 18]",en,0,0,20,Paramount Pictures,Joseph Santley,"Walter Huston, Sarah Edwards, John Huston, Brian Donlevy, William Crane"
1017950,tt0020250,Overland Bound,Overland Bound,1929-11-23,1.8874,10.0,1,[37],en,0,0,58,"Presidio Pictures, Rayart Pictures Corporation",Leo D. Maloney,"Leo D. Maloney, Allene Ray, Jack Perrin, Lydia Knott, Hal Taliaferro"
190308,tt0019723,The Bridge,The Bridge,1929-04-30,1.3403,6.429,14,[18],en,0,0,10,,Charles Vidor,"Nicholas Bela, Charles Darvas"
484528,tt0020194,Mutterliebe,Mutterliebe,1929-08-19,1.2925,10.0,1,[18],de,0,0,103,,Georg Jacoby,"Henny Porten, Gustav Diessl, Paul Henckels, Ernst Stahl-Nachbaur, Inge Landgut"
768512,tt0197534,Hanba,Hanba,1929-12-13,1.2186,8.0,1,"[18, 10749]",cs,0,0,0,"Starfilm, Koop-Film",Josef Medeotti-Boháč,"Jindřich Lhoták, Carl de Vogt, Ita Rina, Jindřich Slovák, Ella Voldánová"
510860,tt0461668,Geschminkte Jugend,Geschminkte Jugend,1929-04-17,1.5019,7.0,1,"[18, 80]",de,0,0,88,Carl Boese-Film GmbH,Carl Boese,"Toni van Eyck, Olga Limburg, Hugo Werner-Kahle, Georgia Lind, Sophie Pagay"
1234730,tt0495529,Tembi,Tembi,1929-07-14,1.2945,10.0,1,"[99, 18]",en,0,0,0,,Cherry Kearton,
45665,tt0019278,Plane Crazy,Plane Crazy,1929-03-17,1.7882,6.371,136,"[16, 35]",en,0,0,6,Walt Disney Productions,"Walt Disney, Ub Iwerks",Walt Disney
95348,tt0020198,The Mysterious Island,The Mysterious Island,1929-10-05,1.5968,5.6,21,"[12, 878, 28, 18, 14, 27]",en,0,0,95,Metro-Goldwyn-Mayer,"Lucien Hubbard, Maurice Tourneur, Benjamin Christensen","Lionel Barrymore, Jacqueline Gadsden, Lloyd Hughes, Montagu Love, Montagu Love"
815048,tt0123996,Μαρία Πενταγιώτισσα,Μαρία Πενταγιώτισσα,1929-02-18,1.5768,6.0,2,"[18, 12]",el,0,0,100,,Ahilleas Madras,"Frida Poupelina, Aimilios Veakis, Emmanouil Kadiotis, Vasilis Avlonitis, Vasilis Afentakis"
202956,tt0020444,Explodigger 1010,Sprengbagger 1010,1929-11-25,1.4216,7.0,2,[18],de,0,0,89,Terra-Filmkunst,Carl Ludwig Achaz-Duisberg,"Heinrich George, Viola Garden, Ivan Koval-Samborskiy, Ilse Stobrawa, Gertrud Arnold"
343381,tt1029361,Ponad śnieg,Ponad śnieg,1929-02-19,1.4864,5.0,1,[],pl,0,0,0,,Konstanty Meglicki,"Stanisława Wysocka, Stefan Jaracz, Mieczysław Cybulski, Zofia Koreywo, Zorika Szymanska"
1268580,tt0260808,Express 2,ჩქარი N 2,1929-11-25,1.5805,9.0,1,[18],ka,0,0,72,"JSC ""Sakhkinmretsvi""",Giorgi Makarov,"P. Barmatov, M. Samodurova, Tatyana Shklyar, M. Statsenko, P. Pechko"
536271,tt0130593,Dangerous Females,Dangerous Females,1929-11-16,1.7636,10.0,1,[35],en,0,0,21,,William Watson,"Marie Dressler, Polly Moran, Frank Rice, Arthur Millett, Tom Dempsey"
428412,tt0019747,Captain Cowboy,Captain Cowboy,1929-05-29,1.457,10.0,1,[37],en,0,0,0,J. Charles Davis Productions,J.P. McGowan,"Yakima Canutt, Ione Reed, Slim Whitaker, Bobby Dunn, Betty Carter"
1629083,tt0019502,Dreary House,Dreary House,1929-11-06,1.768,7.0,1,[9648],en,0,0,75,C.C. Burr Productions Inc.,"Andrew Marton, Andrew L. Stone","Edith Roberts, Margaret Livingston, Ford Sterling, Noah Beery, Earle Hughes"
117248,tt0019933,Glorifying the American Girl,Glorifying the American Girl,1929-12-07,1.5919,5.588,17,"[10402, 35]",en,0,0,95,Paramount Pictures,Millard Webb,"Mary Eaton, Eddie Cantor, Helen Morgan, Rudy Vallee, Dan Healy"
191069,tt0130760,Hawk of the Hills,Hawk of the Hills,1929-03-16,1.5997,5.5,2,[37],en,0,0,58,Pathé Exchange,Spencer Gordon Bennet,"Allene Ray, Walter Miller, Jack Ganzhorn, Frank Lackteen, Paul Panzer"
190371,tt0020049,Jungle Rhythm,Jungle Rhythm,1929-11-15,1.6891,5.875,32,[16],en,0,0,7,Walt Disney Productions,Walt Disney,
1649321,tt0393737,Shahi Chor,Shahi Chor,1929-01-01,1.3614,9.0,1,[],en,0,0,0,,Jani Babu,"Zubeida, Jani Babu, Yakub, Shahazadi"
113254,tt0018675,The Barn Dance,The Barn Dance,1929-03-13,1.9597,5.925,73,"[16, 35]",en,0,0,7,Walt Disney Productions,Walt Disney,Walt Disney
198204,tt0020425,So This Is College,So This Is College,1929-11-08,1.8329,4.667,9,"[35, 18, 10749]",en,0,0,98,Metro-Goldwyn-Mayer,Sam Wood,"Elliott Nugent, Robert Montgomery, Cliff Edwards, Sally Starr, Phyllis Crane"
473024,tt0020524,Twin Beds,Twin Beds,1929-07-14,1.2351,10.0,1,[35],en,0,0,70,"First National Pictures, Warner Bros. Pictures",Alfred Santell,"Jack Mulhall, Patsy Ruth Miller, Edythe Chapman, Knute Erickson, Jocelyn Lee"
84274,tt0019823,Disraeli,Disraeli,1929-11-01,1.6099,5.2,31,"[18, 36]",en,0,0,90,"The Vitaphone Corporation, Warner Bros. Pictures",Alfred E. Green,"George Arliss, Doris Lloyd, David Torrence, Joan Bennett, Florence Arliss"
608879,tt0020485,Der Teufelsreporter,Der Teufelsreporter,1929-07-19,1.7044,7.0,1,[53],de,0,0,54,Deutsche Universal-Film,Ernst Laemmle,"Eddie Polo, Gritta Ley, Maria Forescu, Robert Garrison, Fred Grosser"
468218,tt0019751,Careers,Careers,1929-06-02,1.6802,10.0,1,[18],en,0,0,92,First National Pictures,John Francis Dillon,"Billie Dove, Antonio Moreno, Thelma Todd, Noah Beery, Holmes Herbert"
484153,tt0020345,The Crimson Circle,Der rote Kreis,1929-03-25,1.5426,8.0,2,"[80, 9648]",de,0,0,109,"Efzet-Film, British Sound Film Productions, British International Pictures",Frederic Zelnik,"Lya Mara, Fred Louis Lerch, Stewart Rome, Albert Steinrück, John Castle"
1140298,tt0020270,Pink Pajamas,Pink Pajamas,1929-04-21,1.4729,9.0,1,[35],en,0,0,21,"Mack Sennett Comedies, Pathé Exchange",Phil Whitman,"Billy Bevan, Natalie Joyce, Vernon Dent, Alice Ward"
1316214,tt0402883,Cabaret,Cabaret,1929-08-14,1.6492,7.0,1,[16],en,0,0,0,,"Paul Terry, Frank Moser",
1139053,tt0141584,Marriage Wows,Marriage Wows,1929-12-21,1.4597,8.0,1,"[16, 35]",en,0,0,7,Fleischer Studios,Dave Fleischer,
486223,tt0434081,Hochverrat,Hochverrat,1929-11-01,1.3825,9.0,1,[18],de,0,0,80,,Johannes Meyer,"Gerda Maurus, Gustav Fröhlich, Harry Hardt, Leopold von Ledebur, Rudolf Biebrach"
768777,,Zlatý květ,Zlatý květ,1929-03-31,1.7535,0.0,0,"[10751, 14]",cs,0,0,0,Poja Film,"Jaromír Schäffer, Ada Pellová-Czivišová","Máňa Ženíšková, Milli Czivišová, Zdeněk Maxmilián Jiránek, Karel Schleichert, Stanislav Čapek"
48815,tt0019832,Double Whoopee,Double Whoopee,1929-05-18,1.4949,6.806,36,[35],en,0,0,19,Hal Roach Studios,Lewis R. Foster,"Stan Laurel, Oliver Hardy, Jean Harlow, Ed Brandenburg, William Gillespie"
53760,tt0020332,Rio Rita,Rio Rita,1929-09-15,1.8043,8.0,5,"[10749, 37, 10402]",en,678000,2400000,140,RKO Radio Pictures,Luther Reed,"Bebe Daniels, John Boles, Bert Wheeler, Robert Woolsey, Dorothy Lee"
1659746,tt0020310,The Rainbow,The Rainbow,1929-02-01,1.5902,9.0,1,"[18, 37]",en,0,0,68,,Reginald Barker,"Dorothy Sebastian, Lawrence Gray, Sam Hardy, Harvey Clark, Paul Hurst"
904541,tt0020029,The Invaders,The Invaders,1929-10-01,1.3394,7.0,1,[37],en,0,0,62,Big Productions Film Corporation,J.P. McGowan,"Bob Steele, Edna Aslin, Thomas G. Lingham, J.P. McGowan, Celeste Rush"
198930,tt0020366,Say It with Songs,Say It with Songs,1929-08-05,1.4393,5.5,6,[10402],en,470000,2266000,95,Warner Bros. Pictures,Lloyd Bacon,"Al Jolson, Davey Lee, Marian Nixon, Holmes Herbert, Kenneth Thomson"
111306,tt0020492,The Thirteenth Chair,The Thirteenth Chair,1929-10-19,1.4373,5.467,15,"[9648, 18, 27]",en,0,0,72,Metro-Goldwyn-Mayer,Tod Browning,"Conrad Nagel, Leila Hyams, Margaret Wycherly, Helene Millard, Holmes Herbert"
1700569,,Sumatra,Sumatra,1929-01-01,2.0084,0.0,0,[99],xx,0,0,30,Haghe Film,Willy Mullens,
1659739,tt0019961,Handcuffed,Handcuffed,1929-08-08,1.3503,10.0,1,"[18, 9648]",xx,0,0,60,Rayart Pictures Corporation,Duke Worne,"Virginia Brown Faire, Wheeler Oakman, Dean Jagger, James Harrison, Broderick O'Farrell"
1195254,,The Glittering Sword,The Glittering Sword,1929-09-29,1.4255,0.0,0,[14],en,0,0,32,Altrincham County High School,Ronald Gow,"Arnold Whitehead, Tommy Hampson, L. Galloway, A.I. Gregory, H. Mitchell"
89987,tt0020135,The Man I Love,The Man I Love,1929-05-25,1.4528,5.5,4,"[18, 10749, 28, 35]",en,0,0,74,Paramount Pictures,William A. Wellman,"Richard Arlen, Mary Brian, Olga Baclanova, Harry Green, Jack Oakie"
85715,tt0019649,Arsenal,Арсенал,1929-02-25,1.4966,6.733,60,"[18, 10752]",ru,0,0,93,VUFKU,Alexander Dovzhenko,"Semyon Svashenko, Amvrosii Buchma, Dmytro Erdman, Sergey Petrov, Mykola Kuchynskyi"
576579,tt0213720,Howling Hollywood,Howling Hollywood,1929-04-21,1.5651,9.0,1,[35],en,0,0,22,Jack White,James Jones,"George Davis, Vernon Dent, Arthur Housman, Fred Spencer, Ella McKenzie"
280784,tt0146943,Jail Breakers,Jail Breakers,1929-07-07,1.7415,10.0,1,[16],en,0,0,0,,Paul Terry,
1709285,,Como Chaplin,Como Chaplin,1929-10-25,1.7289,0.0,0,[35],xx,0,0,0,,Alberto Santana,Rodolfo Areu
1210556,tt0020282,Pori,Pori,1929-08-26,1.8322,10.0,1,[99],de,0,0,0,Ostafrikanisches Filmsyndikat,Adolph von Dungern,"Gösta Nordhaus, Wilhelm de Beer, Herbert Kluge, A.P. von Gontard, Hans Waldner"
313076,tt0359176,The House on the Volcano,Տունը հրաբխի վրա,1929-01-11,1.3483,6.0,6,[18],hy,0,0,64,"Azerbaijanfilm, Armenia Studio",Hamo Bek-Nazaryan,"Hrachia Nersisyan, Tigran Ayvazyan, Tatyana Makhmuryan, V. Manukhina, Mikhail Garagash"
235575,tt2544016,Self-Seeker,Шкурник,1929-11-11,1.6263,6.0,1,[35],uk,0,0,79,VUFKU,Mykola Shpykovskyi,"Ivan Sadovskyi, Luka Liashenko, Dora Feller-Shpykovska, Dmytro Kapka, Semen Vlasenko"
1403756,tt0344452,The Thoroughbred,The Thoroughbred,1929-08-19,1.5154,10.0,1,[18],en,0,0,64,London Screenplays,Sidney Morgan,"Ian Hunter, Louise Prussing, Richard Barclay, H. Agar Lyons"
691798,tt1189336,Kameradschaftsehe,Kameradschaftsehe,1929-01-01,1.2842,0.0,0,"[18, 10749]",de,0,0,0,"Starfilm, Koop-Film","Josef Medeotti-Boháč, Heinz Schall","Jindřich Lhoták, Suzanne Marwille, Sybill Peach, Ernö Verebes, Máňa Ženíšková"
42638,tt0020298,Queen Kelly,Queen Kelly,1929-12-31,1.4373,6.5,51,"[18, 10749]",en,0,0,101,Gloria Swanson Pictures,Erich von Stroheim,"Gloria Swanson, Walter Byron, Seena Owen, Sylvia Ashton, Wilson Benge"
556413,tt0188584,Kiss Me,Embrassez-moi,1929-02-09,1.4452,8.0,1,[],fr,0,0,0,,"Robert Péguy, Max de Rieux","Charles Prince, Suzanne Bianchetti, Jacques Arnna, Hélène Hallier, Geneviève Cargese"
51759,tt0020112,The Love Parade,The Love Parade,1929-11-19,1.4737,6.598,51,"[35, 10749]",en,0,0,107,Paramount Pictures,Ernst Lubitsch,"Maurice Chevalier, Jeanette MacDonald, Lupino Lane, Lillian Roth, Eugene Pallette"
434597,tt0019917,The Gamblers,The Gamblers,1929-06-29,1.6598,9.0,1,[18],en,0,0,71,Warner Bros. Pictures,Michael Curtiz,"H.B. Warner, Lois Wilson, Jason Robards Sr., George Fawcett, Johnny Arthur"
174654,tt0020431,Der Sonderling,Der Sonderling,1929-12-27,1.1914,8.0,1,[35],de,0,0,88,"Karl Valentin Filmproduktion, Union-Film GmbH","Walter Jerven, Franz Osten","Karl Valentin, Liesl Karlstadt, Truus van Aalten, Ferdinand Martini"
556633,tt0019915,Fecundity,Fécondité,1929-07-01,1.4723,9.0,1,[],fr,0,0,0,,"Nicolas Evreinoff, Henri Étiévant","Gabriel Gabrio, Diana Karenne, Alex Allin, Albert Préjean, Pierre Nay"
187284,tt0020538,Untamed,Untamed,1929-11-23,1.2756,6.273,11,[18],en,0,0,86,Metro-Goldwyn-Mayer,Jack Conway,"Joan Crawford, Robert Montgomery, Ernest Torrence, Holmes Herbert, John Miljan"
190231,tt0019609,The Living Corpse,Живой труп,1929-02-14,1.356,5.3,10,[18],ru,0,0,82,"Mezhrabpomfilm, Prometheus-Film-Verleih",Fyodor Otsep,"Vsevolod Pudovkin, Maria Jacobini, Viola Garden, Julia Serda, Nato Vachnadze"
155197,tt0020276,The Plowboy,The Plowboy,1929-06-28,1.5686,5.488,40,"[16, 35]",en,0,0,7,Walt Disney Productions,Walt Disney,Walt Disney
130717,tt0019725,Broadway,Broadway,1929-05-27,1.2564,5.688,16,"[10402, 80]",en,1000000,0,105,Universal Pictures,Pál Fejős,"Glenn Tryon, Evelyn Brent, Merna Kennedy, Thomas E. Jackson, Otis Harlan"
882763,,Barcelona,Barcelona,1929-01-01,1.4709,6.0,1,[99],es,0,0,9,,Leopoldo Alonso,
82105,tt0019745,The Canary Murder Case,The Canary Murder Case,1929-02-16,1.7265,5.732,28,"[80, 9648]",en,0,0,82,"Paramount Pictures, Paramount Famous Lasky Corporation","Malcolm St. Clair, Frank Tuttle","William Powell, James Hall, Louise Brooks, Jean Arthur, Charles Lane"
671336,tt0345195,Erzherzog Johann,Erzherzog Johann,1929-01-25,1.337,8.0,1,[],de,0,0,110,,Max Neufeld,"Igo Sym, Werner Pittschau, Paul Biensfeldt, Hans Homma, Xenia Desni"
1113150,tt1519297,Dollars,Dollarid,1929-04-23,1.2749,0.0,0,[18],et,0,0,0,Konstantin Märska Filmproduktsioon,Mihkel Lepper,"Signe Pinna, Walter Wistinghausen, Mihkel Lepper, Paul Pinna, Betty Kuuskemaa"
190227,tt0020143,Marianne,Marianne,1929-08-24,1.2231,6.5,9,"[35, 10402, 10749]",en,0,0,111,"Cosmopolitan Productions, Metro-Goldwyn-Mayer",Robert Z. Leonard,"Marion Davies, Lawrence Gray, Cliff Edwards, Benny Rubin, Scott Kolk"
681189,tt0020171,Midstream,Midstream,1929-07-29,1.5921,10.0,1,[878],en,0,0,70,Tiffany-Stahl Productions,James Flood,"Ricardo Cortez, Claire Windsor, Montagu Love, Larry Kent, Helen Jerome Eddy"
190259,tt0019909,Fräulein Else,Fräulein Else,1929-03-07,1.5783,6.857,7,[18],de,0,0,107,"Poetic-Film GmbH (Berlin, DE)",Paul Czinner,"Elisabeth Bergner, Albert Bassermann, Albert Steinrück, Adele Sandrock, Else Heller"
29043,tt0020570,The White Hell of Pitz Palu,Die weiße Hölle vom Piz Palü,1929-10-10,1.4963,7.0,31,"[18, 12]",de,0,0,150,"Sokal-Film GmbH, H.T.-Film","G.W. Pabst, Arnold Fanck","Gustav Diessl, Leni Riefenstahl, Ernst Petersen, Ernst Udet, Mizzi Götzel"
468478,tt0019928,The Girl in the Glass Cage,The Girl in the Glass Cage,1929-06-23,1.5218,7.5,2,[18],en,0,0,80,First National Pictures,Ralph Dawson,"Loretta Young, Carroll Nye, Matthew Betz, Lucien Littlefield, Ralph Lewis"
104208,tt0019785,Condemned!,Condemned!,1929-11-03,1.231,6.618,17,"[28, 18, 53]",en,600000,0,86,"Samuel Goldwyn Productions, Howard Productions",Wesley Ruggles,"Ronald Colman, Ann Harding, Louis Wolheim, Dudley Digges, William Elmer"
165982,tt0122236,Sangue Mineiro,Sangue Mineiro,1929-07-01,1.3954,7.333,3,[18],pt,0,0,82,Phebo Sul América Film,Humberto Mauro,"Carmen Santos, Maury Bueno, Luis Soroa, Nita Ney, Pedro Fantol"
523648,tt0021537,Wedding Rings,Wedding Rings,1929-12-29,1.6225,8.0,1,[],en,0,0,74,,William Beaudine,"H.B. Warner, Lois Wilson, Olive Borden, Hallam Cooley, James Ford"
206741,tt0020211,"Nazaré, Praia de Pescadores e Zona de Turismo","Nazaré, Praia de Pescadores e Zona de Turismo",1929-01-23,1.3211,8.0,2,[99],pt,0,0,16,,José Leitão de Barros,
257031,tt0020059,The King of the Kongo,The King of the Kongo,1929-08-29,1.5101,8.0,2,"[28, 12]",en,40000,0,189,Mascot Pictures,Richard Thorpe,"Jacqueline Logan, Walter Miller, Richard Tucker, Boris Karloff, Larry Steers"
454969,tt0225681,Faint Heart,Faint Heart,1929-12-21,1.3818,10.0,1,[],en,0,0,15,,Murray Roth,"Bert Lahr, Bobbe Arnst, Harry Shannon"
283481,tt0019988,His Glorious Night,His Glorious Night,1929-09-28,1.541,7.0,2,"[18, 10749]",en,0,0,80,Metro-Goldwyn-Mayer,Lionel Barrymore,"John Gilbert, Catherine Dale Owen, Hedda Hopper, Nance O'Neil, Gustav von Seyffertitz"
556648,tt0485625,La Dame de bronze et le monsieur de cristal,La Dame de bronze et le monsieur de cristal,1929-10-04,1.1354,7.0,1,[],fr,0,0,0,,Marcel Manchez,"Marcel Vallée, Marcelle Barry, Carlos Avril, Jeanne Bérangère, Pierrette Cyrille"
206790,tt0019856,Evangeline,Evangeline,1929-08-24,1.1766,6.5,8,[18],en,0,0,90,Edwin Carewe Productions,Edwin Carewe,"Dolores del Río, Roland Drew, Alec B. Francis, Donald Reed, Paul McAllister"
51079,tt0020269,Piccadilly,Piccadilly,1929-02-01,1.2704,6.5,35,"[18, 80]",en,0,0,109,British International Pictures,E.A. Dupont,"Gilda Gray, Anna May Wong, Jameson Thomas, Charles Laughton, Cyril Ritchard"
154238,tt0019983,High Voltage,High Voltage,1929-06-29,1.537,5.167,9,[18],en,0,0,63,Pathé Exchange,Howard Higgin,"William Boyd, Carole Lombard, Owen Moore, Billy Bevan, Diane Ellis"
533745,tt0499490,Hadji Gara,Hacı Qara,1929-03-09,1.4666,8.0,1,"[35, 18, 12]",az,0,0,65,Azerbaijanfilm,Abbas Mirza Sharifzadeh,"Mirzaagha Aliyev, Mustafa Mardanov, Agasadig Gararbayli, Sidgi Ruhulla, Marziyya Davudova"
109891,tt0020247,Our Modern Maidens,Our Modern Maidens,1929-09-08,1.3653,5.625,16,"[18, 35]",en,283000,857000,76,Metro-Goldwyn-Mayer,Jack Conway,"Joan Crawford, Rod La Rocque, Douglas Fairbanks Jr., Anita Page, Edward Nugent"
1586982,tt0020610,The Yellowback,The Yellowback,1929-01-20,1.3963,8.0,1,"[18, 10749, 37]",en,0,0,70,Film Booking Offices of America (FBO),Jerome Storm,"Tom Moore, Irma Harrison, Tom Santschi, William Martin, Lionel Belmore"
511165,tt0258322,Her Way,Её путь,1929-03-05,1.6461,8.0,1,[18],ru,0,0,65,Sovkino,"Aleksandr Chtrijak, Dmitri Poznansky","Emma Tsesarskaya, Aleksandr Zhukov, Karl Gurnyak, A. Otradin, V. Rizenko"
643226,tt0019693,Big Time,Big Time,1929-09-07,1.5476,7.5,2,[18],en,0,0,87,Fox Film Corporation,Kenneth Hawks,"Lee Tracy, Mae Clarke, Stepin Fetchit, Daphne Pollard, Josephine Dunn"
206034,tt0019699,The Black Watch,The Black Watch,1929-05-22,1.3086,5.806,18,"[18, 12, 10752]",en,0,0,92,Fox Film Corporation,John Ford,"Victor McLaglen, Myrna Loy, David Torrence, David Rollins, Cyril Chadwick"
128006,tt0020439,Speedway,Speedway,1929-10-07,1.4127,6.143,7,"[18, 10749]",en,0,0,76,Metro-Goldwyn-Mayer,Harry Beaumont,"William Haines, Anita Page, Ernest Torrence, Karl Dane, John Miljan"
335043,tt0020099,Linda,Linda,1929-03-31,1.3408,7.5,2,[18],en,0,0,75,Mrs. Wallace Reid Productions,Dorothy Davenport,"Warner Baxter, Helen Foster, Noah Beery, Mitchell Lewis, Kate Price"
190315,tt0141004,False Vases,False Vases,1929-04-30,1.542,7.0,4,"[16, 35]",en,0,0,9,,Otto Messmer,Harry Edison
315737,tt0021386,Skirt Shy,Skirt Shy,1929-11-30,1.1863,4.5,2,[35],en,0,0,20,Hal Roach Studios,"Charley Rogers, Fred Guiol","Harry Langdon, May Wallace, Tom Ricketts, Judith Barrett, Charlie Hall"
922838,tt0404493,Thin Twins,Thin Twins,1929-04-13,1.4525,9.0,1,[35],en,0,0,19,Hal Roach Studios,James W. Horne,"Charley Chase, Betty Francisco, Michael Mark, Leo White"
262969,tt0020014,The Idle Rich,The Idle Rich,1929-06-15,1.2176,6.6,5,[35],en,0,0,80,Metro-Goldwyn-Mayer,William C. deMille,"Conrad Nagel, Bessie Love, Leila Hyams, Robert Ober, James Neill"
1478379,,A Proletarian's Way,Der Weg einer Proletarierin,1929-04-10,1.2782,0.0,0,"[99, 18]",de,0,0,29,,Marie Harder,Vera Baranovskaya
866564,,El poncho del olvido,El poncho del olvido,1929-09-01,1.2385,0.0,0,[18],es,0,0,0,Cinematografía Culell,Ricardo Villarán,"Felipe Farah, Mary Clay, José Plá, Carlos Dux, Ángel Boyano"
146158,tt0020197,The Mysterious Dr. Fu Manchu,The Mysterious Dr. Fu Manchu,1929-08-10,1.7148,6.0,13,"[80, 10749, 53]",en,0,0,82,"Paramount Pictures, Rowland V. Lee Productions",Rowland V. Lee,"Warner Oland, Neil Hamilton, Jean Arthur, O. P. Heggie, William Austin"
190280,tt0123063,Every Day,Every Day,1929-04-30,1.5793,6.75,10,[],en,0,0,17,The Film Society,Hans Richter,"Sergei Eisenstein, Michael Hankinson, Basil Wright"
465112,tt0020057,Kid Gloves,Kid Gloves,1929-03-23,1.6576,10.0,1,[18],en,0,0,68,Warner Bros. Pictures,Ray Enright,"Conrad Nagel, Lois Wilson, Edward Earle, Edna Murphy, Maude Turner Gordon"
922855,tt0019947,Great Gobs!,Great Gobs!,1929-12-28,1.1952,10.0,1,[35],en,0,0,21,Hal Roach Studios,Warren Doane,"Charley Chase, Edgar Kennedy, Linda Loredo, Mildred Costello, William Guiler"
134911,tt0020238,On With the Show!,On With the Show!,1929-07-13,1.2901,6.2,5,"[10749, 10402]",en,0,0,104,"The Vitaphone Corporation, Warner Bros. Pictures",Alan Crosland,"Arthur Lake, Betty Compson, Joe E. Brown, Sally O'Neil, William Bakewell"
576551,tt0473955,Happy Heels,Happy Heels,1929-01-19,1.5542,9.0,1,[35],en,0,0,13,Christie Film Company,William Holland,"Billy Dooley, Vera Steadman, Eddie Barry, Judith Barrett, William Blaisdell"
190102,tt0020165,Saint Joan the Maid,La Merveilleuse Vie de Jeanne d'Arc,1929-04-29,1.4453,6.4,7,"[18, 36]",xx,0,0,125,"Rapid Film, Pathé-Natan",Marco de Gastyne,"Simone Genevois, Fernand Mailly, Georges Paulais, Jean Debucourt, Philippe Hériat"
118131,tt0020581,Where East Is East,Where East Is East,1929-05-04,1.4058,6.067,15,[18],en,0,0,65,Metro-Goldwyn-Mayer,Tod Browning,"Lon Chaney, Lupe Vélez, Estelle Taylor, Lloyd Hughes, Louis Stern"
685938,tt0492326,The Prisoner from Trikeri,Пленникът от Трикери,1929-04-07,1.6306,7.0,1,[18],bg,0,0,0,,Mihail Slavov,"Mihail Slavov, Paskal Dukov, Mara Penkova, Stela Dukova, Asen Kamburov"
418767,tt3706484,Moving Day,Moving Day,1929-07-01,1.2542,0.0,0,[],en,0,0,8,"The Vitaphone Corporation, Warner Bros. Pictures",Bryan Foy,"Frank Hunter, Mae Percival, Charles Wesson"
257692,tt37676754,Spring in Carpathian Ruthenia,Jaro na Podkarpatské Rusi,1929-01-01,1.3086,6.2,2,[99],cs,0,0,10,Elekta Journal,Karel Plicka,
482416,tt0020068,Artificial Svensson,Konstgjorda Svensson,1929-10-14,1.4534,9.333,3,[35],sv,0,0,81,SF Studios,Gustaf Edgren,"Fridolf Rhudin, Brita Appelgren, Weyler Hildebrand, Karin Gillberg, Georg Blomstedt"
273865,tt0021449,The Talk of Hollywood,The Talk of Hollywood,1929-12-10,1.3593,5.6,5,[35],en,0,0,70,,Mark Sandrich,"Nat Carr, Fay Marbe, Hope Sutherland, Sherling Oliver, Edward LeSaint"
1612958,tt0019672,Bad Men's Money,Bad Men's Money,1929-03-31,1.2893,10.0,1,[37],en,0,0,50,J. Charles Davis Productions,J.P. McGowan,"Yakima Canutt, Peggy Montgomery, J.P. McGowan, Slim Whitaker, Bud Osborne"
501203,tt0344562,Whose Baby?,Whose Baby?,1929-01-28,1.2265,8.5,2,[35],en,0,0,10,,Edward Ludwig,"Arthur Lake, Gertrude Messinger, Glen Cavender"
1517636,,Hunger,Hunger,1929-10-28,1.3937,0.0,0,[18],en,0,0,0,,"George W. Richter, Olympio Guilherme","Olympio Guilherme, Lola Salvi, Norma Gaetan, Vicente Padula, Alonso Machado"
291799,tt0129011,Copy,Copy,1929-10-11,1.1298,6.5,2,"[35, 18]",en,0,0,21,Metro-Goldwyn-Mayer,Norman Houston,"Roscoe Karns, Jack Carlyle, James Donlan, Bruce Gentle, D.J. Flanagan"
422485,tt0021147,The Mighty,The Mighty,1929-11-16,1.3609,6.0,3,"[28, 18, 80, 10752]",en,0,0,72,Paramount Pictures,John Cromwell,"George Bancroft, Esther Ralston, Warner Oland, Raymond Hatton, Dorothy Revier"
48649,tt0019688,Big Business,Big Business,1929-04-20,1.0971,6.651,106,[35],en,0,0,18,Hal Roach Studios,James W. Horne,"Stan Laurel, Oliver Hardy, James Finlayson, Tiny Sandford, Charlie Hall"
464568,tt0019950,The Greyhound Limited,The Greyhound Limited,1929-02-09,1.1055,8.0,1,"[18, 80]",en,0,0,86,Warner Bros. Pictures,Howard Bretherton,"Monte Blue, Edna Murphy, Grant Withers, Lucy Beaumont, Ernest Shields"
426044,tt1685501,Der Mitternachtswalzer,Der Mitternachtswalzer,1929-07-26,1.2972,0.0,0,[35],de,0,0,0,,Heinz Paul,"Elisabeth Pinajeff, Gritta Ley, Carmen Cartellieri, Malcolm Tod, André Mattoni"
108143,tt0121344,Harlem-Mania,Harlem-Mania,1929-07-22,1.1822,6.0,2,[],en,0,0,9,Warner Bros. Pictures,Murray Roth,
27500,tt0020004,Seven Footprints to Satan,Seven Footprints to Satan,1929-01-27,1.2871,6.219,16,"[80, 35, 27]",en,0,0,77,First National Pictures,Benjamin Christensen,"Thelma Todd, Creighton Hale, Sheldon Lewis, William V. Mong, Sôjin Kamiyama"
1659658,tt0019883,The Fire Detective,The Fire Detective,1929-03-03,1.2328,9.0,1,[12],xx,0,0,200,Pathé Exchange,"Spencer Gordon Bennet, Thomas Storey","Gladys McConnell, Hugh Allan, Leo D. Maloney, Frank Lackteen, John Cossar"
768486,tt0278987,Boží mlýny,Boží mlýny,1929-11-22,1.2394,9.0,1,[18],cs,0,0,0,Starfilm,Josef Medeotti-Boháč,"Alexander Třebovský, Jan W. Speerger, L. H. Struna, Gustav Frištenský, Anita Janová"
285083,tt0019761,Cheyenne,Cheyenne,1929-02-03,1.2763,8.0,1,[37],en,0,0,65,First National Pictures,Albert S. Rogell,"Ken Maynard, Gladys McConnell, James Bradbury Jr., Billy Franey, Slim Whitaker"
745949,,Sukumari,Sukumari,1929-02-01,1.3052,0.0,0,[],bn,0,0,40,Dhaka East Bengal Cinematograph Society,Ambuj Prasanna Gupta,"Nawabzada Nasarullah, Syed Abdus Sobhan"
470601,tt21412782,Glory Dealers,Торговцы славой,1929-01-01,1.4708,4.5,1,[],ru,0,0,0,,Leonid Obolensky,"Vsevolod Aksyonov, Anna Sten, Anel Sudakevich, Pavel Pol, Yakov Volkov"
523401,tt0019664,The Aviator,The Aviator,1929-12-14,1.3332,4.5,2,"[35, 10749]",en,0,0,75,Warner Bros. Pictures,Roy Del Ruth,"Edward Everett Horton, Patsy Ruth Miller, Johnny Arthur, Lee Moran, Edward Martindel"
579476,tt0020005,Howdy Broadway,Howdy Broadway,1929-10-16,1.2815,5.667,3,"[35, 10402]",en,0,0,48,Rayart Pictures Corporation,Charles J. Hunt,"Tommy Christian, Ellalee Ruby, Johnny Kane, Diana Mullen, Jack Clark"
80168,tt0020590,The Wild Party,The Wild Party,1929-04-06,1.3343,6.833,15,"[35, 18, 10749]",en,0,0,77,Paramount Pictures,Dorothy Arzner,"Clara Bow, Fredric March, Shirley O'Hara, Marceline Day, Adrienne Dore"
84713,tt0020078,The Last Performance,The Last Performance,1929-10-13,1.1836,6.5,13,"[18, 27, 10749]",en,0,0,60,Universal Pictures,Pál Fejős,"Conrad Veidt, Mary Philbin, Leslie Fenton, Fred MacKaye, Eddie Boland"
968015,tt1049117,Joy Tonic,Joy Tonic,1929-05-05,1.219,0.0,0,[35],en,0,0,20,"Jack White Productions, Educational Film Exchanges",Charles Lamont,"Malcolm Sebastian, Lorraine Rivero, Georgia O'Dell, Glen Cavender, Paul Weigel"
885269,tt3902866,Frozen Fate,Frozen Fate,1929-05-01,1.3168,0.0,0,[],en,0,0,56,British Screen Productions,"Ben R. Hart, St. John Legh Clowes",
1151858,tt0151304,The Last Post,The Last Post,1929-01-11,1.4875,9.0,1,[18],en,0,0,89,Britannia Films,Dinah Shurey,"John Longden, Frank Vosper, Alf Goddard, Cynthia Murtagh, J. Fisher White"
50917,tt0020531,Unaccustomed as We Are,Unaccustomed as We Are,1929-05-04,1.6533,7.036,56,[35],en,0,0,21,Hal Roach Studios,"Lewis R. Foster, Hal Roach","Stan Laurel, Oliver Hardy, Edgar Kennedy, Mae Busch, Thelma Todd"
159567,tt0020500,Thundering Thompson,Thundering Thompson,1929-10-07,1.2838,5.667,3,[37],en,0,0,56,Morris R. Schlank Productions,Ben F. Wilson,"Cheyenne Bill, Neva Gerber, Al Ferguson, Ed La Niece"
429601,tt1049116,Jailhouse Blues,Jailhouse Blues,1929-06-19,1.3614,0.0,0,[],en,0,0,7,Columbia Pictures,Basil Smith,Mamie Smith
769017,tt0020111,The Love Doctor,The Love Doctor,1929-01-06,1.2314,10.0,1,"[35, 10749]",en,0,0,61,Paramount Pictures,Melville W. Brown,"Richard Dix, June Collyer, Morgan Farley, Miriam Seegar, Winifred Harris"
1063584,tt1064766,Irish Fantasy,Irish Fantasy,1929-12-14,1.3364,0.0,0,[10402],en,0,0,11,Feature Productions,Orville O. Dull,"Donald Novis, Helen Foster, Nick Cogley, Harry Watson"
108155,tt0020114,The Love Trap,The Love Trap,1929-08-04,1.2925,5.9,12,"[35, 10749]",en,0,0,71,Universal Pictures,William Wyler,"Laura La Plante, Neil Hamilton, Robert Ellis, Jocelyn Lee, Norman Trevor"
515928,tt0020148,Maskottchen,Maskottchen,1929-04-16,1.3158,8.0,1,[35],de,0,0,90,,Felix Basch,"Käthe von Nagy, Kurt Vespermann, Hans Albers, Max Gülstorff, Jakob Tiedtke"
39075,tt0020126,Madame X,Madame X,1929-08-17,1.2385,6.3,10,[18],en,0,0,95,Metro-Goldwyn-Mayer,Lionel Barrymore,"Ruth Chatterton, Lewis Stone, Raymond Hackett, Sidney Toler, Carroll Nye"
169842,tt0020446,The Squall,The Squall,1929-05-09,1.2884,4.0,7,[18],en,0,0,102,"First National Pictures, The Vitaphone Corporation",Alexander Korda,"Alice Joyce, Richard Tucker, Myrna Loy, Loretta Young, Zasu Pitts"
190283,tt0230297,A Detective Story,Histoire de détective,1929-04-30,1.5194,6.65,10,[53],fr,0,0,50,,Charles Dekeukeleire,Pierre Bourgeois
663173,tt0020138,A Man's Man,A Man's Man,1929-05-25,1.2717,8.0,1,[35],en,0,0,80,Metro-Goldwyn-Mayer,James Cruze,"William Haines, Josephine Dunn, Sam Hardy, Mae Busch, Gloria Davenport"
47571,tt0019684,Behind That Curtain,Behind That Curtain,1929-06-30,1.116,4.176,17,"[80, 9648, 53]",en,0,0,91,Fox Film Corporation,Irving Cummings,"Warner Baxter, Lois Moran, E.L. Park, Boris Karloff, Gilbert Emery"
49317,tt0020563,Days of Youth,学生ロマンス　若き日,1929-04-13,1.1725,5.6,23,"[35, 10749]",ja,0,0,99,Shochiku,Yasujirō Ozu,"Ichiro Yuki, Tatsuo Saitō, Junko Matsui, Chōko Iida, Takeshi Sakamoto"
515539,tt0019752,The Careless Age,The Careless Age,1929-09-15,1.1861,8.0,1,[18],en,0,0,65,First National Pictures,John Griffith Wray,"Douglas Fairbanks Jr., Carmel Myers, Holmes Herbert, Kenneth Thomson, Loretta Young"
670038,tt0020448,Stairs of Sand,Stairs of Sand,1929-06-08,1.3443,0.0,0,"[10749, 37]",en,0,0,60,Paramount Pictures,Otto Brower,"Wallace Beery, Jean Arthur, Phillips Holmes, Fred Kohler, Chester Conklin"
1632949,,The Funeral of Dr. António José de Almeida,O Funeral do Dr. António José de Almeida,1929-01-01,1.1813,0.0,0,[99],pt,0,0,9,,Artur Costa de Macedo,
513097,tt0448510,Großstadtjugend,Großstadtjugend,1929-05-23,1.4678,8.0,1,[18],de,0,0,0,,Rudolf Walther-Fein,"Harry Liedtke, Ida Wüst, Maria Paudler, Trude Lehmann, Carl Auen"
339806,tt0019776,The Cock-Eyed World,The Cock-Eyed World,1929-10-19,1.21,4.8,5,"[10402, 35]",en,0,0,118,Fox Film Corporation,Raoul Walsh,"Victor McLaglen, Edmund Lowe, Lili Damita, Leila Karnelly, El Brendel"
410682,tt0234347,Noisy Noises,Noisy Noises,1929-02-09,1.2009,7.833,3,[35],en,0,0,19,Hal Roach Studios,Robert F. McGowan,"Joe Cobb, Jean Darling, Allen 'Farina' Hoskins, Bobby 'Wheezer' Hutchins, Mary Ann Jackson"
531752,tt0019906,From Headquarters,From Headquarters,1929-04-27,1.235,8.0,1,[18],en,0,0,71,Warner Bros. Pictures,Howard Bretherton,"Monte Blue, Guinn 'Big Boy' Williams, Gladys Brockwell, Ethlyne Clair, Lionel Belmore"
72330,tt0020234,"Oh, Yeah!","Oh, Yeah!",1929-10-19,1.2312,5.0,4,"[35, 18]",en,0,0,74,,Tay Garnett,"Robert Armstrong, James Gleason, Patricia Caron, Zasu Pitts, Budd Fine"
5201,tt0020589,Wild Orchids,Wild Orchids,1929-02-23,1.2336,6.342,19,"[10749, 12]",en,322000,0,100,Metro-Goldwyn-Mayer,Sidney Franklin,"Greta Garbo, Lewis Stone, Nils Asther, Dick Sutherland"
295854,tt0020586,Why Bring That Up?,Why Bring That Up?,1929-10-03,1.3209,10.0,1,"[18, 35]",en,0,0,82,Paramount Pictures,George Abbott,"Charles Mack, George Moran, Evelyn Brent, Bert Swor, Freeman Wood"
189694,tt0018362,The Scar of Shame,The Scar of Shame,1929-04-13,1.4359,5.545,11,[18],en,0,0,86,Colored Players Film Corporation,Frank Peregini,"Harry Henderson, Norman Johnstone, Ann Kennedy, Lucia Lynn Moses, William E. Pettus"
319224,tt0020600,The Woman from Hell,The Woman from Hell,1929-04-20,1.2716,8.0,1,[18],en,0,0,58,Fox Film Corporation,A.F. Erickson,"Mary Astor, Robert Armstrong, Dean Jagger, Roy D'Arcy, May Boley"
190085,tt0123336,Two Pence Magic,Zweigroschenzauber,1929-10-11,1.2653,5.679,28,[99],de,0,0,4,,Hans Richter,
626633,tt0346181,Incest,§ 173 St.G.B. Blutschande,1929-10-16,1.4445,7.0,1,[18],de,0,0,74,Ines Internationale Spielfilm GmbH,James Bauer,"Walter Rilla, Erna Morena, Olga Tschechowa, Olga Limburg, Grete Graal"
190337,tt0248526,Taxi Dolls,Taxi Dolls,1929-04-13,1.2326,4.5,2,[],en,0,0,0,,Del Lord,
768131,tt1092407,Pramen lásky,Pramen lásky,1929-05-10,1.5095,0.0,0,"[18, 10749]",cs,0,0,0,,Josef Kokeisl,"Mary Jansová, Zdena Listová, Roman Roda-Růžička, Otto Zahrádka, Jindřich Plachta"
454946,tt2517346,For Sale,For Sale,1929-11-25,1.4386,0.0,0,[],en,0,0,6,,Bryan Foy,"Gregory Ratoff, Lila Georgie, Guy Kibbee"
1568787,tt0845504,The Nightwatchman's Mistake,The Nightwatchman's Mistake,1929-04-15,1.167,0.0,0,[35],en,0,0,24,Mack Sennett Comedies,Harry Edwards,"Johnny Burke, Daphne Pollard, Andy Clyde, Irving Bacon, Thelma Salter"
267384,tt0019996,Red Heroine,紅俠,1929-07-11,1.3252,6.143,7,[28],zh,0,0,94,Youlian Film Company,Wen Yi-Min,"Xuepeng Fan, Chu Shao-Chuen, Wen Yi-Min, Zhao Tai-Shan, Shang Guan-Wu"
327320,tt0019929,The Girl in the Show,The Girl in the Show,1929-08-30,1.248,6.0,4,"[18, 35]",en,0,0,82,Metro-Goldwyn-Mayer,Edgar Selwyn,"Bessie Love, Raymond Hackett, Edward Nugent, Mary Doran, Jed Prouty"
305447,tt0020001,Hot for Paris,Hot for Paris,1929-12-22,1.2136,10.0,1,"[10402, 35, 12]",en,0,0,77,Fox Film Corporation,Raoul Walsh,"Victor McLaglen, Fifi D'Orsay, El Brendel, Polly Moran, Lennox Pawle"
99895,tt0020458,Street Girl,Street Girl,1929-08-21,1.1044,6.1,9,"[10749, 18]",en,0,0,87,RKO Radio Pictures,Wesley Ruggles,"Betty Compson, John Harron, Jack Oakie, Ned Sparks, Guy Buccola"
1549468,,Deadly Act,Смертный номер,1929-01-01,1.2263,0.0,0,[35],ru,0,0,0,Lenfilm,Georgiy Krol,"Illarion Pevtsov, Lyudmila Semyonova, Arnold Arnold, Iona Biy-Brodskiy, Yevgeniy Kumeyko"
422395,tt0020082,The Laughing Lady,The Laughing Lady,1929-12-28,1.0608,7.333,3,[18],en,0,0,79,,Victor Schertzinger,"Ruth Chatterton, Clive Brook, Dan Healy, Nat Pendleton, Raymond Walburn"
305391,tt0020604,Words and Music,Words and Music,1929-08-18,1.4206,10.0,1,"[35, 10402]",en,0,0,81,Fox Film Corporation,James Tinling,"Lois Moran, David Percy, Helen Twelvetrees, William Orlamond, Elizabeth Patterson"
376496,tt0019987,His First Command,His First Command,1929-12-28,1.3554,8.5,2,"[12, 28]",en,0,0,65,Pathé Exchange,Gregory La Cava,"William Boyd, Dorothy Sebastian, Gavin Gordon, Helen Parrish, Alphonse Ethier"
104485,tt0018908,The Four Feathers,The Four Feathers,1929-06-01,1.3349,5.0,8,"[18, 12]",en,0,0,81,Paramount Pictures,"Merian C. Cooper, Lothar Mendes, Ernest B. Schoedsack","Richard Arlen, Fay Wray, Clive Brook, William Powell, Theodore von Eltz"
103166,tt0020410,The Single Standard,The Single Standard,1929-07-27,1.4123,5.8,8,"[18, 10749]",en,0,0,71,Metro-Goldwyn-Mayer,John S. Robertson,"Greta Garbo, Nils Asther, Johnny Mack Brown, Dorothy Sebastian, Lane Chandler"
489072,tt0330624,Die Schleiertänzerin,Die Schleiertänzerin,1929-11-15,1.5603,6.0,2,[],de,0,0,0,,Charles Burguet,"Hans Albers, Evelyn Holt, Edith Meinhard"
84808,tt0019949,The Greene Murder Case,The Greene Murder Case,1929-08-11,1.4487,6.0,14,[9648],en,0,0,69,Paramount Pictures,Frank Tuttle,"William Powell, Florence Eldridge, Ullrich Haupt, Jean Arthur, Eugene Pallette"
160795,tt0020364,The Saturday Night Kid,The Saturday Night Kid,1929-10-25,1.2452,4.7,11,"[35, 10749]",en,0,0,63,Paramount Pictures,A. Edward Sutherland,"Clara Bow, Jean Arthur, James Hall, Edna May Oliver, Charles Sellon"
634081,tt0146953,The Jungle Fool,The Jungle Fool,1929-09-15,1.2462,7.5,2,"[16, 12]",en,0,0,7,"Aesop's Fables Studio, Van Beuren Studios","John Foster, Mannie Davis",
1550816,,Triumphant Song of the Mountain,山の凱歌,1929-09-13,1.5087,0.0,0,[],ja,0,0,0,"Shochiku, Shochiku Kinema (Kamata)",Kiyohiko Ushihara,"Denmei Suzuki, Kinuyo Tanaka, Hideo Fujino, Hideo Takeda, Ryōtarō Mizushima"
1115288,,Excursion to India's Powerful Elements. Volcanoes... fumaroles... eruptions,Excursie naar Indië's machtige elementen. Vulkanen ...fumarolen ... erupties,1929-08-11,1.3981,0.0,0,[99],nl,0,0,26,Haghe Film,Willy Mullens,
647516,tt0020116,Love In The Desert,Love In The Desert,1929-01-27,1.2784,0.0,0,"[28, 12, 10749]",en,0,0,70,Film Booking Offices of America (FBO),George Melford,"Olive Borden, Hugh Trevor, Noah Beery, Frank Leigh, Pearl Varvalle"
1574631,tt0019707,The Body Punch,The Body Punch,1929-07-14,1.1114,9.0,1,"[80, 18, 10749]",en,0,0,55,Universal Pictures,Leigh Jason,"Jack Dougherty, Virginia Brown Faire, George Kotsonaros, Wilbur Mack, Monte Montague"
358170,tt0020205,Napoleon at St. Helena,Napoleon auf St. Helena,1929-11-07,1.3325,5.9,5,"[18, 36]",de,0,0,100,,Lupu Pick,"Werner Krauss, Hanna Ralph, Albert Bassermann, Philippe Hériat, Louis V. Arco"
1157114,,The Irresponsibles,The Irresponsibles,1929-01-01,1.219,0.0,0,[99],en,0,0,39,BIF,Mary Field,
407787,tt0020010,El héroe de Cascorro,El héroe de Cascorro,1929-01-01,1.2133,5.833,6,"[10752, 18]",es,0,0,61,Ruperave Films,Emilio Bautista,"Isabel Alemany, Faustino Bretaño, Andrés Carranque de Ríos, José María Jimeno, Luis Llorens"
600366,tt0019874,Father and Son,Father and Son,1929-05-13,1.1704,8.0,2,[18],en,0,0,67,Columbia Pictures,Erle C. Kenton,"Jack Holt, Dorothy Revier, Helene Chadwick, Mickey McBan, Wheeler Oakman"
1164702,tt1035457,Grzeszna miłość,Grzeszna miłość,1929-10-17,1.5781,0.0,0,[],pl,0,0,0,,"Mieczysław Krawicz, Zbigniew Gniazdowski",
99934,tt0019886,The Flying Fleet,The Flying Fleet,1929-01-19,1.3734,6.9,7,"[12, 18, 10749]",en,0,0,100,Metro-Goldwyn-Mayer,George W. Hill,"Ramon Novarro, Ralph Graves, Anita Page, Alfred Allen, Wade Boteler"
50906,tt0020487,That's My Wife,That's My Wife,1929-03-23,1.2849,6.63,27,[35],en,0,0,20,Hal Roach Studios,Lloyd French,"Stan Laurel, Oliver Hardy, William Courtright, Vivien Oakland, Dorothy Christy"
1113136,tt0459196,Besondere Kennzeichen,Besondere Kennzeichen,1929-12-13,1.3342,9.0,1,"[35, 80]",de,0,0,95,,Edmund Heuberger,"Carl Auen, Hugo Werner-Kahle, Julius Falkenstein, Corry Bell, Walter Doerry"
882759,,Salamanca,Salamanca,1929-01-01,1.2639,6.0,1,[99],es,0,0,9,,Leopoldo Alonso,
681170,tt0133212,Spelunke,Spelunke,1929-02-01,1.1091,8.0,1,[18],de,0,0,85,Domo-Strauß-Film,E.W. Emo,"Igo Sym, Corry Bell, Paul Samson-Körner, Paul Rehkopf, Sig Arno"
65914,tt0130730,The Lighthouse Keepers,Gardiens de phare,1929-09-25,1.1931,7.4,18,[18],fr,0,0,82,Films du Grand Guignol,Jean Grémillon,"Paul Fromet, Geymond Vital, Genica Athanasiou, Gabrielle Fontan, Maria Fromet"
1293723,,Riga,Riga,1929-01-01,1.2998,0.0,0,[99],sv,0,0,18,,Gustaf Boge,
936131,tt0133841,Hardboiled,Hardboiled,1929-03-20,1.1271,8.0,1,[18],en,0,0,70,Film Booking Offices of America (FBO),Ralph Ince,"Sally O'Neil, Donald Reed, Lilyan Tashman, Bob Sinclair, Ole M. Ness"
1249489,tt0019921,Geraldine,Geraldine,1929-01-20,1.2496,8.0,1,[],en,0,0,70,,Melville W. Brown,"Marian Nixon, Eddie Quillan, Albert Gran, Gaston Glass"
124320,tt0019945,The Great Divide,The Great Divide,1929-09-15,1.4066,5.286,7,"[28, 10749, 37]",en,0,0,72,First National Pictures,Reginald Barker,"Dorothy Mackaill, Ian Keith, Myrna Loy, Creighton Hale, Lucien Littlefield"
152200,tt0019677,The Barnyard Battle,The Barnyard Battle,1929-04-25,1.5262,5.921,38,"[16, 35]",en,0,0,8,Walt Disney Productions,Ub Iwerks,
556639,tt0019643,L'appassionata,L'appassionata,1929-05-31,1.5714,9.0,1,[],fr,0,0,70,,"André Liabel, Léon Mathot",
190282,tt0020396,She Goes to War,She Goes to War,1929-06-07,1.2599,6.429,7,"[10752, 18]",en,0,0,50,,Henry King,"Eleanor Boardman, Edmund Burns, Alma Rubens, Al St. John, Glen Walters"
1126041,tt0356947,Night Owls,Night Owls,1929-09-25,1.1641,10.0,1,[35],en,0,0,17,Universal Pictures,Sam Newfield,"Arthur Lake, Fay Holderness"
190232,tt0020246,The Opry House,The Opry House,1929-03-19,1.1974,5.927,41,"[16, 35]",en,0,0,7,Walt Disney Productions,"Walt Disney, Ub Iwerks",
50861,tt0019686,Berth Marks,Berth Marks,1929-06-01,1.2127,6.833,63,[35],en,0,0,19,Hal Roach Studios,Lewis R. Foster,"Stan Laurel, Oliver Hardy, Paulette Goddard, Charlie Hall, Baldwin Cooke"
110741,tt0020451,The General Line,Старое и новое,1929-09-25,1.2115,6.4,48,[18],ru,0,0,125,Sovkino,"Sergei Eisenstein, Grigori Aleksandrov","Marfa Lapkina, M. Ivanin, Konstantin Vasilyev, Vasili Buzenkov, Nezhnikov"
16591,tt0019975,Hell's Bells,Hell's Bells,1929-10-29,1.2763,6.471,52,"[16, 27, 10402]",en,4483,0,6,"Walt Disney Productions, Columbia Pictures",Ub Iwerks,Walt Disney
1126053,tt0336706,Knockout Buster,Knockout Buster,1929-03-06,1.5027,10.0,1,[35],en,0,0,12,Stern Brothers Productions,Francis Corby,Arthur  Ross Trimble
1582412,tt0020033,It Can Be Done,It Can Be Done,1929-03-24,1.471,9.0,1,[35],en,0,0,70,Universal Pictures,Fred C. Newmeyer,"Glenn Tryon, Sue Carol, Jack Egan, Richard Carle, Tom O'Brien"
190305,tt0351759,Skyscraper Symphony,Skyscraper Symphony,1929-04-30,1.297,5.881,21,[99],en,0,0,9,,Robert Florey,
39048,tt0020103,The Locked Door,The Locked Door,1929-11-16,1.2994,6.063,16,"[18, 53]",en,0,0,74,"United Artists, George Fitzmaurice Productions, Feature Productions",George Fitzmaurice,"Barbara Stanwyck, Rod La Rocque, William 'Stage' Boyd, Betty Bronson, Harry Stubbs"
595649,tt0020115,Love and the Devil,Love and the Devil,1929-03-24,1.2126,7.0,2,[18],en,0,0,70,"Warner Bros. Pictures, First National Pictures",Alexander Korda,"Milton Sills, María Corda, Ben Bard, Nellie Bly Baker, Amber Norman"
282740,tt0020259,Paris' Girls,Paris' Girls,1929-08-16,1.4464,7.0,1,"[10749, 35, 18]",en,0,0,140,"Films de France, Société des Cinéromans",Henry Roussel,"Suzy Vernon, Danièle Parola, Fernand Fabre, Cyril De Ramsay, Jeanne Marie-Laurent"
53528,tt0020572,Welcome Danger,Welcome Danger,1929-10-12,1.3561,4.9,22,[35],en,979828,3000000,115,The Harold Lloyd Corporation,"Malcolm St. Clair, Clyde Bruckman","Harold Lloyd, Barbara Kent, Noah Young, Charles Middleton, Will Walling"
173494,tt0249816,My Grandmother,ნათლიმამა (ჩემი ბებია),1929-12-01,1.1563,5.565,23,"[35, 18]",ka,0,0,65,"JSC ""Sakhkinmretsvi""",Kote Mikaberidze,"Bella Chernova, Aleksandre Takaishvili, Yevgeniy Ovanov, Akaki Khorava, Mikhail Abesadze"
1326456,tt0019120,Moon on the Left,Луна слева,1929-02-02,1.3318,7.0,1,[],ru,0,0,0,,Aleksandr Ivanov,"Vasiliy Chudakov, Nikolai Cherkasov, Boris Chirkov, Zoya Valevskaya, Mikhail Lomakin"
526963,tt0020066,Kolonne X,Kolonne X,1929-08-07,1.1754,7.0,1,"[80, 18]",de,0,0,99,,Reinhold Schünzel,"Reinhold Schünzel, Ernst Stahl-Nachbaur, Grete Reinwald, Oskar Sima, Gerhard Ritterband"
875754,tt0446153,Love's Carnival,Liebeskarneval,1929-02-15,1.2421,9.0,1,[18],de,0,0,0,,Augusto Genina,"Carmen Boni, Hans Junkermann, Olga Engl, Jack Trevor, Asta Gundt"
360437,,Grandfather Smallweed,Grandfather Smallweed,1929-01-01,1.5519,0.0,0,[],en,0,0,12,British Sound Film Productions,Hugh Croise,
50899,tt0019999,The Hoose-Gow,The Hoose-Gow,1929-11-16,1.4743,6.776,58,[35],en,0,0,18,Hal Roach Studios,James Parrott,"Stan Laurel, Oliver Hardy, Tiny Sandford, James Finlayson, Charlie Hall"
427519,tt0019767,Christina,Christina,1929-12-15,1.3453,7.0,1,[18],en,0,0,85,Fox Film Corporation,William K. Howard,"Janet Gaynor, Charles Morton, Rudolph Schildkraut, Harry Cording, Lucy Doraine"
556442,tt0020518,Three Naked Flappers,Trois jeunes filles nues,1929-01-18,1.2507,9.0,1,[],fr,0,0,0,,Robert Boudrioz,"Nicolas Rimsky, René Ferté, Jeanne Helbling, Jeannie Luxeuil, Pierre Labry"
940749,,"Norge, vårt Norge i toner og bilder","Norge, vårt Norge i toner og bilder",1929-11-18,1.0497,0.0,0,[99],no,0,0,101,Spectro-Film A/S,Lyder Selvig,
848558,,Woman Warrior White Rose,女俠白玫瑰,1929-07-07,1.1716,0.0,0,[28],zh,0,0,29,Huaju,Zhang Huimin,"Suxin Wu, Lixia Shen, Gao Guanhao, Juefei Shi, Juan-Hong Zhou"
787555,tt0018793,La copla andaluza,La copla andaluza,1929-11-27,1.4467,10.0,1,[18],es,0,0,0,,Ernesto González,"Isabel Alemany, Antonio Armenta, Emilio Bautista, María Luz Callejo, Javier de Rivera"
1656338,tt0020288,The Pride of Pawnee,The Pride of Pawnee,1929-06-09,1.422,9.0,1,"[18, 37]",en,0,0,60,Film Booking Offices of America (FBO),Robert De Lacey,"Tom Tyler, Ethlyne Clair, Barney Furey, Frankie Darro, Jack Hilliard"
1259572,tt0234363,Der Nürnberger Parteitag der Nationalsozialistischen Deutschen Arbeiterpartei,Der Nürnberger Parteitag der Nationalsozialistischen Deutschen Arbeiterpartei,1929-01-01,1.1012,7.0,1,[99],de,0,0,64,Nationalsozialistische deutsche Arbeiterpartei,Baldur von Schirach,"Adolf Hitler, Baldur von Schirach, Joseph Goebbels, Heinrich Himmler, Hermann Göring"
618612,tt0138622,Molly and Me,Molly and Me,1929-03-01,1.2371,10.0,1,"[35, 18]",en,0,0,87,Tiffany-Stahl Productions,Albert Ray,"Belle Bennett, Joe E. Brown, Alberta Vaughn, Charles Byer"
190326,tt0261007,The Communard's Pipe,კომუნარის ჩიბუხი,1929-07-30,1.2458,5.1,9,[18],ka,0,0,65,"JSC ""Sakhkinmretsvi""",Kote Mardjanishvili,"Ushangi Chkheidze, Veriko Anjaparidze, T. Menzon, Aleqsandre Jorjoliani, Tamar Chavchavadze"
127385,tt0019801,A Dangerous Woman,A Dangerous Woman,1929-05-16,1.2914,3.8,5,"[18, 80]",en,0,0,80,,"Gerald Grove, Rowland V. Lee","Olga Baclanova, Clive Brook, Neil Hamilton, Clyde Cook, Leslie Fenton"
190338,tt0020413,Skating Hounds,Skating Hounds,1929-04-27,1.3723,4.0,4,"[35, 16]",en,0,0,7,Van Beuren Studios,"Mannie Davis, Paul Terry",
180089,tt0020167,Mickey's Choo-Choo,Mickey's Choo-Choo,1929-09-30,1.341,5.914,35,[16],en,0,0,7,Walt Disney Productions,"Walt Disney, Ub Iwerks",
520222,tt0437836,Auf der Reeperbahn nachts um halb eins,Auf der Reeperbahn nachts um halb eins,1929-04-11,1.2548,10.0,1,"[18, 28, 35]",de,0,0,71,,Fred Stranz,"Eddie Polo, Lydia Potechina, Harry Nestor, Inge Borg"
162723,tt0226590,In Spring,Навесні,1929-10-25,1.3397,6.8,13,[99],uk,0,0,54,VUFKU,Mikhail Kaufman,
470298,tt3740012,Some Pumpkins,Some Pumpkins,1929-03-11,1.0506,7.0,1,[],en,0,0,9,Warner Bros. Pictures,Murray Roth,"Sam Summers, Estelle Hunt"
452407,tt0020299,Queen of the Night Clubs,Queen of the Night Clubs,1929-03-23,1.2686,8.0,1,[18],en,0,0,60,Warner Bros. Pictures,,"Texas Guinan, John Davidson, Lila Lee, Arthur Housman, Eddie Foy Jr."
173580,tt0019843,Dynamite,Dynamite,1929-12-13,1.6859,6.4,15,[18],en,0,0,129,Metro-Goldwyn-Mayer,Cecil B. DeMille,"Conrad Nagel, Kay Johnson, Charles Bickford, Julia Faye, Joel McCrea"
333672,tt0020009,Hurdy Gurdy,Hurdy Gurdy,1929-05-10,1.0334,7.0,1,[35],en,0,0,20,,Hal Roach,"Thelma Todd, Max Davidson, Edgar Kennedy"
1048019,tt1371130,Kurotegumi Sukeroku,黒手組助六,1929-01-05,1.1192,0.0,0,[],ja,0,0,16,Shochiku Kyoto,"Eisaku Yoshino, Taizō Fuyushima","Kazuo Hasegawa, Kōkichi Takada, Kinuko Wakamizu, Ryûtarô Nakane, Tetsu Tsuboi"
556437,tt0207478,Fourchambault,Les Fourchambault,1929-08-23,0.9274,9.0,1,[],fr,0,0,0,,Georges Monca,
885290,tt3884878,Armistice,Armistice,1929-11-01,1.1368,5.0,1,[10402],en,0,0,16,"Gainsborough Pictures, BFI",Victor Saville,
773450,tt1530516,Wildest Africa,Wildest Africa,1929-01-01,1.5938,4.5,1,[16],en,0,0,4,Kinex Studios,John Burton,
120834,tt0019992,The Hole in the Wall,The Hole in the Wall,1929-04-27,1.4228,5.389,9,"[9648, 18]",en,0,0,63,Paramount Pictures,Robert Florey,"Claudette Colbert, Edward G. Robinson, Donald Meek, David Newell, Nellie Savage"
167354,tt0020232,Fragment of an Empire,Обломок империи,1929-10-28,1.1634,5.7,25,[18],ru,0,0,110,Sovkino,Fridrikh Ermler,"Fyodor Nikitin, Lyudmila Semyonova, Valeri Solovtsov, Emil Gal, Yakov Gudkin"
487557,tt0019989,His Lucky Day,His Lucky Day,1929-06-02,1.295,9.0,1,[35],en,0,0,60,Universal Pictures,Edward F. Cline,"Reginald Denny, Lorayne Duval, Otis Harlan, Eddie Phillips, Cissy Fitzgerald"
894943,,Barcelona International Exhibition,Exposició Internacional de Barcelona,1929-01-01,1.1166,0.0,0,[99],ca,0,0,0,,Lorenzo Llobet Gràcia,
171446,tt0019557,Weary River,Weary River,1929-02-10,1.2863,5.769,13,"[18, 10749]",en,0,0,86,First National Pictures,Frank Lloyd,"Richard Barthelmess, Betty Compson, William Holden, Louis Natheaux, George E. Stone"
113207,tt0020543,The Valiant,The Valiant,1929-05-19,1.2567,6.059,17,[18],en,0,0,66,Fox Film Corporation,William K. Howard,"Paul Muni, Marguerite Churchill, Johnny Mack Brown, DeWitt Jennings, Edith Yorke"
1126048,tt0248883,Hot Sports,Hot Sports,1929-08-11,1.0532,10.0,1,[35],en,0,0,10,Jack White,Jules White,"Robert Graves, Vernon Dent, Monte Collins, Betty Boyd, Eva Thatcher"
117531,tt0019946,The Great Gabbo,The Great Gabbo,1929-09-12,1.2872,5.667,24,"[10402, 18, 10749]",en,0,0,94,James Cruze Productions,James Cruze,"Erich von Stroheim, Betty Compson, Donald Douglas, Marjorie Kane, Earl Burtnett"
1627766,tt0019931,Girls Gone Wild,Girls Gone Wild,1929-03-24,1.4159,9.0,1,[18],en,0,0,60,Fox Film Corporation,Lewis Seiler,"William Russell, Sue Carol, Nick Stuart, Hedda Hopper, Roy D'Arcy"
911992,,La electricidad,La electricidad,1929-06-01,1.0089,0.0,0,[99],es,0,0,21,Cinematografía Valle,Federico Valle,
168887,tt0020253,The Pagan,The Pagan,1929-04-26,1.2894,6.65,10,[18],en,0,0,78,Metro-Goldwyn-Mayer,W.S. Van Dyke,"Ramon Novarro, Donald Crisp, Renée Adorée, Dorothy Janis"
978528,tt0019773,Clear the Decks,Clear the Decks,1929-03-03,1.2037,7.0,1,[35],en,0,0,70,Universal Pictures,Joseph Henabery,"Reginald Denny, Olive Hasbrouck, Otis Harlan, Lucien Littlefield, Collette Merton"
190107,tt0020392,The Shakedown,The Shakedown,1929-03-09,1.3934,5.6,16,"[18, 10749]",en,0,0,65,Universal Pictures,William Wyler,"James Murray, Barbara Kent, George Kotsonaros, Wheeler Oakman, Jack Hanlon"
284492,tt1064797,In die poylishe velder,In die poylishe velder,1929-01-02,1.166,0.0,0,[],yi,0,0,0,,Jonas Turkow,"Diana Blumenfeld, Silven Rich, Mojzesz Lipman, Helena Gotlib"
77022,tt0019968,The Haunted House,The Haunted House,1929-12-02,1.1958,6.635,104,"[16, 35, 27]",en,0,0,7,Walt Disney Productions,Walt Disney,
85507,tt0019788,Coquette,Coquette,1929-03-30,1.1486,5.9,35,[18],en,0,0,76,"United Artists, Pickford Corporation",Sam Taylor,"Mary Pickford, Johnny Mack Brown, Matt Moore, John St. Polis, William Janney"
476505,tt0197460,An Ideal Woman,La Femme rêvée,1929-07-05,1.1644,7.0,5,[18],fr,0,0,130,Franco-Film,Jean Durand,"Arlette Marchal, Charles Vanel, Alice Roberts, Harry Pilcer, Tony D'Algy"
600362,tt0020106,The Lone Wolf's Daughter,The Lone Wolf's Daughter,1929-02-18,1.2605,10.0,1,"[80, 9648]",en,0,0,72,Columbia Pictures,Albert S. Rogell,"Bert Lytell, Gertrude Olmstead, Charles K. Gerrard, Lilyan Tashman, Donald Keith"
112222,tt0020388,Seven Keys to Baldpate,Seven Keys to Baldpate,1929-12-25,1.2061,6.455,11,"[35, 9648, 53]",en,0,0,73,RKO Radio Pictures,Reginald Barker,"Richard Dix, Miriam Seegar, Margaret Livingston, Lucien Littlefield, Joseph Allen Sr."
550900,tt0020456,Strange Cargo,Strange Cargo,1929-03-31,1.101,8.0,2,[9648],en,0,0,75,Pathé Exchange,"Benjamin Glazer, Arthur Gregor","Lee Patrick, June Nash, George Barraud, Cosmo Kyrle Bellew, Russell Gleason"
296607,tt0020549,The Very Idea,The Very Idea,1929-09-15,0.948,5.8,5,[35],en,0,0,65,RKO Radio Pictures,"Frank Craven, Richard Rosson","Frank Craven, Sally Blane, Hugh Trevor, Olive Tell, Allen Kearns"
145281,tt0019802,The Dance of the Paroxysms,A Dança dos Paroxismos,1929-01-01,1.134,7.1,12,"[18, 14]",pt,0,0,45,,Jorge Brum do Canto,"Jorge Brum do Canto, Machado Correia, Maria do Carmo, Maria Emília Vilas, Maria Manuela Varela"
182772,tt0019831,The Donovan Affair,The Donovan Affair,1929-04-11,1.0833,7.5,2,"[80, 9648]",en,0,0,83,Columbia Pictures,Frank Capra,"Jack Holt, Dorothy Revier, William Collier Jr., Agnes Ayres, John Roche"
411617,tt0020007,The Hound of the Baskervilles,Der Hund von Baskerville,1929-08-28,1.1793,6.9,9,"[80, 27, 9648]",de,0,0,66,Erda-Film,Richard Oswald,"Carlyle Blackwell, George Seroff, Alexander Murski, Livio Pavanelli, Betty Bird"
1549495,tt0174131,The Other Woman,Посторонняя женщина,1929-09-24,1.1135,7.0,1,[18],ru,0,0,0,Sovkino,Ivan Pyryev,"Konstantin Gradopolov, Evlaliya Olgina, Georgi Muzalevsky, Olga Zhizneva, Aleksandr Zhukov"
1589456,tt0019628,The Air Legion,The Air Legion,1929-01-06,1.1174,9.0,1,[18],en,0,0,70,Film Booking Offices of America (FBO),Bert Glennon,"Ben Lyon, Antonio Moreno, Martha Sleeper, John Gough, Colin Chase"
520654,tt0020107,"The Long, Long Trail","The Long, Long Trail",1929-10-26,1.2843,6.5,2,[37],en,0,0,58,Universal Pictures,Arthur Rosson,"Hoot Gibson, Sally Eilers, Kathryn McGuire, James Pier Mason, Walter Brennan"
507213,tt0020464,Last Night's Event,El suceso de anoche,1929-02-24,1.129,9.0,1,[18],xx,0,0,82,Exclusivas Serres,León Artola,"Nicanor Villalta, Marina V. Serres, Celia Escudero, María Anaya, María Luz Callejo"
521644,tt0020355,The Sacred Flame,The Sacred Flame,1929-11-24,1.1682,3.333,3,"[18, 10749, 10752]",en,0,0,65,,Archie Mayo,"Pauline Frederick, William Courtenay, Conrad Nagel, Lila Lee, Walter Byron"
1311734,,The Frog,The Frog,1929-01-01,1.0315,0.0,0,[99],en,0,0,11,BIF,F. Percy Smith,
68408,tt0020164,The Merry Dwarfs,The Merry Dwarfs,1929-12-16,1.4385,5.117,30,[16],en,4503,0,6,Walt Disney Productions,Walt Disney,
1517786,tt27369210,The Soul of a Peasant,Alma Camponesa,1929-11-20,1.278,0.0,0,[12],en,0,0,90,Brazilian Southern Cross Productions,Julio de Moraes,"Lia Torá, Alfred Sabato, Agostino Borgato, Zacharias Yaconelli, Clélia Torá"
445494,tt0019700,Black Waters,Black Waters,1929-04-05,1.3899,8.0,1,"[80, 9648, 27]",en,0,0,80,"British & Dominions Film Corporation, Herbert Wilcox Productions",Marshall Neilan,"James Kirkwood, Mary Brian, John Loder, Robert Ames, Frank Reicher"
136141,tt0020523,The Steel Road,Турксиб,1929-10-15,1.1181,6.0,21,[99],ru,0,0,78,Vostokkino,Viktor Turin,
102695,tt0019852,Eternal Love,Eternal Love,1929-05-11,1.1573,5.8,14,"[18, 10749]",en,0,0,71,"Feature Productions, Joseph M. Schenck Productions, United Artists",Ernst Lubitsch,"John Barrymore, Camilla Horn, Victor Varconi, Hobart Bosworth, Bodil Rosing"
1690655,tt4239162,Pipe Down,Pipe Down,1929-09-01,1.1455,0.0,0,[35],en,0,0,20,Lee De Forest Films,Leslie Goodwins,"Harry 'Snub' Pollard, John Kearney, Jane Beach, Gunboat Smith"
212176,tt0017578,The Wrecker,The Wrecker,1929-07-16,1.0412,6.286,7,"[80, 18]",en,0,0,74,,Géza von Bolváry,"Carlyle Blackwell, Benita Hume, Joseph Striker, Winter Hall, Gordon Harker"
53796,tt0020514,The Trespasser,The Trespasser,1929-11-11,1.3595,6.9,15,[18],en,0,0,90,Gloria Productions,Edmund Goulding,"Gloria Swanson, Robert Ames, Purnell Pratt, Henry B. Walthall, Wally Albright"
860748,tt0020387,Seven Faces,Seven Faces,1929-12-01,1.0946,9.0,1,"[18, 10749]",en,0,0,78,Fox Film Corporation,Berthold Viertel,"Paul Muni, Marguerite Churchill, Lester Lonergan, Russell Gleason, Gustav von Seyffertitz"
99767,tt0020488,Their Own Desire,Their Own Desire,1929-12-27,1.1609,5.071,21,"[18, 10749]",en,0,0,65,Metro-Goldwyn-Mayer,E. Mason Hopper,"Norma Shearer, Robert Montgomery, Lewis Stone, Belle Bennett, Helene Millard"
612264,tt0250578,Matros Ivan Galay,Матрос Иван Галай,1929-03-26,1.213,10.0,1,[18],ru,0,0,0,Mezhrabpomfilm,Yakov Urinov,"Ivan Shtraukh, Mariya Blyumental-Tamarina, Aleksey Muravin, M. Gavrilova, T. Vikentyeva"
81829,tt0019735,Bulldog Drummond,Bulldog Drummond,1929-05-02,0.9727,6.519,27,"[28, 53, 18]",en,550000,0,90,"Howard Productions, Samuel Goldwyn Productions",F. Richard Jones,"Ronald Colman, Claud Allister, Lawrence Grant, Montagu Love, Wilson Benge"
261261,tt0020595,Wolf Song,Wolf Song,1929-03-29,1.1901,5.111,9,"[10749, 37, 18]",en,0,0,80,Paramount Pictures,Victor Fleming,"Gary Cooper, Lupe Vélez, Louis Wolheim, Constantine Romanoff, Michael Vavitch"
319841,tt0249159,Sound Test for Blackmail,Sound Test for Blackmail,1929-01-01,1.0592,6.0,20,"[35, 99]",en,0,0,1,,Alfred Hitchcock,"Alfred Hitchcock, Anny Ondra"
1164657,tt1042225,9.25. Przygoda jednej nocy,9.25. Przygoda jednej nocy,1929-08-31,1.0165,0.0,0,[],pl,0,0,0,Sola-Film,"Ryszard Biske, Adam Augustynowicz","Iza Norska, Harry Cort, Mieczysław Cybulski, Tadeusz Ordeyg, Luba Ditris"
484414,tt0020199,Männer ohne Beruf,Männer ohne Beruf,1929-08-14,1.1629,8.0,1,"[53, 18, 80]",de,0,0,121,Ariel Film,Harry Piel,"Harry Piel, Bruno Ziener, Albert Paulig, Aruth Wartan, Dary Holm"
1326453,tt0020338,Brother,Родной брат,1929-01-01,1.1743,10.0,1,[18],ru,0,0,0,Sovkino,"Georgiy Krol, Mark Gall","Boris Chirkov, Nikolai Cherkasov, Aleksey Maseyev, Nikolai Simonov, Varvara Soshalskaya"
529387,tt0020315,Red Hot Rhythm,Red Hot Rhythm,1929-11-23,1.0481,9.0,1,[35],en,0,0,75,Pathé Exchange,Leo McCarey,"Alan Hale, Kathryn Crawford, Walter O'Keefe, Josephine Dunn, Anita Garvin"
510856,tt0199736,"Madame Lu, die Frau für diskrete Beratung","Madame Lu, die Frau für diskrete Beratung",1929-09-26,1.0898,7.0,1,[18],de,0,0,94,,Franz Hofer,"Ida Wüst, Hans Mierendorff, Sophie Pagay, Leo Peukert, Trude Lehmann"
254900,tt0020323,The Rescue,The Rescue,1929-01-12,1.0335,7.5,2,"[12, 10749]",en,800000,0,96,Samuel Goldwyn Productions,Herbert Brenon,"Ronald Colman, Lili Damita, Alfred Hickman, Theodore von Eltz, John Davidson"
671146,tt0308400,Im Prater blühn wieder die Bäume,Im Prater blühn wieder die Bäume,1929-11-25,1.3003,0.0,0,[],de,0,0,0,Hegewald Film,E.W. Emo,"Carl Auen, Teddy Bill, Valeria Blanka, Lilian Ellis, Werner Fuetterer"
500574,tt0447441,Die Siebzehnjährigen,Die Siebzehnjährigen,1929-01-09,1.3135,9.0,1,[18],de,0,0,0,,Georg Asagaroff,"Grete Mosheim, Martin Herzberg, Hans Adalbert Schlettow, Vera Baranovskaya, Eduard von Winterstein"
282706,tt0195701,The Woman and the Puppet,La Femme et le Pantin,1929-05-31,1.0599,5.818,11,[18],fr,0,0,115,Société des Cinéromans,Jacques de Baroncelli,"Conchita Montenegro, Raymond Destac, Henri Lévêque, Jean Dalbe, Andrée Canti"
585128,tt0323991,After the Fire in Russia,След пожара в Русия,1929-09-23,1.0344,8.0,1,[18],bg,0,0,65,,Boris Grezhov,"Tacho Kolarov, Baronesa Loudon, Konstantin Kisimov, Titi Tarnovska, Ivan Kasabov"
1447240,,Rönnbergin tanssit,Rönnbergin tanssit,1929-01-01,1.3444,0.0,0,[],fi,0,0,0,,Yrjö Norta,Rafael Ramstedt
305999,tt0020268,The Phantom of the North,The Phantom of the North,1929-05-27,1.1023,8.0,1,"[12, 37]",en,0,0,50,"Biltmore Productions (I), All Star Productions",Harry S. Webb,"Edith Roberts, Donald Keith, Kathleen Key, Boris Karloff, Joe Bonomo"
298388,tt0020404,Side Street,Side Street,1929-09-14,1.0211,5.9,7,"[18, 80]",en,0,0,74,RKO Radio Pictures,Malcolm St. Clair,"Tom Moore, Owen Moore, Matt Moore, Emma Dunn, Katherine Perry"
371351,tt0020324,The Return of Sherlock Holmes,The Return of Sherlock Holmes,1929-10-26,1.0764,9.0,1,[9648],en,0,0,71,Paramount Pictures,Basil Dean,"Clive Brook, H. Reeves-Smith, Betty Lawford, Charles Hay, Phillips Holmes"
1549936,tt21390886,Heroes of the Furnace,Герои домны,1929-02-05,1.3485,0.0,0,[18],ru,0,0,0,Sovkino,Evgeniy Ivanov-Barkov,"Ivan Shtraukh, Nadezhda Kovalyova, Evgeniy Tokmakov, Serhii Minin, Leonid Yurenyov"
1659732,tt0020561,The Voice of the Storm,The Voice of the Storm,1929-01-13,1.1299,10.0,1,[18],xx,0,0,65,Film Booking Offices of America (FBO),Lynn Shores,"Karl Dane, Martha Sleeper, Hugh Allan, Theodore von Eltz, Brandon Hurst"
305144,tt0019896,Fox Movietone Follies of 1929,Fox Movietone Follies of 1929,1929-05-25,1.1059,4.333,3,[10402],en,0,0,80,Fox Film Corporation,David Butler,"John Breeden, Lola Lane, DeWitt Jennings, Sharon Lynn, Arthur Stone"
130812,tt0020034,It's a Great Life,It's a Great Life,1929-12-06,1.1924,5.0,8,"[35, 10749]",en,0,0,93,Metro-Goldwyn-Mayer,Sam Wood,"Rosetta Duncan, Vivian Duncan, Lawrence Gray, Benny Rubin, Jed Prouty"
895866,tt0019807,Daughters of Desire,Daughters of Desire,1929-03-01,1.3669,8.0,1,[18],en,0,0,66,Excellent Pictures,Burton L. King,"Irene Rich, Richard Tucker, June Nash, Julius Molnar, Jackie Searl"
1117721,,Hout-industrie,Hout-industrie,1929-08-10,0.9992,0.0,0,[99],nl,0,0,0,,Otto van Neijenhoff,
1164662,tt0972795,Człowiek o błękitnej duszy,Człowiek o błękitnej duszy,1929-03-25,1.3235,0.0,0,[],pl,0,0,0,Kaden-Studio,Michał Machwic,"Zbigniew Sawan, Eugeniusz Bodo, Dolores Orsini, Tekla Trapszo, Alina Konopka"
190357,tt0020227,Nothing but the Truth,Nothing but the Truth,1929-04-20,1.2415,5.3,5,[35],en,0,0,78,Paramount Pictures,Victor Schertzinger,"Richard Dix, Berton Churchill, Louis John Bartels, Ned Sparks, Wynne Gibson"
1656516,tt0020019,In Old California,In Old California,1929-10-15,1.1368,9.0,1,"[18, 37]",en,0,0,60,Audible Pictures,Burton L. King,"Tom Keene, Helen Ferguson, Henry B. Walthall, Carlotta Monti, Ray Hallor"
1418590,tt0146859,Hat Aches,Hat Aches,1929-06-07,1.4536,8.0,1,[16],en,0,0,0,,"Manny Gould, Ben Harrison",
13847,tt0019630,Alibi,Alibi,1929-04-20,1.2093,5.9,24,"[80, 18]",en,0,0,91,"Feature Productions, United Artists",Roland West,"Chester Morris, Eleanor Griffith, Purnell Pratt, Pat O'Malley, Regis Toomey"
112721,tt0019716,Boxing Gloves,Boxing Gloves,1929-09-09,1.262,6.2,11,"[35, 10751]",en,0,0,17,Hal Roach Studios,Robert A. McGowan,"Johnny Aber, Norman Chaney, Joe Cobb, Jackie Cooper, Jean Darling"
634467,,Brummel,Brummel,1929-01-01,1.2147,7.0,1,[],fr,0,0,0,,Paul Grimault,
866442,,The Big Sorrow of a Small Woman,Большое горе маленькой женщины,1929-12-30,1.1433,0.0,0,[18],ru,0,0,0,VUFKU,Marko Tereshchenko,"Zoya Valevskaya, Ivan Sudbinin, S. Shimanskiy, Hanna Borysohlibska, Anton Klimenko"
983100,tt0018632,Agustina of Aragon,Agustina de Aragón,1929-11-02,1.4443,7.0,1,[],xx,0,0,62,Victoria Producción Nacional,Florián Rey,"Marina Torres, María Luz Callejo, Manuel San Germán, Alfredo Hurtado 'Pitusín', Ramón Meca"
1556578,,Price of a Man,Цена человека,1929-04-23,1.0125,0.0,0,[18],ru,0,0,0,Lenfilm,"Mikhail Averbakh, Mark Donskoy","Dmitriy Maloletnov, Igor Doronin, Roza Sverdlova, Klavdiya Destomb, Leonid Kmit"
169711,tt0019884,Flight,Flight,1929-09-14,1.0993,6.6,9,"[12, 28]",en,0,0,116,Columbia Pictures,Frank Capra,"Jack Holt, Lila Lee, Ralph Graves, Joe Bordeaux, Walter Brennan"
996709,,Minda Mora,Minda Mora,1929-08-01,1.3396,0.0,0,[18],xx,0,0,0,Filippine Productions,Arthur Matthews,"Rosa Del Rosario, Fernando Poe, Gloria Imperial"
330356,tt0335268,Macaco Feio… Macaco Bonito,Macaco Feio… Macaco Bonito,1929-01-01,1.1213,6.333,3,"[35, 16]",pt,0,0,6,Seel-Thomas Filme,"Luis Seel, João Stamato",
299862,tt0019979,Her Private Affair,Her Private Affair,1929-09-27,1.1332,4.111,9,"[18, 80]",en,0,0,71,Pathé Exchange,"Rollo Lloyd, Paul L. Stein","Ann Harding, Harry Bannister, John Loder, Kay Hammond, Arthur Hoyt"
50921,tt0020607,Wrong Again,Wrong Again,1929-02-23,1.289,6.795,39,[35],en,0,0,20,Hal Roach Studios,Leo McCarey,"Stan Laurel, Oliver Hardy, Harry Bernard, Josephine Crowell, William Gillespie"
173582,tt0019722,The Bridge of San Luis Rey,The Bridge of San Luis Rey,1929-03-30,0.964,8.0,4,[18],en,0,0,87,Metro-Goldwyn-Mayer,Charles Brabin,"Lili Damita, Ernest Torrence, Raquel Torres, Don Alvarado, Duncan Renaldo"
108746,tt0020074,Lady of the Pavements,Die Lady von der Straße,1929-01-22,1.3421,5.2,8,[18],en,0,0,85,"Art Cinema Corporation, Joseph M. Schenck Productions",D.W. Griffith,"Lupe Vélez, William Boyd, Jetta Goudal, Albert Conti, George Fawcett"
767845,tt0312971,Mlynář a jeho dítě,Mlynář a jeho dítě,1929-11-01,1.0512,9.0,1,[18],cs,0,0,0,Molas-Film,Zet Molas,"Jan Svoboda, Zet Molas, J. Kašpar, Antonie Nedošinská, Roza Schlesingerová"
61546,tt0020695,The Bishop Murder Case,The Bishop Murder Case,1929-12-31,1.177,5.406,16,[9648],en,0,0,88,Metro-Goldwyn-Mayer,"Nick Grindé, David Burton","Basil Rathbone, Leila Hyams, Roland Young, Alec B. Francis, George F. Marion"
322728,tt0019778,Code of the West,Code of the West,1929-11-01,1.0739,9.0,1,[37],en,0,0,53,G.A. Durlam Productions,J.P. McGowan,"Bob Custer, Vivian Bay, Bobby Dunn, Martin Cichy, Cliff Lyons"
520658,tt0020406,Silks and Saddles,Silks and Saddles,1929-01-20,1.1163,10.0,1,[18],en,0,0,59,Universal Pictures,Robert F. Hill,"Richard Walling, Marian Nixon, Sam De Grasse, Montagu Love, Mary Nolan"
44670,tt0019936,Gold Diggers of Broadway,Gold Diggers of Broadway,1929-08-30,1.0495,7.667,3,"[35, 10402]",en,532000,3967000,101,Warner Bros. Pictures,Roy Del Ruth,"Nancy Welford, Conway Tearle, Winnie Lightner, Ann Pennington, Lilyan Tashman"
515918,tt0020474,Sündig und süß,Sündig und süß,1929-07-01,1.1002,9.0,1,[35],de,0,0,0,Hom-AG für Filmfabrikation,Karel Lamač,"Anny Ondra, Julius Falkenstein, Hans Junkermann, Eugen Rex, Hermann Picha"
119118,tt0020461,The Studio Murder Mystery,The Studio Murder Mystery,1929-06-01,1.2282,4.7,9,[9648],en,0,0,62,Paramount Pictures,Frank Tuttle,"Neil Hamilton, Doris Hill, Warner Oland, Fredric March, Chester Conklin"
1164750,tt1037881,Z ramion w ramiona,Z ramion w ramiona,1929-05-06,1.1341,0.0,0,[],pl,0,0,0,,Artur Twardyjewicz,
963117,tt0020420,Smilin' Guns,Smilin' Guns,1929-03-31,0.9627,8.0,1,[37],en,0,0,60,Universal Pictures,Henry MacRae,"Hoot Gibson, Blanche Mehaffey, Virginia Pearson, Robert Graves, Leo White"
182775,tt0020542,The Vagabond Lover,The Vagabond Lover,1929-12-01,1.1137,4.714,7,"[35, 10402]",en,0,0,65,RKO Radio Pictures,Marshall Neilan,"Rudy Vallee, Sally Blane, Marie Dressler, Charles Sellon, Nella Walker"
1522404,,The Slave Isaura,A Escrava Isaura,1929-10-21,1.0753,0.0,0,[18],pt,0,0,0,Mundial Filme,Antonio Marques Filho,"Elisa Betty, Ronaldo de Alencar, Ruth Gentil, Celso Montenegro, Emílio Dumas"
625399,tt0020207,Der Narr seiner Liebe,Der Narr seiner Liebe,1929-08-01,1.0749,8.0,1,"[18, 10749]",de,0,0,90,Tschechowa Film,Olga Tschechowa,"Michael Chekhov, Dolly Davis, Alice Roberts, Oreste Bilancia, Marion Gerth"
467506,tt0413421,Little Veronika (Innocence),Die kleine Veronika (Unschuld),1929-11-21,1.0745,8.0,1,[18],de,0,0,70,"Wien-Film, Pan-Film KG Wien, Nero-Film AG",Robert Land,"Käthe von Nagy, Maly Delschaft, Karl Forest, Mizzi Zwerenz, Harry Hardt"
285775,tt0020263,Peachskin,Peau de pêche,1929-03-08,1.0742,6.6,5,[18],fr,0,0,89,Gaumont-Franco Film-Aubert (G.F.F.A),"Jean Benoît-Lévy, Marie Epstein","Denise Lorys, Maurice Touzé, Simone Mareuil, Jimmy Gaillard, Pierre Lecomte"
120540,tt0020516,The Trial of Mary Dugan,The Trial of Mary Dugan,1929-06-08,1.074,6.4,5,"[18, 80]",en,0,0,114,Metro-Goldwyn-Mayer,Bayard Veiller,"Norma Shearer, Lewis Stone, H.B. Warner, Raymond Hackett, Lilyan Tashman"
556649,tt0907768,La maison des hommes vivants,La maison des hommes vivants,1929-11-01,1.0727,0.0,0,[],fr,0,0,0,,"Marcel Dumont, Gaston Roudès","Rudolf Klein-Rogge, Simone Vaudry, Michèle Verly, Maurice Schutz, Jean Devalde"
1602041,tt0020317,The Red Sword,The Red Sword,1929-02-17,1.0722,9.0,1,"[12, 10749]",en,0,0,70,Film Booking Offices of America (FBO),Robert G. Vignola,"William Collier Jr., Marian Nixon, Carmel Myers, Demetrius Alexis, Alan Roscoe"
738392,tt0020047,José do Telhado,José do Telhado,1929-12-02,1.072,10.0,1,[12],pt,0,0,154,Lupo Film,Rino Lupo,"Abel Azevedo, Aida Lupo, Alberto Cardoso, Alberto Castelo, António Duarte"
423765,tt0020612,Young Nowheres,Young Nowheres,1929-10-20,1.0704,8.0,1,"[18, 10749]",en,0,0,65,First National Pictures,Frank Lloyd,"Richard Barthelmess, Marian Nixon, Bert Roach, Anders Randolf, Ray Turner"
1418567,tt0146451,Auto Suggestion,Auto Suggestion,1929-07-07,1.0698,7.0,1,[16],en,0,0,0,Robert Winkler Productions,"Manny Gould, Ben Harrison",
453646,tt0019754,The Case of Lena Smith,The Case of Lena Smith,1929-01-19,1.0696,6.0,5,"[18, 10749]",en,0,0,80,Paramount Pictures,Josef von Sternberg,"Esther Ralston, James Hall, Gustav von Seyffertitz, Emily Fitzroy, Fred Kohler"
681178,tt0435698,Meine Schwester und ich,Meine Schwester und ich,1929-08-27,1.0695,9.0,1,[35],de,0,0,109,,Manfred Noa,"Mady Christians, Hans Junkermann, Jack Trevor, Igo Sym, Tilla Garden"
1367457,,Forasteros en Caracas,Forasteros en Caracas,1929-03-01,1.0685,0.0,0,[35],es,0,0,66,Caracas Films,Max Serrano,"José Fernández, Ángel María Flores Cordero, Salvador, Josefina Briceño, Pilar Arcos"
1306072,,Horror Night,恐怖之夜,1929-01-01,1.0679,0.0,0,[27],zh,0,0,0,,Zhang Huimin,Wu Su-Xin
497229,tt0020071,Die Königsloge,Die Königsloge,1929-11-21,1.0672,10.0,1,"[18, 10749]",de,0,0,76,Warner Bros. Pictures,Bryan Foy,"Alexander Moissi, Camilla Horn, Sig Ruman, Lew Hearn, Egon Brecher"
564909,tt0020434,Song of Love,Song of Love,1929-11-13,1.0661,4.667,3,[10402],en,0,0,82,Edward Small Productions,Erle C. Kenton,"Belle Baker, Ralph Graves, David Durand, Eve Arden, Arthur Housman"
423748,tt0019827,The Doctor's Secret,The Doctor's Secret,1929-01-26,1.0649,7.0,1,[18],en,0,0,61,Paramount Pictures,William C. deMille,"Ruth Chatterton, H.B. Warner, John Loder, Robert Edeson, Wilfred Noy"
666200,tt0218035,Beaver Family,Beaver Family,1929-07-07,1.0638,8.0,1,[99],en,0,0,17,ONF | NFB,William J. Oliver,Grey Owl
556425,tt0019141,Wedding March,La marche nuptiale,1929-03-15,1.0638,10.0,1,[35],fr,0,0,0,,André Hugon,"Pierre Blanchar, Louise Lagrange, Paul Guidé, Olga Day, Janine Borelli"
1402654,,El Cerro Santa Lucía,El Cerro Santa Lucía,1929-11-06,1.0631,0.0,0,[99],en,0,0,10,Instituto de Cinematografía Educativa,Armando Rojas Castro,
1402654,,El Cerro Santa Lucía,El Cerro Santa Lucía,1929-11-06,1.0352,0.0,0,[99],en,0,0,10,Instituto de Cinematografía Educativa,Armando Rojas Castro,
1599467,tt0020579,When Dreams Come True,When Dreams Come True,1929-01-15,1.2661,9.0,1,[18],en,0,0,75,Trem Carr Pictures,Duke Worne,"Helene Costello, Rex Lease, Claire McDowell, Danny Hoy, Ernest Hilliard"
190092,tt0335110,Eternal Heart,不壊の白珠,1929-04-29,1.2348,6.0,5,"[18, 10749]",ja,0,0,111,Shochiku,Hiroshi Shimizu,"Emiko Yagumo, Minoru Takada, Michiko Oikawa, Jun Arai, Shin'ichirô Komura"
1105979,tt12636148,The Sixteenth,Տասնվեցերորդը,1929-01-01,1.1189,0.0,0,[18],hy,0,0,64,Armenkino,Patvakan Barkhudaryan,"Tatiana Vishnevskaia, A. Gorelov, Aram Amirbekyan, Eduard Khochik, L. Kolomenskiy"
86360,tt0020466,Sunny Side Up,Sunny Side Up,1929-12-25,1.1047,7.077,13,"[35, 10402, 10749]",en,0,0,121,Fox Film Corporation,David Butler,"Janet Gaynor, Charles Farrell, Marjorie White, El Brendel, Mary Forbes"
1370133,tt0020525,Two Men and a Maid,Two Men and a Maid,1929-06-10,1.0987,7.0,1,"[18, 10749]",en,0,0,73,Tiffany-Stahl Productions,George Archainbaud,"William Collier Jr., Alma Bennett, Eddie Gribbon, George E. Stone, Margaret Quimby"
1481512,tt0457075,Miryam,Miryam,1929-05-15,1.3117,8.0,1,[],en,0,0,92,,Enrico Guazzoni,Isa Pola
1194890,tt0208734,The Bishop's Candlesticks,The Bishop's Candlesticks,1929-03-29,1.1584,7.0,1,[18],en,0,0,22,Paramount Pictures,George Abbott,"Walter Huston, Charles S. Abbe, Josephine Hull"
480453,,Solovki,Соловки,1929-05-16,1.1275,0.0,0,[99],ru,0,0,79,Sovkino,Aleksandr Cherkasov,
634663,,Anschluß um Mitternacht,Anschluß um Mitternacht,1929-05-01,1.1148,0.0,0,"[18, 35, 10749]",de,0,0,90,"Ebner & Co., Maxim-Film GmbH",Mario Bonnard,"Marcella Albani, Ralph Arthur Roberts, Curt Bois, Jean Bradin, Lore Braun"
191381,tt0020025,The Informer,The Informer,1929-10-16,1.1371,6.333,15,[18],en,0,0,83,British International Pictures,Arthur Robison,"Lya De Putti, Lars Hanson, Warwick Ward, Carl Harbord, Dennis Wyndham"
762705,tt0467623,"Modan kaidan: 100,000,000 yen","モダン怪談100,000,000円",1929-07-19,1.1448,9.0,1,[35],ja,0,0,15,Shochiku,Torajirō Saitō,"Takeshi Sakamoto, Mitsuko Yoshikawa, Kenji Oyama, Shizuko Esaka, Kaoru Futaba"
105852,tt0019798,The Dance of Life,The Dance of Life,1929-08-16,1.1634,5.792,12,"[10749, 18, 10402]",en,0,0,115,Paramount Pictures,"A. Edward Sutherland, John Cromwell","Hal Skelly, Nancy Carroll, Dorothy Revier, Ralph Theodore, Charles D. Brown"
816188,tt0301482,The Ringing of a Bell,종소리,1929-05-16,1.016,7.0,1,"[10749, 18, 28]",ko,0,0,0,Geumkang Cinema,Sang-Jin Kim,"Kim Yeon-sil, Lee Won-yong, Kyeong-seon Lee"
1569071,tt0492107,Ladies Must Eat,Ladies Must Eat,1929-03-03,0.9959,8.0,1,[35],en,0,0,20,Mack Sennett Comedies,Harry Edwards,"Johnny Burke, Daphne Pollard, Vernon Dent, Thelma Salter, Natalie Joyce"
48734,tt0020094,Liberty,Liberty,1929-01-26,1.0817,6.906,69,[35],en,0,0,18,Hal Roach Studios,Leo McCarey,"Stan Laurel, Oliver Hardy, Sam Lufkin, James Finlayson, Harry Bernard"
190328,tt0020389,The Sixth Sense,El sexto sentido,1929-06-01,1.1707,6.107,14,[18],es,0,0,77,,"Eusebio Fernández Ardavín, Nemesio M. Sobrevila","Ricardo Baroja, Enrique Durán, Antonia Fernández, Eusebio Fernández Ardavín, Gertrudis Pajares"
502057,tt0019805,Dark Streets,Dark Streets,1929-08-11,1.0729,7.5,2,"[12, 28, 80]",en,0,0,60,First National Pictures,Frank Lloyd,"Jack Mulhall, Lila Lee, Aggie Herring, Earl Pingree, Will Walling"
315419,tt0020354,Saba,საბა,1929-09-10,1.03,5.286,7,[18],ka,0,0,100,"JSC ""Sakhkinmretsvi""",Mikheil Chiaureli,"Aleqsandre Jaliashvili, Veriko Anjaparidze, Andro Januashvili, Eka Chavchavadze"
48888,tt0020161,Men O' War,Men O' War,1929-06-29,1.0143,6.849,43,[35],en,0,0,19,Hal Roach Studios,Lewis R. Foster,"Stan Laurel, Oliver Hardy, James Finlayson, Anne Cornwall, Gloria Greer"
289384,tt0363619,The Framing of the Shrew,The Framing of the Shrew,1929-04-27,0.9753,7.0,3,[35],en,0,0,20,Christie Film Company,Arvid E. Gillstrom,"Edward Thompson, Evelyn Preer, Charles Olden, Spencer Williams, Roberta Hyson"
50909,tt0020489,They Go Boom!,They Go Boom!,1929-09-21,1.1715,6.909,55,[35],en,0,0,20,Hal Roach Studios,James Parrott,"Stan Laurel, Oliver Hardy, Charlie Hall, Sam Lufkin"
762117,tt0172357,"Drăguș, viața unui sat românesc","Drăguș, viața unui sat românesc",1929-12-04,1.0813,7.5,2,[99],ro,0,0,45,Seminarul de sosciologie al Universității din București,"Paul Sterian, Nicolae Argintescu-Amza",
1235149,tt0020226,Not Quite Decent,Not Quite Decent,1929-07-02,1.077,9.0,1,[18],en,0,0,58,Fox Film Corporation,Irving Cummings,"June Collyer, Louise Dresser, Allan Lane, Marjorie Beebe, Oscar Apfel"
556427,tt0177972,Sister of Mercy,La petite soeur des pauvres,1929-10-18,1.0422,9.0,1,[],fr,0,0,0,,Georges Pallu,"Desdemona Mazza, Georges Melchior, Lucette Martell, Monsieur de Saint-André, Cécile Didier"
388093,tt0020437,South Sea Rose,South Sea Rose,1929-12-09,1.1075,10.0,1,"[35, 18]",en,0,0,69,Fox Film Corporation,Allan Dwan,"Lenore Ulric, Charles Bickford, Kenneth MacKenna, J. Farrell MacDonald, Elizabeth Patterson"
189965,tt0018862,Eliso,ელისო,1929-11-11,0.9832,6.0,15,"[18, 36, 10749, 10752, 12]",ka,0,0,90,"JSC ""Sakhkinmretsvi""",Nikoloz Shengelaia,"Aleksander Imedashvili, Kohkta Karalashvili, Kira Andronikashvili, Tsetsilia Tsutsunava, Marika Chimishkyan"
443658,tt0230840,Sympathy,Sympathy,1929-08-29,1.0329,4.0,3,[35],en,0,0,10,Warner Bros. Pictures,Bryan Foy,"Hobart Cavanaugh, Regina Wallace, Harry Shannon, Wynne Gibson, Loretta Shea"
1405310,tt0469480,Our Sea,Нашето море,1929-12-06,1.1666,8.0,1,[99],bg,0,0,14,,Kiril Petrov,
1729153,tt12635816,Мёртвая петля,Мёртвая петля,1929-12-31,0.9715,0.0,0,[],ru,0,0,0,VUFKU,,Tatiana Vishnevskaia
871158,tt0019998,Hoofbeats of Vengeance,Hoofbeats of Vengeance,1929-06-04,1.1928,7.0,1,[37],en,0,0,47,Universal Pictures,Henry MacRae,"Rex, Jack Perrin, Starlight the Horse, Helen Foster, Al Ferguson"
556417,tt0202169,L'âme de Pierre,L'âme de Pierre,1929-09-06,0.9626,10.0,1,[],fr,0,0,0,,Gaston Roudès,"Georges Lannes, Gilbert Dany, Jacqueline Forzane, France Dhélia, Léon Malavier"
509823,tt0020021,In the Headlines,In the Headlines,1929-08-31,1.0254,10.0,1,[80],en,0,0,70,Warner Bros. Pictures,John G. Adolfi,"Grant Withers, Marian Nixon, Clyde Cook, Edmund Breese, Pauline Garon"
337833,tt0020503,Tiger Rose,Tiger Rose,1929-12-21,1.1384,7.0,1,"[28, 18, 10402]",en,0,0,63,Warner Bros. Pictures,George Fitzmaurice,"Rin-Tin-Tin, Lupe Vélez, Monte Blue, H.B. Warner, Tully Marshall"
556340,tt0183913,Train Without Eyes,Le train sans yeux,1929-02-01,1.1279,9.0,1,"[80, 28]",fr,0,0,0,,"Alberto Cavalcanti, Joseph Delmont","Hans Mierendorff, Gina Manès, Georges Charlia, Hanni Weisse, Albert Durec"
510855,tt0020569,The Way Through the Night,Der Weg durch die Nacht,1929-01-01,0.9496,9.0,1,[18],de,0,0,0,,Robert Dinesen,"Margita Alfvén, Sophie Pagay, Käthe von Nagy, René Navarre, Imre Ráday"
91715,tt0020479,The Taming of the Shrew,The Taming of the Shrew,1929-10-26,1.1358,5.8,16,[35],en,0,0,63,"United Artists, Elton Corporation, Pickford Corporation",Sam Taylor,"Mary Pickford, Douglas Fairbanks, Edwin Maxwell, Joseph Cawthorn, Clyde Cook"
528435,tt0019667,The Bachelor Girl,The Bachelor Girl,1929-05-20,0.9879,7.0,1,"[18, 10749]",en,0,0,66,Columbia Pictures,Richard Thorpe,"William Collier Jr., Jacqueline Logan, Edward Hearn, Thelma Todd, Halie Sullivan"
1328044,tt0193980,Graine au vent,Graine au vent,1929-06-26,1.0483,10.0,1,[],fr,0,0,0,,"Maurice Kéroul, Jacques Mills","Claudie Lombard, Henri Baudin, Céline James, Mathilde Alberti"
120833,tt0019644,Applause,Applause,1929-10-07,1.1072,6.185,27,"[10402, 18]",en,0,0,80,Paramount Pictures,Rouben Mamoulian,"Helen Morgan, Joan Peers, Fuller Mellish Jr., Jack Cameron, Henry Wadsworth"
1184687,,Parce que je t'aime,Parce que je t'aime,1929-11-15,1.0442,0.0,0,[],en,0,0,0,,Hewitt Claypoole Grantham-Hayes,"René Ferté, Diana Hart, Nicolas Rimsky, Elza Temary"
113063,tt0020419,Small Talk,Small Talk,1929-05-18,0.9539,6.05,10,"[35, 10751]",en,0,0,25,Hal Roach Studios,Robert F. McGowan,"Bobby 'Wheezer' Hutchins, Mary Ann Jackson, Joe Cobb, Allen 'Farina' Hoskins, Jean Darling"
1184183,tt0147681,Wash Day,Wash Day,1929-08-18,1.194,10.0,1,[16],en,0,0,0,,Mannie Davis,
769362,,But Why Is That?,А почему так?,1929-01-01,0.937,6.167,6,[18],ru,0,0,0,Sovkino,"Nikolay Dirin, A. Larionov","Leonid Ivanov-Rayev, Vladimir Romashkov, Fyodor Bogdanov, Olga Rozevskaya, Nikolay Mikhaylov"
1522448,,Revelation,Revelação,1929-05-06,1.3055,0.0,0,[18],pt,0,0,0,Uni-Filme Ltda.,Eugenio Centenaro Kerrigan,"Naly Grant, Ivo Morgova, Walter Holger, Roberto Zango, Raul Candal"
662676,tt0020150,Masquerade,Masquerade,1929-07-14,1.1198,10.0,1,"[9648, 18]",en,0,0,70,Fox Film Corporation,Russell Birdwell,"Alan Birmingham, Leila Hyams, Arnold Lucy, Clyde Cook, J. Farrell MacDonald"
556429,tt0020553,A Foolish Maiden,La Vierge folle,1929-01-04,0.9841,10.0,1,[],fr,0,0,0,,Luitz-Morat,"Emmy Lynn, Jean Angelo, Suzy Vernon, Maurice Schutz, Pierre Fresnay"
912596,tt0184586,The Honeymoon,The Honeymoon,1929-12-31,1.0678,7.0,1,[18],en,0,0,113,Paramount Pictures,Erich von Stroheim,"Zasu Pitts, Erich von Stroheim, Fay Wray, Matthew Betz, George Fawcett"
1194889,tt0230669,Pusher-in-the-Face,Pusher-in-the-Face,1929-03-28,1.0268,7.0,1,[35],en,0,0,28,Paramount Pictures,Robert Florey,"Lester Allen, Estelle Taylor, Lillian Walker, Raymond Hitchcock"
787340,tt0019818,Under The Southern Cross,Under The Southern Cross,1929-11-24,1.0907,10.0,1,"[99, 18]",en,0,0,57,,Lewis D. Collins,"Patiti Warbrick, Witarina Mitchell"
492667,tt0019728,The Broadway Hoofer,The Broadway Hoofer,1929-12-15,1.14,4.0,3,[10402],en,0,0,63,Columbia Pictures,George Archainbaud,"Marie Saxon, Jack Egan, Louise Fazenda, Howard Hickman, Ernest Hilliard"
198176,tt0019726,Broadway Babies,Broadway Babies,1929-06-30,1.072,6.167,6,"[18, 10402]",en,0,0,86,"First National Pictures, The Vitaphone Corporation",Mervyn LeRoy,"Alice White, Marion Byron, Sally Eilers, Charles Delaney, Tom Dugan"
556449,tt0019756,Ces dames aux chapeaux verts,Ces dames aux chapeaux verts,1929-09-27,1.0296,7.0,1,[35],xx,0,0,0,,André Berthomieu,"Gabrielle Fontan, René Lefèvre, Alice Tissot, Jean Dehelly, Thérèse Kolb"
220644,tt0020480,Tanned Legs,Tanned Legs,1929-11-10,0.9907,4.4,5,[35],en,0,0,71,RKO Radio Pictures,Marshall Neilan,"Arthur Lake, June Clyde, Dorothy Revier, Ann Pennington, Albert Gran"
190369,tt0152147,Ratskin,Ratskin,1929-08-14,1.3812,6.5,2,"[16, 35]",en,0,0,8,Robert Winkler Productions,"Manny Gould, Ben Harrison",
503493,tt0020564,Wall Street,Wall Street,1929-12-01,1.027,7.0,2,[18],en,0,0,68,Columbia Pictures,Roy William Neill,"Ralph Ince, Aileen Pringle, Philip Strange, Sam De Grasse, Freddie Burke Frederick"
294080,tt0020493,This Is Heaven,This Is Heaven,1929-06-22,1.0877,9.0,1,"[35, 10749]",en,0,0,90,Samuel Goldwyn Productions,Alfred Santell,"Vilma Banky, James Hall, Fritzi Ridgeway, Lucien Littlefield, Richard Tucker"
665414,tt0180393,Acabaram-se os Otários,Acabaram-se os Otários,1929-09-02,1.141,8.0,1,[35],pt,0,0,0,Syncrocinex,Luiz de Barros,"Genésio Arruda, Tom Bill, Vicenzo Caiaffa, Paraguassu, Rina Weiss"
243549,tt0020490,They Had to See Paris,They Had to See Paris,1929-09-18,1.1856,6.375,8,[35],en,0,0,82,Fox Film Corporation,Frank Borzage,"Will Rogers, Irene Rich, Marguerite Churchill, Ivan Lebedeff, Owen Davis Jr."
429535,tt0019892,Footlights and Fools,Footlights and Fools,1929-11-08,0.9723,7.0,1,"[10402, 18]",en,0,0,78,First National Pictures,William A. Seiter,"Colleen Moore, Raymond Hackett, Fredric March, Virginia Lee Corbin, Edward Martindel"
740948,tt0020070,Detectives,"Kys, Klap og Kommers",1929-09-01,1.1331,10.0,1,[35],da,0,0,149,Palladium Productions,Lau Lauritzen Sr.,"Carl Schenstrøm, Harald Madsen, Lili Lani"
425184,tt5587450,The Last Attraction,Последний аттракцион,1929-09-08,1.0637,6.5,2,[18],ru,0,0,71,Sovkino,"Ivan Pravov, Olga Preobrazhenskaya","Ivan Bykov, Elena Maksimova, Raisa Puzhnaya, Naum Rogozhin, Leonid Yurenyov"
1262368,tt0260059,Shelter of Clouds,ღრუბელთა თავშესაფარი,1929-05-21,1.0432,9.0,1,[18],ka,0,0,74,"JSC ""Sakhkinmretsvi""",Zakaria Berishvili,"Maria Tenazi, Dude Dzneladze, Zaal Terishvili, David Alavidze, Aleksandre Takaishvili"
589094,tt0020476,Treasure Mountain,宝の山,1929-02-22,0.9992,10.0,1,[],ja,0,0,67,,Yasujirō Ozu,"Tokuji Kobayashi, Yurie Hinatsu, Chōko Iida, Mariko Aoyama, Fumiko Okamura"
407615,tt0208884,Dad's Day,Dad's Day,1929-07-06,1.0911,7.0,1,[],en,0,0,20,Hal Roach Studios,Hal Roach,"Edgar Kennedy, Eddie Dunn, Irma Harrison, May Milloy"
269770,tt3534136,An Orphan,雪中孤雏,1929-01-01,1.0411,0.0,0,[],zh,0,0,76,,Zhang Huimin,"Wu Su-Xin, Han Lan-Gen, Honghong Li, Sheng Xiaotian, Lixia Shen"
407616,tt0209119,Madame Q,Madame Q,1929-06-08,0.9788,6.8,5,[35],en,0,0,20,Hal Roach Studios,Leo McCarey,"Jocelyn Lee, Edgar Kennedy, Frank Alexander, Eddie Dunn, Broderick O'Farrell"
113044,tt0020307,Railroadin',Railroadin',1929-06-15,0.9,6.0,9,"[35, 10751]",en,0,0,19,Hal Roach Studios,Robert F. McGowan,"Bobby 'Wheezer' Hutchins, Joe Cobb, Allen 'Farina' Hoskins, Mary Ann Jackson, Harry Spear"
516241,tt0019927,The Girl from Woolworth's,The Girl from Woolworth's,1929-10-27,1.084,9.0,1,"[35, 10402]",en,0,0,60,First National Pictures,William Beaudine,"Alice White, Gladden James, Bert Moorhouse, Patricia Caron, William Orlamond"
529547,tt0020515,Trial Marriage,Trial Marriage,1929-03-10,0.9085,10.0,1,[18],en,0,0,73,Columbia Pictures,Erle C. Kenton,"Norman Kerry, Sally Eilers, Jason Robards Sr., Thelma Todd, Charles Clary"
745477,tt16380332,The Adventures of a Penny,Пригоди полтинника,1929-01-01,1.0095,0.0,0,"[10751, 18]",uk,0,0,82,VUFKU,Aksel Lundin,"Kolia Kopelian, D. Lyubchenko, Ivan Kononenko-Kozelskyi, E. Lyubchenko, D. Orlova"
503366,tt0019980,Her Private Life,Her Private Life,1929-08-25,1.2086,3.0,3,"[18, 10749]",en,0,0,80,First National Pictures,Alexander Korda,"Billie Dove, Walter Pidgeon, Holmes Herbert, Montagu Love, Thelma Todd"
1113296,tt0019911,"Frühlingsrauschen - Tränen, die ich dir geweint","Frühlingsrauschen - Tränen, die ich dir geweint",1929-10-08,1.0751,7.0,1,"[18, 10749]",de,0,0,104,Universal Pictures Germany,William Dieterle,"William Dieterle, Lien Deyers, Julius Brandt, Elsa Wagner, Nikolai Malikoff"
151068,tt0020230,The New Babylon,Новый Вавилон,1929-03-18,1.017,6.1,26,"[18, 36]",ru,0,0,92,Sovkino,"Leonid Trauberg, Grigori Kozintsev","Yelena Kuzmina, Pyotr Sobolevsky, David Gutman, Sofiya Magarill, Andrei Kostrichkin"
205793,tt0020166,Mexicali Rose,Mexicali Rose,1929-12-26,1.0707,5.6,10,"[18, 10749]",en,0,0,60,Columbia Pictures,Erle C. Kenton,"Barbara Stanwyck, Sam Hardy, William Janney, Louis Natheaux, Harry J. Vejar"
188912,tt0019730,Broadway Scandals,Broadway Scandals,1929-11-10,1.6128,6.5,2,"[10402, 35, 18]",en,0,0,73,Columbia Pictures,George Archainbaud,"Sally O'Neil, Jack Egan, Carmel Myers, Doris Dawson, Tom O'Brien"
285127,tt0020562,The Wagon Master,The Wagon Master,1929-09-08,0.957,7.0,1,[37],en,0,0,70,Ken Maynard Productions Inc.,Harry Joe Brown,"Ken Maynard, Edith Roberts, Tom Santschi, Jack Hanlon, Al Ferguson"
424840,tt0019552,Waterloo,Waterloo,1929-11-07,1.0892,6.0,3,"[10752, 53, 36]",de,0,0,120,"Bavaria Film, Münchner Lichtspielkunst AG (Emelka)",Karl Grune,"Charles Willy Kayser, Charles Vanel, Otto Gebühr, Auguste Prasch-Grevenberg, Friedrich Ulmer"
681167,tt0020373,Die Schmugglerbraut von Mallorca,Die Schmugglerbraut von Mallorca,1929-07-31,0.9297,9.0,1,"[80, 18]",de,0,0,86,,Hans Behrendt,"Jenny Jugo, Friedrich Benfer, Clifford McLaglen, Raimondo Van Riel, Félix de Pomés"
249508,tt1031956,The Plasterers,The Plasterers,1929-12-28,1.1277,5.0,4,[35],en,0,0,7,Paramount Pictures,Monte Brice,"Charles O'Donnell, Jack Blair"
190361,tt0020602,Woman to Woman,Woman to Woman,1929-11-01,1.104,4.857,14,"[18, 10749]",en,0,0,75,"Gainsborough Pictures, Burlington Films",Victor Saville,"Betty Compson, George Barraud, Juliette Compton, Reginald Sharland, Winter Hall"
1164734,tt1042313,Magdalena,Magdalena,1929-05-10,1.0133,0.0,0,[],pl,0,0,0,,Konstanty Meglicki,
1113983,tt0139731,Wages of Sin,Wages of Sin,1929-02-02,1.0749,8.0,1,[18],xx,0,0,50,,Oscar Micheaux,"Lorenzo Tucker, William A. Clayton Jr., Rudolph Hind, Alice B. Russell"
1079949,tt1062257,Crystal Champions,Crystal Champions,1929-05-05,0.9157,0.0,0,[99],en,0,0,10,Sport Pictorials,Jack Eaton,Grantland Rice
289479,tt0020042,Jazz Heaven,Jazz Heaven,1929-11-03,0.8329,5.857,7,[35],en,0,0,68,RKO Radio Pictures,Melville W. Brown,"Sally O'Neil, Johnny Mack Brown, Clyde Cook, Joseph Cawthorn, Albert Conti"
283401,tt1832439,Don't Change Your Husband,情海重吻,1929-01-01,1.194,0.0,0,[18],zh,0,0,60,Da Zhonghua-Baihe Film Studio,Yunqing Xie,"Tianxiu Tang, Chen Yitang, Wang Naidong, Li Dandan, Wang Xieyan"
319118,tt0248374,The Rodeo,The Rodeo,1929-03-24,1.0008,9.0,1,[35],en,0,0,20,Mack Sennett Comedies,Alfred J. Goulding,"Raymond McKee, Ruth Hiatt, Mary Ann Jackson, Andy Clyde, Irving Bacon"
1667069,tt0019819,The Diamond Master,The Diamond Master,1929-02-03,1.1172,7.0,1,[18],en,0,0,200,Universal Pictures,Jack Nelson,"Hayden Stevenson, Louise Lorraine, Al Hart, Monte Montague, Louis Stern"
1465616,,Vendanges,Vendanges,1929-01-01,0.9336,0.0,0,[99],xx,0,0,33,,Georges Rouquier,
273869,tt0174101,A Pair of Tights,A Pair of Tights,1929-02-03,1.1387,7.75,8,[35],en,0,0,20,Hal Roach Studios,Hal Yates,"Anita Garvin, Marion Byron, Edgar Kennedy, Stuart Erwin, Spec O'Donnell"
173572,tt0020088,The Leatherneck,The Leatherneck,1929-02-24,1.0028,5.682,11,"[10752, 18]",en,0,0,65,,Howard Higgin,"William Boyd, Alan Hale, Robert Armstrong, Fred Kohler, Diane Ellis"
484017,tt0019770,The City of Play,The City of Play,1929-07-01,1.0377,8.0,1,[18],en,0,0,80,Gainsborough Pictures,Denison Clift,"Chili Bouchier, Patrick Aherne, Lawson Butt, James Carew, Andrews Engelmann"
468335,tt0020128,Madonna of Avenue A,Madonna of Avenue A,1929-06-21,1.0855,7.0,1,[18],en,0,0,71,Warner Bros. Pictures,Michael Curtiz,"Dolores Costello, Grant Withers, Douglas Gerrard, Louise Dresser, Otto Hoffman"
517728,tt0131131,Hingabe,Hingabe,1929-01-01,1.0518,7.0,1,[18],de,0,0,0,,Guido Brignone,"Marcella Albani, Hans Adalbert Schlettow, Clementine Plessner"
137118,tt0019796,"I Graduated, But...",大学は出たけれど,1929-09-06,1.1598,5.769,26,[35],ja,0,0,11,"Shochiku, Shochiku Kinema (Kamata)",Yasujirō Ozu,"Minoru Takada, Kinuyo Tanaka, Utako Suzuki, Kenji Oyama, Shinichi Himori"
288521,tt0020585,Why Be Good?,Why Be Good?,1929-02-28,1.3047,6.769,13,"[35, 18, 10749]",en,0,0,84,First National Pictures,William A. Seiter,"Colleen Moore, Bodil Rosing, John St. Polis, Neil Hamilton, Edward Martindel"
230851,tt0020044,Harbour Drift,Jenseits der Straße,1929-01-01,1.0029,7.0,7,[18],de,0,0,74,Prometheus-Film-Verleih,Leo Mittler,"Lissy Arna, Paul Rehkopf, Fritz Genschow, Friedrich Gnaß, Sig Arno"
726911,tt0178107,Willi's Nightmare,Willis Zukunftstraum,1929-01-02,0.8924,10.0,1,[16],de,0,0,5,,Paul N. Peroff,
375699,tt0138755,A Romance of Seville,A Romance of Seville,1929-05-20,1.1547,6.0,4,[10749],en,0,0,62,British International Pictures,Norman Walker,"Alexander D'Arcy, Marguerite Allan, Randle Ayrton, Cecil Barry, Eugenie Amami"
150537,tt0020193,Mother Krause's Journey to Happiness,Mutter Krausens Fahrt ins Glück,1929-12-30,1.239,6.8,18,[18],de,0,0,133,Prometheus-Film-Verleih,Phil Jutzi,"Alexandra Schmitt, Holmes Zimmermann, Ilse Trautschold, Gerhard Bienert, Vera Sacharowa"
190238,tt0140896,"China Town, My China Town","China Town, My China Town",1929-08-28,0.8916,5.4,5,[16],en,0,0,6,Fleischer Studios,Dave Fleischer,
1749765,tt0020578,When Caesar Ran a Newspaper,When Caesar Ran a Newspaper,1929-05-11,1.0548,0.0,0,[35],en,0,0,20,Christie Film Company,Walter Graham,"Raymond Hatton, Sam Hardy, Betty Lorraine, Maude Truax, Carl Stockdale"
190289,tt0419184,Taro's Toy Train,太郎さんの汽車,1929-06-18,0.9193,5.667,9,"[28, 35, 16]",ja,0,0,15,Yokohama Cinema Shokai,Yasuji Murata,
671073,tt0020328,Rich People,Rich People,1929-12-07,0.9489,8.0,1,"[18, 10749]",en,0,0,75,Pathé Exchange,Edward H. Griffith,"Constance Bennett, Robert Ames, Regis Toomey, Ilka Chase, Mahlon Hamilton"
1550069,tt11916474,Toguy Island,Остров Тогуй,1929-10-04,0.9935,0.0,0,"[12, 28]",ru,0,0,0,Gosvoenkino,Pyotr Malakhov,"Nikolay Kutuzov, Pavel Poltoratskiy, Ivan Kozlov, A. Nechayev, Aleksandr Timontayev"
646309,tt0020316,Red Hot Speed,Red Hot Speed,1929-01-27,1.0592,7.0,1,[35],en,0,0,60,Universal Pictures,Joseph Henabery,"Reginald Denny, Alice Day, Charles Byer, Tom Ricketts, DeWitt Jennings"
1062778,,Сектанты,Сектанты,1929-12-01,0.9916,0.0,0,[],ru,0,0,0,,Vladimir Korolevich,
1612863,tt0325400,Flying High,Flying High,1929-07-22,0.9768,10.0,1,[35],en,0,0,20,Universal Pictures,Ben Holmes,"George J. Lewis, Walter Brennan, Andy Devine, Churchill Ross, Robert Livingston"
271487,tt0248263,Only Me,Only Me,1929-01-21,1.0597,5.4,5,[],en,0,0,15,,Lupino Lane,"Lupino Lane, Wallace Lupino"
675840,tt0019847,Die Ehe,Die Ehe,1929-04-23,0.8291,8.0,1,"[18, 99]",de,0,0,64,Laender Film,Eberhard Frowein,"Lil Dagover, Gustav Diessl, Maria Matray, Livio Pavanelli, Daisy Spies"
190256,tt0019800,Dangerous Curves,Dangerous Curves,1929-07-12,1.1634,6.571,7,[18],en,0,0,75,Paramount Pictures,Lothar Mendes,"Clara Bow, Richard Arlen, Kay Francis, David Newell, Anders Randolf"
1006303,tt11886328,The Gentleman and the Rooster,Джентльмен и петух,1929-08-22,0.8875,0.0,0,[35],ru,0,0,29,Belgoskino,Vladimir Ballyuzek,"Leonid Dobrovolsky, Valentina Baranova, Elena Volyntseva, Kirill Gun, Stepan Kuznetsov"
1309715,tt0019991,Hold Your Man,Hold Your Man,1929-09-15,1.0502,8.0,1,[35],en,0,0,60,Universal Pictures,Emmett J. Flynn,"Laura La Plante, Scott Kolk, Eugene Borden, Mildred Van Dorn"
39047,tt0020072,The Lady Lies,The Lady Lies,1929-09-21,0.9414,5.333,6,[18],en,0,0,73,Paramount Pictures,Hobart Henley,"Walter Huston, Claudette Colbert, Charles Ruggles, Patricia Deering, Tom Brown"
448991,tt0020459,Strong Boy,Strong Boy,1929-03-03,1.1389,6.0,2,"[18, 35]",en,0,0,62,Fox Film Corporation,John Ford,"Victor McLaglen, Leatrice Joy, J. Farrell MacDonald, Clyde Cook, Buddy Roosevelt"
1113985,tt0139736,When Men Betray,When Men Betray,1929-09-01,0.8733,9.0,1,[18],en,0,0,0,,Oscar Micheaux,"Katherine Noisette, William A. Clayton Jr., Lorenzo Tucker"
190348,tt0136328,Ko-Ko's Hypnotism,Ko-Ko's Hypnotism,1929-07-13,0.9534,9.0,1,"[35, 16]",en,0,0,8,Inkwell Studios,Dave Fleischer,
233828,tt0017896,A Ziegfeld Midnight Frolic,A Ziegfeld Midnight Frolic,1929-05-04,0.9954,4.8,5,[10402],en,0,0,15,Paramount Pictures,Joseph Santley,"Eddie Cantor, Richard Dix, Mary Eaton, Oscar Shaw, Eddie Elkins"
725930,tt0019837,The Drifter,The Drifter,1929-03-18,0.92,9.0,1,"[28, 12, 37]",en,0,0,60,Film Booking Offices of America (FBO),Robert De Lacey,"Tom Mix, Dorothy Dwan, Barney Furey, Albert J. Smith, Frank Austin"
353118,tt0020443,Splinters,Splinters,1929-12-23,0.9092,10.0,1,"[10402, 35]",en,0,0,84,"British & Dominions Film Corporation, The Gramophone Company",Jack Raymond,"Hal Jones, Reg Stone, Nelson Keys, Sydney Howard, Lew Lake"
364180,tt0307400,His Head,Sa tête,1929-01-01,0.9079,7.5,2,"[18, 80]",fr,0,0,36,,Jean Epstein,"France Dhélia, René Ferté, Irma Perrot, Nino Constantini"
269771,tt15662958,My Son Was a Hero,儿子英雄,1929-01-01,1.047,0.0,0,"[35, 18]",zh,0,0,71,,Yang Xiao-Zhong,"He Zhigang, Xu Jingzhen, Jingling Hong, Jiqun Liu, Wei-Lien Kao"
556443,tt0020522,You Belong to Me,Tu m'appartiens!,1929-11-01,0.8562,9.0,1,[18],fr,0,0,106,Société des Établissements L. Aubert,Maurice Gleize,"Camille Bert, Suzy Vernon, Victor Vina, René Alexandre, Francesca Bertini"
407086,tt0019692,The Big Squawk,The Big Squawk,1929-05-25,0.8439,8.0,1,[35],en,0,0,20,Hal Roach Studios,Warren Doane,"Charley Chase, Nina Quartero, Gale Henry, Edgar Kennedy, Jay Eaton"
462195,tt0019757,The Charlatan,The Charlatan,1929-04-13,1.0144,4.6,5,[53],en,0,0,63,Universal Pictures,George Melford,"Holmes Herbert, Margaret Livingston, Rockliffe Fellowes, Philo McCullough, Anita Garvin"
904069,tt0259980,Uprising in Guria,ჯანყი გურიაში,1929-09-09,1.2437,7.0,4,"[10752, 28, 12, 18]",ka,0,0,185,"JSC ""Sakhkinmretsvi""",Alexandre Tsutsunava,"Aleksandre Mesniyaev, Kotsia Eristavi, I.Korsunskaia, Tariel Gurieli, Tamara Bolqvadze"
578786,tt0019685,Below the Deadline,Below the Deadline,1929-01-02,0.9592,4.0,2,"[80, 18]",en,0,0,57,Chesterfield Motion Pictures Corporation,J.P. McGowan,"Frank Leigh, Barbara Worth, Arthur Rankin, Walter Merrill, J.P. McGowan"
438477,tt0170335,The Opry House,The Opry House,1929-08-20,0.9433,7.0,2,[10402],en,0,0,9,The Vitaphone Corporation,Murray Roth,"Lew Hearn, Doris Walker"
354784,tt0019926,The Girl from Havana,The Girl from Havana,1929-09-22,1.0704,10.0,1,[80],en,0,0,65,Fox Film Corporation,Benjamin Stoloff,"Lola Lane, Paul Page, Natalie Moorhead, Warren Hymer, Kenneth Thomson"
550328,tt0019676,Barnum Was Right,Barnum Was Right,1929-09-22,1.0249,7.5,2,"[35, 28, 10749]",en,0,0,42,Universal Pictures,Del Lord,"Glenn Tryon, Merna Kennedy, Otis Harlan, Basil Radford, Clarence Burton"
483518,tt0020337,Alf's Carpet,Alf's Carpet,1929-11-01,0.9495,10.0,1,"[35, 14]",en,0,0,65,British International Pictures,W.P. Kellino,"Gerald Rawlinson, Gladys Hamer, Philip Newland, Edward O'Neill, Janice Adair"
1693394,,H.M. de koningin onthult gebrandschilderd raam,H.M. de koningin onthult gebrandschilderd raam,1929-01-01,0.953,0.0,0,[99],xx,0,0,0,Filmfabriek Polygoon,,Queen Wilhelmina of the Netherlands
515747,tt0020186,A Most Immoral Lady,A Most Immoral Lady,1929-09-22,1.0304,3.333,3,[],en,0,0,77,,John Griffith Wray,"Leatrice Joy, Walter Pidgeon, Sidney Blackmer, Montagu Love, Josephine Dunn"
428159,tt0019872,Fast Life,Fast Life,1929-09-01,0.9524,9.0,1,"[80, 18]",en,0,0,90,First National Pictures,John Francis Dillon,"Douglas Fairbanks Jr., Loretta Young, William Holden, Frank Sheridan, Chester Morris"
465488,tt0019964,Hardboiled Rose,Hardboiled Rose,1929-03-30,0.9139,8.0,1,"[80, 18, 10749]",en,0,0,60,Warner Bros. Pictures,F. Harmon Weight,"Myrna Loy, John Miljan, Gladys Brockwell, Lucy Beaumont, Ralph Emerson"
949879,tt0020417,The Sky Skidder,The Sky Skidder,1929-01-13,0.9653,8.0,1,[28],en,0,0,57,Universal Pictures,Bruce Mitchell,"Al Wilson, Helen Foster, Wilbur McGaugh, Gilbert Holmes"
1140290,tt0019742,Calling Hubby's Bluff,Calling Hubby's Bluff,1929-02-03,1.2555,10.0,1,[35],en,0,0,20,"Mack Sennett Comedies, Pathé Exchange",Harry Edwards,"Billy Bevan, Vernon Dent, Carmelita Geraghty, Dot Farley, Irving Bacon"
147050,tt0122580,Lambchops,Lambchops,1929-10-31,1.1754,6.455,22,"[35, 10402]",en,0,0,8,"The Vitaphone Corporation, Warner Bros. Pictures",Murray Roth,"George Burns, Gracie Allen"
343326,tt3416836,Corrida,Corrida,1929-06-05,0.8664,4.0,3,[99],fr,0,0,5,,Man Ray,
443663,tt1894553,Songology,Songology,1929-09-13,0.9655,0.0,0,[10402],en,0,0,9,Warner Bros. Pictures,Bryan Foy,"Coletta Ryan, Duke Yellman"
423766,tt0020596,The Wolf of Wall Street,The Wolf of Wall Street,1929-02-09,1.0346,8.375,4,[18],en,0,0,90,Paramount Pictures,Rowland V. Lee,"George Bancroft, Olga Baclanova, Nancy Carroll, Paul Lukas, Arthur Rankin"
898137,tt16043750,The Engagement,약혼,1929-02-23,1.0801,0.0,0,[18],ko,0,0,0,Central Kinemasa,Yeong-hwan Kim,"Ung Na, Yeong-ran Kim, Jeong-suk Kim"
464649,tt0020319,The Redeeming Sin,The Redeeming Sin,1929-02-16,1.1656,7.0,1,"[18, 10749, 80]",en,0,0,75,Warner Bros. Pictures,Howard Bretherton,"Dolores Costello, Conrad Nagel, George E. Stone, Philippe De Lacy, Lionel Belmore"
296376,tt0020471,Synthetic Sin,Synthetic Sin,1929-01-06,1.0608,10.0,1,[35],en,0,0,72,First National Pictures,William A. Seiter,"Colleen Moore, Antonio Moreno, Edythe Chapman, Kathryn McGuire, Gertrude Howard"
190081,tt0019498,Tusalava,Tusalava,1929-12-01,1.1531,5.913,23,[16],en,0,0,9,The Film Society,Len Lye,
297494,tt0019810,The Delightful Rogue,The Delightful Rogue,1929-09-21,1.0317,9.0,1,[18],en,0,0,71,RKO Radio Pictures,"Leslie Pearce, Lynn Shores","Rod La Rocque, Rita La Roy, Charles Byer, Ed Brady, Harry Semels"
1359280,tt0140933,Daisy Bell,Daisy Bell,1929-05-31,0.8905,8.0,1,[16],en,0,0,6,Fleischer Studios,Dave Fleischer,
898130,tt16044156,A House,혼가,1929-01-26,1.2906,0.0,0,[18],ko,0,0,0,Seoul Kinosa,Yuyeong Kim,"Hwa Yim, Tae-jin Kim, Yeong-hui Lee, Yongho Chu, Yeong-ung Lee"
423769,tt0019871,Fast Company,Fast Company,1929-09-20,0.8903,8.0,1,[35],en,0,0,70,,"A. Edward Sutherland, Edwin H. Knopf","Evelyn Brent, Jack Oakie, Richard 'Skeets' Gallagher, Sam Hardy, Arthur Housman"
246292,tt0020081,The Last of Mrs. Cheyney,The Last of Mrs. Cheyney,1929-07-06,1.4503,6.0,15,"[35, 18]",en,0,0,94,Metro-Goldwyn-Mayer,Sidney Franklin,"Norma Shearer, Basil Rathbone, George Barraud, Herbert Bunston, Hedda Hopper"
1071821,tt0021527,The Voice from the Sky,The Voice from the Sky,1929-12-01,1.0494,7.0,1,[878],en,0,0,0,Ben Wilson Productions,Ben F. Wilson,"Hal Taliaferro, Neva Gerber, Bob Walker, J.P. Lockney, Al Haskell"
235594,tt0019797,Dance Hall,Dance Hall,1929-12-27,0.9468,5.0,5,[18],en,0,0,59,RKO Radio Pictures,Melville W. Brown,"Olive Borden, Arthur Lake, Margaret Seddon, Ralph Emerson, Joseph Cawthorn"
443692,tt1894519,Pack Up Your Troubles,Pack Up Your Troubles,1929-11-19,0.8668,1.0,1,[10402],en,0,0,8,Warner Bros. Pictures,Murray Roth,Douglas Stanbury
634084,tt6837744,The Adventures of Baron Munchausen,Похождения Мюнхгаузена,1929-09-25,0.8333,8.0,2,"[16, 14]",ru,0,0,18,Mezhrabpomfilm,Daniil Cherkes,
1113334,tt0331561,"Lux, der König der Verbrecher","Lux, der König der Verbrecher",1929-03-12,1.1004,8.0,1,"[80, 18]",de,0,0,81,Albö-Film,Edmund Heuberger,"Carl Auen, Carla Bartheel, Paul Michelo Kramer, Hugo Werner-Kahle, Melitta Klefer"
1659654,tt0317141,Berlin After Dark,Berlin After Dark,1929-06-01,0.9376,9.0,1,[18],xx,0,0,75,UFA,Constantin J. David,"Kurt Gerron, Fritz Kampers, Gritta Ley, Paul Rehkopf, Ernst Stahl-Nachbaur"
654116,tt0177628,Die chinesische Nachtigall,Die chinesische Nachtigall,1929-02-27,0.9327,8.0,1,[16],de,0,0,8,Werbefilm GmbH Julius Pinschewer,Julius Pinschewer,Hans Mühlhofer
675567,tt0020571,Die weißen Rosen von Ravensberg,Die weißen Rosen von Ravensberg,1929-04-26,1.2121,7.0,1,[18],de,0,0,92,,Rudolf Meinert,"Diana Karenne, Viola Garden, Jack Trevor, Walter Janssen, Dolly Davis"
486179,tt0019967,The Hate Ship,The Hate Ship,1929-12-01,0.9827,7.0,1,[9648],en,0,0,85,,Norman Walker,"Jack Raine, Jean Colin, Jameson Thomas, Randle Ayrton, Carl Harbord"
535414,tt0020233,The Office Scandal,The Office Scandal,1929-03-03,0.9019,7.0,1,[18],en,0,0,69,Pathé Exchange,Paul L. Stein,"Phyllis Haver, Raymond Hatton, Margaret Livingston, Leslie Fenton, Dan Wolheim"
924669,tt0020340,Romance of the Rio Grande,Romance of the Rio Grande,1929-11-17,1.0422,8.0,1,"[37, 10749]",en,0,0,95,Fox Film Corporation,Alfred Santell,"Warner Baxter, Mona Maris, Mary Duncan, Antonio Moreno, Robert Edeson"
700728,tt0021548,White Cargo,White Cargo,1929-05-25,0.9032,8.0,1,[18],en,0,0,88,WP Film Company,"J.B. Williams, Arthur Barnes","Leslie Faber, Maurice Evans, John Hamilton, Sebastian Smith, Henri De Vries"
996690,tt2154572,Nanay Ko,Nanay Ko,1929-02-01,1.0895,0.0,0,[],xx,0,0,0,"Malayan Movies, Nepomuceno Productions",Jose Nepomuceno,Mary Walter
127822,tt0018996,High Treason,High Treason,1929-03-25,0.9262,6.1,10,"[10752, 18, 878]",en,0,0,95,Gaumont-British Picture Corporation,Maurice Elvey,"Jameson Thomas, Benita Hume, Humberston Wright, Basil Gill, Edith Barker Bennett"
221838,tt0020432,The Song Writers' Revue,The Song Writers' Revue,1929-11-27,1.1358,5.0,4,"[10402, 35]",en,0,0,20,Metro-Goldwyn-Mayer,Sammy Lee,"Gus Edwards, Dave Dreyer, Fred E. Ahlert, Roy Turk, Ray Heindorf"
467738,tt0020000,Hot Stuff,Hot Stuff,1929-05-05,1.0712,10.0,1,[35],en,0,0,70,First National Pictures,Mervyn LeRoy,"Alice White, Louise Fazenda, William Bakewell, Doris Dawson, Charles Sellon"
467737,tt0019932,Glad Rag Doll,Glad Rag Doll,1929-05-04,1.0909,9.0,1,"[10749, 35]",en,0,0,70,"First National Pictures, Warner Bros. Pictures",Michael Curtiz,"Dolores Costello, Ralph Graves, Audrey Ferris, Albert Gran, Maude Turner Gordon"
352692,tt0020469,Sweetie,Sweetie,1929-10-25,0.9875,6.6,4,"[35, 10749]",en,0,0,95,Paramount Pictures,Frank Tuttle,"Nancy Carroll, Helen Kane, Stanley Smith, Jack Oakie, William Austin"
935604,tt0123899,The Mannequins,Højt paa en Kvist,1929-12-26,0.7985,7.0,2,[35],da,0,0,97,Palladium,Lau Lauritzen Sr.,"Carl Schenstrøm, Harald Madsen, Nina Kalckar, Marguerite Viby, Victor Wulff"
190265,tt0019939,Blue Express,Голубой экспресс,1929-12-05,1.1401,4.0,6,[18],ru,0,0,61,Sovkino,Ilya Trauberg,"Yakov Gudkin, Serhii Minin, Ivan Arbenin-Padokhin"
219967,tt0020109,The Lost Zeppelin,The Lost Zeppelin,1929-12-19,1.1504,5.8,5,[12],en,0,0,72,Tiffany-Stahl Productions,Edward Sloman,"Conway Tearle, Virginia Valli, Ricardo Cortez, Duke Martin, Kathryn McGuire"
544327,tt0020202,The Night Belongs to Us,Die Nacht gehört uns,1929-12-23,1.4952,7.5,2,[18],de,0,0,110,Carl Froelich-Film GmbH,"Henry Roussel, Carl Froelich","Hans Albers, Charlotte Ander, Otto Wallburg, Walter Janssen, Ida Wüst"
233946,tt0020179,"Moan & Groan, Inc.","Moan & Groan, Inc.",1929-12-07,1.1807,6.214,7,[35],en,0,0,20,Hal Roach Studios,Robert F. McGowan,"Norman Chaney, Allen 'Farina' Hoskins, Jackie Cooper, Bobby 'Wheezer' Hutchins, Mary Ann Jackson"
204643,tt0020613,The Younger Generation,The Younger Generation,1929-03-04,0.9814,6.9,12,[18],en,0,0,84,Columbia Pictures,Frank Capra,"Jean Hersholt, Lina Basquette, Ricardo Cortez, Rex Lease, Rosa Rosanova"
388130,tt0258232,Tanka the Bar Girl,Танька-трактирщица,1929-01-15,1.0076,10.0,1,[18],ru,0,0,42,Sovkino,Boris Svetozarov,"Neonila Ivanova-Tolmachyova, Kuzma Yastrebetsky, Lyubov Nenasheva, Aleksandr Timontayev, Aleksandr Antonov"
319655,tt0019806,Darkened Rooms,Darkened Rooms,1929-11-23,1.1348,6.563,8,[9648],en,0,0,66,,Louis J. Gasnier,"Evelyn Brent, Neil Hamilton, Doris Hill, David Newell, Gale Henry"
178938,tt0020218,Night Parade,Night Parade,1929-10-27,0.8975,5.2,6,[18],en,0,0,71,RKO Radio Pictures,Malcolm St. Clair,"Aileen Pringle, Hugh Trevor, Dorothy Gulliver, Robert Ellis, Ann Pennington"
1603301,tt0020428,Some Mother's Boy,Some Mother's Boy,1929-02-15,0.897,10.0,1,[18],en,0,0,60,Trem Carr Productions,Duke Worne,"Mary Carr, Jason Robards Sr., Jobyna Ralston, Henry A. Barrows, M.A. Dickinson"
190089,tt0020534,The Unholy Night,The Unholy Night,1929-09-13,0.9619,5.727,11,"[9648, 53, 27]",en,0,0,93,Metro-Goldwyn-Mayer,Lionel Barrymore,"Ernest Torrence, Roland Young, Dorothy Sebastian, Natalie Moorhead, Sydney Jarvis"
149092,tt0295259,Finis Terræ,Finis Terræ,1929-04-19,0.919,7.1,35,[18],fr,0,0,80,Société générale des films,Jean Epstein,"Gibois, Jean-Marie Laot, Malgorn, François Morin, Pierre"
610819,,Vamos Fallá do Norte,Vamos Fallá do Norte,1929-09-01,0.903,0.0,0,[10402],pt,0,0,3,Benedetti Filme,Paulo Benedetti,"Almirante, João de Barro, Noel Rosa"
768514,tt0322492,Hanka a Jindra,Hanka a Jindra,1929-08-30,0.875,8.0,1,"[18, 10749]",cs,0,0,0,Elektafilm,Oldřich Kmínek,"Jiřina Šejbalová, Václav Norman, Antonie Nedošinská, Oldřich Kubec, Josef Novák"
423771,tt0020308,Rainbow Man,Rainbow Man,1929-05-16,1.0298,10.0,1,"[35, 10402]",en,0,0,96,George W. Weeks Productions,Fred C. Newmeyer,"Eddie Dowling, Marian Nixon, Frankie Darro, Sam Hardy, Lloyd Ingraham"
1298060,,Το λιμάνι των δακρύων,Το λιμάνι των δακρύων,1929-01-01,1.0609,0.0,0,[18],el,0,0,0,,Dimitris Gaziadis,"Μίρβα Βιολάντη, Νικόλαος Ροζάν, Έμμα Βιτσώρη, Dimitris Tsakiris, Athanasios Marikos"
476778,tt0019748,Captain Lash,Captain Lash,1929-01-06,0.7803,8.0,1,"[12, 18]",en,0,0,60,Fox Film Corporation,John G. Blystone,"Victor McLaglen, Claire Windsor, Jane Winton, Clyde Cook, Arthur Stone"
1244040,tt0170748,At the Last Hour,უკანასკნელ საათს,1929-01-01,1.0569,8.0,1,[36],ka,0,0,45,"JSC ""Sakhkinmretsvi""",Mikheil Chiaureli,"Aleksandra Toidze, A. Kalabegishvili, Aleksandre Takaishvili, M. Statsenko, Andro Murusidze"
408947,tt0020325,The Return of the Rat,The Return of the Rat,1929-05-30,1.0333,6.6,5,"[80, 10749]",en,0,0,84,,Graham Cutts,"Ivor Novello, Isabel Jeans, Mabel Poulton, Gordon Harker, Marie Ault"
305571,tt0019765,Chinatown Nights,Chinatown Nights,1929-03-29,0.991,4.4,8,"[18, 28, 80]",en,0,0,83,Paramount Pictures,William A. Wellman,"Wallace Beery, Florence Vidor, Warner Oland, Jack McHugh, Jack Oakie"
736435,tt0133258,Das verschwundene Testament,Das verschwundene Testament,1929-07-05,0.966,9.0,1,[18],de,0,0,72,"Bratři Deglové, Hom-AG für Filmfabrikation",Rolf Randolf,"Carlo Aldini, Daisy D'Ora, Hans Junkermann, Jan W. Speerger, Sig Arno"
343436,tt0169154,Father Vojtech,Páter Vojtěch,1929-03-01,0.9066,8.667,3,"[18, 10749]",cs,0,0,96,Bratři Deglové,Martin Frič,"Karel Lamač, Suzanne Marwille, Josef Rovenský, L. H. Struna, Karel Schleichert"
882301,tt0234255,Mutiny,Мятеж,1929-02-14,1.0601,10.0,2,"[10752, 18]",ru,0,0,87,Sovkino,Semyon Timoshenko,"Pyotr Podvalniy, Aleksey Alekseyev, Tatyana Guretskaya, Ivan Razveyev, Valeri Solovtsov"
190364,tt0020481,Tarzan the Tiger,Tarzan the Tiger,1929-12-08,1.0757,4.714,7,[12],en,0,0,266,Universal Pictures,Henry MacRae,"Frank Merrill, Natalie Kingston, Al Ferguson, Lillian Worth, Sheldon Lewis"
429533,tt0019679,The Battle of Paris,The Battle of Paris,1929-11-30,1.0715,7.5,2,"[18, 10749]",en,0,0,80,Paramount Pictures,Robert Florey,"Gertrude Lawrence, Charles Ruggles, Walter Petrie, Gladys DuBois, Arthur Treacher"
576548,tt1049083,Ginger Snaps,Ginger Snaps,1929-03-24,1.0351,0.0,0,[35],en,0,0,15,Jack White,Charles Lamont,"Malcolm Sebastian, Leon Holmes"
1710254,,Forero News,Forero News,1929-05-05,1.0154,0.0,0,[],xx,0,0,0,,Pedro Sambarino,
774431,tt0020541,Uppercut O'Brien,Uppercut O'Brien,1929-12-22,1.0622,7.0,1,[35],en,0,0,18,Mack Sennett Comedies,Earle Rodney,"Harry Gribbon, Andy Clyde, Marjorie Beebe, Patsy O'Leary, Bert Swor"
190286,tt0140792,After the Ball,After the Ball,1929-11-08,0.9551,5.0,2,[16],en,0,0,5,Fleischer Studios,Dave Fleischer,
1599691,tt0020271,Pioneers of the West,Pioneers of the West,1929-11-01,1.1185,9.0,1,"[18, 37]",en,0,0,64,J.P. McGowan Productions,J.P. McGowan,"Tom Tyler, J.P. McGowan, Charlotte Winn, Mack V. Wright, Tom Bay"
1431903,tt0019925,Girl Crazy,Girl Crazy,1929-06-09,0.9085,8.0,1,[35],en,0,0,20,Mack Sennett Comedies,Mack Sennett,"Andy Clyde, Alma Bennett"
300936,tt0020356,Sailor's Holiday,Sailor's Holiday,1929-09-14,1.0625,6.125,4,[35],en,0,0,59,Pathé Exchange,Fred C. Newmeyer,"Alan Hale, Sally Eilers, George Cooper, Paul Hurst, Mary Carr"
147846,tt0020092,The Letter,The Letter,1929-03-17,0.8139,5.646,24,[18],en,0,0,65,Paramount Pictures,Jean de Limur,"Jeanne Eagels, Reginald Owen, Herbert Marshall, Irene Browne, O. P. Heggie"
467614,tt0020782,The Compulsory Husband,The Compulsory Husband,1929-11-13,0.9758,8.0,1,[35],en,0,0,100,British International Pictures,"Monty Banks, Harry Lachman","Monty Banks, Lillian Manton, Clifford Heatherley, Gladys Frazin, Trilby Clark"
191274,tt0020502,Tide of Empire,Tide of Empire,1929-03-23,0.8892,6.278,9,[37],en,0,0,73,Metro-Goldwyn-Mayer,Allan Dwan,"Renée Adorée, Tom Keene, George Fawcett, Fred Kohler, James Bradbury Sr."
919509,,Rampok Preanger,Rampok Preanger,1929-05-31,1.1442,0.0,0,"[18, 28]",xx,0,0,0,Halimoen Film,Nelson Wong,"Ining Resmini, MS Ferry"
443597,tt1706463,Pigskin Troubles,Pigskin Troubles,1929-03-07,1.1625,4.0,2,[],en,0,0,8,,Doc Salomon,"Jack Born, Elmer Lawrence, Lee Barth, Robert Livingston"
322402,tt0313907,Clunked on the Corner,Clunked on the Corner,1929-01-06,0.9945,7.0,1,[],en,0,0,18,,Harry Edwards,"Johnny Burke, Carmelita Geraghty, Vernon Dent, Art Rowlands, Andy Clyde"
283491,tt0132649,Arabesque,Étude cinégraphique sur une arabesque,1929-01-01,1.0492,6.5,20,[14],fr,0,0,8,,Germaine Dulac,Marie-Anne Malleville
190370,tt0019881,Finding His Voice,Finding His Voice,1929-06-21,1.0373,6.125,8,"[99, 16]",en,0,0,11,"Western Electric Sound System, Inkwell Studios","Max Fleischer, F. Lyle Goldman","Carlyle Ellis, Walter Scanlan, Billy Murray"
262260,tt0019813,The Desert Song,The Desert Song,1929-04-08,0.9126,6.2,4,"[10402, 10749]",en,354000,3022000,123,Warner Bros. Pictures,Roy Del Ruth,"John Boles, Carlotta King, Louise Fazenda, Johnny Arthur, Edward Martindel"
484013,tt0319159,The Celestial City,The Celestial City,1929-03-01,0.9635,8.0,1,"[80, 18]",en,0,0,0,BIF,J.O.C. Orton,"Norah Baring, Cecil Fearnley, Lewis Dayton, Malvina Longfellow, Henri De Vries"
506425,tt0019695,The Pub,Birtija,1929-01-01,0.8525,9.0,1,[18],sh,0,0,0,"Škola narodnog zdravlja ""Andrija Štampar""",Joza Ivakić,"Krunoslava Ebrić-Frlić, Mato Grković, Zlata Lanović, Branko Marjanović, Zora Marković"
128705,tt0342030,The Dawning Sky,明け行く空,1929-05-26,0.9881,6.0,3,"[18, 35]",ja,0,0,72,Shochiku,Torajirō Saitō,"Yoshiko Kawada, Reikichi Kawamura, Shoichi Kofujita, Mitsuko Takao, Shin Kuragata"
366007,tt0019920,Gentlemen of the Press,Gentlemen of the Press,1929-05-04,0.8943,6.667,3,[18],en,0,0,80,Paramount Pictures,Millard Webb,"Walter Huston, Kay Francis, Charles Ruggles, Betty Lawford, Norman Foster"
322817,tt0020365,Saturday's Children,Saturday's Children,1929-03-10,0.9203,8.0,1,"[35, 10749]",en,0,0,90,"First National Pictures, Walter Morosco Productions",Gregory La Cava,"Corinne Griffith, Grant Withers, Alma Tell, Lucien Littlefield, Albert Conti"
559431,tt0020438,Speakeasy,Speakeasy,1929-03-08,0.8928,6.0,2,"[18, 28]",en,0,0,62,Fox Film Corporation,Benjamin Stoloff,"Paul Page, Lola Lane, Sharon Lynn, Henry B. Walthall, Helen Ware"
220663,tt0020255,Painted Faces,Painted Faces,1929-11-19,0.8558,5.4,5,"[80, 9648, 10749]",en,0,0,74,Tiffany-Stahl Productions,Albert S. Rogell,"Joe E. Brown, Helen Foster, Dorothy Gulliver, Richard Tucker, Purnell Pratt"
600368,tt0020096,Light Fingers,Light Fingers,1929-07-29,0.9443,7.0,1,"[80, 18]",en,0,0,70,Columbia Pictures,Joseph Henabery,"Ian Keith, Dorothy Revier, Carroll Nye, Ralph Theodore, Tom Ricketts"
542054,tt0019791,Crazy Feet,Crazy Feet,1929-09-07,0.9599,6.8,2,[35],en,0,0,18,Hal Roach Studios,Warren Doane,"Charley Chase, Thelma Todd, Eddie Dunn, Edgar Kennedy, Harry Bowen"
111831,tt0018588,The Woman One Longs For,"Die Frau, nach der man sich sehnt",1929-04-29,1.143,6.0,7,[18],de,0,0,76,Terra-Filmkunst,Curtis Bernhardt,"Oskar Sima, Marlene Dietrich, Fritz Kortner, Frida Richard, Uno Henning"
285523,tt0324396,No Entry to the City,В город входить нельзя,1929-01-23,1.2125,8.5,2,"[53, 18, 9648]",ru,0,0,69,Mezhrabpomfilm,Yuri Zhelyabuzhsky,"Leonid Leonidov, Konstantin Eggert, Aleksandra Toidze, Boris Tamarin, Georgi Kovrov"
676185,tt0020376,Silence of the Forest,Das Schweigen im Walde,1929-11-05,0.9714,6.0,2,[18],de,0,0,96,Deutsche Universal-Film,William Dieterle,"William Dieterle, Rina Marsa, Petta Frederik, Karl Peter Gillmann"
614062,tt0020249,Outlawed,Outlawed,1929-01-21,0.905,7.0,1,[37],en,0,0,70,"William LeBaron Productions, Film Booking Offices of America (FBO)",Eugene Forde,"Tom Mix, Tony the Horse, Sally Blane, Frank Clark, Albert J. Smith"
1138363,tt0468185,Turn Him Loose,Turn Him Loose,1929-03-16,0.8428,7.0,1,[35],en,0,0,20,Christie Film Company,Eddie Baker,"Bobby Vernon, William Blaisdell, Eddie Barry, S.D. Wilcox, Bobby Dunn"
1659665,tt0019914,Fury of the Wild,Fury of the Wild,1929-01-06,1.0639,8.0,1,[18],xx,0,0,55,Robertson-Cole Pictures Corporation,Leon D'Usseau,"Ranger the Dog, Barbara Worth, Robert Homans, Pat J. O'Brien, Albert J. Smith"
600363,tt0019683,Behind Closed Doors,Behind Closed Doors,1929-02-24,0.9918,7.0,1,"[12, 80]",en,0,0,70,Columbia Pictures,Roy William Neill,"Virginia Valli, Gaston Glass, Otto Matieson, Andrés de Segurola, Fanny Midgley"
192968,tt0122388,Baby Rose Marie: The Child Wonder,Baby Rose Marie: The Child Wonder,1929-06-12,1.1315,6.5,4,"[10751, 10402]",en,0,0,8,"The Vitaphone Corporation, Warner Bros. Pictures",Bryan Foy,Rose Marie
1584791,tt0019820,Diane - Die Geschichte einer Pariserin,Diane - Die Geschichte einer Pariserin,1929-04-23,1.0125,10.0,1,[],de,0,0,0,,Erich Waschneck,"Olga Tschechowa, Henry Victor, Pierre Blanchar, Marion Gerth, Peter Voß"
948761,tt0020453,"Stewed, Fried and Boiled","Stewed, Fried and Boiled",1929-03-29,0.9695,7.0,1,[35],en,0,0,18,Fox Film Corporation,James Parrott,"Robert Benchley, Sylvia Field, Virginia Sale, Ed Brady"
723749,tt0020577,The Wheel of Life,The Wheel of Life,1929-06-15,0.9032,9.0,1,"[18, 10749]",en,0,0,55,Paramount Pictures,Victor Schertzinger,"Richard Dix, Esther Ralston, O. P. Heggie, Arthur Hoyt, Myrtle Stedman"
190346,tt0019690,Big News,Big News,1929-09-06,0.9831,4.5,9,"[9648, 35, 80]",en,0,0,75,Pathé Exchange,Gregory La Cava,"Robert Armstrong, Carole Lombard, Louis Payne, Wade Boteler, Charles Sellon"
501995,tt0465099,Was eine Frau im Frühling träumt,Was eine Frau im Frühling träumt,1929-03-01,1.0602,10.0,1,[35],de,0,0,0,,Curt Blachnitzky,"Paul Rehkopf, Anna Müller-Lincke, Kurt Vespermann, Colette Brettel, Julius Falkenstein"
898146,tt16047076,The Dark Road,암로,1929-01-29,0.9243,0.0,0,"[18, 36]",ko,0,0,0,Jinju Namhyang Kinemasa,Ho Gang,"Ho Gang, Gyeong-ok Park, Hong-rae Lee, Janghui Kang, Namgon Cha"
284886,tt0019958,Half Way to Heaven,Half Way to Heaven,1929-12-14,0.9661,6.0,3,"[18, 10749, 53]",en,0,0,66,Paramount Pictures,George Abbott,"Charles 'Buddy' Rogers, Jean Arthur, Paul Lukas, Helen Ware, Oscar Apfel"
621339,tt0020554,Ville Andeson’ Adventures,Ville Andesons äventyr,1929-09-21,1.0703,9.0,1,[35],sv,0,0,80,Filmfred Produktion,Sigurd Wallén,"Sune Holmqvist, Carl Hagman, Mona Geijer-Falkner, Gustaf Lövås, Dagmar Ebbesen"
266431,tt0020560,The Voice of the City,The Voice of the City,1929-04-13,1.2215,6.333,6,[80],en,0,0,81,Metro-Goldwyn-Mayer,Willard Mack,"Robert Ames, Willard Mack, Sylvia Field, Jim Farley, John Miljan"
535548,tt0019812,The Desert Rider,The Desert Rider,1929-05-11,1.0561,8.0,1,[37],en,0,0,45,Metro-Goldwyn-Mayer,Nick Grindé,"Tim McCoy, Raquel Torres, Bert Roach, Edward Connelly, Harry Woods"
619299,tt0829178,The Girl Who Wouldn't Wait,The Girl Who Wouldn't Wait,1929-05-01,0.8782,0.0,0,"[18, 10749]",en,0,0,96,Liberty Pictures,Leon Abrams,"Margaret Livingston, William Scott, Gertrude Short, Wilfrid North, Danny O'Shea"
347861,tt0020136,The Man and the Moment,The Man and the Moment,1929-07-06,1.0019,6.667,3,"[10749, 35]",en,0,0,75,First National Pictures,George Fitzmaurice,"Billie Dove, Rod La Rocque, Gwen Lee, Robert Schable, Charles Sellon"
381368,tt0020977,Hit the Deck,Hit the Deck,1929-12-25,0.9429,8.5,2,"[10402, 35]",en,0,0,103,RKO Radio Pictures,Luther Reed,"Jack Oakie, Polly Walker, Roger Gray, Franker Wood, Harry Sweet"
1026956,tt0445163,Aa mujo: Kohen,噫無情　後篇,1929-05-17,0.9783,9.0,1,[],ja,0,0,0,Nikkatsu Corporation,Seika Shiba,"Yōnosuke Toba, Yōko Umemura, Haruko Sawamura, Shinpachirō Asaka, Minoru Takase"
128284,tt0020321,Rain,Regen,1929-12-14,0.8634,7.407,81,[99],xx,0,0,16,Capi-Holland,"Mannus Franken, Joris Ivens",
1313156,,Alexander Calder,Alexander Calder,1929-01-01,0.9915,0.0,0,[99],en,0,0,5,Institut für Kulturforschung,Hans Cürlis,Alexander Calder
155232,tt0019746,Captain Fracasse,Le Capitaine Fracasse,1929-02-15,1.0492,6.5,6,[35],fr,0,0,92,Films P.J. de Venloo,"Alberto Cavalcanti, Henry Wulschleger","Pierre Blanchar, Lien Deyers, Charles Boyer, Daniel Mendaille, Pola Illéry"
712598,tt0019134,"Man, Woman and Wife","Man, Woman and Wife",1929-01-13,0.9652,7.0,1,[18],en,0,0,70,Universal Pictures,Edward Laemmle,"Norman Kerry, Pauline Starke, Marian Nixon, Byron Douglas, Kenneth Harlan"
466929,tt0297175,House of Horror,House of Horror,1929-04-28,0.9804,10.0,1,"[9648, 35, 27]",en,0,0,65,First National Pictures,Benjamin Christensen,"Louise Fazenda, Chester Conklin, James Ford, Thelma Todd, William V. Mong"
521645,tt0020254,The Painted Angel,The Painted Angel,1929-12-01,0.8674,10.0,1,"[18, 10402, 10749]",en,0,0,68,First National Pictures,Millard Webb,"Billie Dove, Edmund Lowe, George MacFarlane, Cissy Fitzgerald, J. Farrell MacDonald"
199754,tt0020599,Woman Trap,Woman Trap,1929-09-28,0.9647,5.3,7,[80],en,0,0,82,Paramount Pictures,William A. Wellman,"Hal Skelly, Chester Morris, Evelyn Brent, William B. Davidson, Effie Ellsler"
832291,tt7304336,The Glass Eye,Стеклянный глаз,1929-01-15,0.8822,0.0,0,"[35, 18]",ru,0,0,48,Mezhrabpomfilm,"Vitaliy Zhemchuzhniy, Lilya Brik","Anatoli Golovnya, Veronika Polonskaya, Nikolai Prozorovsky, Aleksey Zdrok"
476008,tt0020160,Melody Lane,Melody Lane,1929-07-20,1.0391,8.0,1,[18],en,0,0,76,Universal Pictures,Robert F. Hill,"Eddie Leonard, Josephine Dunn, Huntley Gordon, George E. Stone, Rose Coe"
284204,tt0020175,Mister Antonio,Mister Antonio,1929-10-15,1.0318,6.0,2,"[35, 18, 10749]",en,0,0,73,Tiffany-Stahl Productions,"Frank Reicher, James Flood","Leo Carrillo, Virginia Valli, Gareth Hughes, Frank Reicher, Eugenie Besserer"
898779,tt0020087,Leaping Love,Leaping Love,1929-06-22,1.0295,9.0,1,[35],en,0,0,21,Hal Roach Studios,Warren Doane,"Charley Chase, Isabelle Keith, Dixie Gay, Barbara Leonard, Maurice Black"
288429,tt0447565,Die Zirkusprinzessin,Die Zirkusprinzessin,1929-03-08,0.9188,9.0,1,[35],de,0,0,0,Aafa-Film,Victor Janson,"Harry Liedtke, Marianne Winkelstern, Trude Berliner, Hans Junkermann, Fritz Kampers"
1113519,tt0020201,Die stärkere Macht,Die stärkere Macht,1929-09-23,1.008,7.0,1,[18],de,0,0,100,,Gennaro Righelli,"Theodor Loos, Renée Héribel, Fritz Kortner, Alma Taylor, William Freshman"
443657,tt1894427,Charles C. Peterson: Billiard Champion of Fancy Shots,Charles C. Peterson: Billiard Champion of Fancy Shots,1929-08-29,0.9345,0.0,0,[],en,0,0,9,Warner Bros. Pictures,Murray Roth,Charles C. Peterson
1587165,tt0020395,The Shannons of Broadway,The Shannons of Broadway,1929-12-08,1.1595,8.0,1,[35],en,0,0,65,Universal Pictures,Emmett J. Flynn,"James Gleason, Lucile Gleason, Mary Philbin, John Breeden, Tom Santschi"
1522494,,Sinfonia da Floresta,Sinfonia da Floresta,1929-07-08,0.9222,0.0,0,[18],pt,0,0,0,Circuito Nacional de Exibidores,Vittorio Verga,"Luiza del Valle, Lia Brasil, Luiz Barreiras, Norberto Bittencourt, Augusto Aníbal"
264309,tt0020210,Navy Blues,Navy Blues,1929-12-20,0.8671,7.0,3,"[35, 18]",en,0,0,77,Metro-Goldwyn-Mayer,Clarence Brown,"William Haines, Anita Page, Karl Dane, J. C. Nugent, Edythe Chapman"
423764,tt0020435,Sonny Boy,Sonny Boy,1929-04-18,0.8631,7.0,1,[35],en,0,0,70,,Archie Mayo,"Davey Lee, Edward Everett Horton, Betty Bronson, Gertrude Olmstead, John T. Murray"
529503,tt0019718,The Burning Heart,Das brennende Herz,1929-02-16,0.9564,8.0,1,"[18, 10749]",de,0,0,113,Länderfilm GmbH,Ludwig Berger,"Mady Christians, Gustav Fröhlich, Friedrich Kayssler, Frida Richard, Ida Wüst"
363917,tt0367848,His Angel Child,His Angel Child,1929-02-16,1.0415,7.0,1,[35],en,0,0,12,Christie Film Company,Eddie Baker,"Bobby Vernon, Margaret Lee, Molly Malone, William Blaisdell, Eddie Baker"
1477911,tt11569944,For Your Health,За ваше здоровье,1929-03-26,1.1255,0.0,0,[18],ru,0,0,48,Mezhrabpomfilm,Aleksandr Dubrovskiy,"Aleksandr Chistyakov, Mariya Blyumental-Tamarina, Tamara Adelheim, Sergei Komarov"
1153297,tt0180462,Las aventuras de Pancho Talero,Las aventuras de Pancho Talero,1929-01-02,1.0085,8.0,1,[],es,0,0,0,,Arturo Lanteri,"Pepito Petray, Carlos Dux, Antonio Ber Ciani"
330168,tt0020449,Stark Mad,Stark Mad,1929-02-02,0.9535,5.5,2,"[80, 12, 28]",en,0,0,70,Warner Bros. Pictures,Lloyd Bacon,"H.B. Warner, Louise Fazenda, Jacqueline Logan, Henry B. Walthall, Claude Gillingwater"
1659747,tt0021560,The Woman Who Was Forgotten,The Woman Who Was Forgotten,1929-12-31,0.9331,10.0,1,[18],en,0,0,80,Trem Carr Pictures,Richard Thomas,"LeRoy Mason, Belle Bennett, Jack Mower, Gladys McConnell, Will Walling"
900293,tt0019689,The Big Diamond Robbery,The Big Diamond Robbery,1929-05-13,1.0279,7.0,4,[37],en,0,0,65,Film Booking Offices of America (FBO),Eugene Forde,"Tom Mix, Tony the Horse, Kathryn McGuire, Frank Beal, Martha Mattox"
305438,tt0020147,Married in Hollywood,Married in Hollywood,1929-09-22,0.7887,7.0,1,[10402],en,0,0,110,Fox Film Corporation,Marcel Silver,"J. Harold Murray, Norma Terris, Walter Catlett, Irene Palasty, Lennox Pawle"
556450,tt0197351,Chacun porte sa croix,Chacun porte sa croix,1929-09-27,0.9262,10.0,1,[],fr,0,0,89,,Jean Choux,"Lilian Constantini, Thérèse Reignier, Georges Oltramare, Henri Fabert, Fabien Frachet"
147211,tt0130168,Sea Urchins,Les oursins,1929-01-01,0.9383,6.438,24,[99],fr,0,0,10,Films Diamant,Jean Painlevé,
958540,tt0020592,The Winged Horseman,The Winged Horseman,1929-05-24,1.1047,7.0,1,[37],en,0,0,60,Universal Film Manufacturing Company,"B. Reeves Eason, Arthur Rosson","Hoot Gibson, Ruth Elder, Charles Schaeffer, Allan Forrest, Herbert Prior"
515749,tt0020032,The Isle of Lost Ships,The Isle of Lost Ships,1929-10-16,0.9981,7.0,1,"[28, 12, 10749]",en,0,0,84,First National Pictures,Irvin Willat,"Jason Robards Sr., Virginia Valli, Clarissa Selwynne, Noah Beery, Robert Emmett O'Connor"
1559381,tt1573896,The Captain's Daughter aka The Lieutenant's Daughter,大尉の娘,1929-11-01,0.9817,0.0,0,[],ja,0,0,0,,Namio Ochiai,"Yaeko Mizutani, Seiichi Katō, Wakao Tanabe, Jun Nemoto, Fumio Miyajima"
233840,tt0147510,Sleepy Holler,Sleepy Holler,1929-07-19,1.2802,7.0,1,[16],en,0,0,0,,"Ben Harrison, Manny Gould",
151448,tt0019714,"Bosko, the Talk-Ink Kid","Bosko, the Talk-Ink Kid",1929-05-01,0.9679,5.569,36,"[16, 35]",en,0,0,5,Harman-Ising Productions,Hugh Harman,"Rudolf Ising, Carman Maxwell"
173573,tt0020603,Wonder of Women,Wonder of Women,1929-07-20,1.0373,4.0,5,[18],en,0,0,95,Metro-Goldwyn-Mayer,Clarence Brown,"Lewis Stone, Leila Hyams, Peggy Wood, Harry Myers, Sarah Padden"
266253,tt0019625,After the Fog,After the Fog,1929-12-15,0.9557,8.0,2,"[28, 12, 80, 9648, 10749]",en,0,0,62,Beacon Productions,Leander De Cordova,"Mary Philbin, Edmund Burns, Carmelita Geraghty, Russell Simpson, Margaret Seddon"
979465,tt0447285,Meet the Missus,Meet the Missus,1929-03-30,0.8036,9.0,1,[35],en,0,0,20,Christie Film Company,Arvid E. Gillstrom,"James Gleason, Lucile Gleason"
470300,tt0020241,One Hysterical Night,One Hysterical Night,1929-10-05,1.0731,7.5,2,"[10749, 35]",en,0,0,75,Universal Pictures,William James Craft,"Reginald Denny, Nora Lane, E.J. Ratcliffe, Fritz Feld, Slim Summerville"
314043,tt0150513,Farm Relief,Farm Relief,1929-12-05,1.1732,9.5,2,[16],en,0,0,7,,"Ben Harrison, Manny Gould",
963119,tt0020077,The Lariat Kid,The Lariat Kid,1929-05-12,0.9826,9.0,1,[37],en,0,0,60,Universal Pictures,B. Reeves Eason,"Hoot Gibson, Ann Christy, C.E. Anderson, Mary Foy, Walter Brennan"
694358,tt7104940,Ashes,灰燼,1929-03-01,0.9277,0.0,0,[18],ja,0,0,0,,Minoru Murata,"Yuriko Hanabusa, Eiji Nakano, Shizue Natsukawa, Yutaka Mimasu, Isamu Kosugi"
317037,tt0020436,The Sophomore,The Sophomore,1929-08-24,0.952,5.333,3,[35],en,0,0,73,,Leo McCarey,"Eddie Quillan, Sally O'Neil, Stanley Smith, Jeanette Loff, Russell Gleason"
192831,tt0019035,Interference,Interference,1929-01-04,0.8351,7.6,5,"[18, 80]",en,0,0,83,"Paramount Famous Lasky Corporation, Paramount Pictures","Lothar Mendes, Roy Pomeroy","William Powell, Evelyn Brent, Clive Brook, Doris Kenyon, Tom Ricketts"
576545,tt0195531,Are Scotchmen Tight,Are Scotchmen Tight,1929-03-02,0.8962,8.0,1,[35],en,0,0,12,Christie Film Company,Neal Burns,"Jack Duffy, Eddie Barry, Neal Burns, Frank Fanning, James Harrison"
284241,tt0019971,Hearts in Dixie,Hearts in Dixie,1929-01-02,0.91,5.0,3,"[10402, 18]",en,0,0,71,Fox Film Corporation,Paul Sloane,"Stepin Fetchit, Clarence Muse, Eugene Jackson, Dorothy Morrison, A.C.H. Billbrew"
556650,tt0330619,The best mistress,La Meilleure Maîtresse,1929-12-31,0.8865,7.0,1,[],fr,0,0,0,,René Hervil,"Sandra Milovanoff, Tramel, Danièle Parola, Hubert Daix, Paul Amiot"
568058,tt0020467,Sunset Pass,Sunset Pass,1929-02-09,1.0095,8.0,1,[37],en,0,0,67,Paramount Pictures,Otto Brower,"Jack Holt, Nora Lane, John Loder, Christian J. Frank, Gilbert Holmes"
771188,tt0020367,Scandal,Scandal,1929-04-27,0.9741,10.0,1,[18],en,0,0,70,Universal Pictures,Wesley Ruggles,"Laura La Plante, Huntley Gordon, John Boles, Jane Winton, Julia Swayne Gordon"
733538,tt0192380,Revenge of an Actress,女伶復仇記,1929-01-01,0.9045,7.0,1,"[18, 10749]",zh,0,0,0,Hanlun Films,Bu Wan-Cang,"Chusheng Cai, Hanlun Wang, Zhanfei Gao"
295864,tt0019863,The Faker,The Faker,1929-01-02,1.3413,8.0,1,"[18, 35]",en,0,0,61,Columbia Pictures,Phil Rosen,"Jacqueline Logan, Charles Delaney, Warner Oland, Charles Hill Mailes, Gaston Glass"
212896,tt0019815,Devil-May-Care,Devil-May-Care,1929-12-27,0.988,6.167,6,[10749],en,0,0,97,Metro-Goldwyn-Mayer,Sidney Franklin,"Ramon Novarro, Dorothy Jordan, Marion Harris, John Miljan, William Humphrey"
626250,tt0020084,The Law of the Plains,The Law of the Plains,1929-08-19,1.0692,9.0,1,[37],en,0,0,55,J.P. McGowan Productions,J.P. McGowan,"Tom Tyler, Natalie Joyce, Al Ferguson, J.P. McGowan, William L. Nolte"
449641,tt0152535,Souris d'Hôtel,Souris d'Hôtel,1929-08-09,0.9918,7.0,1,"[35, 10749]",fr,0,0,85,Albatros,Adelqui Migliar,"Ica von Lenkeffy, Suzanne Delmas, Arthur Pusey, Elmire Vautier, Yvonneck"
287354,tt0020408,The Sin Sister,The Sin Sister,1929-02-10,1.0568,7.0,2,"[12, 10749, 18]",en,0,0,67,Fox Film Corporation,Charles Klein,"Nancy Carroll, Lawrence Gray, Josephine Dunn, Myrtle Stedman, Anders Randolf"
1326750,tt0020511,Tonight at Twelve,Tonight at Twelve,1929-09-29,0.829,4.0,2,[],en,0,0,78,Universal Pictures,Harry A. Pollard,"Madge Bellamy, Margaret Livingston, Robert Ellis, Vera Reynolds, Norman Trevor"
479261,tt0339678,The Silent House,The Silent House,1929-01-02,0.8908,7.0,1,"[80, 9648, 27]",en,0,0,88,Nettlefold Films,Walter Forde,"Mabel Poulton, Gibb McLaughlin, Arthur Pusey, Gerald Rawlinson, Albert Brouett"
465110,tt0020243,One Stolen Night,One Stolen Night,1929-03-15,0.9558,10.0,1,"[28, 18, 10749]",en,0,0,58,Warner Bros. Pictures,Scott R. Dunlap,"Betty Bronson, Mitchell Lewis, Harry Todd, Charles Hill Mailes, Nina Quartero"
184847,tt0020267,The Phantom in the House,The Phantom in the House,1929-10-20,0.9057,4.429,7,"[80, 18, 9648]",en,0,0,64,,Phil Rosen,"Ricardo Cortez, Nancy Welford, Henry B. Walthall, Grace Valentine, Thomas A. Curran"
501993,tt0435647,Die Garde-Diva,Die Garde-Diva,1929-11-01,0.855,10.0,1,[35],de,0,0,0,,Curt Blachnitzky,"Georg Alexander, Betty Astor, Anna Müller-Lincke, Ferdinand von Alten, Paul Rehkopf"
556665,tt0191611,Un soir au cocktail's bar,Un soir au cocktail's bar,1929-05-10,1.0131,3.667,3,[18],fr,0,0,0,,Roger Lion,"Marthe Mussine, Olga Valéry, Gil Clary, Gina Manès, Marthe Sarbel"
429130,tt0288460,You Don't Know the Half of It,You Don't Know the Half of It,1929-12-09,0.7527,5.0,2,[35],en,0,0,8,Warner Bros. Pictures,Murray Roth,"Jay Brennan, Ann Butler"
184203,tt0350725,College Hounds,College Hounds,1929-09-27,0.8811,6.5,6,[35],en,0,0,16,Metro-Goldwyn-Mayer,"Zion Myers, Jules White","Zion Myers, Jules White"
675843,tt0458030,Das Mädel aus der Provinz,Das Mädel aus der Provinz,1929-01-01,0.8332,7.0,1,"[10749, 35]",de,0,0,93,,James Bauer,"Fred Döderlein, Anita Dorris, Maria Forescu, Alfred Gerasch, Hermine Sterler"
483707,tt0020497,Thru Different Eyes,Thru Different Eyes,1929-04-13,0.8793,8.0,1,[18],en,0,0,55,Fox Film Corporation,John G. Blystone,"Mary Duncan, Edmund Lowe, Warner Baxter, Natalie Moorhead, Earle Foxe"
280783,tt0136313,Ko-Ko's Big Sale,Ko-Ko's Big Sale,1929-06-28,0.9172,8.0,1,[16],en,0,0,8,,Dave Fleischer,
326166,tt3903018,Me and the Boys,Me and the Boys,1929-07-01,0.8479,0.0,0,[10402],en,0,0,9,British International Pictures,Victor Saville,"Estelle Brody, Ray Bauduc, Vic Breidis, Benny Goodman, Jimmy McPartland"
472877,tt0020504,"The Time, the Place and the Girl","The Time, the Place and the Girl",1929-07-07,0.9793,10.0,1,"[35, 10402]",en,0,0,70,Warner Bros. Pictures,Howard Bretherton,"Grant Withers, Betty Compson, Gertrude Olmstead, James Kirkwood, Vivien Oakland"
464693,tt0020454,Stolen Kisses,Stolen Kisses,1929-02-23,0.8708,6.333,3,[35],en,0,0,70,Warner Bros. Pictures,Ray Enright,"May McAvoy, Hallam Cooley, Reed Howes, Claude Gillingwater, Edna Murphy"
105981,tt0020122,Lucky Star,Lucky Star,1929-08-18,1.296,7.6,43,"[10749, 18]",en,0,0,99,Fox Film Corporation,Frank Borzage,"Janet Gaynor, Charles Farrell, Guinn 'Big Boy' Williams, Paul Fix, Hedwiga Reicher"
1693490,,Unie van Utrecht herdenking,Unie van Utrecht herdenking,1929-01-01,0.9633,0.0,0,[99],xx,0,0,0,Orion Filmfabriek,,Queen Wilhelmina of the Netherlands
947146,tt0020423,Smoke Bellew,Smoke Bellew,1929-01-25,1.1566,7.5,2,"[12, 37, 18]",en,0,0,65,Big Four Productions,Scott R. Dunlap,"Conway Tearle, Barbara Bedford, Mark Hamilton, Alphonse Ethier, William Scott"
396630,tt0230150,Don't Get Nervous,Don't Get Nervous,1929-08-20,0.9894,10.0,1,"[35, 10402]",en,0,0,8,Warner Bros. Pictures,Bryan Foy,"Georgie Price, Bryan Foy, Harold Levey, Frank McNellis"
1561464,tt0195625,Die Dame auf der Banknote,Die Dame auf der Banknote,1929-03-29,0.9074,9.0,1,"[80, 35]",de,0,0,0,,Karl Leiter,"Iris Arlan, Hans Unterkircher, Anita Dorris, Hans Homma, Jean Bradin"
322727,tt0020079,The Last Roundup,The Last Roundup,1929-06-30,0.7512,7.0,1,[37],en,0,0,50,G.A. Durlam Productions,J.P. McGowan,"Bob Custer, Hazel Mills, Bud Osborne, Hank Bell, Adabelle Driver"
1017064,tt1050742,Sir Arthur Conan Doyle,Sir Arthur Conan Doyle,1929-01-01,0.9201,0.0,0,[],en,0,0,10,Fox Film Corporation,,Arthur Conan Doyle
520455,tt0020215,New Orleans,New Orleans,1929-06-01,0.8727,9.0,1,"[18, 10749]",en,0,0,68,,Reginald Barker,"Ricardo Cortez, William Collier Jr., Alma Bennett"
1090279,tt0261002,Five Minutes,ხუთი წუთი,1929-01-22,0.9154,7.0,1,"[28, 18]",ka,0,0,48,"JSC ""Sakhkinmretsvi""","Aleksandr Balagin, Georgi Zelondzhev-Shipov","Pavel Poltoratskiy, Ivan Chuvelyov, Van Min-Si, Jonshon, Xo Mo-Tsin"
627603,tt0020015,Her Dark Spot,Ihr dunkler Punkt,1929-01-19,1.0399,8.0,1,[35],de,0,0,92,UFA,Johannes Guter,"Lilian Harvey, Harry Halm, Willy Fritsch, Sig Arno, Warwick Ward"
600367,tt0019888,The Flying Marine,The Flying Marine,1929-06-05,0.9114,8.0,1,"[28, 12]",en,0,0,65,Columbia Pictures,Albert S. Rogell,"Ben Lyon, Shirley Mason, Jason Robards Sr., Halie Sullivan"
904624,tt0019784,Come and Get It!,Come and Get It!,1929-02-03,0.8285,8.0,1,[12],en,0,0,60,Film Booking Offices of America (FBO),Wallace Fox,"Bob Steele, James Quinn, Betty Welsh, Jay Morley, James B. Leong"
477563,tt0020460,The Convict from Stamboul,Der Sträfling aus Stambul,1929-08-29,1.0534,6.5,6,"[12, 18]",xx,0,0,102,UFA,Gustav Ucicky,"Heinrich George, Betty Amann, Paul Hörbiger, Willi Forst, Trude Hesterberg"
535161,tt0020283,Girl Overboard,Girl Overboard,1929-07-28,1.0445,9.0,1,[18],en,0,0,78,Universal Pictures,Wesley Ruggles,"Mary Philbin, Fred MacKaye, Otis Harlan, Francis McDonald, Edmund Breese"
1290711,,Το λάβαρο του '21,Το λάβαρο του '21,1929-01-01,1.0085,0.0,0,"[36, 18]",el,0,0,0,,Kostas Leloudas,"Lea Lelouda, Manos Katrakis, Dimitris Batis, Pavlos Katapodis, Georgios Mougios"
578610,tt0019862,Eyes of the Underworld,Eyes of the Underworld,1929-04-28,1.238,9.0,1,"[18, 80]",en,0,0,78,Universal Pictures,"Ray Taylor, Leigh Jason","Sally Blane, Bill Cody, Arthur Lubin, Harry Tenbrook, Charles Clary"
520223,tt0020155,Mein Herz ist eine Jazzband,Mein Herz ist eine Jazzband,1929-01-28,1.0051,8.0,1,"[35, 80]",de,0,0,100,,Frederic Zelnik,"Lya Mara, Lydia Potechina, Michael von Newlinsky, Alfred Abel, Carl Goetz"
235590,tt0019842,Two-Buldi-Two,Два-Бульди-два,1929-01-01,1.0503,7.8,4,[18],ru,0,0,64,Mezhrabpomfilm,"Nina Agadzhanova, Lev Kuleshov","Sergei Komarov, Vladimir Kochetov, Anel Sudakevich, Andrey Fayt, Sergey Slyotov"
129808,tt0020158,Melody of the World,Melodie der Welt,1929-03-12,0.9903,6.792,12,[99],de,0,0,49,"Hamburg-Amerika-Linie (Hapag), Tobis Filmkunst, Hamburg-Amerika-Schiffahrtslinie",Walter Ruttmann,"Ivan Koval-Samborskiy, Renée Stobrawa, Grace Chiang, O. Idris, Heinrich Mutzenbecher"
1586605,tt0020331,The Ridin' Demon,The Ridin' Demon,1929-08-18,0.9014,9.0,1,"[18, 37]",en,0,0,50,Universal Pictures,Ray Taylor,"Ted Wells, Kathleen Collins, Lucy Beaumont, Otto Bibber"
1155513,tt0019864,The Far Call,The Far Call,1929-04-28,1.0209,8.0,1,[18],en,0,0,59,Fox Film Corporation,Allan Dwan,"Charles Morton, Leila Hyams, Arthur Stone, Warren Hymer, Dan Wolheim"
600437,tt0020587,Why Leave Home?,Why Leave Home?,1929-10-01,0.8387,10.0,1,"[35, 10402]",en,0,0,70,Fox Film Corporation,Raymond Cannon,"Sue Carol, Dixie Lee, Nick Stuart, Ilka Chase, Walter Catlett"
190368,tt0020140,"Manolescu, the Prince of Swindlers",Manolescu - Der König der Hochstapler,1929-08-22,1.0872,9.0,1,[18],de,0,0,124,UFA,Viktor Tourjansky,"Ivan Mosjoukine, Brigitte Helm, Heinrich George, Dita Parlo, Harry Hardt"
1004289,tt0019764,China Slaver,China Slaver,1929-01-25,0.7639,10.0,1,[18],en,0,0,60,Trinity Pictures,Frank S. Mattison,"Sôjin Kamiyama, Albert Valentino, Iris Yamaoka, Ben F. Wilson, Jimmy Aubrey"
483516,tt0018630,After the Verdict,After the Verdict,1929-01-01,0.9223,9.0,1,"[18, 53, 10749]",en,0,0,70,Tschechowa Film,Henrik Galeen,"Olga Tschechowa, Warwick Ward, Betty Carter, Malcolm Tod, Ivo Dawson"
454945,tt0019634,Always Faithful,Always Faithful,1929-12-29,1.0064,9.0,1,[],en,0,0,11,,Alfred A. Cohn,"Blanche Sweet, William B. Davidson, John Litel"
119922,tt0019811,Desert Nights,Desert Nights,1929-03-09,0.7922,5.4,15,"[12, 18]",en,0,0,62,Metro-Goldwyn-Mayer,William Nigh,"John Gilbert, Ernest Torrence, Mary Nolan, Claude King"
285113,tt0020347,The Royal Rider,The Royal Rider,1929-02-17,0.8797,7.0,1,[37],en,0,0,67,First National Pictures,Harry Joe Brown,"Ken Maynard, Olive Hasbrouck, Philippe De Lacy, Theodore Lorch, Joseph Burke"
316142,tt0019839,The Duke Steps Out,The Duke Steps Out,1929-03-19,0.9723,6.5,2,"[18, 35]",en,0,0,62,Metro-Goldwyn-Mayer,James Cruze,"William Haines, Joan Crawford, Delmer Daves, Tenen Holtz, Edward Nugent"
1629847,tt9828300,Kahlehdittu Imatra,Kahlehdittu Imatra,1929-02-05,0.8861,0.0,0,[99],en,0,0,9,Suomi-Filmi,,"Lauri Kristian Relander, Kaarlo Juho Ståhlberg"
974296,tt0159093,The Missing Wife,Die verschwundene Frau,1929-03-22,0.7738,9.0,1,"[35, 80]",de,0,0,0,Österreichische Film GmbH (ÖFA),Karl Leiter,"Harry Halm, Iris Arlan, Mary Kid, Peter C. Leska, Reinhold Häussermann"
1113553,tt0384706,Zwischen vierzehn und siebzehn,Zwischen vierzehn und siebzehn,1929-09-26,0.905,10.0,1,[18],de,0,0,84,,E.W. Emo,"Ina von Elben, Roland Varno, Ida Wüst, Fritz Alberti, Jaro Fürth"
966664,tt0020244,The One Woman Idea,The One Woman Idea,1929-06-02,0.909,3.0,3,"[18, 10749]",en,0,0,68,Fox Film Corporation,Berthold Viertel,"Rod La Rocque, Marceline Day, Shirley Dorman, Sharon Lynn, Sally Phipps"
662682,tt0020567,Weak But Willing,Weak But Willing,1929-12-14,0.8967,9.0,1,[35],en,0,0,18,Christie Film Company,William Watson,"Will King, Dot Farley, Billy Bevan, Natalie Joyce, Otto Fries"
556656,tt0020552,The Miraculous Life of Teresa of Lisieux,La Vie Miraculeuse de Thérèse Martin,1929-11-08,0.9165,7.0,1,"[18, 36]",fr,0,0,115,Les Films Marcel Vandal et Charles Delac,Julien Duvivier,"Simone Bourday, André Marnay, Janine Borelli, François Viguier, Lionel Salem"
724317,tt1237812,Známosti z ulice,Známosti z ulice,1929-01-11,0.9002,0.0,0,"[18, 10749]",cs,0,0,0,A-B,"Josef Medeotti-Boháč, Alwin Neuß","Theodor Pištěk, Božena Svobodová, Kitty Barling, Hilde Maroff, Nino Constantini"
537206,tt0356130,Die Todesfahrt im Weltrekord,Die Todesfahrt im Weltrekord,1929-09-16,0.807,9.0,1,"[12, 28]",de,0,0,85,Eisbär-Film GmbH,Curt Blachnitzky,"Claire Rommer, Carl Auen, Bernhard Goetzke, Gerhard Dammann, Hermann Stetza"
920610,tt0019736,Bullets and Justice,Bullets and Justice,1929-02-18,0.7902,7.0,1,[37],en,0,0,0,J. Charles Davis Productions,,"Art Acord, Carol Lane, Lynn Sanderson, Horace B. Carpenter, Cliff Lyons"
916897,tt0020216,New Year's Eve,New Year's Eve,1929-02-24,1.1353,7.0,1,[18],en,0,0,70,Fox Film Corporation,Henry Lehrman,"Mary Astor, Charles Morton, Earle Foxe, Florence Lake, Arthur Stone"
93627,tt0020484,El Terrible Toreador,El Terrible Toreador,1929-09-26,1.1659,4.758,31,[16],en,4832,0,6,Walt Disney Productions,Walt Disney,
429597,tt0020031,Is Everybody Happy?,Is Everybody Happy?,1929-10-19,0.9604,9.0,1,"[35, 18, 10402]",en,0,0,80,Warner Bros. Pictures,Archie Mayo,"Ted Lewis, Alice Day, Ann Pennington, Lawrence Grant, Julia Swayne Gordon"
443668,tt1706382,Hilda,Hilda,1929-08-19,0.7933,0.0,0,[35],en,0,0,9,Warner Bros. Pictures,Murray Roth,Billie 'Swede' Hall
190352,tt0019715,Bouncing Babies,Bouncing Babies,1929-10-11,1.0697,6.214,7,"[10751, 35]",en,0,0,20,Hal Roach Studios,Robert F. McGowan,"Bobby 'Wheezer' Hutchins, Mary Ann Jackson, Allen 'Farina' Hoskins, Jean Darling, Norman Chaney"
894181,tt0019873,The Fatal Warning,The Fatal Warning,1929-02-15,0.9924,5.0,2,"[28, 12, 9648]",en,0,0,200,Mascot Pictures,Richard Thorpe,"Helene Costello, Ralph Graves, George Periolat, Phillips Smalley, Boris Karloff"
680839,tt0437215,To the Hills Again in Spring,春はまた丘へ,1929-10-04,0.9063,8.0,1,[],ja,0,0,0,,Hirotaka Nagakura,"Nobuko Fushimi, Hideo Nakamura, Eijirō Kataoka, Yûji Azuma, Heitaro Doi"
523008,tt0019768,The Black Sail,Чёрный парус,1929-07-01,1.0772,7.5,2,[18],ru,0,0,72,Sovkino,Sergei Yutkevich,"Pyotr Savin, Konstantin Nazarenko, Nina Shaternikova, Boris Poslavsky, Dmitriy Zaytsev"
484047,tt0019775,The Clue of the New Pin,The Clue of the New Pin,1929-03-01,0.883,8.0,1,"[80, 9648]",en,0,0,81,British Lion Films,Arthur Maude,"Benita Hume, Kim Peacock, Donald Calthrop, John Gielgud, H. Saxon-Snell"
429599,tt0019870,Fashions in Love,Fashions in Love,1929-07-01,1.0884,7.0,1,"[35, 18, 10402]",en,0,0,73,Paramount Pictures,Victor Schertzinger,"Adolphe Menjou, Fay Compton, Miriam Seegar, John Miljan, Joan Standing"
94716,tt0020793,A Cottage on Dartmoor,A Cottage on Dartmoor,1929-10-01,1.1114,7.177,31,"[53, 18, 80]",en,0,0,88,"SF Studios, BIF",Anthony Asquith,"Norah Baring, Uno Henning, Hans Adalbert Schlettow, Anthony Asquith, Judd Green"
823710,tt1064731,Casper's Night Out,Casper's Night Out,1929-03-03,0.9164,0.0,0,[35],en,0,0,20,Standard Photoplay Company,Albert Herman,"Thelma Hill, Bud Duncan"
521575,tt0019623,Adieu Mascotte,Adieu Mascotte,1929-08-01,0.8891,6.667,3,"[18, 10749, 35]",de,0,0,0,,Wilhelm Thiele,"Lilian Harvey, Igo Sym, Marietta Millner, Harry Halm, Julius Falkenstein"
1419121,tt0365280,Golf Socks,Golf Socks,1929-05-10,1.2807,8.0,1,[16],en,0,0,6,,"Manny Gould, Ben Harrison",
190299,tt1049088,Helter Skelter,Helter Skelter,1929-06-14,0.8806,0.0,0,[],en,0,0,20,,Charles Lamont,Malcolm Sebastian
112944,tt0020086,Lazy Days,Lazy Days,1929-08-24,1.039,5.111,9,"[35, 10751]",en,0,0,20,Hal Roach Studios,Robert F. McGowan,"Allen 'Farina' Hoskins, Junior Allen, Norman Chaney, Joe Cobb, Jean Darling"
280776,tt0330902,"Smile, Buttercup, Smile","Smile, Buttercup, Smile",1929-01-07,0.8092,9.0,1,[35],en,0,0,10,"Larry Darmour Productions, Standard Photoplay Company",St. Elmo Boyce,"Thelma Hill, Bud Duncan, Cullen Johnson, George Gray"
708920,,A Race for Ties,A Race for Ties,1929-05-31,0.8208,0.0,0,"[18, 35]",en,0,0,57,Port Arthur Amateur Cinema Society,"Harold Harcourt, Dorothea Mitchell","Martha Lake, Bill Gibson, Harold Sounders, Dorothea Mitchell, Wally McComber"
532287,tt0020548,Inherited Passions,Vererbte Triebe: Der Kampf ums neue Geschlecht,1929-05-03,0.8663,9.0,1,[18],de,0,0,104,Hom-AG für Filmfabrikation,Gustav Ucicky,"Walter Rilla, Fritz Alberti, Valerie Boothby, Maria Matray, Hans Albers"
1113368,tt0020265,"Peter, der Matrose","Peter, der Matrose",1929-05-14,0.7731,9.0,1,"[18, 35]",de,0,0,89,,Reinhold Schünzel,"Reinhold Schünzel, Renate Müller, Hans Heinrich von Twardowski, Allan Durant, Rudolf Biebrach"
520852,tt0020363,The Sap,The Sap,1929-11-09,1.1099,10.0,1,[35],en,0,0,80,,Archie Mayo,"Edward Everett Horton, Alan Hale, Patsy Ruth Miller, Russell Simpson, Jerry Mandy"
325096,tt1893199,At the Party,At the Party,1929-06-12,0.7871,5.0,1,[35],en,0,0,7,"The Vitaphone Corporation, Warner Bros. Pictures",Bryan Foy,"Buddy Harris, Frank Radcliffe"
144532,tt0136316,Ko-Ko's Conquest,Ko-Ko's Conquest,1929-05-31,0.8915,7.0,1,"[35, 16]",en,0,0,8,Inkwell Studios,Dave Fleischer,Dave Fleischer
1013451,tt0906575,Il cantastorie di Venezia,Il cantastorie di Venezia,1929-02-01,0.8913,0.0,0,[35],it,0,0,0,Suprema Film,Atto Retti-Marsani,"Hertha von Walther, Luigi Serventi, Daisy Lorand, Roberto Pasetti, Pietro Cimarro"
1469269,tt21294710,Robinson for Himself,Сам собі Робінзон,1929-01-01,0.9254,0.0,0,"[12, 35, 10751]",uk,0,0,58,VUFKU,Lazar Frenkel,"Boria Bohdanovskyi, Olena Kryvynska, Kolia Kopelian, Kondratiev, Voronov"
619350,tt0432328,Crucified Girl,Mädchen am Kreuz,1929-08-26,0.8852,7.333,3,[18],de,0,0,80,Hegewald Film,"Jakob Fleck, Luise Fleck","Fritz Odemar, Valerie Boothby, Evelyn Holt, Gertrud de Lalsky, Wolfgang Zilzer"
190260,tt0020146,The Marriage Playground,The Marriage Playground,1929-12-12,1.1285,6.0,5,"[35, 10749, 18]",en,0,0,70,Paramount Pictures,Lothar Mendes,"Mary Brian, Fredric March, Lilyan Tashman, Huntley Gordon, Kay Francis"
1375181,tt0226826,In the Nick of Time,In the Nick of Time,1929-10-01,1.1127,7.0,1,[35],en,0,0,20,Warner Bros. Pictures,Murray Roth,"Sidney Toler, Dorothy Hall, James Dunn, Lucy Beaumont, Bert Wilson"
982714,tt0019916,"Fútbol, amor y toros","Fútbol, amor y toros",1929-12-31,0.9376,8.0,1,[],es,0,0,0,"Florián Rey P. C., Selecciones Nuñez",Florián Rey,"Ricardo Núñez, Blanca Suárez, Modesto Rivas, Carlos Rufart"
174892,tt0019838,Drifters,Drifters,1929-11-10,0.9682,5.9,17,[99],en,0,0,49,Empire Marketing Board,John Grierson,
1026955,tt0445164,Aa mujo: zenpen,噫無情　前篇,1929-05-10,0.9608,9.0,1,[],ja,0,0,0,Nikkatsu Corporation,Seika Shiba,"Yōnosuke Toba, Yōko Umemura, Haruko Sawamura, Shinpachirō Asaka, Minoru Takase"
429267,tt0199531,Flucht in die Fremdenlegion,Flucht in die Fremdenlegion,1929-06-29,0.9752,9.0,1,[],de,0,0,0,Ideal-Film GmbH,Louis Ralph,"Hans Stüwe, Alexander Murski, Eva von Berne, Harry Hardt, Eugen Burg"
337832,tt0019908,Frozen River,Frozen River,1929-04-20,0.923,9.0,1,"[12, 10751]",en,0,0,61,Warner Bros. Pictures,F. Harmon Weight,"Rin-Tin-Tin, Davey Lee, Raymond McKee, Nina Quartero, Josef Swickard"
1013819,tt0019753,The Carnation Kid,The Carnation Kid,1929-03-02,0.857,10.0,1,[35],en,0,0,76,Christie Film Company,"E. Mason Hopper, Leslie Pearce","Douglas MacLean, Frances Lee, William B. Davidson, Lorraine MacLean, Charles Hill Mailes"
1693323,,"Bezoek van de koningin aan Amsterdam, 1929","Bezoek van de koningin aan Amsterdam, 1929",1929-01-01,0.9422,0.0,0,[99],xx,0,0,0,Filmfabriek Polygoon,,"Queen Wilhelmina of the Netherlands, Duke Henry of Mecklenburg-Schwerin"
116269,tt0019833,Drag,Drag,1929-07-21,0.9453,6.7,3,[18],en,0,0,85,First National Pictures,Frank Lloyd,"Richard Barthelmess, Lucien Littlefield, Kathrin Clare Ward, Alice Day, Tom Dugan"
727062,tt0019779,The Cohens and Kellys in Atlantic City,The Cohens and Kellys in Atlantic City,1929-03-17,1.1383,9.0,1,[35],en,0,0,70,Universal Pictures,William James Craft,"George Sidney, Vera Gordon, Mack Swain, Kate Price, Cornelius Keefe"
443600,tt1698504,Frank Whitman: That Surprising Fiddler,Frank Whitman: That Surprising Fiddler,1929-01-28,1.0091,1.0,1,"[35, 10402]",en,0,0,7,Warner Bros. Pictures,Bryan Foy,Frank Whitman
190239,tt0418797,The Lump,瘤取り,1929-04-30,0.7255,6.348,23,"[16, 14]",ja,0,0,11,Yokohama Cinema Shokai,"Chuzo Aochi, Yasuji Murata",
625425,tt0208449,The Sleeping Porch,The Sleeping Porch,1929-09-07,0.8907,7.0,1,[],en,0,0,20,,Leslie Pearce,"Raymond Griffith, Barbara Leonard, John Litel, David Callis"
212536,tt0416015,Mickey's Northwest Mounted,Mickey's Northwest Mounted,1929-06-08,0.9638,10.0,1,[35],en,0,0,20,,Albert Herman,"Mickey Rooney, Delia Bogard, Buddy Brown, Jimmy Robinson, Marvin Stephens"
539469,tt0321856,Cross Country Run,Cross Country Run,1929-06-10,0.8977,10.0,1,[35],en,0,0,24,Universal Pictures,Harry L. Fraser,"George J. Lewis, Dorothy Gulliver, Eddie Phillips, Hayden Stevenson, Arthur Gardner"
1015670,tt0020601,The Woman in White,The Woman in White,1929-05-24,0.7954,8.0,1,"[80, 9648]",en,0,0,67,British & Dominions Film Corporation,Herbert Wilcox,"Blanche Sweet, Haddon Mason, Cecil Humphreys, Louise Prussing, Frank Perfitt"
1466188,tt21940672,The Exhibit from Panopticon,Експонат з паноптикуму,1929-11-29,0.7408,0.0,0,[18],uk,0,0,0,VUFKU,Heorhiy Stabovyi,"Oleksii Kharlamov, Semyon Svashenko, Evelina Shvets, Anna Meshcherskaya, Ivan Malikov-Elvorti"
527868,tt0019865,The Fall of Eve,The Fall of Eve,1929-06-17,0.9492,9.0,1,[35],en,0,0,67,Columbia Pictures,Frank R. Strayer,"Patsy Ruth Miller, Ford Sterling, Gertrude Astor, Arthur Rankin, Jed Prouty"
483947,tt0319112,The Broken Melody,The Broken Melody,1929-02-01,0.8286,9.0,1,"[10749, 18]",en,0,0,65,Welsh-Pearson-Elder,Fred Paul,"Enid Stamp-Taylor, Cecil Humphreys, Mary Brough, Georges Galli, Andrée Sacré"
1447944,tt11885966,Zelim Khan,Зелим-хан,1929-08-27,1.1842,0.0,0,[18],ru,0,0,40,Vostokkino,Oleg Frelikh,"Vladimir Bestaev, Liana Iskritskaya-Gardina, Shalva Khoperia, Olga Bystritskaya, Sergey Churakovskiy"
441242,tt0019825,The Divine Voyage,La Divine Croisière,1929-06-13,1.1682,5.3,6,[18],fr,0,0,102,"Films Petit, Le Film d'art",Julien Duvivier,"Jean Murat, Thomy Bourdelle, Suzanne Christy, Charlotte Barbier-Krauss, Line Noro"
564229,tt0233882,The Holy Terror,The Holy Terror,1929-03-09,0.81,7.0,1,[35],en,0,0,20,Hal Roach Studios,Robert A. McGowan,"Joe Cobb, Jean Darling, Allen 'Farina' Hoskins, Bobby 'Wheezer' Hutchins, Mary Ann Jackson"
1682637,,Lenin's Address,Адрес Ленина,1929-08-18,0.853,0.0,0,"[18, 10751]",ru,0,0,0,Lenfilm,Vladimir Petrov,"Fatima Gilyazova, Boris Lytkin, Ekaterina Korchagina-Aleksandrovskaya, Veronika Buzhinskaya, Aleksandr Zavyalov"
1441265,,Un viaje por Galicia,Un viaje por Galicia,1929-08-03,0.8919,0.0,0,[99],es,0,0,0,Diputaciones Gallegas,Luis R. Alonso,
233923,tt0233415,"Cat, Dog & Co.","Cat, Dog & Co.",1929-09-14,0.9538,6.667,3,"[10751, 35]",en,0,0,20,Hal Roach Studios,Robert A. McGowan,"Joe Cobb, Jean Darling, Allen 'Farina' Hoskins, Bobby 'Wheezer' Hutchins, Mary Ann Jackson"
190373,tt0019658,Atlantic,Atlantic,1929-11-15,0.9808,5.25,12,[18],en,2627,0,90,British International Pictures,E.A. Dupont,"Franklin Dyall, Ellaline Terriss, Donald Calthrop, Madeleine Carroll, Monty Banks"
1438444,tt1047688,Sunshine's Dark Moment,Sunshine's Dark Moment,1929-02-24,0.8435,0.0,0,[35],en,0,0,18,Standard Photoplay Company,,"Barney Hellum, Slim Summerville, Philip Davis, Lorena Carr, Lige Conley"
522737,tt0020113,The Love Racket,The Love Racket,1929-12-08,1.0335,8.0,1,[],en,0,0,74,First National Pictures,,"Dorothy Mackaill, Sidney Blackmer, Edmund Burns, Alice Day, Myrtle Stedman"
212424,tt0020426,So This Is Marriage,So This Is Marriage,1929-11-16,0.8857,9.0,1,[18],en,0,0,20,Metro-Goldwyn Pictures Corporation,Bradley Barker,"Guy Voyer, Norma Pallat, Earle S. Dewey, Maury Holland"
190245,tt0019682,The Bees' Buzz,The Bees' Buzz,1929-04-06,1.0683,5.0,3,[35],en,0,0,21,Educational Pictures Inc.,Mack Sennett,"Harry Gribbon, Andy Clyde, Barbara Leonard, Tyler Brooke, Vernon Dent"
576582,tt1043484,A Horse on Barney,A Horse on Barney,1929-04-21,0.8462,0.0,0,[35],en,0,0,23,Standard Photoplay Company,,"Barney Hellum, Philip Davis, Lige Conley"
800662,,Daytrippers,Dagjesmenschen,1929-01-01,1.0429,0.0,0,[99],nl,0,0,6,,Henri Storck,
291947,tt0019743,Campus Knights,Campus Knights,1929-03-01,0.8522,6.0,2,[35],en,0,0,61,Chesterfield Motion Pictures Corporation,Albert H. Kelley,"Raymond McKee, Shirley Palmer, Marie Quillan, Jean Laverty, J. C. Fowler"
1255353,,Deferred Payment,Deferred Payment,1929-01-01,0.9103,0.0,0,[99],en,0,0,22,BIF,Mary Field,
769018,tt0019840,The Dummy,The Dummy,1929-03-09,0.8852,8.0,1,"[35, 9648]",en,0,0,60,Paramount Pictures,Robert Milton,"Ruth Chatterton, Fredric March, John Cromwell, Fred Kohler, Mickey Bennett"
958957,tt0019324,Riding for Fame,Riding for Fame,1929-08-19,1.2591,7.0,1,[37],en,0,0,60,Universal Pictures,B. Reeves Eason,"Hoot Gibson, Ethlyne Clair, Charles K. French, Slim Summerville, Allan Forrest"
1559384,tt11906020,The Demon at the Modoribashi Bridge,戻橋,1929-07-05,0.9326,0.0,0,[],ja,0,0,0,マキノプロダクション,Masahiro Makino,"Kōmei Minami, Teruko Makino, Fujio Harumoto, Tôroku Makino, Kimie Kawakami"
1419126,tt1051878,Torrid Toreadors,Torrid Toreadors,1929-04-27,1.3205,0.0,0,[16],en,0,0,6,,"Manny Gould, Ben Harrison",
919372,tt0019666,The Awful Truth,The Awful Truth,1929-08-10,0.9479,10.0,1,[35],en,0,0,80,Pathé Exchange,Marshall Neilan,"Ina Claire, Henry Daniell, Theodore von Eltz, Paul Harvey, Blanche Friderici"
1017947,tt0019719,Bride Of The Desert,Bride Of The Desert,1929-09-04,0.787,10.0,1,[37],en,0,0,57,Trem Carr Pictures,Duke Worne,"Alice Calhoun, LeRoy Mason, Ethan Laidlaw, Lum Chan, Walter Ackerman"
454942,tt2519266,"Roy Fox, the Whispering Cornetist, and His Orchestra","Roy Fox, the Whispering Cornetist, and His Orchestra",1929-03-12,0.8955,0.0,0,[],en,0,0,7,,Murray Roth,Roy Fox
894198,tt0019817,The Devil's Chaplain,The Devil's Chaplain,1929-03-02,0.9412,9.0,1,"[18, 10749]",en,0,0,60,Trem Carr Pictures,Duke Worne,"Cornelius Keefe, Virginia Brown Faire, Josef Swickard, Boris Karloff, Wheeler Oakman"
885165,tt1163881,Stick Girl,Sutekki gaaru,1929-04-29,0.7971,0.0,0,[18],ja,0,0,34,Shochiku Kinema (Kamata),Hiroshi Shimizu,"Keiko Fujinami, Takatsugu Ishiyama, Hiroko Kawasaki, Atsuya Kusunoki, Yuriko Misono"
220623,tt0019887,The Flying Fool,The Flying Fool,1929-07-10,1.0341,6.0,5,"[10749, 10752]",en,0,0,73,,Tay Garnett,"William Boyd, Marie Prevost, Tom O'Brien, Russell Gleason, Kate Bruce"
567516,,Industriales progresistas,Industriales progresistas,1929-07-06,0.8675,0.0,0,[99],es,0,0,15,Cinematografía Valle,Federico Valle,
1372759,tt0020512,Trail of the Horse Thieves,Trail of the Horse Thieves,1929-01-13,0.7872,9.0,1,[37],en,0,0,50,Film Booking Offices of America (FBO),Robert De Lacey,"Tom Tyler, Betty Amann, Frankie Darro, Harry O'Connor, Barney Furey"
1095126,tt0019816,The Devil's Apple Tree,The Devil's Apple Tree,1929-02-20,0.9259,7.0,1,"[12, 18]",en,0,0,70,Tiffany-Stahl Productions,Elmer Clifton,"Dorothy Sebastian, Larry Kent, Edward Martindel, Ruth Clifford, George Cooper"
1515719,tt0329987,O Amor Não Traz Vantagens,O Amor Não Traz Vantagens,1929-09-14,1.274,8.0,1,"[35, 10402]",pt,0,0,0,Syncrocinex,Luiz de Barros,"Genésio Arruda, Vicenzo Caiaffa, Rina Weiss"
979442,tt0019771,Clancy at the Bat,Clancy at the Bat,1929-11-03,0.8473,8.0,1,[35],en,0,0,14,Mack Sennett Comedies,Earle Rodney,"Harry Gribbon, Andy Clyde"
1289186,,Gala Méliès,Gala Méliès,1929-12-16,0.9775,0.0,0,"[99, 14]",xx,0,0,0,,Georges Méliès,Georges Méliès
280782,tt0136327,Ko-Ko's Hot Ink,Ko-Ko's Hot Ink,1929-03-09,0.7359,7.5,2,[16],en,0,0,8,,Dave Fleischer,
1409468,tt0190968,Andranik,Andranik,1929-03-26,0.9846,9.0,1,[],fr,0,0,0,,Acho Chakatouny,"Louis Alberti, Raoul Chennevières, Stamato, Andrée Standart"
1184150,tt0402938,Cop's Bride,Cop's Bride,1929-04-07,0.8594,9.0,1,[16],en,0,0,0,,Paul Terry,
5517,tt0311132,Finders Keepers,Finders Keepers,1929-12-27,0.7429,7.0,1,"[80, 18]",en,0,0,20,Warner Bros. Pictures,Bryan Foy,"Helen Ferguson, John Litel, Janet Adair, Helen Foster"
556438,tt0019168,"Miss Edith, Duchess","Miss Édith, duchesse",1929-04-15,0.9177,10.0,1,"[35, 18]",fr,0,0,107,Franco Films,Donatien,"Rolla Norman, Henry Houry, Pauline Carton, Donatien, Lucienne Legrand"
483727,tt0019638,The American Prisoner,The American Prisoner,1929-09-28,0.7259,10.0,1,[18],en,0,0,74,British International Pictures,Thomas Bentley,"Carl Brisson, Madeleine Carroll, Cecil Barry, A. Bromley Davenport, Nancy Price"
799260,tt0284130,Die Frau im Talar,Die Frau im Talar,1929-08-22,0.734,10.0,1,[18],xx,0,0,90,"Mondial-Film GmbH, Norrøna Film",Adolf Trotz,"Aud Egede-Nissen, Paul Richter, Mona Mårtenson, Fritz Kortner, Nikolai Malikoff"
362665,tt13310270,Scarlet Runner & Co,Scarlet Runner & Co,1929-04-17,0.9053,0.0,0,[99],en,0,0,10,"Pro Patria Films, BIF",F. Percy Smith,
447343,tt0019698,Black Magic,Black Magic,1929-07-06,0.8075,10.0,1,[18],en,0,0,66,Fox Film Corporation,George B. Seitz,"Josephine Dunn, Earle Foxe, John Holland, Henry B. Walthall, Dorothy Jordan"
1550215,tt11990438,Judge Reitan,Судья Рейтан,1929-01-01,0.9239,0.0,0,[12],ru,0,0,0,VUFKU,Faust Lopatinskiy,"Borys Karlash-Verbytskyi, Zoya Valevskaya, Vladimir Korsh, Berokhson, Vladislav Bratskiy"
727301,tt0440250,The Delicatessen Kid,The Delicatessen Kid,1929-10-14,0.8624,8.5,2,[35],en,0,0,10,Universal Pictures,Walter Fabian,"Benny Rubin, Otto Lederer, Eddie Dowling, Bill Robinson, Pat Rooney"
583832,tt0020006,The Sins of Love,Hříchy lásky,1929-10-25,0.7755,10.0,1,[18],cs,0,0,70,Bratři Deglové,Karel Lamač,"Josef Rovenský, Marcella Albani, Gaston Jacquet, Walter Rilla, L. H. Struna"
725505,tt0019703,Blaze o' Glory,Blaze o' Glory,1929-12-30,0.9966,7.0,1,[10402],en,0,0,78,George W. Weeks Productions,George Crone,"Eddie Dowling, Betty Compson, Frankie Darro, Henry B. Walthall, William B. Davidson"
1550765,tt5138812,Cheerful Song,陽気な唄,1929-08-01,0.79,0.0,0,[],ja,0,0,67,"Shochiku, Shochiku Kinema (Kamata)",Hiroshi Shimizu,"Atsushi Watanabe, Kinuyo Tanaka, Ichiro Yuki, Kenji Oyama, Einosuke Naka"
683964,tt0020262,The Peacock Fan,The Peacock Fan,1929-08-01,0.9249,8.0,1,[9648],en,0,0,60,Chesterfield Motion Pictures Corporation (I),Phil Rosen,"Lucien Prival, Dorothy Dwan, Tom O'Brien, Rosemary Theby, Carlton S. King"
513453,tt0019972,Hearts in Exile,Hearts in Exile,1929-09-14,0.9743,9.0,1,[10749],en,0,0,82,Warner Bros. Pictures,Michael Curtiz,"Dolores Costello, Grant Withers, James Kirkwood, George Fawcett, David Torrence"
577437,,Ethnographic Films,Ethnographic Films,1929-01-01,1.0127,7.5,1,[99],en,0,0,12,,Zora Neale Hurston,
1463020,tt0020137,The Man from Nevada,The Man from Nevada,1929-08-01,0.9303,6.5,2,[37],en,0,0,45,J.P. McGowan Productions,J.P. McGowan,"Tom Tyler, Natalie Joyce, Al Ferguson, Alfred Hewston, Kip Cooper"
1359278,tt0141688,Old Black Joe,Old Black Joe,1929-04-05,0.6418,8.0,1,[16],en,0,0,0,Fleischer Studios,Dave Fleischer,
1170091,tt0136293,Ko-Ko Beats Time,Ko-Ko Beats Time,1929-02-08,0.8711,10.0,1,[16],en,0,0,7,,Dave Fleischer,Max Fleischer
600365,tt0020304,The Quitter,The Quitter,1929-04-01,0.9633,8.0,1,"[18, 10749]",en,0,0,84,Columbia Pictures,Joseph Henabery,"Ben Lyon, Dorothy Revier, Fred Kohler, Charles McHugh, Sherry Hall"
263389,tt0020258,Paris Bound,Paris Bound,1929-08-03,1.0101,5.333,6,"[18, 10749]",en,0,0,73,Pathé Exchange,Edward H. Griffith,"Ann Harding, Fredric March, Carmelita Geraghty, Leslie Fenton, George Irving"
138750,tt0145923,The Mysteries of the Chateau of Dice,Les Mystères du château du dé,1929-06-06,1.3578,6.565,31,[99],fr,0,0,27,,"Man Ray, Jacques-André Boiffard","Man Ray, Georges Auric, Jacques-André Boiffard"
1270138,,A Day on the Broads,A Day on the Broads,1929-07-01,0.8871,0.0,0,[99],xx,0,0,18,BFI,,
681180,tt0439136,Der Bund der Drei,Der Bund der Drei,1929-12-12,0.7659,10.0,1,"[18, 10749, 80]",de,0,0,74,,Hans Behrendt,"Jenny Jugo, Friedrich Benfer, Max Maximilian, Ernst Stahl-Nachbaur, Raimondo Van Riel"
600373,tt0019621,Acquitted,Acquitted,1929-11-15,0.8939,8.0,1,"[18, 80]",en,0,0,63,Columbia Pictures,Frank R. Strayer,"Lloyd Hughes, Margaret Livingston, Sam Hardy, Charles West, George Regas"
422226,tt0020203,The Alley Cat,Nachtgestalten,1929-02-01,0.7021,9.5,2,"[18, 80]",de,0,0,79,"British & Foreign, Orplid-Film",Hans Steinhoff,"Mabel Poulton, Jack Trevor, Clifford McLaglen, Shayle Gardner, Margit Manstad"
1113539,tt0020593,Wir halten fest und treu zusammen,Wir halten fest und treu zusammen,1929-09-16,0.9001,7.0,1,[35],de,0,0,90,,Herbert Nossen,"Sig Arno, Kurt Gerron, Ernst Karchow, Vera Schmiterlöw, Evi Eva"
1113365,tt0442391,Paganini in Venedig,Paganini in Venedig,1929-04-14,0.8724,7.0,1,[10402],de,0,0,21,,Frank Clifford,"Andreas Weißgerber, Agnes Esterhazy, Hans Hermann Schaufuß, Victor Colani, Marianne Ceconie"
1148903,tt0146737,Farmer's Goat,Farmer's Goat,1929-08-01,0.9268,10.0,1,[16],en,0,0,6,,"John Foster, Paul Terry",
190342,tt0020152,Matchmaking Mamma,Matchmaking Mamma,1929-03-30,1.2327,4.75,8,[35],en,0,0,23,Mack Sennett Comedies,Harry Edwards,"Johnny Burke, Sally Eilers, Daphne Pollard, Matty Kemp, Carole Lombard"
283842,tt0019895,The Forward Pass,The Forward Pass,1929-11-10,0.7998,9.0,1,"[18, 10749]",en,0,0,78,First National Pictures,Edward F. Cline,"Douglas Fairbanks Jr., Loretta Young, Guinn 'Big Boy' Williams, Marion Byron, Phyllis Crane"
273871,tt0208994,Going Ga-Ga,Going Ga-Ga,1929-01-05,0.7493,6.857,7,[35],en,0,0,20,Hal Roach Studios,"Gilbert Pratt, James W. Horne","Anita Garvin, Marion Byron, Max Davidson, Edgar Kennedy, Wally Albright"
536887,tt0020206,Narkose,Narkose,1929-09-09,0.7913,8.0,1,[10749],de,0,0,66,G. P. Films,Alfred Abel,"Renée Héribel, Jack Trevor, Alfred Abel, Fritz Alberti, Frigga Braut"
328800,tt0020101,Little Johnny Jones,Little Johnny Jones,1929-11-17,0.8611,7.0,1,"[35, 10749, 10402, 18]",en,0,0,74,First National Pictures,Mervyn LeRoy,"Edward Buzzell, Alice Day, Edna Murphy, Robert Edeson, Wheeler Oakman"
857644,tt0321420,Deaf Sam-ryong,벙어리 삼룡,1929-01-19,0.8212,10.0,1,[18],ko,0,0,0,Na Ungyu Production,Woon-gyu Na,"Sam-son Ju, Yun Bong-chun, Woon-gyu Na, Shin-bang Yu"
537216,tt0020385,Their Son,Sensation im Wintergarten,1929-09-08,0.8529,9.0,1,[18],de,0,0,102,Lothar Stark-Film,Gennaro Righelli,"Gaston Jacquet, Adolphe Engers, Alexandra Nalder, Alphons Schünemann, Claire Rommer"
476006,tt0020123,Lucky In Love,Lucky In Love,1929-08-16,0.8682,7.0,1,"[35, 10402]",en,0,0,76,Pathé Exchange,Kenneth S. Webb,"Morton Downey, Betty Lawford, Colin Keith-Johnston, Halliwell Hobbes, J.M. Kerrigan"
484009,tt0319124,The Burgomaster of Stilemonde,The Burgomaster of Stilemonde,1929-05-20,0.7706,10.0,1,"[18, 10752]",en,0,0,80,British Filmcraft Productions,George J. Banfield,"John Hamilton, Fern Andra, Fred Raynham, A.B. Imeson, John Martin Harvey"
910922,tt0019769,Circumstantial Evidence,Circumstantial Evidence,1929-04-01,0.746,10.0,1,[18],en,0,0,70,Chesterfield Motion Pictures Corporation (I),Wilfred Noy,"Cornelius Keefe, Helen Foster, Alice Lake, Charles K. Gerrard, Ray Hallor"
1067235,tt3903570,Musical Medley,Musical Medley,1929-11-01,0.7396,0.0,0,[10402],en,0,0,9,British International Pictures,R.E. Jeffrey,Teddy Brown
556432,tt0197396,The Unknown Dancer,Le Danseur inconnu,1929-11-29,0.8664,7.0,1,[],fr,0,0,0,,René Barberis,"Véra Flory, André Nicolle, André Roanne, Janet Young, Paul Ollivier"
1189272,tt0152514,Sole Mates,Sole Mates,1929-11-07,1.3535,7.0,1,[16],en,0,0,8,,"Manny Gould, Ben Harrison",
148941,tt0020447,St. Louis Blues,St. Louis Blues,1929-09-08,1.411,5.417,24,"[10402, 18]",en,0,0,16,RKO Radio Pictures,Dudley Murphy,"Bessie Smith, James P. Johnson, Alec Lovejoy, Jimmy Mordecai, Isabel Washington"
443680,tt1894463,Fishing Around,Fishing Around,1929-09-27,0.7234,0.0,0,[35],en,0,0,9,Warner Bros. Pictures,Murray Roth,"Howard Anderson, Rean Graves, Cole Carroll"
433688,tt0020159,Melody of the Heart,Melodie des Herzens,1929-12-15,0.8271,7.0,3,"[10402, 18]",de,0,0,88,,Hanns Schwarz,"Dita Parlo, Willy Fritsch, Anni Mewes, Ilka Grüning, Paul Henckels"
579699,tt0146975,Land o' Cotton,Land o' Cotton,1929-01-06,0.8724,8.0,1,[16],en,0,0,6,,"Paul Terry, Frank Moser",
1313162,,Alceo Dossena,Alceo Dossena,1929-01-01,0.9727,0.0,0,[99],en,0,0,11,Institut für Kulturforschung,Hans Cürlis,Alceo Dossena
286096,tt0019741,The California Mail,The California Mail,1929-04-07,0.793,9.0,1,[37],en,0,0,60,First National Pictures,Albert S. Rogell,"Ken Maynard, Dorothy Dwan, Lafe McKee, Paul Hurst, C.E. Anderson"
556654,tt0021321,The Road Is Fine,La route est belle,1929-12-20,0.832,10.0,1,"[18, 10402]",fr,0,0,0,Les Établissements Braunberger-Richebé,Robert Florey,"André Baugé, Laurette Fleury, Léon Bary, Saturnin Fabre, Tonia Navar"
237067,tt0020402,Show Boat,Show Boat,1929-03-16,0.8518,6.8,4,[18],en,0,0,146,Universal Pictures,Harry A. Pollard,"Laura La Plante, Joseph Schildkraut, Emily Fitzroy, Otis Harlan, Alma Rubens"
190244,tt0020168,Mickey's Follies,Mickey's Follies,1929-08-28,0.8438,5.244,39,[16],en,0,0,6,Walt Disney Productions,Wilfred Jackson,Walt Disney
450552,tt0198377,The Queen's Necklace,Le collier de la reine,1929-10-21,0.8939,8.0,1,"[36, 18]",fr,0,0,110,Gaumont-Franco Film-Aubert (G.F.F.A),"Tony Lekain, Gaston Ravel","Marcelle Chantal, Georges Lannes, Diana Karenne, Jean Weber, Fernand Fabre"
1404399,,Piling,Heien,1929-01-01,0.8425,0.0,0,[99],nl,0,0,10,,Joris Ivens,
1113304,tt0448488,Das Geständnis der Drei,Das Geständnis der Drei,1929-02-08,0.9584,9.0,1,"[18, 80]",de,0,0,89,,James Bauer,"Hertha von Walther, Olaf Fjord, Manfred Voss, Angelo Ferrari, Franz Klebusch"
871133,tt0313906,A Close Shave,A Close Shave,1929-06-23,0.6825,10.0,1,[35],en,0,0,9,Mack Sennett Comedies,Harry Edwards,"Johnny Burke, Carmelita Geraghty, Vernon Dent, Andy Clyde, Elsie Tarron"
701500,tt0020063,Kitty,Kitty,1929-06-15,0.9036,6.0,2,"[10749, 18]",en,0,0,92,"British International Pictures, Burlington Films",Victor Saville,"Estelle Brody, John Stuart, Dorothy Cumming, Marie Ault, Winter Hall"
429139,tt0020399,Ship Ahoy,Ship Ahoy,1929-03-11,0.8254,4.0,2,[35],en,0,0,8,Warner Bros. Pictures,Doc Salomon,"Pat West, Sidney D'Albrook, Harris Gordon"
963132,tt0018940,Judith and Holophernes,Giuditta e Oloferne,1929-01-01,0.8312,8.0,1,[],it,0,0,101,Cines,Baldassarre Negroni,"Bartolomeo Pagano, Jia Ruskaja, Nino Altieri, Augusto Bandini"
425190,tt0020213,Ill Nerves,Больные нервы,1929-11-08,0.8312,8.0,1,[18],ru,0,0,49,Sovkino,Noi Galkin,"Serhii Minin, Yelena Yegorova, G. Slatanakh"
429140,tt0019965,Harry Fox and His Six American Beauties,Harry Fox and His Six American Beauties,1929-07-21,0.831,5.0,2,"[10402, 35]",en,0,0,8,Warner Bros. Pictures,Murray Roth,"Harry Fox, Marjorie Main"
168808,tt0794314,A Strong Man,Mocny człowiek,1929-10-02,0.8302,7.4,15,"[80, 18, 53, 27]",xx,0,0,77,Gloria,Henryk Szaro,"Gregori Chmara, Agnes Kuck, Julian Krzewiński, Julian Krzewiński, Julian Krzewiński"
495743,tt0020565,What's Up with Nanette?,Was ist los mit Nanette?,1929-08-30,0.8301,7.0,1,[35],de,0,0,92,Ruth Weyer Film,Holger-Madsen,"Ruth Weyher, Georg Alexander, Maria Minzenti, Harry Hardt, Hanne Brinkmann"
767795,tt1082826,Děvče z tabákové továrny,Děvče z tabákové továrny,1929-01-11,0.8299,0.0,0,"[18, 10749]",cs,0,0,0,Poja Film,Václav Kubásek,"Marie Černá, Filip Balek-Brodský, Milka Balek-Brodská, Eduard Kohout, Pavel Trojan"
385560,tt0020462,Study No. 1,Studie Nr. 1,1929-01-01,0.8299,9.0,1,[16],de,0,0,4,Fischinger Studio,Oskar Fischinger,
963041,tt0020300,Queen of the Northwoods,Queen of the Northwoods,1929-05-21,0.8296,8.0,1,[28],en,0,0,200,Pathé Exchange,"Spencer Gordon Bennet, Thomas Storey","Walter Miller, Ethlyne Clair, Tom London, Frank Lackteen, Edward Cecil"
190271,tt0349106,Ask Dad,Ask Dad,1929-02-16,0.8295,6.286,7,"[35, 10749]",en,0,0,20,,Hugh Faulcon,"Edward Everett Horton, Winston Miller, Ruth Renick"
724147,tt1087633,Osudné noci,Osudné noci,1929-05-03,0.8293,0.0,0,[18],cs,0,0,0,A-B,Josef Medeotti-Boháč,"Jan W. Speerger, Josef Rovenský, Kitty Barling, Božena Svobodová, Theodor Pištěk"
1384438,tt21614554,The Drive of Death,Перегон смерти,1929-08-13,0.8287,0.0,0,"[18, 10752]",ru,0,0,0,Mosfilm,Aleksandr Usoltsev-Garf,"Aleksandr Chistyakov, Konstantin Efimov, V. Semenova, Evgeniy Terpilin, Mariya Shlenskaya"
353113,tt0019803,Dark Red Roses,Dark Red Roses,1929-10-16,0.8286,8.0,1,[18],en,0,0,63,British Sound Film Productions,Sinclair Hill,"Stewart Rome, Frances Doble, Hugh Morton, Kate Cutler, Una O'Connor"
810983,tt0020043,Jealousy,Jealousy,1929-09-13,0.8283,9.0,1,[18],en,0,0,66,Paramount Pictures,Jean de Limur,"Jeanne Eagels, Fredric March, Halliwell Hobbes, Blanche Le Clair, Henry Daniell"
417445,tt0019997,Honky Tonk,Honky Tonk,1929-08-31,0.8272,10.0,1,"[18, 35]",en,0,0,71,Warner Bros. Pictures,Lloyd Bacon,"Sophie Tucker, Lila Lee, Wilbur Mack, Audrey Ferris, Tom Keene"
251320,tt0019711,Border Romance,Border Romance,1929-05-25,0.8265,6.8,2,"[37, 35, 10402, 10749]",en,0,0,71,Tiffany Productions,Richard Thorpe,"Armida, Don Terry, Marjorie Kane, Victor Potel, Wesley Barry"
678920,tt0020145,Marquis Preferred,Marquis Preferred,1929-01-27,0.8252,10.0,1,[35],en,0,0,60,Paramount Pictures,Frank Tuttle,"Adolphe Menjou, Nora Lane, Chester Conklin, Dot Farley, Lucille Powers"
925460,tt0020251,The Overland Telegraph,The Overland Telegraph,1929-03-02,0.8248,9.0,1,[37],en,0,0,60,Metro-Goldwyn-Mayer,John Waters,"Tim McCoy, Dorothy Janis, Frank Rice, Lawford Davidson, Clarence Geldart"
671144,tt0462379,Kehre zurück! Alles vergeben!,Kehre zurück! Alles vergeben!,1929-09-06,0.8247,7.0,1,[],de,0,0,0,,Erich Schönfelder,"Dina Gralla, Teddy Bill, Rudolf Biebrach, Emmy Wyda, Robin Irvine"
190293,tt0250576,Impressions of the Old Marseille Harbor,Impressionen vom alten Marseiller Hafen (Vieux Port),1929-04-30,0.8247,6.75,8,[99],de,0,0,11,,László Moholy-Nagy,
1466162,tt21424740,Semiramis’ Pearls,Жемчужина Семирамиды,1929-03-29,0.8241,0.0,0,[35],uk,0,0,0,VUFKU,Heorhiy Stabovyi,"G. Rostov, M. Sheveleva, Elena Mohern, Gavriil Marinchak, Sergey Petrov"
925462,tt0020411,Sioux Blood,Sioux Blood,1929-04-20,0.8798,9.0,1,[37],en,80000,0,60,Metro-Goldwyn-Mayer,John Waters,"Tim McCoy, Robert Frazer, Ena Gregory, Clarence Geldart, Chief John Big Tree"
386898,tt0431859,Sweat,汗,1929-12-31,0.9828,6.75,4,"[18, 35]",ja,0,0,50,Nikkatsu Corporation,Tomu Uchida,"Kōji Shima, Yasushi Yoshii, Kōju Murata, Kunio Tamura, Etsuji Oki"
586938,tt0019781,The College Coquette,The College Coquette,1929-08-05,0.8743,10.0,1,"[18, 10749]",xx,0,0,68,Columbia Pictures,George Archainbaud,"Ruth Taylor, William Collier Jr., Jobyna Ralston, John Holland, Adda Gleason"
285303,tt0448487,Die Geliebte seiner Hoheit,Die Geliebte seiner Hoheit,1929-01-07,0.7809,7.0,1,[18],de,0,0,0,Orplid-Film,"Jakob Fleck, Luise Fleck","Vivian Gibson, Lia Eibenschütz, Paul Richter, Kurt Vespermann, Karl Beckersachs"
233821,tt0152041,Port Whines,Port Whines,1929-10-10,1.024,7.0,1,"[16, 35]",en,0,0,7,,"Manny Gould, Ben Harrison",
678902,tt0019973,Heilige oder Dirne,Heilige oder Dirne,1929-10-01,0.8818,8.0,1,[18],de,0,0,70,Martin Berger Film,Martin Berger,"María Corda, Hilde von Stolz, Hans Albers, Hans Adalbert Schlettow, Gertrud Eysoldt"
576540,tt0350318,What a Trip,What a Trip,1929-01-13,0.7537,7.0,1,[35],en,0,0,8,Jack White,Francis Martin,"Vernon Dent, John J. Richardson"
768518,tt1082841,Horské volání S. O. S.,Horské volání S. O. S.,1929-08-09,0.7805,0.0,0,"[53, 80]",cs,0,0,0,Elekta Journal,"Leo Marten, Vladimír Studecký","Jan W. Speerger, Miloš Frgal, Vojtěch Jonák, Karel Schleichert, Josef Novák"
222750,tt0142977,Weary Willies,Weary Willies,1929-08-05,0.8184,7.0,2,[16],en,0,0,8,,Friz Freleng,
1187749,tt0411655,Mickey's Midnite Follies,Mickey's Midnite Follies,1929-08-18,0.9968,9.0,1,[35],en,0,0,18,Larry Darmour Productions,Albert Herman,"Mickey Rooney, Billy Barty, Delia Bogard, Jimmy Robinson, Marvin Stephens"
515931,tt0020482,Tempo! Tempo!,Tempo! Tempo!,1929-02-08,0.7249,9.0,1,"[18, 80]",de,0,0,78,,Max Obal,"Luciano Albertini, Hilda Rosch, Fritz Kampers, Hermann Picha, Trude Berliner"
1396123,tt39197517,The cry of the earth,მიწის ძახილი,1929-07-07,1.0317,0.0,0,"[12, 99]",ka,0,0,0,"JSC ""Sakhkinmretsvi""",Siko Dolidze,
1714438,tt0020190,Mr. Smith Wakes Up,Mr. Smith Wakes Up,1929-02-01,0.8955,0.0,0,[35],en,0,0,25,British Sound Film Productions,Jack Harrison,"Moore Marriott, Barbara Gott, Elsa Lanchester"
332242,tt0019620,The Ace of Scotland Yard,The Ace of Scotland Yard,1929-09-30,0.9576,7.5,2,"[18, 28, 80]",en,0,0,215,Universal Pictures,Ray Taylor,"Crauford Kent, Florence Allen, Albert Prisco, Monte Montague, Grace Cunard"
681640,tt0020221,Nix on Dames,Nix on Dames,1929-11-24,0.8289,10.0,1,"[35, 10402, 10749]",en,0,0,67,Fox Film Corporation,Donald Gallaher,"Mae Clarke, Robert Ames, William Harrigan, Maude Fulton, George MacFarlane"
600370,tt0020992,Hurricane,Hurricane,1929-09-30,0.9298,6.5,2,"[12, 18]",en,0,0,75,Columbia Pictures,Ralph Ince,"Hobart Bosworth, Johnny Mack Brown, Leila Hyams, Alan Roscoe, Tom O'Brien"
428960,tt0020003,Hotter Than Hot,Hotter Than Hot,1929-08-17,0.8011,10.0,1,[35],en,0,0,20,Hal Roach Studios,Lewis R. Foster,"Harry Langdon, Thelma Todd, Edgar Kennedy, Eddie Dunn, Frank Austin"
768175,tt1100012,Stín ve světle,Stín ve světle,1929-02-21,0.7372,0.0,0,[],cs,0,0,0,Filmindustrie,Josef Kokeisl,"Zdena Listová, Roman Roda-Růžička, Vendelín Buk, Gustav Hrdlička, Otto Zahrádka"
600504,tt0019479,Times Square,Times Square,1929-09-01,1.1372,7.0,1,"[18, 10402, 10749]",en,0,0,78,Gotham Productions,Joseph C. Boyle,"Alice Day, Arthur Lubin, Émile Chautard, Ann Brody, John Miljan"
1443288,tt0019894,.45 Calibre War,.45 Calibre War,1929-02-17,0.8257,10.0,1,[37],en,0,0,50,Leo Maloney Productions,Leo D. Maloney,"Dan Coleman, Ben Corbett, Al Hart, Duke R. Lee, Jeanette Loff"
