id,imdb_id,title,original_title,release_date,popularity,vote_average,vote_count,genre_ids,original_language,budget,revenue,runtime,production_companies,director,cast
12445,tt1201607,Harry Potter and the Deathly Hallows: Part 2,Harry Potter and the Deathly Hallows: Part 2,2011-07-12,41.6383,8.081,22444,"[12, 14]",en,125000000,1341511219,130,"Warner Bros. Pictures, Heyday Films",David Yates,"Daniel Radcliffe, Emma Watson, Rupert Grint, Ralph Fiennes, Alan Rickman"
49494,tt1034389,The Eagle,The Eagle,2011-02-08,22.6616,6.248,1473,"[12, 18]",en,25000000,27122040,114,"Prime Focus, Toledo Productions, Focus Features, Twins Financing, Film4 Productions",Kevin Macdonald,"Channing Tatum, Mark Strong, Jamie Bell, Donald Sutherland, Denis O'Hare"
49013,tt1216475,Cars 2,Cars 2,2011-06-11,34.0671,6.19,8693,"[16, 10751, 12, 35]",en,200000000,559852396,106,"Pixar, Walt Disney Pictures",John Lasseter,"Larry the Cable Guy, Owen Wilson, Michael Caine, Emily Mortimer, Suzy Eddie Izzard"
49018,tt1591095,Insidious,Insidious,2011-03-31,28.2342,7.0,7599,"[27, 53]",en,1500000,100106454,102,"Alliance Films, IM Global, Haunted Movies, FilmDistrict",James Wan,"Patrick Wilson, Rose Byrne, Lin Shaye, Ty Simpkins, Barbara Hershey"
39254,tt0433035,Real Steel,Real Steel,2011-09-28,27.0612,7.145,9548,"[28, 878, 18]",en,110000000,299300000,127,"DreamWorks Pictures, Reliance Entertainment, 21 Laps Entertainment, Montford / Murphy Productions",Shawn Levy,"Hugh Jackman, Dakota Goyo, Evangeline Lilly, Kevin Durand, Anthony Mackie"
1865,tt1298650,Pirates of the Caribbean: On Stranger Tides,Pirates of the Caribbean: On Stranger Tides,2011-05-15,27.1052,6.574,15242,"[12, 28, 14]",en,379000000,1046721266,136,"Walt Disney Pictures, Jerry Bruckheimer Films, Moving Picture Company",Rob Marshall,"Johnny Depp, Penélope Cruz, Geoffrey Rush, Ian McShane, Kevin McNally"
10195,tt0800369,Thor,Thor,2011-04-21,27.2236,6.772,22798,"[12, 14, 28]",en,150000000,449326618,115,"Marvel Studios, Marvel Entertainment",Kenneth Branagh,"Chris Hemsworth, Natalie Portman, Tom Hiddleston, Anthony Hopkins, Stellan Skarsgård"
77338,tt1675434,The Intouchables,Intouchables,2011-11-02,26.1369,8.273,18818,"[18, 35]",fr,13000000,426590315,113,"Gaumont, Quad Productions, Chaocorp, Ten Films, TF1 Films Production","Éric Toledano, Olivier Nakache","François Cluzet, Omar Sy, Anne Le Ny, Audrey Fleurot, Joséphine de Meaux"
61791,tt1318514,Rise of the Planet of the Apes,Rise of the Planet of the Apes,2011-08-03,23.8888,7.354,13073,"[53, 28, 18, 878]",en,93000000,481800873,105,"Dune Entertainment, Chernin Entertainment, Ingenious Media, Big Screen Productions, 20th Century Fox",Rupert Wyatt,"Andy Serkis, James Franco, Freida Pinto, John Lithgow, Brian Cox"
56292,tt1229238,Mission: Impossible - Ghost Protocol,Mission: Impossible - Ghost Protocol,2011-12-07,22.2765,7.116,11004,"[28, 53, 12]",en,145000000,694713380,133,"Paramount Pictures, Bad Robot, TC Productions, Skydance Media",Brad Bird,"Tom Cruise, Paula Patton, Simon Pegg, Jeremy Renner, Michael Nyqvist"
44912,tt1133985,Green Lantern,Green Lantern,2011-06-14,21.405,5.198,7844,"[12, 28, 878]",en,200000000,219851172,114,"De Line Pictures, Warner Bros. Pictures, DC",Martin Campbell,"Ryan Reynolds, Blake Lively, Peter Sarsgaard, Mark Strong, Tim Robbins"
1771,tt0458339,Captain America: The First Avenger,Captain America: The First Avenger,2011-07-22,21.0094,7.012,23243,"[28, 12, 878]",en,140000000,370569774,124,"Marvel Studios, Marvel Entertainment",Joe Johnston,"Chris Evans, Hayley Atwell, Sebastian Stan, Tommy Lee Jones, Hugo Weaving"
49444,tt1302011,Kung Fu Panda 2,Kung Fu Panda 2,2011-05-25,21.9305,7.086,8128,"[16, 10751, 35, 28]",en,150000000,665692281,91,DreamWorks Animation,Jennifer Yuh Nelson,"Jack Black, Angelina Jolie, Dustin Hoffman, Gary Oldman, Jackie Chan"
45243,tt1411697,The Hangover Part II,The Hangover Part II,2011-05-25,19.744,6.512,11537,[35],en,80000000,586764305,102,"Legendary Pictures, Green Hat Films, Warner Bros. Pictures",Todd Phillips,"Bradley Cooper, Ed Helms, Zach Galifianakis, Justin Bartha, Mason Lee"
417859,tt0448694,Puss in Boots,Puss in Boots,2011-10-27,21.7511,6.618,4749,"[28, 12, 16, 35, 10751]",en,130000000,554987477,90,DreamWorks Animation,Chris Miller,"Antonio Banderas, Salma Hayek Pinault, Zach Galifianakis, Billy Bob Thornton, Amy Sedaris"
45612,tt0945513,Source Code,Source Code,2011-03-30,17.5521,7.312,9408,"[53, 878, 9648]",en,32000000,147332697,93,"The Mark Gordon Company, Summit Entertainment, Vendôme Production",Duncan Jones,"Jake Gyllenhaal, Michelle Monaghan, Vera Farmiga, Jeffrey Wright, Michael Arden"
414419,tt6019206,Kill Bill: The Whole Bloody Affair,Kill Bill: The Whole Bloody Affair,2011-03-27,16.9675,8.114,1420,"[28, 80, 18, 53]",en,60000000,12338649,254,"Miramax, A Band Apart, Super Cool ManChu",Quentin Tarantino,"Uma Thurman, Lucy Liu, Vivica A. Fox, Michael Madsen, Daryl Hannah"
50014,tt1454029,The Help,The Help,2011-08-09,17.0139,8.205,9272,[18],en,25000000,216600000,146,"1492 Pictures, Harbinger Pictures",Tate Taylor,"Emma Stone, Viola Davis, Bryce Dallas Howard, Octavia Spencer, Jessica Chastain"
64690,tt0780504,Drive,Drive,2011-09-15,16.7592,7.584,14000,"[18, 53, 80]",en,15000000,79713640,100,"FilmDistrict, Bold Films, Marc Platt Productions, OddLot Entertainment, Motel Movies, Newbridge Film Capital",Nicolas Winding Refn,"Ryan Gosling, Carey Mulligan, Bryan Cranston, Albert Brooks, Oscar Isaac"
82023,tt2080323,Hotel Desire,Hotel Desire,2011-12-07,14.1398,6.2,164,"[18, 10749]",de,230758,0,38,"Von Fiessbach Film, teamWorx",Sergej Moya,"Saralisa Volm, Clemens Schick, Jan-Gregor Kremp, Herbert Knaup, Palina Rojinski"
44896,tt1192628,Rango,Rango,2011-03-02,15.4471,6.919,7320,"[16, 35, 10751, 37, 12]",en,135000000,245724603,107,"Paramount Pictures, Blind Wink, Nickelodeon Movies, GK Films",Gore Verbinski,"Johnny Depp, Isla Fisher, Ned Beatty, Bill Nighy, Abigail Breslin"
49530,tt1637688,In Time,In Time,2011-10-27,16.0308,6.97,12418,"[28, 53, 878]",en,40000000,173900000,109,"New Regency Pictures, Strike Entertainment",Andrew Niccol,"Amanda Seyfried, Justin Timberlake, Cillian Murphy, Vincent Kartheiser, Olivia Wilde"
46195,tt1436562,Rio,Rio,2011-04-03,16.2905,6.771,7335,"[16, 12, 35, 10751]",en,90000000,483866772,96,"Blue Sky Studios, 20th Century Fox Animation",Carlos Saldanha,"Jesse Eisenberg, Anne Hathaway, Leslie Mann, Jane Lynch, will.i.am"
41630,tt1411238,No Strings Attached,No Strings Attached,2011-01-21,16.7912,6.298,5075,"[35, 10749]",en,25000000,149200000,107,"Katalyst Films, The Montecito Picture Company, Handsomecharlie Films",Ivan Reitman,"Natalie Portman, Ashton Kutcher, Kevin Kline, Cary Elwes, Greta Gerwig"
65754,tt1568346,The Girl with the Dragon Tattoo,The Girl with the Dragon Tattoo,2011-12-14,15.0559,7.387,7796,"[53, 80, 9648]",en,90000000,232617430,158,"Columbia Pictures, Metro-Goldwyn-Mayer, Scott Rudin Productions, Yellow Bird",David Fincher,"Daniel Craig, Rooney Mara, Christopher Plummer, Stellan Skarsgård, Robin Wright"
50646,tt1570728,"Crazy, Stupid, Love.","Crazy, Stupid, Love.",2011-07-29,15.9123,7.278,9510,"[35, 18, 10749]",en,50000000,145079584,118,Warner Bros. Pictures,"Glenn Ficarra, John Requa","Steve Carell, Ryan Gosling, Julianne Moore, Emma Stone, Lio Tipton"
51876,tt1219289,Limitless,Limitless,2011-03-17,17.1471,7.203,11737,"[53, 9648, 878]",en,27000000,161900000,106,"Relativity Media, Virgin Produced, Many Rivers Productions, Boy of the Year, Rogue Pictures, Mandate International",Neil Burger,"Bradley Cooper, Robert De Niro, Abbie Cornish, Andrew Howard, Anna Friel"
50546,tt1564367,Just Go with It,Just Go with It,2011-02-10,14.6619,6.706,6239,"[35, 10749]",en,80000000,214945591,117,"Columbia Pictures, Happy Madison Productions",Dennis Dugan,"Adam Sandler, Jennifer Aniston, Brooklyn Decker, Nicole Kidman, Nick Swardson"
74997,tt1530509,The Human Centipede 2 (Full Sequence),The Human Centipede 2 (Full Sequence),2011-10-06,14.5637,4.757,1490,"[18, 27, 80]",en,0,170323,91,"Six Entertainment, IFC Midnight",Tom Six,"Laurence R. Harvey, Ashlynn Yennie, Dominic Borrelli, Georgia Goodrick, Maddi Black"
50619,tt1324999,The Twilight Saga: Breaking Dawn - Part 1,The Twilight Saga: Breaking Dawn - Part 1,2011-11-16,15.9007,6.185,9411,"[12, 14, 10749]",en,110000000,712171856,117,"Summit Entertainment, Sunswept Entertainment, TSBD Canada Productions, TSBD Louisiana, TSBD Productions, Temple Hill Entertainment, Total Entertainment",Bill Condon,"Kristen Stewart, Robert Pattinson, Taylor Lautner, Billy Burke, Peter Facinelli"
37958,tt1253864,Immortals,Immortals,2011-11-10,14.1493,6.051,2897,"[14, 28, 18]",en,75000000,226904017,110,"Relativity Media, Virgin Produced, Hollywood Gang Productions, Atmosphere Entertainment MM, Rogue Pictures",Tarsem Singh,"Henry Cavill, Mickey Rourke, Stephen Dorff, Freida Pinto, Luke Evans"
41513,tt0472181,The Smurfs,The Smurfs,2011-07-29,13.8803,5.754,4085,"[16, 10751, 12, 35, 14]",en,110000000,563749323,103,"Columbia Pictures, Sony Pictures Animation, The Kerner Entertainment Company",Raja Gosnell,"Hank Azaria, Neil Patrick Harris, Jayma Mays, Jonathan Winters, Katy Perry"
51540,tt1499658,Horrible Bosses,Horrible Bosses,2011-07-08,13.5815,6.574,6964,"[35, 80]",en,35000000,209838559,98,"New Line Cinema, RAT Entertainment",Seth Gordon,"Jason Bateman, Charlie Day, Jason Sudeikis, Kevin Spacey, Jennifer Aniston"
41446,tt1262416,Scream 4,Scream 4,2011-04-13,13.3711,6.5,4299,"[27, 9648]",en,40000000,97231420,111,"Dimension Films, Outerbanks Entertainment, Corvus Corax Productions",Wes Craven,"Neve Campbell, David Arquette, Courteney Cox, Emma Roberts, Hayden Panettiere"
55721,tt1478338,Bridesmaids,Bridesmaids,2011-05-13,13.2319,6.509,4773,"[35, 10749]",en,32500000,288383523,125,"Apatow Productions, Relativity Media",Paul Feig,"Kristen Wiig, Maya Rudolph, Rose Byrne, Chris O'Dowd, Melissa McCarthy"
58574,tt1515091,Sherlock Holmes: A Game of Shadows,Sherlock Holmes: A Game of Shadows,2011-11-22,13.2832,7.146,11147,"[28, 12, 9648]",en,125000000,334615000,129,"Village Roadshow Pictures, Silver Pictures, Wigram Productions, Lin Pictures",Guy Ritchie,"Robert Downey Jr., Jude Law, Noomi Rapace, Jared Harris, Rachel McAdams"
49849,tt0409847,Cowboys & Aliens,Cowboys & Aliens,2011-07-29,13.7402,5.707,5614,"[28, 878, 53, 37]",en,163000000,174822325,119,"DreamWorks Pictures, Universal Pictures, Reliance Entertainment, Relativity Media, Imagine Entertainment, K/O Paper Products, Fairview Entertainment, Platinum Studios",Jon Favreau,"Daniel Craig, Harrison Ford, Olivia Wilde, Sam Rockwell, Adam Beach"
39538,tt1598778,Contagion,Contagion,2011-09-08,12.8228,6.654,6713,"[18, 53, 878]",en,60000000,137551594,106,"Participant, Image Nation Studios, Double Feature Films, Regency Enterprises, Warner Bros. Pictures",Steven Soderbergh,"Marion Cotillard, Matt Damon, Laurence Fishburne, Jude Law, Kate Winslet"
27582,tt0472399,The Mechanic,The Mechanic,2011-01-13,12.1426,6.546,3711,"[28, 53, 80]",en,40000000,51070807,93,"CBS Films, Millennium Media, Nu Image Entertainment, Winkler Films",Simon West,"Jason Statham, Ben Foster, Donald Sutherland, Mini Anden, Tony Goldwyn"
71676,tt1071875,Ghost Rider: Spirit of Vengeance,Ghost Rider: Spirit of Vengeance,2011-12-10,12.8511,5.02,4188,"[28, 14, 53]",en,57000000,132563930,96,"Columbia Pictures, Crystal Sky Pictures, Michael De Luca Productions, Hyde Park Entertainment, Arad Productions, Image Nation Studios, Marvel Entertainment","Brian Taylor, Mark Neveldine","Nicolas Cage, Fergus Riordan, Violante Placido, Ciarán Hinds, Johnny Whitworth"
49520,tt1488555,The Change-Up,The Change-Up,2011-08-05,12.8234,6.16,3053,[35],en,52000000,75500000,112,"Universal Pictures, Relativity Media, Original Film, Big Kid Pictures",David Dobkin,"Jason Bateman, Ryan Reynolds, Leslie Mann, Olivia Wilde, Alan Arkin"
85877,tt2084885,The 33D Invader,蜜桃成熟時33D,2011-10-06,10.079,5.606,33,"[35, 878]",cn,0,0,82,My Way Film Company,Cash Chin Man-Kei,"Wu Qing-Qing, Chen Jun-Yan, Akiho Yoshizawa, Taka Katou, Ya-Wen Hsueh"
55779,tt1622979,Final Destination 5,Final Destination 5,2011-08-12,12.9357,6.159,4229,"[27, 9648]",en,40000000,157887643,91,"Parallel Zide, New Line Cinema, Practical Pictures",Steven Quale,"Nicholas D'Agosto, Emma Bell, Miles Fisher, Ellen Wroe, Jacqueline MacInnes Wood"
23629,tt0978764,Sucker Punch,Sucker Punch,2011-03-24,11.6682,6.204,5236,"[28, 14, 53]",en,82000000,89792502,110,"Legendary Pictures, Warner Bros. Pictures, Cruel & Unusual Films",Zack Snyder,"Emily Browning, Abbie Cornish, Jena Malone, Vanessa Hudgens, Jamie Chung"
44943,tt1217613,Battle: Los Angeles,Battle: Los Angeles,2011-03-08,11.0513,5.829,3845,"[878, 28]",en,70000000,211800000,116,"Columbia Pictures, Relativity Media, Original Film",Jonathan Liebesman,"Aaron Eckhart, Ramón Rodríguez, Will Rothhaar, Michael Peña, Bridget Moynahan"
59436,tt1605783,Midnight in Paris,Midnight in Paris,2011-05-11,11.4177,7.509,7881,"[14, 35, 10749]",en,17000000,151119219,94,"Mediapro, Versátil Cinema, Pontchartrain Productions, Gravier Productions",Woody Allen,"Owen Wilson, Rachel McAdams, Kathy Bates, Kurt Fuller, Adrien Brody"
63311,tt1189073,The Skin I Live In,La piel que habito,2011-08-17,12.5296,7.477,4738,"[18, 27, 9648, 53]",es,13000000,33750478,120,El Deseo,Pedro Almodóvar,"Antonio Banderas, Elena Anaya, Marisa Paredes, Jan Cornet, Roberto Álamo"
74465,tt1389137,We Bought a Zoo,We Bought a Zoo,2011-11-26,11.8884,6.838,3016,"[18, 35, 10751]",en,50000000,120081841,124,"Dune Entertainment, Estrella Media, Vinyl Films, 20th Century Fox",Cameron Crowe,"Matt Damon, Scarlett Johansson, Thomas Haden Church, Colin Ford, Maggie Elizabeth Jones"
44826,tt0970179,Hugo,Hugo,2011-11-22,11.0647,7.2,7817,"[12, 18, 10751]",en,170000000,185770160,126,"GK Films, Infinitum Nihil",Martin Scorsese,"Asa Butterfield, Ben Kingsley, Chloë Grace Moretz, Sacha Baron Cohen, Ray Winstone"
17578,tt0983193,The Adventures of Tintin,The Adventures of Tintin,2011-10-24,13.4047,6.928,5967,"[12, 16, 9648]",en,130000000,373993951,107,"Paramount Pictures, Columbia Pictures, Hemisphere Media Capital, Nickelodeon Movies, Amblin Entertainment, WingNut Films, The Kennedy/Marshall Company, DreamWorks Pictures",Steven Spielberg,"Jamie Bell, Andy Serkis, Daniel Craig, Nick Frost, Simon Pegg"
38321,tt0822847,Priest,Priest,2011-05-05,12.2565,5.913,2630,"[28, 14, 27]",en,60000000,84154026,87,"Michael De Luca Productions, Stars Road Entertainment, TOKYOPOP, Buckaroo Entertainment, Screen Gems",Scott Stewart,"Paul Bettany, Karl Urban, Lily Collins, Maggie Q, Stephen Moyer"
73454,tt1661099,X,X,2011-11-23,9.8415,6.388,327,"[28, 53, 10749]",en,0,0,90,"Rough Beast, Circe Films",Jon Hewitt,"Viva Bianca, Hanna Mangan Lawrence, Peter Docker, Stephen Phillips, Eamon Farren"
76025,tt1723811,Shame,Shame,2011-10-02,11.0578,6.928,3514,[18],en,6500000,3909002,102,"HanWay Films, See-Saw Films, Lipsync Productions, Alliance Films, Film4 Productions, UK Film Council",Steve McQueen,"Michael Fassbender, Carey Mulligan, James Badge Dale, Nicole Beharie, Lucy Walters"
50544,tt1632708,Friends with Benefits,Friends with Benefits,2011-07-21,11.5769,6.638,8518,"[10749, 35]",en,35000000,149500000,109,"Castle Rock Entertainment, Olive Bridge Entertainment",Will Gluck,"Justin Timberlake, Mila Kunis, Jenna Elfman, Patricia Clarkson, Woody Harrelson"
46529,tt1464540,I Am Number Four,I Am Number Four,2011-02-18,11.721,6.207,5125,"[28, 53, 878, 12]",en,50000000,149900000,109,"Bay Films, DreamWorks Pictures, Reliance Entertainment",D.J. Caruso,"Alex Pettyfer, Dianna Agron, Teresa Palmer, Timothy Olyphant, Kevin Durand"
49730,tt1486185,Red Riding Hood,Red Riding Hood,2011-03-10,10.8091,6.0,3359,"[53, 18, 14, 9648, 27, 10749]",en,42000000,89162162,100,"Appian Way, Random Films, Warner Bros. Pictures",Catherine Hardwicke,"Amanda Seyfried, Gary Oldman, Billy Burke, Shiloh Fernandez, Max Irons"
62835,tt1657507,Colombiana,Colombiana,2011-07-27,9.9238,6.647,2953,"[28, 53, 80, 18]",en,40000000,71508440,108,"A.J.O.Z. Films, EuropaCorp, Grive Productions, CinéCinéma, Canal+, TF1 Films Production",Olivier Megaton,"Zoe Saldaña, Cliff Curtis, Callum Blue, Michael Vartan, Lennie James"
38050,tt1385826,The Adjustment Bureau,The Adjustment Bureau,2011-03-03,11.7293,6.791,5075,"[878, 53, 10749]",en,50200000,127900000,106,"Universal Pictures, MRC, Gambit Pictures",George Nolfi,"Matt Damon, Emily Blunt, John Slattery, Anthony Mackie, Michael Kelly"
65759,tt1402488,Happy Feet Two,Happy Feet Two,2011-11-17,11.0496,6.208,1770,"[16, 35, 10751]",en,130000000,150406466,99,"Warner Bros. Pictures, Village Roadshow Pictures, Kennedy Miller Mitchell, Dr. D. Studios",George Miller,"Elijah Wood, Robin Williams, P!nk, E. G. Daily, Johnny A. Sanchez"
57212,tt1568911,War Horse,War Horse,2011-12-25,10.071,7.304,3765,"[10752, 36, 18]",en,66000000,177584879,146,"DreamWorks Pictures, Reliance Entertainment, Amblin Entertainment, The Kennedy/Marshall Company",Steven Spielberg,"Jeremy Irvine, Peter Mullan, Emily Watson, Niels Arestrup, David Thewlis"
48138,tt1401152,Unknown,Unknown,2011-02-16,9.7558,6.695,4285,"[28, 9648, 53]",en,30000000,130786397,113,"Panda Productions, Dark Castle Entertainment, StudioCanal, TF1 Films Production, Warner Bros. Pictures, Horticus UK, Studio Babelsberg",Jaume Collet-Serra,"Liam Neeson, Diane Kruger, January Jones, Aidan Quinn, Bruno Ganz"
60308,tt1210166,Moneyball,Moneyball,2011-09-23,10.1679,7.3,5982,[18],en,50000000,110206216,134,"Scott Rudin Productions, Michael De Luca Productions, Rachael Horovitz Productions, Columbia Pictures",Bennett Miller,"Brad Pitt, Jonah Hill, Philip Seymour Hoffman, Robin Wright, Chris Pratt"
49021,tt1448755,Killer Elite,Killer Elite,2011-09-22,10.3645,6.267,2397,"[28, 12, 53]",en,66000000,57777106,116,"Open Road Films, Current Entertainment, Omnilab Media, Ambience Entertainment, International Traders, Sighvatsson Films, Palomar Pictures, Film Victoria, Wales Creative IP Fund, Agora Films, Mascot Pictures Wales",Gary McKendry,"Jason Statham, Clive Owen, Robert De Niro, Dominic Purcell, Aden Young"
51828,tt1563738,One Day,One Day,2011-03-02,9.3669,7.42,4618,"[18, 10749]",en,15000000,59400000,107,"Focus Features, Random House Films, Film4 Productions, Color Force, Universal Pictures",Lone Scherfig,"Anne Hathaway, Jim Sturgess, Tom Mison, Jodie Whittaker, Rafe Spall"
55301,tt1615918,Alvin and the Chipmunks: Chipwrecked,Alvin and the Chipmunks: Chipwrecked,2011-12-14,11.1853,5.704,2396,"[35, 14, 10751, 10402, 16]",en,75000000,342695435,87,"Fox 2000 Pictures, 20th Century Fox, Regency Enterprises, Dune Entertainment, Bagdasarian Productions",Mike Mitchell,"Jason Lee, David Cross, Jenny Slate, Justin Long, Matthew Gray Gubler"
8967,tt0478304,The Tree of Life,The Tree of Life,2011-05-17,10.3888,6.7,3413,"[18, 14]",en,32000000,54700000,139,River Road Entertainment,Terrence Malick,"Brad Pitt, Jessica Chastain, Hunter McCracken, Sean Penn, Fiona Shaw"
50839,tt1615147,Margin Call,Margin Call,2011-09-28,9.4901,6.855,2182,"[53, 18]",en,3500000,19504039,107,"Before the Door Pictures, Washington Square Films, Untitled Entertainment",J.C. Chandor,"Kevin Spacey, Zachary Quinto, Paul Bettany, Jeremy Irons, Simon Baker"
37686,tt1650062,Super 8,Super 8,2011-06-09,10.6271,6.8,7278,"[53, 878, 9648]",en,50000000,260100000,112,"Paramount Pictures, Amblin Entertainment, Bad Robot",J.J. Abrams,"Joel Courtney, Elle Fanning, Riley Griffiths, Kyle Chandler, Noah Emmerich"
60935,tt0905372,The Thing,The Thing,2011-10-12,9.5245,6.256,3330,"[27, 878, 9648]",en,35000000,31505287,103,"Universal Pictures, Morgan Creek Entertainment, Strike Entertainment",Matthijs van Heijningen Jr.,"Mary Elizabeth Winstead, Joel Edgerton, Ulrich Thomsen, Eric Christian Olsen, Adewale Akinnuoye-Agbaje"
81342,tt1828995,Delicacy,La Délicatesse,2011-12-20,8.7565,6.357,484,"[18, 35, 10749]",fr,0,9696204,108,"StudioCanal, France 2 Cinéma, 2.4.7. Films","David Foenkinos, Stéphane Foenkinos","Audrey Tautou, François Damiens, Mélanie Bernier, Joséphine de Meaux, Pio Marmaï"
71672,tt1865567,Wrong Turn 4: Bloody Beginnings,Wrong Turn 4: Bloody Beginnings,2011-10-17,9.8729,5.753,1262,"[27, 53]",en,3000000,0,93,"Summit Entertainment, Constantin Film, 20th Century Fox Home Entertainment, Canada Film Capital",Declan O'Brien,"Jennifer Pudavick, Tenika Davis, Terra Vnesa, Kristen Harris, Kaitlyn Leeb"
37430,tt0816462,Conan the Barbarian,Conan the Barbarian,2011-08-17,9.3389,5.316,2073,"[12, 14, 28]",en,90000000,63523283,113,"Dark Horse Entertainment, Nu Image, Paradox Entertainment, Nimar Studios, Cinema Vehicle Services, Millennium Media",Marcus Nispel,"Jason Momoa, Stephen Lang, Rachel Nichols, Ron Perlman, Rose McGowan"
83389,tt1798188,From Up on Poppy Hill,コクリコ坂から,2011-07-16,8.5005,7.514,1995,"[16, 18]",ja,22000000,61037844,91,"Studio Ghibli, Mitsubishi, Hakuhodo DY Media Partners, Nippon Television Network Corporation, dentsu, TOHO, The Walt Disney Company (Japan)",Goro Miyazaki,"Masami Nagasawa, Junichi Okada, Keiko Takeshita, Yuriko Ishida, Rumi Hiiragi"
59440,tt1291584,Warrior,Warrior,2011-09-09,9.8439,7.8,5138,"[18, 28]",en,25000000,23300000,140,"Lionsgate, Mimran Schur Pictures, Solaris Film, Filmtribe",Gavin O'Connor,"Joel Edgerton, Tom Hardy, Nick Nolte, Jennifer Morrison, Frank Grillo"
450182,tt6842792,Grandma Maria,Vó Maria,2011-04-02,7.6591,6.5,2,[99],pt,0,0,6,,Tomás von der Osten,
51052,tt1430607,Arthur Christmas,Arthur Christmas,2011-11-10,10.0335,6.777,1673,"[18, 16, 10751, 35]",en,10000000,151300000,97,"Columbia Pictures, Sony Pictures Animation, Aardman",Sarah Smith,"James McAvoy, Hugh Laurie, Bill Nighy, Jim Broadbent, Imelda Staunton"
39513,tt1092026,Paul,Paul,2011-02-14,9.8475,6.748,6469,"[12, 35, 878]",en,40000000,98000000,104,"Relativity Media, Working Title, Big Talk Studios, Universal Pictures",Greg Mottola,"Simon Pegg, Nick Frost, Seth Rogen, Jason Bateman, Kristen Wiig"
49517,tt1340800,Tinker Tailor Soldier Spy,Tinker Tailor Soldier Spy,2011-09-16,9.3324,6.618,3001,"[18, 53, 9648]",en,30000000,81515369,127,"StudioCanal, Working Title, Karla Films, Paradis Films, Kinowelt Filmproduktion",Tomas Alfredson,"Gary Oldman, Colin Firth, Tom Hardy, John Hurt, Toby Jones"
50321,tt1305591,Mars Needs Moms,Mars Needs Moms,2011-03-09,8.9289,5.985,814,"[12, 16, 10751, 878]",en,150000000,39000000,88,"Walt Disney Pictures, ImageMovers Digital",Simon Wells,"Seth Green, Seth Robert Dusky, Joan Cusack, Dan Fogler, Breckin Meyer"
64328,tt1204342,The Muppets,The Muppets,2011-11-23,10.3599,6.667,1739,"[35, 10751, 12]",en,45000000,165184237,103,"Walt Disney Pictures, The Muppets Studio",James Bobin,"Jason Segel, Amy Adams, Chris Cooper, Rashida Jones, Steve Whitmire"
74643,tt1655442,The Artist,The Artist,2011-10-12,8.8904,7.433,3611,"[18, 35, 10749]",fr,15000000,133432856,100,"uFilm, La Petite Reine, Studio 37, La Classe américaine, JD Prod, France 3 Cinéma, Jouror Productions",Michel Hazanavicius,"Jean Dujardin, Bérénice Bejo, John Goodman, James Cromwell, Penelope Ann Miller"
40805,tt0990407,The Green Hornet,The Green Hornet,2011-01-12,8.8177,5.598,3564,"[28, 80, 35]",en,120000000,227817248,119,"Original Film, Columbia Pictures",Michel Gondry,"Seth Rogen, Jay Chou, Cameron Diaz, Tom Wilkinson, Christoph Waltz"
70435,tt1506999,Haywire,Haywire,2011-11-01,8.4972,5.706,1524,"[28, 53, 18]",en,23000000,33372606,93,"Relativity Media, Fís Éireann/Screen Ireland",Steven Soderbergh,"Gina Carano, Michael Fassbender, Channing Tatum, Michael Douglas, Antonio Banderas"
52449,tt1284575,Bad Teacher,Bad Teacher,2011-05-16,9.1107,5.612,5040,[35],en,20000000,216197492,92,"Columbia Pictures, Mosaic Media Group",Jake Kasdan,"Cameron Diaz, Justin Timberlake, Jason Segel, Lucy Punch, Phyllis Smith"
51162,tt1449283,Winnie the Pooh,Winnie the Pooh,2011-04-06,9.0342,6.905,985,"[16, 10751, 12, 35]",en,30000000,49871429,63,Walt Disney Animation Studios,"Stephen J. Anderson, Don Hall","Jim Cummings, Bud Luckey, Craig Ferguson, Travis Oates, Tom Kenny"
50348,tt1189340,The Lincoln Lawyer,The Lincoln Lawyer,2011-03-17,8.2941,7.206,3763,"[80, 18, 53]",en,40000000,85412898,119,"Sidney Kimmel Entertainment, Lionsgate, Lakeshore Entertainment, Stone Village Pictures",Brad Furman,"Matthew McConaughey, Ryan Phillippe, William H. Macy, Marisa Tomei, Josh Lucas"
764033,tt1863171,A Canadian Dream,A Canadian Dream,2011-03-26,4.9498,10.0,1,"[12, 99]",en,0,0,71,Above And Beyond Documentary Society,Benjamin Jordan,Benjamin Jordan
71880,tt0810913,Jack and Jill,Jack and Jill,2011-11-11,9.6037,4.391,2261,"[35, 10751]",en,79000000,149700000,91,"Broken Road Productions, Columbia Pictures, Happy Madison Productions",Dennis Dugan,"Adam Sandler, Al Pacino, Katie Holmes, Elodie Tougne, Rohan Chand"
40807,tt1306980,50/50,50/50,2011-09-30,7.6269,7.201,4262,"[35, 18]",en,8000000,39187783,100,"Mandate Pictures, Point Grey Pictures",Jonathan Levine,"Joseph Gordon-Levitt, Seth Rogen, Anna Kendrick, Bryce Dallas Howard, Anjelica Huston"
58233,tt1634122,Johnny English Reborn,Johnny English Reborn,2011-09-15,9.1276,6.3,3672,"[80, 28, 35]",en,45000000,160078586,101,"Working Title, Working Title Films",Oliver Parker,"Rowan Atkinson, Gillian Anderson, Dominic West, Rosamund Pike, Daniel Kaluuya"
45772,tt0377981,Gnomeo & Juliet,Gnomeo & Juliet,2011-01-13,9.0019,5.903,2120,"[16, 10751]",en,36000000,189712432,84,"Touchstone Pictures, Starz Animation, Rocket Pictures",Kelly Asbury,"James McAvoy, Emily Blunt, Michael Caine, Maggie Smith, Julie Walters"
47327,tt1502404,Drive Angry,Drive Angry,2011-02-24,8.3225,5.549,2112,"[14, 53, 28, 80]",en,50000000,40909909,104,"Summit Entertainment, Saturn Films, Nu Image, Michael De Luca Productions, Millennium Media",Patrick Lussier,"Nicolas Cage, Amber Heard, William Fichtner, Billy Burke, David Morse"
64685,tt0477302,Extremely Loud & Incredibly Close,Extremely Loud & Incredibly Close,2011-12-25,8.2953,6.994,2178,[18],en,40000000,55200000,129,"Warner Bros. Pictures, Scott Rudin Productions",Stephen Daldry,"Tom Hanks, Sandra Bullock, Thomas Horn, Viola Davis, John Goodman"
59965,tt1600195,Abduction,Abduction,2011-09-22,8.5124,5.841,3070,"[53, 28, 9648]",en,35000000,82087155,106,"Vertigo Entertainment, The Gotham Group, Quick Six Entertainment, Lionsgate",John Singleton,"Taylor Lautner, Lily Collins, Alfred Molina, Sigourney Weaver, Jason Isaacs"
59108,tt0471042,Tower Heist,Tower Heist,2011-11-02,8.2158,6.118,3266,"[28, 35]",en,75000000,152930623,104,"Universal Pictures, Relativity Media, RAT Entertainment, Eddie Murphy Productions, Imagine Entertainment",Brett Ratner,"Ben Stiller, Eddie Murphy, Casey Affleck, Alan Alda, Matthew Broderick"
74308,tt1683526,Detachment,Detachment,2011-04-24,9.1467,7.619,2085,[18],en,3000000,3742697,98,"Paper Street Films, Kingsgate Films, Appian Way",Tony Kaye,"Adrien Brody, Marcia Gay Harden, James Caan, Christina Hendricks, Lucy Liu"
65057,tt1033575,The Descendants,The Descendants,2011-09-09,8.5632,6.831,3153,"[35, 18]",en,20000000,177200000,115,"Dune Entertainment, Fox Searchlight Pictures, Ad Hominem Enterprises",Alexander Payne,"George Clooney, Shailene Woodley, Amara Miller, Nick Krause, Patricia Hastie"
48340,tt0881320,Sanctum,Sanctum,2011-02-03,7.5256,6.06,1203,"[28, 53]",en,30000000,108609310,108,"Universal Pictures, Relativity Media, Wayfare Entertainment, Great Wight Productions/ Osford Films, Sanctum Australia, FilmNation Entertainment",Alister Grierson,"Richard Roxburgh, Ioan Gruffudd, Rhys Wakefield, Alice Parkinson, Dan Wyllie"
58151,tt1438176,Fright Night,Fright Night,2011-07-26,8.1868,6.251,2183,"[27, 35]",en,30000000,41002607,106,"Gaeta / Rosenzweig Films, DreamWorks Pictures, Michael De Luca Productions, Reliance Entertainment",Craig Gillespie,"Anton Yelchin, Colin Farrell, Toni Collette, David Tennant, Imogen Poots"
48988,tt0480687,Hall Pass,Hall Pass,2011-02-25,7.8546,5.753,2187,"[35, 10749]",en,36000000,83200000,105,"New Line Cinema, Conundrum Entertainment","Bobby Farrelly, Peter Farrelly","Owen Wilson, Jason Sudeikis, Jenna Fischer, Christina Applegate, Nicky Whelan"
50359,tt1411704,Hop,Hop,2011-03-30,7.3625,5.8,1427,"[16, 35, 10751]",en,63000000,183953723,95,"Universal Pictures, Illumination, Relativity Media",Tim Hill,"Russell Brand, James Marsden, Kaley Cuoco, Hank Azaria, Elizabeth Perkins"
38322,tt1464174,"Big Mommas: Like Father, Like Son","Big Mommas: Like Father, Like Son",2011-02-16,7.3405,5.535,1326,"[80, 35, 28]",en,32000000,82686066,107,"Regency Enterprises, New Regency Pictures, Friendly Films (II), Runteldat Entertainment, The Collective Studios, Friendly Films Productions, 20th Century Fox",John Whitesell,"Martin Lawrence, Brandon T. Jackson, Jessica Lucas, Portia Doubleday, Emily Rios"
23047,tt0479997,Season of the Witch,Season of the Witch,2011-01-07,7.3242,5.534,2725,"[12, 14, 28]",en,40000000,91627228,95,"Atlas Entertainment, Relativity Media, Mandate International, Rogue Pictures",Dominic Sena,"Nicolas Cage, Ron Perlman, Stephen Campbell Moore, Stephen Graham, Ulrich Thomsen"
38684,tt1229822,Jane Eyre,Jane Eyre,2011-03-11,7.2427,7.192,1599,"[18, 10749]",en,13000000,34710627,120,"BBC Film, Ruby Films, Focus Features, Lipsync Productions",Cary Joji Fukunaga,"Mia Wasikowska, Michael Fassbender, Jamie Bell, Sally Hawkins, Simon McBurney"
71688,tt1007029,The Iron Lady,The Iron Lady,2011-12-26,7.2077,6.349,1927,"[36, 18]",en,13000000,115890792,105,"UK Film Council, DJ Films, Film4 Productions, Goldcrest Films International, Pathé, Yuk Films",Phyllida Lloyd,"Meryl Streep, Jim Broadbent, Olivia Colman, Roger Allam, Susan Brown"
55846,tt1297919,Blitz,Blitz,2011-05-20,7.1971,6.168,1877,"[80, 28, 53]",en,15774948,15800000,97,"Lipsync Productions, Kushner/Wyman Productions, Davis Films, Lionsgate, Current Entertainment",Elliott Lester,"Jason Statham, Paddy Considine, Aidan Gillen, Zawe Ashton, Luke Evans"
77617,tt1840372,Detective Conan: Quarter of Silence,名探偵コナン 沈黙の15分（クォーター）,2011-04-16,7.1838,7.1,158,"[16, 28, 80, 9648]",ja,0,42808575,109,"TMS Entertainment, TOHO, Shogakukan, Yomiuri Telecasting Corporation, Nippon Television Network Corporation, Shogakukan-Shueisha Productions","Yasuichiro Yamamoto, Kobun Shizuno","Minami Takayama, Kappei Yamaguchi, Wakana Yamazaki, Rikiya Koyama, Megumi Hayashibara"
38319,tt1240982,Your Highness,Your Highness,2011-04-08,7.1702,5.313,1491,"[35, 14, 12, 28, 10749]",en,49900000,28013733,102,"Universal Pictures, Stuber Pictures, Bluegrass Films",David Gordon Green,"Danny McBride, James Franco, Natalie Portman, Zooey Deschanel, Justin Theroux"
62215,tt1527186,Melancholia,Melancholia,2011-03-16,7.1574,7.1,3931,"[18, 878]",en,7400000,15946321,136,"Zentropa Entertainments, Memfis Film, Zentropa International Sweden, Slot Machine, Liberator Productions, Zentropa International Köln, DR, Film i Väst, ARTE France Cinéma",Lars von Trier,"Kirsten Dunst, Charlotte Gainsbourg, Kiefer Sutherland, Alexander Skarsgård, Cameron Spurr"
73456,tt2066832,Barbie: Princess Charm School,Barbie: Princess Charm School,2011-08-11,7.1507,7.5,889,"[10751, 16, 14]",en,0,0,79,"Rainmaker Entertainment, Mattel",Ezekiel Norton,"Diana Kaarina, Morwenna Banks, Nicole Oliver, Brittney Wilson, Ali Liebert"
1490748,tt2112123,Changing Gears on Kilimanjaro,Changing Gears on Kilimanjaro,2011-01-01,7.1233,0.0,0,"[99, 12, 18]",en,0,0,50,,Gregory Stirling,"Kevin Cherilla, Michael Dobson, Darol Kubacz"
86331,tt1879030,Desire,Q,2011-10-06,7.1127,6.317,1393,"[18, 10749]",fr,1344000,0,103,"Acajou Films, Rebel Rebel, Birka Holding",Laurent Bouhnik,"Déborah Révy, Hélène Zimmer, Gowan Didi, Johnny Amaro, Johan Libéreau"
536464,tt2956422,Vilaiyaattu Pasange,Vilaiyaattu Pasange,2011-10-13,7.0865,9.0,1,"[35, 18]",ta,0,0,115,"Veedu Production, Lackshaea Production",Vimala Perumal,"Denes Kumar, Jasmine Michael, David Anthony, Magendran Raman, Acappan"
62838,tt1598822,New Year's Eve,New Year's Eve,2011-12-08,7.0198,5.9,2245,"[35, 10749]",en,56000000,142044638,118,"New Line Cinema, Karz Entertainment, Warner Bros. Pictures",Garry Marshall,"Hilary Swank, Michelle Pfeiffer, Zac Efron, Robert De Niro, Halle Berry"
369379,tt1728200,The Box,Kutija,2011-06-24,6.937,0.0,0,[18],sr,0,0,86,All Inclusive Films,Andrijana Stojković,"Ivan Đorđević, Marko Janketić, Srđan 'Žika' Todorović, Slobodan Negić, Goran Radaković"
52451,tt1509767,The Three Musketeers,The Three Musketeers,2011-08-31,6.9297,5.792,2855,"[12, 28, 53]",en,75000000,132274484,110,"Summit Entertainment, Constantin Film, Impact Pictures, New Legacy Film, Studio Babelsberg, Nouvelles Éditions de Films",Paul W. S. Anderson,"Logan Lerman, Milla Jovovich, Matthew Macfadyen, Ray Stevenson, Luke Evans"
23514,tt0376136,The Rum Diary,The Rum Diary,2011-10-13,6.848,5.893,1363,"[35, 18]",en,45000000,24000000,120,"FilmEngine, GK Films, Infinitum Nihil",Bruce Robinson,"Johnny Depp, Amber Heard, Aaron Eckhart, Michael Rispoli, Giovanni Ribisi"
45610,tt1586752,Machine Gun Preacher,Machine Gun Preacher,2011-09-23,6.8136,6.715,1165,"[28, 53, 80]",en,30000000,3338690,129,"Virgin Produced, Relativity Media, Mpower Pictures, Apparatus Productions, GG Filmz, 1984 Private Defense Contractors, ITS Capital, Merlina Entertainment, MGP Productions, Moonlighting Films, Safady Entertainment",Marc Forster,"Gerard Butler, Michelle Monaghan, Kathy Baker, Richard Goteri, Peter Carey"
71859,tt1242460,We Need to Talk About Kevin,We Need to Talk About Kevin,2011-09-28,6.6593,7.534,3197,"[18, 53]",en,7000000,10800000,113,"BBC Film, Independent, Footprint Investment, Peccadillo Pictures, Lipsync Productions, Rockinghorse Films, Artina Films, Caemhan, Panaramic, Beryl Betty, Atlantic Swiss Productions, UK Film Council",Lynne Ramsay,"Tilda Swinton, John C. Reilly, Ezra Miller, Siobhan Fallon Hogan, Alex Manette"
71689,tt1825918,Phineas and Ferb the Movie: Across the 2nd Dimension,Phineas and Ferb the Movie: Across the 2nd Dimension,2011-08-05,6.6591,7.1,622,"[28, 12, 16, 35, 10751, 878, 10770]",en,0,0,78,"Disney Television Animation, Disney Channel","Robert Hughes, Dan Povenmire","Vincent Martella, Thomas Brodie-Sangster, Dee Bradley Baker, Ashley French, Dan Povenmire"
65055,tt1633356,Shark Night 3D,Shark Night 3D,2011-09-02,6.6514,5.1,621,"[53, 27]",en,25000000,41363927,91,"Incentive Filmed Entertainment, Rogue Pictures, Relativity Media, Sierra/Affinity, Silverwood Films, Next Entertainment",David R. Ellis,"Sara Paxton, Dustin Milligan, Chris Carmack, Katharine McPhee, Joel David Moore"
71469,tt1093357,The Darkest Hour,The Darkest Hour,2011-12-22,6.6101,5.301,1629,"[27, 28, 53, 878]",en,30000000,64626786,89,"Regency Enterprises, Bazelevs, The Jacobson Company, New Regency Pictures, Summit Entertainment",Chris Gorak,"Emile Hirsch, Rachael Taylor, Olivia Thirlby, Joel Kinnaman, Max Minghella"
48171,tt1161864,The Rite,The Rite,2011-01-28,6.5423,6.119,2315,"[18, 53, 27]",en,37000000,96047633,114,"New Line Cinema, Contrafilm, Mid Atlantic Films",Mikael Håfström,"Anthony Hopkins, Colin O'Donoghue, Alice Braga, Rutger Hauer, Ciarán Hinds"
698808,tt2069952,The Light of the Golden Sun,The Light of the Golden Sun,2011-01-01,6.5347,0.0,0,"[99, 36]",en,0,0,63,Kino,Rogelio Jaramillo,Catherine Smith
70006,tt1754264,Never Back Down 2: The Beatdown,Never Back Down 2: The Beatdown,2011-09-13,6.5166,6.5,710,"[18, 28]",en,3000000,0,99,Stage 6 Films,Michael Jai White,"Michael Jai White, Gralen Bryant Banks, Alex Meraz, Stacey Asaro, Rus Blackwell"
50456,tt0993842,Hanna,Hanna,2011-04-07,6.5027,6.587,3769,"[28, 53, 12]",en,30000000,63782078,111,"Holleran Company, Neunte Babelsberg Film, Sechzehnte Babelsberg Film, Twins Financing",Joe Wright,"Saoirse Ronan, Eric Bana, Cate Blanchett, Tom Hollander, Jessica Barden"
64639,tt0999913,Straw Dogs,Straw Dogs,2011-09-16,6.4814,5.933,650,"[18, 53]",en,25000000,10324441,110,"Screen Gems, Battleplan Productions",Rod Lurie,"James Marsden, Kate Bosworth, Alexander Skarsgård, Dominic Purcell, Laz Alonso"
60307,tt1650043,Diary of a Wimpy Kid: Rodrick Rules,Diary of a Wimpy Kid: Rodrick Rules,2011-03-25,6.3719,6.7,1297,"[10751, 35]",en,18000000,72200000,99,"Color Force, Dune Entertainment, Fox 2000 Pictures",David Bowers,"Zachary Gordon, Devon Bostick, Robert Capron, Rachael Harris, Peyton List"
51481,tt1679235,Mean Girls 2,Mean Girls 2,2011-01-23,6.2824,5.243,1316,[35],en,0,0,96,Paramount Famous Productions,Melanie Mayron,"Meaghan Jette Martin, Jennifer Stone, Maiara Walsh, Nicole Gale Anderson, Claire Holt"
10316,tt1124035,The Ides of March,The Ides of March,2011-10-07,6.2777,6.675,2796,[18],en,12500000,76338111,101,"Appian Way, Crystal City Entertainment, Cross Creek Pictures, Exclusive Media, Smokehouse Pictures",George Clooney,"Ryan Gosling, George Clooney, Philip Seymour Hoffman, Paul Giamatti, Evan Rachel Wood"
85579,tt2036391,The Karadedeler Incident,Karadedeler Olayı,2011-09-16,6.2737,2.464,14,"[27, 53]",tr,0,0,86,Pra Film,"Erdogan Bagbakan, Erkan Bagbakan","Murat Han, Berk Balcı, İpek Ayaz Kortunç, Saim Karakale, Oğuzhan Koca"
71670,tt1255916,Hostel: Part III,Hostel: Part III,2011-12-22,6.2734,5.108,1340,[27],en,6000000,0,88,"RCR Media Group, Stage 6 Films, Next Entertainment",Scott Spiegel,"Kip Pardue, Brian Hallisay, John Hensley, Sarah Habel, Chris Coy"
63492,tt0770703,What's Your Number?,What's Your Number?,2011-09-30,6.271,6.464,2468,"[35, 10749]",en,20000000,30426096,106,"Regency Enterprises, New Regency Pictures, Contrafilm, 20th Century Fox",Mark Mylod,"Anna Faris, Chris Evans, Ari Graynor, Blythe Danner, Ed Begley Jr."
38117,tt1152398,Beastly,Beastly,2011-01-21,6.2327,6.3,2897,"[10749, 14, 18]",en,17000000,43200000,86,Storefront Films,Daniel Barnz,"Alex Pettyfer, Vanessa Hudgens, Mary-Kate Olsen, LisaGay Hamilton, Neil Patrick Harris"
56288,tt1517489,Spy Kids: All the Time in the World,Spy Kids: All the Time in the World,2011-08-18,6.2173,4.689,1085,"[10751, 35, 28, 12]",en,27000000,85564310,89,Dimension Films,Robert Rodriguez,"Rowan Blanchard, Mason Cook, Jessica Alba, Joel McHale, Jeremy Piven"
64720,tt1675192,Take Shelter,Take Shelter,2011-09-30,6.2105,7.055,2075,"[53, 18, 27]",en,5000000,3741098,120,"Hydraulx, REI Capital, Grove Hill Productions, Strange Matter Films",Jeff Nichols,"Michael Shannon, Jessica Chastain, Shea Whigham, Tova Stewart, Katy Mixon"
38317,tt1222817,Zookeeper,Zookeeper,2011-07-06,6.1315,5.446,1822,"[35, 10749, 10751]",en,80000000,169900000,102,"Broken Road Productions, Hey Eddie, Happy Madison Productions, Columbia Pictures, Metro-Goldwyn-Mayer",Frank Coraci,"Kevin James, Rosario Dawson, Leslie Bibb, Joe Rogan, Nat Faxon"
77949,tt1687901,The Awakening,The Awakening,2011-08-17,6.1142,6.387,1549,"[27, 53, 9648]",en,4798235,6879667,107,"BBC Film, Lipsync Productions, Creative Scotland, Origin Pictures, StudioCanal",Nick Murphy,"Rebecca Hall, Dominic West, Imelda Staunton, Isaac Hempstead Wright, Lucy Cohu"
114168,tt1857824,Perras,Perras,2011-03-04,6.1056,7.3,317,"[53, 18, 10749]",es,0,0,100,"Instituto Mexicano de Cinematografía, FIDECINE",Guillermo Ríos,"Claudia Zepeda, Karen de la Hoya, Scarlet Dergal, Alenka Ríos, Steph Bumelcrownd"
65291,tt1683043,Green Lantern: Emerald Knights,Green Lantern: Emerald Knights,2011-06-07,6.0631,6.657,567,"[28, 12, 16, 878, 18, 14]",en,3500000,0,84,"Warner Bros. Animation, Warner Premiere, DC Entertainment","Jay Oliva, Lauren Montgomery, Christopher Berkeley","Nathan Fillion, Jason Isaacs, Elisabeth Moss, Henry Rollins, Arnold Vosloo"
79218,tt2100546,Ice Age: A Mammoth Christmas,Ice Age: A Mammoth Christmas,2011-11-24,7.4765,6.5,723,"[16, 10751, 10770]",en,0,0,26,"20th Century Fox Animation, Blue Sky Studios, Reel FX Creative Studios",Karen Disher,"Ray Romano, John Leguizamo, Queen Latifah, Denis Leary, Seann William Scott"
58224,tt1396218,Mr. Popper's Penguins,Mr. Popper's Penguins,2011-06-17,7.5869,5.977,3237,"[35, 10751]",en,55000000,187361754,94,"Davis Entertainment, Dune Entertainment III, Dune Entertainment, 20th Century Fox",Mark Waters,"Jim Carrey, Carla Gugino, Angela Lansbury, Ophelia Lovibond, Madeline Carroll"
64335,tt1808197,Fig Jam,İncir Reçeli,2011-02-11,5.5224,6.247,95,"[10749, 18]",tr,0,0,94,"Elmalma Marka Iletisim, AA Film Prodüksiyon",Aytaç Ağırlar,"Halil Sezai Paracıkoğlu, Melike Güner, Sinan Çalışkanoğlu, Barbara Lourens, Mehmet Selim Akgul"
75624,tt1999167,Naruto Shippuden the Movie: Blood Prison,劇場版 NARUTO -ナルト- ブラッド・プリズン,2011-07-30,6.8845,7.248,713,"[53, 16, 28, 35, 27, 9648]",ja,0,9065101,108,"Aniplex, Densetsu, Pierrot, Bandai, Shueisha, TV Tokyo",Masahiko Murata,"Junko Takeuchi, Mie Sonozaki, Masaki Terasoma, Chie Nakamura, Rikiya Koyama"
88794,tt1616195,J. Edgar,J. Edgar,2011-11-09,6.1809,6.228,2634,"[18, 80, 36]",en,35000000,84606030,137,"Imagine Entertainment, Malpaso Productions, Wintergreen Productions, Warner Bros. Pictures",Clint Eastwood,"Leonardo DiCaprio, Armie Hammer, Naomi Watts, Josh Lucas, Josh Hamilton"
80184,tt1772250,The Hidden Face,La cara oculta,2011-09-16,5.6836,7.302,1159,"[53, 9648]",es,0,0,92,"Dynamo, Fox International Productions Spain, Avalon",Andrés Baiz,"Quim Gutiérrez, Martina García, Clara Lago, Alexandra Stewart, María Soledad Rodríguez"
837319,tt1942861,Fócide,Fócide,2011-05-19,5.7891,1.333,3,[],es,0,0,13,,Ryu Murillo Veyda,"Alesy, Luis Romano, Arturo Macias Suarez, Christel Klitbo"
55787,tt1067583,Water for Elephants,Water for Elephants,2011-04-15,6.8155,6.9,2661,"[18, 10749]",en,38000000,117094902,122,"Big Screen Productions, Fox 2000 Pictures, Dune Entertainment, Ingenious Media",Francis Lawrence,"Robert Pattinson, Reese Witherspoon, Christoph Waltz, Paul Schneider, Jim Norton"
57431,tt1366344,The Sitter,The Sitter,2011-12-09,6.5809,5.569,1045,[35],en,25000000,34942188,81,"Michael De Luca Productions, Rough House Pictures",David Gordon Green,"Jonah Hill, Landry Bender, Max Records, Kevin Hernandez, Ari Graynor"
68817,tt1068242,Footloose,Footloose,2011-10-06,6.6438,6.576,1757,"[18, 10402, 10749]",en,24000000,63543328,113,"Weston Pictures, Dylan Sellers Productions, Zadan / Meron Productions",Craig Brewer,"Dennis Quaid, Kenny Wormald, Julianne Hough, Andie MacDowell, Miles Teller"
57157,tt1625346,Young Adult,Young Adult,2011-11-11,6.3363,5.806,1389,"[35, 18]",en,12000000,22939027,94,"Paramount Pictures, Mandate Pictures, Indian Paintbrush, Mr. Mudd, Right of Way Films, Denver & Delilah Productions",Jason Reitman,"Charlize Theron, Patton Oswalt, Patrick Wilson, Elizabeth Reaser, Collette Wolfe"
80518,tt1776196,Fullmetal Alchemist: The Sacred Star of Milos,鋼の錬金術師 嘆きの丘（ミロス）の聖なる星,2011-07-02,5.382,6.832,298,"[12, 14, 16, 28, 878]",ja,0,7621364,110,"BONES, Aniplex, Square Enix, MBS, Shochiku, TBS, dentsu",Kazuya Murata,"Romi Park, Rie Kugimiya, Maaya Sakamoto, Toshiyuki Morikawa, Sakiko Tamagawa"
227549,tt1930420,The Momentary Marriage,Noces éphémères,2011-11-09,5.1511,0.0,0,[18],fr,0,0,0,Overlap Films,Reza Serkanian,"Mahnaz Mohamadi, Hossein Farzi-Zadeh, ‌Mohammad Javad Taheri, Dariush Asad Zadeh, Clothilde Joulin"
63493,tt1535970,The Ledge,The Ledge,2011-05-06,5.9103,6.204,402,"[18, 53]",en,10000000,610986,101,"Foresight Unlimited, VIP Media Group, Michael Mailer Films, Rising Star Productions, Ledge Productions",Matthew Chapman,"Charlie Hunnam, Liv Tyler, Terrence Howard, Patrick Wilson, Jaqueline Fleming"
60243,tt1832382,A Separation,جدایی نادر از سیمین,2011-02-15,6.1918,7.904,2019,[18],fa,5000000,24426169,123,"Asghar Farhadi Productions, Memento Production",Asghar Farhadi,"Payman Maadi, Leila Hatami, Shahab Hosseini, Sareh Bayat, Sarina Farhadi"
59861,tt1583420,Larry Crowne,Larry Crowne,2011-06-30,6.45,5.996,1451,"[35, 10749, 18]",en,30000000,75055070,98,"Playtone, Vendôme Production",Tom Hanks,"Tom Hanks, Julia Roberts, Bryan Cranston, Cedric the Entertainer, Pam Grier"
64586,tt1588398,Sleeping Beauty,Sleeping Beauty,2011-06-10,5.7786,5.375,700,"[18, 10749]",en,10000000,408680,102,"Fulcrum Media Finance, Screen Australia, Magic Films, Screen NSW, Deluxe Australia, Spectrum Films, Big Ears Productions",Julia Leigh,"Emily Browning, Rachael Blake, Ewen Leslie, Peter Carroll, Chris Haywood"
77459,tt0961097,A Monster in Paris,Un monstre à Paris,2011-10-12,6.0741,6.9,1404,"[12, 16, 10751, 14]",fr,25000000,26611650,90,"EuropaCorp, Bibo Films, France 3 Cinéma, Walking The Dog, uFilm, uFund",Bibo Bergeron,"Vanessa Paradis, Matthieu Chedid, Gad Elmaleh, François Cluzet, Ludivine Sagnier"
426934,,Poseí2,Poseí2,2011-08-11,5.5089,0.0,0,"[53, 27]",es,0,0,0,Eclipse Producciones,Claudia Calderón Hedman,"Lily Portillo, Leonela Paz, Elizabeth Izaguirre, Anuar Vindel, Carol Portillo"
404190,tt1985944,Nightmare Fever,Albtraumfieber,2011-10-09,3.9363,0.0,0,[18],de,0,0,0,,Ralf Kemper,"Nima Conradt, Myriel Brechtel, Andrea Glowi, Alexandra Heimberger, Prashant Prabhakar"
476709,tt1932623,Crónica Parisiense,Crónica Parisiense,2011-01-01,5.4657,0.0,0,[],pt,0,0,25,Terratreme,Luís Miguel Correia,"Francisco Tavares, Francis Seleck, Vítor Andrade, Pedro Lacerda, António Fonseca"
230289,tt1909726,Ağır Abi,Ağır Abi,2011-07-14,5.4525,2.0,2,[],tr,0,0,0,,,"Halil Taşdemir, Senem Başak, Önder Yalçın, Erdinç Kurt, Serhat Turhan"
62206,tt1622547,30 Minutes or Less,30 Minutes or Less,2011-08-11,5.4382,5.777,1878,"[28, 12, 35]",en,28000000,40500000,83,"Columbia Pictures, Red Hour, MRC",Ruben Fleischer,"Jesse Eisenberg, Danny McBride, Aziz Ansari, Nick Swardson, Dilshad Vadsaria"
36088,,The Flicker,El Destello,2011-01-01,5.4242,0.0,0,[99],es,0,0,80,,Gabriel Szollosy,Horacio Pereira
79707,tt1839494,Children Who Chase Lost Voices,星を追う子ども,2011-05-07,5.4146,7.239,813,"[16, 12, 14, 10751]",ja,0,0,116,"CoMix Wave Films, Media Factory",Makoto Shinkai,"Hisako Kanemoto, Kazuhiko Inoue, Miyu Irino, Rina Hidaka, Fumiko Orikasa"
77887,tt1850374,Hawaiian Vacation,Hawaiian Vacation,2011-06-16,5.3573,6.961,732,"[16, 10751, 35]",en,0,0,7,Pixar,Gary Rydstrom,"Tom Hanks, Tim Allen, Joan Cusack, Don Rickles, Estelle Harris"
146889,tt1982600,The Factory,A Fábrica,2011-09-19,5.3305,6.02,25,[18],pt,0,0,15,Grafo Audiovisual,Aly Muritiba,"Eloina Duvoisin Ferreira, Andrew Knoll, Louise Forghieri, Ludmila Nascarella, Arnaldo Silveira"
189349,tt6163050,Naruto OVA 9: Chunin Exam on Fire! and Naruto vs. Konohamaru!,炎の中忍試験！ナルトvs木ノ葉丸！！,2011-07-30,5.3137,7.278,90,"[16, 28]",ja,0,0,14,Pierrot,Hayato Date,"Junko Takeuchi, Ikue Otani, Kazuhiko Inoue, Akira Ishida, Showtaro Morikubo"
82424,tt2033372,Small Fry,Small Fry,2011-11-23,5.3069,6.852,604,"[16, 35, 10751, 12]",en,0,0,7,Pixar Canada,Angus MacLane,"Tom Hanks, Tim Allen, Joan Cusack, Estelle Harris, Wallace Shawn"
84394,tt1820407,Caliber 9,Caliber 9,2011-04-23,5.2975,4.2,9,"[18, 28, 53]",en,0,0,83,"Les Films d'Avalon, Mördred Films, Dark Factory, Cosmodigital",Jean-Christian Tassy,"Laurent Collombert, Phillippe Burel, Philippe Bussière, Christophe Lafargue, Nathalie Hauwelle"
55420,tt1549572,Another Earth,Another Earth,2011-07-22,5.2819,6.708,1864,"[18, 878]",en,100000,1938783,92,Artists Public Domain,Mike Cahill,"Brit Marling, William Mapother, Matthew-Lee Erlbach, Meggan Lennon, AJ Diana"
278986,tt1436327,Gangor,গাঙ্গর,2011-01-01,5.2494,5.5,2,[18],bn,0,0,92,"RAI Cinema, BiBi Film, Isaria Productions, Nirvana Motion Pictures",Italo Spinelli,"Priyanka Bose, Tillotama Shome, Adil Hussain, Samrat Chakrabarti, Seema Rahmani"
43959,tt1596346,Soul Surfer,Soul Surfer,2011-04-08,5.2398,7.017,1279,"[10751, 18]",en,18000000,47088990,112,"Enticing Entertainment, Island Film Group, Brookwell-McNamara Entertainment, Life's a Beach Entertainment, Mandalay Vision, TriStar Pictures, FilmDistrict",Sean McNamara,"AnnaSophia Robb, Helen Hunt, Dennis Quaid, Carrie Underwood, Kevin Sorbo"
1088615,tt13439244,Anaagarigam,அநாகரிகம்,2011-11-26,5.1873,8.0,2,"[18, 10749]",ta,0,0,115,B Pictures,Krishna Devan,"Vibhu Raman, Prajwal Poovaiah, Waheeda, Babilona, Rishikesh"
146779,tt1965017,Tying the Knot,På bølgelengde,2011-04-08,5.1728,3.2,2,[35],no,0,0,85,Nordås film,Frode Nesbø Nordås,"Thomas Aske Berg, Ingrid M. Tolstad, Bjørn Moan, Vera Holte, Håkon Karoliussen"
51999,tt1439572,Perfect Sense,Perfect Sense,2011-09-29,5.1658,6.869,1282,"[18, 878, 10749]",en,0,138868,93,"BBC Film, Zentropa Entertainments, Scottish Screen, Film i Väst, Det Danske Filminstitut, Sigma Films, Fís Éireann/Screen Ireland, Subotica",David Mackenzie,"Ewan McGregor, Eva Green, Ewen Bremner, Stephen Dillane, Denis Lawson"
386660,tt1930302,Gratuity Girl,Cewek saweran,2011-03-03,5.1171,0.0,0,[18],id,0,0,84,Batavia Pictures,Eddie Cahyono,"Juwita Bahar, Kriss Hatta, Dyah Arum, Djaduk Ferianto, Marwoto"
62837,tt1564349,Dolphin Tale,Dolphin Tale,2011-09-22,5.1153,6.902,697,"[18, 10751]",en,37000000,95404397,113,Alcon Entertainment,Charles Martin Smith,"Nathan Gamble, Cozi Zuehlsdorff, Harry Connick Jr., Austin Stowell, Morgan Freeman"
169449,tt1754055,Castration,La castración,2011-03-22,5.1122,4.9,6,[],es,0,0,83,"Centro de Diseño, Cine y Televisión",Ivan Löwenberg,"Victoria Santaella, Keyla Wood, Paloma Woolrich, Milton Cortés, Carlos Ceja"
59860,tt1067774,Monte Carlo,Monte Carlo,2011-07-01,5.112,6.8,2351,"[12, 35, 10749]",en,20000000,39800000,109,"Fox 2000 Pictures, Regency Enterprises, Di Novi Pictures, Dune Entertainment, Dune Entertainment III, Blossom Films",Thomas Bezucha,"Selena Gomez, Katie Cassidy, Leighton Meester, Cory Monteith, Andie MacDowell"
74998,tt1214962,Seeking Justice,Seeking Justice,2011-09-02,5.1069,5.9,1128,"[28, 18, 53]",en,17000000,14089528,105,"Endgame Entertainment, Maguire Entertainment, Aura Film Partnership, Fierce Entertainment, Material Pictures, Ram Bergman Productions",Roger Donaldson,"Nicolas Cage, January Jones, Guy Pearce, Harold Perrineau, Jennifer Carpenter"
72113,tt1692486,Carnage,Carnage,2011-09-16,5.1,7.164,3218,"[35, 18]",en,25000000,30722632,80,"SBS Productions, Constantin Film, Versátil Cinema, Zanagar Films, France 2 Cinéma, SPI Film Studios, CVT Productions",Roman Polanski,"Jodie Foster, Kate Winslet, Christoph Waltz, John C. Reilly, Elvis Polanski"
74018,tt1814614,A Cinderella Story: Once Upon a Song,A Cinderella Story: Once Upon a Song,2011-09-05,5.0982,6.372,1060,"[35, 10751, 10749, 18]",en,0,0,88,Warner Premiere,Damon Santostefano,"Lucy Hale, Freddie Stroma, Missi Pyle, Megan Park, Matt Lintz"
511934,,The Century,O Século,2011-01-01,5.0979,0.0,0,[],en,0,0,9,,"Cinthia Marcelle, Tiago Mata Machado",
44564,tt1578275,The Dilemma,The Dilemma,2011-01-13,5.0882,5.4,942,"[35, 18]",en,70000000,67112664,111,"Wild West Picture Show Productions, Imagine Entertainment, Universal Pictures, Spyglass Entertainment, Brian Grazer Productions",Ron Howard,"Vince Vaughn, Kevin James, Winona Ryder, Jennifer Connelly, Queen Latifah"
58231,tt1083462,Mardi Gras: Spring Break,Mardi Gras: Spring Break,2011-09-23,5.0768,5.703,200,[35],en,5000000,0,88,"Terra Firma Films, Beacon Pictures, Holding Pictures, Maxim Magazine, Moving Pictures, DPI, Screen Gems",Phil Dornfeld,"Nicholas D'Agosto, Josh Gad, Bret Harrison, Danneel Ackles, Arielle Kebbel"
69668,tt1462041,Dream House,Dream House,2011-09-29,5.0744,6.206,1464,"[9648, 18, 53]",en,50000000,39984400,84,"Cliffjack Motion Pictures, Morgan Creek Entertainment",Jim Sheridan,"Daniel Craig, Naomi Watts, Rachel Weisz, Marton Csokas, Elias Koteas"
69798,tt1716772,The Inbetweeners Movie,The Inbetweeners Movie,2011-08-19,5.0606,6.194,1016,[35],en,4500000,88823111,97,"Film4 Productions, IM Global, Bwark Productions, Young Films, Palma Pictures",Ben Palmer,"Simon Bird, James Buckley, Blake Harrison, Joe Thomas, Emily Head"
133580,tt1899146,Crépuscule,Crépuscule,2011-10-29,5.0564,10.0,1,[],en,0,0,20,,Éric Falardeau,"Miguel Doucet, Marie-Hélène Gosselin"
49950,tt1265990,The Roommate,The Roommate,2011-02-04,5.0294,5.394,1020,"[53, 18, 27]",en,16000000,52545707,91,"Screen Gems, Vertigo Entertainment",Christian E. Christiansen,"Leighton Meester, Minka Kelly, Cam Gigandet, Aly Michalka, Danneel Ackles"
57737,tt1800254,Barbie: A Fairy Secret,Barbie: A Fairy Secret,2011-03-01,4.9686,6.894,555,"[16, 10751, 14]",en,0,0,72,"Rainmaker Entertainment, Mattel","William Lau, Terry Klassen","Diana Kaarina, Adrian Petriw, Britt Irvin, Cassandra Lee Morris, Kate Higgins"
62630,tt1270262,The Devil's Double,The Devil's Double,2011-02-11,4.9635,6.661,627,"[18, 28, 53, 80, 10752]",en,19100000,5728213,109,"Corrino Media Corporation, Corsan, Staccato Films",Lee Tamahori,"Dominic Cooper, Ludivine Sagnier, Raad Rawi, Philip Quast, Mem Ferda"
70577,tt1536410,Faces in the Crowd,Faces in the Crowd,2011-10-25,4.9225,6.074,535,"[53, 80]",en,15000000,0,102,"Minds Eye Entertainment, Forecast Pictures, Frantic Films Live Action Productions, Aura Film Partnership, Fierce Entertainment, Radar Pictures, Voltage Pictures",Julien Magnat,"Milla Jovovich, Julian McMahon, David Atrakchi, Michael Shanks, Marianne Faithfull"
72571,tt1778304,Paranormal Activity 3,Paranormal Activity 3,2011-10-19,4.9205,5.926,2434,"[27, 9648]",en,5000000,207039844,83,"Paramount Pictures, Blumhouse Productions, Solana Films, Room 101","Henry Joost, Ariel Schulman","Katie Featherston, Sprague Grayden, Lauren Bittner, Christopher Nicholas Smith, Chloe Csengery"
38543,tt1233301,Ironclad,Ironclad,2011-03-03,4.9131,6.152,829,"[10749, 12, 28, 36]",en,25000000,5151023,121,"Perpetual Media Capital, Mythic International Entertainment, ContentFilm International, Premiere Picture, Rising Star Productions, Silver Reel, Wales Creative IP Fund, Molinare Investment, VIP Medienfonds 4",Jonathan English,"James Purefoy, Kate Mara, Jason Flemyng, Paul Giamatti, Brian Cox"
1274794,,Ruth Lyons: First Lady of Television,Ruth Lyons: First Lady of Television,2011-12-12,4.9038,0.0,0,[99],en,0,0,101,,David Ashbrock,"Ruth Lyons, David Letterman, Nick Clooney, Carol Channing, John Davidson"
49022,tt0491152,Something Borrowed,Something Borrowed,2011-05-05,4.8906,6.232,1112,"[35, 18, 10749]",en,35000000,65090821,112,"Wild Ocean Films, Alcon Entertainment, 2S Films, Summit Entertainment, Warner Bros. Pictures",Luke Greenfield,"Ginnifer Goodwin, Kate Hudson, Colin Egglesfield, John Krasinski, Steve Howey"
427824,tt2097903,Palhaços,Palhaços,2011-10-01,4.8857,5.0,1,[18],pt,0,0,0,"Bananeira Filmes, Obscuru Filmes",Andy Malafaia,"Fred Demarca, Sérgio Santeiro, Carol Veiga"
123291,tt2058124,Twinkle Toes,Twinkle Toes,2011-10-15,4.8737,6.0,6,"[16, 10751]",en,0,0,71,Skechers Entertainment,Dave Woodgate,"Laura Baruch, Tom Kenny, Billie Myers, Andrea Bowen, Stephanie Lemelin"
50780,tt1321860,The Beaver,The Beaver,2011-05-05,4.8531,6.371,954,[18],en,21000000,970816,91,"Anonymous Content, Summit Entertainment, Participant, Image Nation Studios",Jodie Foster,"Mel Gibson, Jodie Foster, Anton Yelchin, Riley Thomas Stewart, Jennifer Lawrence"
48231,tt1571222,A Dangerous Method,A Dangerous Method,2011-09-30,5.241,6.347,2268,[18],en,15000000,27462041,99,"Dangerous Method Film AG, Recorded Pictures Company, Millbrook Pictures, Prospero Pictures, Lago Film, The Movie Network",David Cronenberg,"Keira Knightley, Viggo Mortensen, Michael Fassbender, Sarah Gadon, Vincent Cassel"
9364,tt1181614,Wuthering Heights,Wuthering Heights,2011-09-09,4.9872,5.9,288,"[18, 10749]",en,5692172,1742215,124,"Ecosse Films, UK Film Council, Film4 Productions, Goldcrest Films International, Screen Yorkshire, HanWay Films",Andrea Arnold,"Kaya Scodelario, James Howson, Solomon Glave, Shannon Beer, Steve Evets"
70057,tt1718199,Dragon,武俠,2011-07-04,4.9312,6.9,326,"[18, 28, 53]",zh,0,0,115,"Dingsheng Cultural Industry Investment, JSBC Eudemonia Blue Ocean TV & Movie Group, We Pictures, Yunnan Film Group, Stellar Mega Films, Kantana Studios",Peter Chan Ho-Sun,"Donnie Yen, Takeshi Kaneshiro, Tang Wei, Jimmy Wang Yu, Kara Wai Ying-Hung"
58767,tt1571243,Sniper: Reloaded,Sniper: Reloaded,2011-04-26,4.9132,5.793,239,"[10752, 28, 53, 18]",en,0,0,91,"ApolloMovie Beteiligungs, Stage 6 Films, Film Afrika",Claudio Fäh,"Chad Michael Collins, Richard Sammel, Annabel Wright, Billy Zane, Justin Strydom"
60224,tt1808453,Hidden Lives,Saklı Hayatlar,2011-03-11,4.5191,6.5,2,"[10751, 18]",tr,0,0,0,,A. Halûk Ünal,"Ceren Hindistan, Yusuf Akgün, Laçin Ceylan, Zerrin Sümer, Ahmet Mümtaz Taylan"
60309,tt0968264,The Conspirator,The Conspirator,2011-04-15,5.4515,6.554,510,"[80, 18, 36]",en,25000000,15478800,122,"Wildwood Enterprises, The American Film Company",Robert Redford,"James McAvoy, Robin Wright, Evan Rachel Wood, Kevin Kline, Alexis Bledel"
65218,tt1648204,Lemonade Mouth,Lemonade Mouth,2011-04-15,5.4321,7.447,1115,"[18, 35, 10402, 10770]",en,0,0,113,"Martin Chase Productions, GWave Productions",Patricia Riggen,"Bridgit Mendler, Adam Hicks, Hayley Kiyoko, Naomi Scott, Blake Michael"
55465,tt1268799,A Very Harold & Kumar Christmas,A Very Harold & Kumar Christmas,2011-11-04,5.25,6.0,1094,[35],en,19000000,36192775,90,"New Line Cinema, Mandate Pictures, Warner Bros. Pictures",Todd Strauss-Schulson,"John Cho, Kal Penn, Paula Garcés, Neil Patrick Harris, Elias Koteas"
81481,tt2070649,Silenced,도가니,2011-09-22,4.7736,8.162,812,[18],ko,2200000,31500000,125,"Sangeori Pictures, Fantagio, CJ Entertainment",Hwang Dong-hyuk,"Gong Yoo, Jung Yu-mi, Kim Hyeon-soo, Jung In-seo, Baek Su-ho"
57089,tt0844993,Hoodwinked Too! Hood VS. Evil,Hoodwinked Too! Hood VS. Evil,2011-04-29,5.0893,5.2,599,"[35, 16, 10751]",en,30000000,13500000,86,"Kanbar Entertainment, The Weinstein Company",Mike Disa,"Hayden Panettiere, Glenn Close, Patrick Warburton, David Ogden Stiers, Joan Cusack"
70578,tt1674784,Trespass,Trespass,2011-10-13,4.8815,5.509,1246,"[53, 80, 18]",en,36000000,9612469,91,"Nu Image, Millennium Media, Saturn Films, Winkler Films",Joel Schumacher,"Nicolas Cage, Nicole Kidman, Ben Mendelsohn, Liana Liberato, Cam Gigandet"
86983,tt2072241,Stockholm East,Stockholm Östra,2011-10-21,4.6913,5.446,28,[18],sv,0,0,95,"Filmlance International, Film i Väst",Simon Kaijser,"Mikael Persbrandt, Iben Hjejle, Henrik Norlén, Liv Mjönes, Lars-Erik Berenett"
74513,tt1656192,Special Forces,Forces spéciales,2011-11-02,4.9804,6.724,646,"[28, 18, 10752]",fr,10000000,3424648,109,"Sofica Manon, Easy Company, StudioCanal, TPS Star, A Plus Image 2, Canal+",Stéphane Rybojad,"Diane Kruger, Djimon Hounsou, Benoît Magimel, Denis Ménochet, Raphaël Personnaz"
76122,tt2011118,Marvel One-Shot: The Consultant,Marvel One-Shot: The Consultant,2011-09-13,5.3585,6.316,653,"[12, 14, 878, 28]",en,500000,0,4,"Marvel Studios, Ebeling Group",Leythum,"Maximiliano Hernández, Clark Gregg, Robert Downey Jr., William Hurt, Deborah Knox"
69735,tt1672723,Batman: Year One,Batman: Year One,2011-09-27,5.1741,7.255,1075,"[28, 16, 80, 18, 53]",en,3500000,0,64,"Warner Bros. Animation, Warner Premiere, DC","Sam Liu, Lauren Montgomery","Ben McKenzie, Bryan Cranston, Eliza Dushku, Jon Polito, Alex Rocco"
160762,tt2082509,The Witness,El Testigo,2011-11-10,4.2017,0.0,0,[28],es,0,0,83,Non Studios,Andrés Ramírez,"José A. Manuel, Gil Sanabria, Melissa Serrano Flores, Carlos Alfonso, Jorge Antares"
262700,tt2034030,La sacrée,La sacrée,2011-09-18,4.2889,0.0,0,[35],fr,0,0,0,Balestra Productions,Dominic Desjardins,"Marc Thibaudeau, Rhéal Guévremont, Louison Danis, Geneviève Bilodeau, Damien Robitaille"
86130,tt1450334,Pixie Hollow Games,Pixie Hollow Games,2011-12-24,5.3108,7.0,308,"[16, 10751]",en,0,0,23,"DisneyToon Studios, Prana Animation Studios",Bradley Raymond,"Megan Hilty, Tiffany Thornton, Zendaya, Jason Dolley, Brenda Song"
67913,tt1540133,The Guard,The Guard,2011-07-07,5.11,6.972,1455,"[28, 35, 53, 80]",en,6000000,19560274,96,"Prescience, UK Film Council, Reprisal Films, Aegis Film Fund, Element Pictures, Crescendo Productions, EDS Pictures, Fís Éireann/Screen Ireland",John Michael McDonagh,"Brendan Gleeson, Don Cheadle, Liam Cunningham, Mark Strong, Katarina Čas"
130787,tt1900960,¡Qué Joyitas!,¡Qué Joyitas!,2011-12-01,4.4052,8.0,1,[35],es,0,0,95,,Eduardo Ortiz,"Jorge Pabón, Roque Gallart, Carlos Vega, Carlos Ferrer, Billy Fourquet"
59350,tt0444531,Vidas pequeñas,Vidas pequeñas,2011-03-18,4.6198,7.5,2,"[18, 10749]",es,0,0,0,Alquimia Cinema,Enrique Gabriel,"Asunción Balaguer, Maite Blasco, Txema Blasco, Francisco Boira, Alicia Borrachero"
202927,tt1815715,Gangsterläufer,Gangsterläufer,2011-11-26,4.6024,6.6,6,[99],de,0,0,90,"ZDF, ARTE, RBB",Christian Stahl,Yehya
59678,tt1478964,Attack the Block,Attack the Block,2011-05-11,4.588,6.465,2347,"[28, 35, 878]",en,13000000,6333688,88,"UK Film Council, Film4 Productions, StudioCanal, Big Talk Studios, Stage 6 Films, Screen Gems, Optimum Releasing",Joe Cornish,"John Boyega, Jodie Whittaker, Alex Esmail, Simon Howard, Franz Drameh"
348617,tt1967542,L'Américaine,L'Américaine,2011-01-01,4.5877,0.0,0,"[18, 10749]",fr,0,0,14,,Domingo Lamarre,
70670,tt1614989,Headhunters,Hodejegerne,2011-08-26,4.5795,7.233,1418,"[53, 80, 28]",no,0,18962444,100,"Nordisk Film Denmark, Yellow Bird, Friland, TV 2, SVT, DR, Norsk Filminstitutt, Nordisk Film & TV Fond, ARD Degeto",Morten Tyldum,"Aksel Hennie, Synnøve Macody Lund, Nikolaj Coster-Waldau, Julie R. Ølgaard, Kyrre Haugen Sydness"
38356,tt1399103,Transformers: Dark of the Moon,Transformers: Dark of the Moon,2011-06-28,4.5759,6.2,9158,"[28, 878, 12]",en,195000000,1123794079,154,"Paramount Pictures, di Bonaventura Pictures, DeSanto/Murphy Productions, Ian Bryce Productions",Michael Bay,"Shia LaBeouf, Rosie Huntington-Whiteley, Peter Cullen, Leonard Nimoy, John Turturro"
50698,tt1703199,Grave Encounters,Grave Encounters,2011-09-09,4.5674,6.333,1720,"[53, 27]",en,1000000,0,93,"Digital Interference Productions, Darclight, Twin Engine Films","Stuart Ortiz, Colin Minihan","Sean Rogerson, Ashleigh Gryzko, Merwin Mondesir, Mackenzie Gray, Juan Riedinger"
698719,tt5179842,i mae,i mae,2011-10-11,4.5575,0.0,0,[18],es,0,0,22,Cinetel,Esteban Ramírez,"Natalia Carvajal, Yerling Villalobos, José Miguel Alfaro, Agustín Gutierrez, Maria Luisa Fernandez"
702177,,Macbeth,Macbeth,2011-05-06,4.5434,6.0,1,[18],en,0,0,150,"The Everyman Theatre (UK), Digital Theatre",Gemma Bodinetz,"David Morrissey, Mark Arends, Ken Bradshaw, Richard Bremmer, Neil Caple"
116322,tt1828224,The Legend of La Llorona,La Leyenda de la Llorona,2011-10-21,4.5403,7.903,321,"[16, 10751, 14, 27]",es,0,3900000,75,"Ánima Estudios, Eficine 226, Videocine",Alberto Rodríguez,"Rafael Inclán, Yair Prado, Mónica del Carmen, Mayté Cordero, Rosario Zúñiga"
70513,tt3008200,Last Blues,Last Blues,2011-12-31,4.5243,8.0,1,"[28, 80, 53]",fr,0,0,0,,David Aboucaya,"Manuel Goncalves, Christian Perrette, Pierre Loussier, Lucas Pedroni"
260113,tt4144910,The Annunciation,Marian Ilmestys,2011-11-06,4.5171,6.0,1,[99],fi,0,0,36,Kristallisilmä Oy,Eija-Liisa Ahtila,"Satu Mäkinen, Elise Laaksonen, Taru Ollila, Elina Hurme, Anastasia Ilvonen"
50671,tt1334102,The Resident,The Resident,2011-02-10,4.4941,5.764,692,"[53, 9648]",en,20000000,0,91,"Hammer Film Productions, Exclusive Media",Antti J. Jokinen,"Hilary Swank, Jeffrey Dean Morgan, Lee Pace, Christopher Lee, Aunjanue Ellis-Taylor"
367022,tt2131557,Kopaszkutya Kettő,Kopaszkutya Kettő,2011-12-09,4.4811,7.0,1,"[10402, 99]",hu,0,0,0,,György Szomjas,"Földes László, Gyula Deák Bill, Egon Póka, János Solti, Tibor Tátrai"
514140,tt21382844,The Embassy,A Embaixada,2011-03-26,4.4747,0.0,0,[99],pt,0,0,37,,Filipa César,Armando Lona
179932,tt3565158,Towa no Quon 4: The Roaring Anxiety,トワノクオン 第四章 紅蓮の焦心,2011-09-09,4.4619,6.8,25,"[28, 16, 878, 14]",ja,0,0,48,"BONES, Sanzigen, Bandai Visual, Hakuhodo DY Media Partners, Showgate, Lantis, movic, Sony PCL",Umanosuke Iida,"Kohsuke Toriumi, Hiroshi Kamiya, Ryoko Shiraishi, Jouji Nakata, Minako Kotobuki"
259549,tt2279238,Construção,Construção,2011-10-01,4.4409,4.0,4,[99],pt,0,0,71,,Carolina Sá,
48572,tt0873886,Red State,Red State,2011-08-19,4.43,6.041,1071,"[27, 28, 53]",en,4000000,1104682,88,"SModcast Pictures, NVSH Productions, Phase 4 Films, View Askew Productions, Lionsgate",Kevin Smith,"Michael Parks, John Goodman, Melissa Leo, Michael Angarano, Kyle Gallner"
1184442,tt1664776,Pink Smoke Over the Vatican,Pink Smoke Over the Vatican,2011-02-17,4.4225,0.0,0,[99],en,0,0,64,Eye Goddess Films,Jules Hart,"Alta Jacko, Joanna Manning, Janice Sevré-Duszynska, Roy Bourgeois, Ronald Lengwin"
91417,tt2065968,Dragons: Gift of the Night Fury,Dragons: Gift of the Night Fury,2011-11-15,4.4139,7.3,442,"[16, 35, 12, 10751]",en,0,0,22,DreamWorks Animation,Tom Owens,"Jay Baruchel, Gerard Butler, Craig Ferguson, America Ferrera, Jonah Hill"
70516,tt1783311,Paper,Kağıt,2011-01-14,4.3947,4.9,9,[18],tr,0,0,105,Plato Film Production,Sinan Çetin,"Öner Erkan, Asuman Dabak, Ahmet Mekin, Ayşen Gruda, Zeynep Beşerler"
54445,tt1621429,S.W.A.T.: Firefight,S.W.A.T.: Firefight,2011-03-01,4.3601,5.694,417,"[28, 80, 53]",en,8000000,0,89,"Original Film, Stage 6 Films, RCR Media Group",Benny Boom,"Gabriel Macht, Robert Patrick, Carly Pope, Giancarlo Esposito, Kristanna Loken"
208732,,Pixelación Laboral,Pixelación Laboral,2011-07-20,4.2712,0.0,0,[],en,0,0,11,,Chus Domínguez,
853028,tt1532545,New York November,South,2011-01-01,4.2502,6.0,1,"[18, 9648, 53]",de,0,0,100,"Finnworks, Adrialpe-Media","Gerhard Fillei, Joachim Krenn","Matthew Mark Meyer, Marcel Kuster, Claudia Vick, Sal Giorno, Tim Kirkpatrick"
337724,tt1993411,The Ascent,Posljednje poglavlje,2011-08-06,4.2456,0.0,0,"[53, 18, 27]",sr,0,0,92,Artikulacija,Nemanja Bečanović,"Amar Selimović, Varja Đukić, Dejan Ivanić, Vlado Jovanovski, Inti Šraj"
81250,tt1835977,Geek Charming,Geek Charming,2011-11-11,4.2435,6.7,803,"[35, 18, 10749, 10751, 10770]",en,0,0,98,"Mandeville Films, Bad Angels Productions, Ltd.",Jeffrey Hornaday,"Sarah Hyland, Matt Prokop, Vanessa Morgan, Sasha Pieterse, Lili Simmons"
137227,tt1851909,Doraemon: Nobita and the New Steel Troops: Winged Angels,映画ドラえもん 新・のび太と鉄人兵団 ～はばたけ 天使たち～,2011-03-05,4.2307,7.4,89,"[16, 12, 10751, 878, 14, 35]",ja,0,0,108,"Shin-Ei Animation, Shogakukan-Shueisha Productions, ADK, TV Asahi, Shogakukan, Fujiko Productions",Yukiyo Teramoto,"Wasabi Mizuta, Megumi Oohara, Yumi Kakazu, Tomokazu Seki, Subaru Kimura"
71677,tt1436568,Assassination Games,Assassination Games,2011-07-28,4.2255,6.335,484,"[28, 80, 18, 53]",en,8000000,137600230,101,"Mediapro Studios, Rodin Entertainment, Motion Picture Corporation of America",Ernie Barbarash,"Jean-Claude Van Damme, Scott Adkins, Ivan Kaye, Kevin Chapman, Marija Karan"
65034,tt1742683,Too Big to Fail,Too Big to Fail,2011-11-25,4.1993,6.94,277,"[18, 10770, 36]",en,0,0,97,"HBO Films, Deuce Three Productions, Spring Creek Pictures",Curtis Hanson,"James Woods, John Heard, William Hurt, Paul Giamatti, Billy Crudup"
567587,,Error 0036,Error 0036,2011-06-30,4.1914,0.0,0,[878],es,0,0,0,Luca Films,Raúl Fernández Rincón,Paco León
50837,tt1441326,Martha Marcy May Marlene,Martha Marcy May Marlene,2011-10-21,4.1856,6.58,847,"[18, 53]",en,1000000,3500000,101,"BorderLine Films, This is that",Sean Durkin,"Elizabeth Olsen, Sarah Paulson, Hugh Dancy, John Hawkes, Brady Corbet"
75736,tt1886493,Catch.44,Catch.44,2011-12-08,4.1834,5.04,379,"[18, 28, 53]",en,7000000,0,93,"Sakonnet Capital Partners, Benaroya Pictures, Waterfall Media, Emmett/Furla Films, Annapurna Pictures",Aaron Harvey,"Bruce Willis, Malin Akerman, Nikki Reed, Deborah Ann Woll, Forest Whitaker"
49020,tt1440292,Submarine,Submarine,2011-03-18,4.1634,7.355,1638,"[18, 35, 10749]",en,1500000,864659,98,"Warp Films, Film4 Productions, UK Film Council, Optimum Releasing, Protagonist Pictures, Red Hour",Richard Ayoade,"Noah Taylor, Paddy Considine, Craig Roberts, Yasmin Paige, Sally Hawkins"
50357,tt1772240,Apollo 18,Apollo 18,2011-07-20,4.1506,5.311,1133,"[27, 878, 53]",en,5000000,25562924,86,"Bazelevs, Dimension Films, Bekmambetov Projects Ltd.",Gonzalo López-Gallego,"Ryan Robbins, Warren Christie, Lloyd Owen, Andrew Airlie, Michael Kopsa"
63197,tt1087461,Megan Is Missing,Megan Is Missing,2011-05-01,4.1474,6.132,877,"[18, 27, 53]",en,0,0,86,Trio Pictures,Michael Goi,"Amber Perkins, Rachel Quinn, Dean Waite, Jael Elizabeth Steinmeyer, Kara Wang"
416185,tt9883136,Ánima,Ánima,2011-07-08,4.1463,5.7,6,"[18, 10749]",es,0,0,11,Besa Films,Ana Victoria Pérez,"Ana de Armas, Leandro Espinosa"
201732,tt1939741,Identité Secrète,Identité Secrète,2011-07-25,4.1404,5.0,1,"[10749, 14]",en,0,0,12,,Tyler MacIntyre,
76758,tt1410063,The Flowers of War,金陵十三釵,2011-12-15,4.138,7.423,931,"[18, 36, 10752]",zh,94000000,95311434,146,"New Picture Company, Beijing New Picture Film Co. Ltd., EDKO Film",Zhang Yimou,"Christian Bale, Ni Ni, Zhang Xinyi, Huang Tianyuan, Han Xiting"
75948,tt1857913,The Sorcerer and the White Snake,白蛇传说,2011-09-27,4.138,6.534,328,"[28, 14]",zh,0,18445,100,Juli Entertainment Media,Tony Ching Siu-Tung,"Jet Li, Wen Zhang, Raymond Lam Fung, Huang Shengyi, Charlene Choi Chuek-Yin"
60420,tt1758692,Like Crazy,Like Crazy,2011-10-28,4.1315,6.355,1099,"[18, 10749]",en,250000,3542353,90,"Paramount Vantage, Andrea Sperling Productions, Indian Paintbrush, Super Crispy Entertainment, Ascension Productions",Drake Doremus,"Anton Yelchin, Felicity Jones, Jennifer Lawrence, Charlie Bewley, Alex Kingston"
73937,tt1053810,The Big Year,The Big Year,2011-10-13,5.4769,6.002,912,[35],en,41000000,8200000,102,"Ingenious Media, Fox 2000 Pictures, Deuce Three Productions, Sunswept Entertainment, Dune Entertainment, 20th Century Fox, Red Hour",David Frankel,"Steve Martin, Jack Black, Owen Wilson, Brian Dennehy, Anjelica Huston"
76598,tt1464251,Leaving,Odcházení,2011-01-20,3.9805,5.6,6,"[35, 18]",cs,0,0,94,RWE,Václav Havel,"Josef Abrhám, Vlasta Chramostová, Eva Holubová, Dagmar Havlová Veškrnová, Tatiana Dyková"
67748,tt1680114,Snowtown,Snowtown,2011-05-19,3.6674,6.294,369,"[80, 18]",en,2000000,1349387,120,"Screen Australia, Warp Films, Carver Films",Justin Kurzel,"Lucas Pittaway, Daniel Henshall, Louise Harris, Frank Cwertniak, Matthew Howard"
51209,tt1416801,Kill the Irishman,Kill the Irishman,2011-03-10,4.6424,6.786,727,"[28, 80, 53, 18]",en,0,1188194,106,"Anchor Bay Films, Dundee Entertainment, Code Entertainment, Sweet William Productions",Jonathan Hensleigh,"Ray Stevenson, Vincent D'Onofrio, Val Kilmer, Christopher Walken, Linda Cardellini"
70586,tt1748197,Setup,Setup,2011-10-17,4.7129,4.848,451,"[28, 80, 18, 53]",en,20000000,2128186,85,"Grindstone Entertainment Group, Cheetah Vision, Paradox Entertainment, Gunny Entertainment, Hedge Fund Film Partners, Action Jackson Films",Mike Gunther,"50 Cent, Ryan Phillippe, Bruce Willis, James Remar, Randy Couture"
75900,tt1655420,My Week with Marilyn,My Week with Marilyn,2011-11-23,4.7129,6.673,1374,"[18, 10749]",en,6400000,35100000,99,"The Weinstein Company, BBC Film, Trademark Films, Lipsync Productions",Simon Curtis,"Michelle Williams, Kenneth Branagh, Eddie Redmayne, Dominic Cooper, Philip Jackson"
81870,tt1686784,Flying Swords of Dragon Gate,龍門飛甲,2011-12-15,3.8204,6.237,251,"[28, 12, 18]",zh,35000000,127709,125,"Beijing Liangzi Group, Shineshow, Film Workshop, SMG Pictures, Bona Film Group, Distribution Workshop",Tsui Hark,"Jet Li, Zhou Xun, Chen Kun, Gwei Lun-Mei, Chris Lee Yuchun"
60405,tt1629440,Sharpay's Fabulous Adventure,Sharpay's Fabulous Adventure,2011-04-19,5.0394,5.949,573,"[10751, 10402]",en,0,0,90,"Princessa Productions, Borden & Rosenbush Entertainment",Michael Lembeck,"Ashley French, Austin Butler, Cameron Goodman, Bradley Steven Perry, Alec Mapa"
100341,tt1961438,Nicky's Family,Nickyho rodina,2011-02-03,3.6171,8.7,9,"[99, 18]",cs,0,0,96,,Matej Mináč,"Nicholas Winton, Jana Kepková, Klára Issová, Emma Tarageľová, Ben Abeles"
73532,tt1508675,Le Havre,Le Havre,2011-09-08,4.2365,7.007,492,"[18, 35]",fr,3850000,4230854,94,"Pyramide Productions, Sputnik, Pandora Film, ARTE France Cinéma, ZDF/Arte",Aki Kaurismäki,"André Wilms, Kati Outinen, Jean-Pierre Darroussin, Blondin Miguel, Elina Salo"
79224,tt2025526,War of the Arrows,최종병기 활,2011-08-10,3.8344,7.195,298,"[18, 28, 36]",ko,8000000,49000000,122,"Lotte Entertainment, Dasepo Club, DCG Plus, Sovik Venture Capital",Kim Han-min,"Park Hae-il, Moon Chae-won, Kim Moo-yul, Ryu Seung-ryong, Park Ki-woong"
52067,tt1477837,Cedar Rapids,Cedar Rapids,2011-02-11,4.4075,5.944,472,[35],en,0,6861102,87,Ad Hominem Enterprises,Miguel Arteta,"Ed Helms, John C. Reilly, Anne Heche, Isiah Whitlock Jr., Stephen Root"
60228,tt1808223,Losers' Club,Kaybedenler Kulübü,2011-03-25,3.4904,6.51,150,"[35, 18]",tr,0,2692857,105,Ekip Film,Tolga Örnek,"Nejat İşler, Yiğit Özşener, Ahu Türkpençe, İdil Fırat, Rıza Kocaoğlu"
55720,tt1554091,A Better Life,A Better Life,2011-06-24,4.2316,7.2,289,[18],en,10000000,1800000,98,"McLaughlin Films, Depth of Field, Summit Entertainment, Lime Orchard Productions, Witt/Thomas Productions",Chris Weitz,"Demián Bichir, José Julián, Chelsea Rendon, Dolores Heredia, Joaquín Cosío"
74092,tt1836099,Bleak Night,파수꾼,2011-03-03,3.3817,7.39,59,[18],ko,0,0,117,"Filament Pictures, Korean Academy of Film Arts, Korean Film Council",Yoon Sung-hyun,"Lee Je-hoon, Seo Jun-young, Park Jeong-min, Cho Seong-ha, Lee Cho-hee"
76535,tt2011109,Marvel One-Shot: A Funny Thing Happened on the Way to Thor's Hammer,Marvel One-Shot: A Funny Thing Happened on the Way to Thor's Hammer,2011-10-25,4.5516,6.87,601,"[878, 14, 12, 28, 35]",en,500000,0,4,Marvel Studios,Leythum,"Clark Gregg, Jessica Manuel, Jeff Prewett, Zach Hudson"
50601,tt1486193,5 Days of War,5 Days of War,2011-06-06,4.5471,5.683,219,"[10752, 18]",en,20000000,87793,113,"Dispictures, Rex Media, Georgian International Films, Midnight Sun Pictures",Renny Harlin,"Rupert Friend, Emmanuelle Chriqui, Richard Coyle, Heather Graham, Johnathon Schaech"
741461,tt2024376,Burners,Brûleurs,2011-09-10,3.5533,0.0,0,[],fr,0,0,15,,Farid Bentoumi,"Samir Harrag, Salim Kéchiouche, Djanis Bouzyani, Azeddine Benamara, Driss Ramdi"
79082,tt1865467,One Piece Mugiwara Chase,ONE PIECE 3D 麦わらチェイス,2011-03-19,4.9872,6.731,173,"[16, 12]",ja,0,0,30,Toei Animation,Hiroyuki Satou,"Mayumi Tanaka, Kazuya Nakai, Akemi Okamura, Kappei Yamaguchi, Hiroaki Hirata"
58232,tt1487118,Chalet Girl,Chalet Girl,2011-02-02,4.9093,6.383,673,"[35, 10749]",en,8000000,5468650,97,"Kaleidoscope Films, UK Film Council, Aegis Film Fund, Prescience, Hindsight Media, OFI, Cine Tirol, Metropolis International Sales, BKM, kulturelle Filmförderung des Bundes, CrossDay Productions Ltd., Neue Bioskop Film, Novotny & Novotny Filmproduktion",Phil Traill,"Felicity Jones, Ed Westwick, Brooke Shields, Bill Nighy, Tamsin Egerton"
72477,tt1389127,Texas Killing Fields,Texas Killing Fields,2011-10-14,3.897,5.789,536,"[18, 53, 80]",en,0,957240,105,"Anchor Bay Entertainment, Blue Light, Hanson Watley Entertainment, Infinity Media, Gideon Productions, QED International",Ami Canaan Mann,"Sam Worthington, Jeffrey Dean Morgan, Jessica Chastain, Chloë Grace Moretz, Jason Clarke"
58633,tt1455106,Jimmy Rivière,Jimmy Rivière,2011-03-09,3.8901,4.0,4,[18],fr,0,0,91,"Kazak Productions, France•3",Teddy Lussi-Modeste,"Guillaume Gouix, Béatrice Dalle, Hafsia Herzi, Serge Riaboukine, Jacky Patrac"
49012,tt1334512,Arthur,Arthur,2011-04-08,3.8805,5.564,821,"[35, 10749]",en,40000000,48147945,110,"Warner Bros. Pictures, MBST, BenderSpink",Jason Winer,"Russell Brand, Helen Mirren, Greta Gerwig, Jennifer Garner, Geraldine James"
79070,tt1683921,Sleepless Night,Nuit blanche,2011-11-16,3.8798,5.91,167,"[18, 53]",fr,3450000,0,99,"Canal+, Ciné+, Chic Films, Paul Thiltges Distributions, Saga Film, uFilm",Frédéric Jardin,"Tomer Sisley, Serge Riaboukine, Julien Boisselier, JoeyStarr, Laurent Stocker"
74725,tt1788391,Kill List,Kill List,2011-09-02,3.8791,6.188,914,"[27, 53, 80]",en,500000,450275,95,"Warp X, Rook Films, Film4 Productions, UK Film Council, Protagonist Pictures, NonStop Entertainment, Madman Entertainment",Ben Wheatley,"Neil Maskell, MyAnna Buring, Harry Simpson, Michael Smiley, Struan Rodger"
153709,tt2053413,A Hole In My Panty,パンツの穴 THE MOVIE 童貞喪失ラプソディ,2011-11-19,3.859,5.857,7,"[18, 35]",ja,0,0,81,,Toshiyuki Morioka,"Ai Shinozaki, Satoshi Tanoue, Renya Kishida, Kenta Ogawa, Erika Nishi"
72213,tt1630036,Courageous,Courageous,2011-09-30,3.8529,7.654,428,[18],en,1000000,35690739,129,"TriStar Pictures, Provident Films, Affirm Films, Sherwood Pictures, Kendrick Brothers",Alex Kendrick,"Ken Bevel, Alex Kendrick, Kevin Downes, Renee Jewell, Rusty Martin"
94047,tt1606384,My Way,마이웨이,2011-12-21,3.8475,7.913,464,"[18, 28, 36, 10752]",ko,25500000,16653488,137,"CJ Entertainment, Directors, SK Planet",Kang Je-kyu,"Jang Dong-gun, Joe Odagiri, Fan Bingbing, Kim In-kwon, Lee Yeon-hee"
89708,tt0770802,Samsara,Samsara,2011-09-16,3.8475,8.057,706,[99],en,4000000,2639616,102,Magidson Films,Ron Fricke,"Ni Made Megahadi Pratiwi, Puti Sri Candra Dewi, Putu Dinda Pratika, Marcos Luna, Hiroshi Ishiguro"
1764427,tt5612868,El Successor,El Successor,2011-01-01,3.8398,0.0,0,"[28, 14, 12]",es,0,0,0,Nekerman Films,Tito Nekerman,"Sergio Acosta, Edward Santos, Rubén Abud, Antonio Melenciano, Felix Franco Inoa"
708451,tt2110442,Salón Royale,Salón Royale,2011-01-01,3.823,7.0,1,[],es,0,0,13,,Sabrina Campos,"Marina Bellati, Julieta Zylberberg, Luciana Lifschitz"
293888,tt2757396,Delibes: Lakmé,Delibes: Lakmé,2011-08-01,3.8212,0.0,0,"[18, 10402]",fr,0,0,180,The Australian Opera,"Roger Hodgman, Cameron Kirkpatrick","Emma Matthews, Aldo Di Toro, Stephen Bennett, Dominica Matthews, Edomond Choo"
72972,tt2027255,Tom and Jerry & The Wizard of Oz,Tom and Jerry & The Wizard of Oz,2011-08-13,3.8098,6.2,144,"[16, 35, 12, 10751, 14]",en,0,0,59,"Turner Entertainment Co., Warner Bros. Animation","Spike Brandt, Tony Cervone","Grey DeLisle, Joe Alaskey, Michael Gough, Rob Paulsen, Todd Stashwick"
483562,tt2435792,Cão,Cão,2011-01-01,3.8086,0.0,0,[18],pt,0,0,19,"Escola de Comunicações e Artes, Universidade de São Paulo",Iris Junges,"Luciana Paes, Thiago Amaral Ribeiro"
64678,tt1645080,The Art of Getting By,The Art of Getting By,2011-06-17,3.8008,6.557,1380,"[18, 10749]",en,0,1406224,83,"Goldcrest Films International, Atlantic Pictures, Gigi Films",Gavin Wiesen,"Freddie Highmore, Emma Roberts, Michael Angarano, Elizabeth Reaser, Alicia Silverstone"
58235,tt1587828,Confessions of a Brazilian Call Girl,Bruna Surfistinha,2011-02-25,3.799,6.5,513,[18],pt,0,0,109,"TeleImage, Damasco Filmes, TvZERO, RioFilme, Telecine",Marcus Baldini,"Deborah Secco, Cássio Gabus Mendes, Drica Moraes, Fabiula Nascimento, Cristina Lago"
302599,tt3196674,Curaçao,Curaçao,2011-04-07,3.7981,0.0,0,[99],nl,0,0,75,,"Sander Snoep, Sarah Vos",
81003,tt1980162,Kung Fu Panda: Secrets of the Masters,Kung Fu Panda: Secrets of the Masters,2011-12-12,3.7943,6.5,283,"[16, 28, 35]",en,0,0,24,DreamWorks Animation,Tony Leondis,"Jack Black, Angelina Jolie, Seth Rogen, Dustin Hoffman, Randall Duk Kim"
73499,tt1646980,The Double,The Double,2011-10-27,3.7935,5.832,735,"[28, 18, 80]",en,17000000,4729855,98,"Industry Entertainment Partners, Image Nation Studios, Agent Two, Hyde Park Entertainment, Brandt/Haas Productions",Michael Brandt,"Richard Gere, Topher Grace, Martin Sheen, Tamer Hassan, Stephen Moyer"
145316,tt2100093,Air Mater,Air Mater,2011-08-04,3.7906,6.07,172,"[16, 10751]",en,0,0,6,Pixar Canada,Rob Gibbs,"Larry the Cable Guy, Keith Ferguson, Stacy Keach, Jonathan Adams, Lindsey Collins"
73873,tt1602098,Albert Nobbs,Albert Nobbs,2011-12-21,4.4251,6.315,534,[18],en,8000000,5634828,113,"Mockingbird Pictures, Trillium Productions, Parallel Film Productions, Chrysalis Films, Allen & Associates, WestEnd Films",Rodrigo García,"Glenn Close, Mia Wasikowska, Aaron Taylor-Johnson, Janet McTeer, Pauline Collins"
70868,tt1742650,I Don't Know How She Does It,I Don't Know How She Does It,2011-09-16,4.753,5.2,418,"[10749, 35]",en,24000000,31410151,89,The Weinstein Company,Douglas McGrath,"Sarah Jessica Parker, Pierce Brosnan, Greg Kinnear, Christina Hendricks, Kelsey Grammer"
46541,tt1446072,Game of Death,Game of Death,2011-03-31,4.1103,4.9,155,"[12, 28, 53]",en,13000000,0,98,"Philippe Martinez Productions, Perpetual Media Capital, Arramis Films, Alchemedia Films, Voltage Pictures",Giorgio Serafini,"Wesley Snipes, Gary Daniels, Robert Davi, Zoë Bell, Aunjanue Ellis-Taylor"
527015,,Khauf,Khauf,2011-07-01,3.34,0.0,0,[],fa,0,0,111,Shaheen Film,Salim Shaheen,"Salim Shaheen, Masjidi Zalmai"
82029,tt1821468,Itinéraire bis,Itinéraire bis,2011-08-03,3.5142,5.343,70,"[35, 10749]",fr,0,0,80,Elia Films,Jean-Luc Perreard,"Fred Testot, Leïla Bekhti, Jean-François Stévenin, Catherine Gandois, Clément Aubert"
70954,tt1703148,The Hunter,The Hunter,2011-10-06,4.3911,6.652,742,"[18, 53, 12]",en,0,176669,102,"Porchlight Films, Screen Australia, Screen NSW, Screen Tasmania, Fulcrum Media Finance, Madman Entertainment, Entertainment One, Seville International",Daniel Nettheim,"Willem Dafoe, Frances O'Connor, Sam Neill, Jacek Koman, Callan Mulvey"
351417,tt1934302,Body Memory,Keha mälu,2011-11-16,4.1614,5.7,3,[16],et,0,0,9,Nukufilm,Ülo Pikkov,
101173,tt1372686,Coriolanus,Coriolanus,2011-02-14,5.2062,5.838,515,"[18, 53]",en,7700000,1072602,123,"BBC Film, Synchronistic Pictures, Icon Entertainment International, Lipsync Productions, Atlantic Swiss Productions, Hermetof Pictures, Magna Films, Kalkronkie, Artemis Films, Lonely Dragon, Magnolia Mae Films",Ralph Fiennes,"Ralph Fiennes, Gerard Butler, Lubna Azabal, Ashraf Barhom, Jessica Chastain"
55292,tt1533749,Shaolin,新少林寺,2011-01-20,4.1927,6.839,423,"[28, 18]",zh,29000000,33662874,131,"JCE Movies, Huayi Brothers Pictures, Emperor Motion Pictures, China Film Group Corporation",Benny Chan,"Andy Lau, Nicholas Tse Ting-Fung, Fan Bingbing, Jackie Chan, Wu Jing"
84427,tt1660379,House of Pleasures,"L'Apollonide, souvenirs de la maison close",2011-09-21,3.9349,6.469,289,[18],fr,0,0,126,"ARTE France Cinéma, Les Films du Lendemain, My New Picture",Bertrand Bonello,"Noémie Lvovsky, Hafsia Herzi, Céline Sallette, Jasmine Trinca, Adèle Haenel"
77221,tt1701210,Black Gold,Black Gold,2011-12-21,3.9005,6.466,320,"[12, 18]",en,40000000,5446000,130,"France 2 Cinéma, Quinta Communications, Carthago Films, Prima TV, DFI",Jean-Jacques Annaud,"Mark Strong, Antonio Banderas, Freida Pinto, Tahar Rahim, Riz Ahmed"
65650,tt1582271,The Good Doctor,The Good Doctor,2011-04-23,4.1614,6.181,262,"[18, 53, 9648]",en,6000000,5206,93,"Viddywell, Code Red",Lance Daly,"Orlando Bloom, Riley Keough, Taraji P. Henson, Rob Morrow, Michael Peña"
74135,tt1525836,Gantz: Perfect Answer,Gantz: Perfect Answer,2011-04-23,4.4272,6.623,240,"[28, 9648, 878, 27]",ja,0,0,141,"Horipro, J Storm, Nikkatsu Corporation, Nippon Television Network Corporation, Shueisha, Yomiuri Shimbun Company, TOHO, VAP, Yomiuri Telecasting Corporation",Shinsuke Sato,"Kazunari Ninomiya, Kenichi Matsuyama, Yuriko Yoshitaka, Ayumi Ito, Kanata Hongo"
376531,tt17074274,La Bayadère,La Bayadère,2011-01-04,3.2554,0.0,0,[10402],en,0,0,166,Royal Opera House,"Ross MacGibbon, Natalia Makarova","Tamara Rojo, Carlos Acosta, Marianela Núñez, Gary Avis, Christopher Saunders"
75233,tt1736633,"Oslo, August 31st","Oslo, 31. august",2011-08-31,4.0105,7.489,530,[18],no,0,1481665,95,"Motlys, Don't Look Now",Joachim Trier,"Anders Danielsen Lie, Malin Crépin, Hans Olav Brenner, Ingrid Olava, Tone Beate Mostraum"
60964,tt1566528,Macross Frontier: The Wings of Farewell,劇場版 マクロスF 恋離飛翼 ～サヨナラノツバサ～,2011-02-26,3.4956,7.025,20,"[28, 16, 10749, 878]",ja,0,0,115,"8bit, Big West, SATELIGHT, GONZO, K-Production, Graphinica","Shoji Kawamori, Takahiro Harada, Yasutake Okawara, Masashi Abe, Kazuo Sakai, Takao Abo, Tomohiro Hirata, Yukio Takahashi, Hiroshi Tamada, Kazuya Miura","Aya Endo, Megumi Nakajima, Yuichi Nakamura, Aya Hirano, Katsuyuki Konishi"
66125,tt0803061,Red Dog,Red Dog,2011-08-04,4.0368,7.295,442,"[18, 35, 10751]",en,5,13,92,"Endymion Films, ScreenWest, Woss Group Film Productions, Screen Australia, Essential Entertainment, South Australian Film Corporation",Kriv Stenders,"Josh Lucas, Rachael Taylor, Rohan Nichol, Luke Ford, Arthur Angel"
65229,tt1847731,Tomboy,Tomboy,2011-04-20,3.6501,7.296,767,[18],fr,1000000,1424716,82,"Lilies Films, Hold Up Films, ARTE France Cinéma",Céline Sciamma,"Zoé Héran, Malonn Lévana, Jeanne Disson, Sophie Cattani, Mathieu Demy"
56590,tt1699114,All Star Superman,All Star Superman,2011-01-01,3.7516,6.883,574,"[16, 878, 28, 12]",en,3500000,0,76,"Warner Bros. Animation, DC",Sam Liu,"James Denton, Christina Hendricks, Anthony LaPaglia, Ed Asner, Linda Cardellini"
56415,tt1741542,A Gang Story,Les Lyonnais,2011-11-10,4.0696,6.783,407,"[80, 18]",fr,0,0,102,"LGM Productions, Gaumont, France 2 Cinéma",Olivier Marchal,"Gérard Lanvin, Tchéky Karyo, Daniel Duval, Dimitri Storoge, Patrick Catalifo"
475060,tt2339515,Lament,Lamúria,2011-08-12,3.6433,4.2,5,[],pt,0,0,15,,Nathan Cirino,
65122,tt1024666,Session,Session,2011-01-20,3.6432,4.2,3,[18],tr,0,0,0,"Priority Films, Haim Buzaglo Productions",Haim Bouzaglo,"Bar Refaeli, Tom Bower, Gillian Buick, Shirly Brener, Gil Hacohen "
81785,tt1924348,Pólvora Negra,Pólvora Negra,2011-10-29,3.6412,0.0,0,"[28, 14, 37]",pt,0,0,87,,Kapel Furman,"Elder Fraga, Nicolas Trevijano"
73358,tt1797469,Page Eight,Page Eight,2011-08-28,3.6395,6.571,347,"[9648, 53, 18]",en,0,0,99,"Runaway Fridge TV, BBC, Heyday Films, Carnival Films, Masterpiece",David Hare,"Bill Nighy, Rachel Weisz, Ralph Fiennes, Michael Gambon, Felicity Jones"
268180,tt2234147,Fire,Incêndio,2011-05-05,3.6363,1.0,1,"[35, 18]",pt,0,0,23,Terratreme,"Miguel Seabra Lopes, Karen Akerman","Joana Craveiro, António Moniz Pereira"
73486,tt1572962,45m²,45m²,2011-01-20,3.6262,6.125,20,[18],el,0,0,80,"Greek Film Centre, ERT, Metavision",Stratos Tzitzis,"Efi Logginou, Rania Oikonomidou, Antinoos Albanis, Giorgos Giannopoulos, Gioulina Daskalopoulou"
57331,tt1322333,Largo Winch II,Largo Winch II,2011-02-16,3.6193,5.825,414,"[28, 12, 53]",fr,21200000,14400000,119,"Wild Bunch, TF1 Films Production, Pan-Européenne, Climax Films, CNC, MEDIA Programme of the European Union, Canal+, October Pictures, Casa Kafka Pictures, Araneo",Jérôme Salle,"Tomer Sisley, Sharon Stone, Ulrich Tukur, Olivier Barthélémy, Napakpapha Nakprasitte"
114550,tt2059211,September,Eylül,2011-01-01,3.613,4.5,2,[18],tr,0,0,88,,Cemil Ağacıkoğlu,"Turgay Aydın, Görkem Yeltan, Elena Polyanskaya, Ayten Uncuoğlu, Mete Dönmezer"
327107,tt2374787,Archeo,Arheo,2011-10-01,3.6122,4.3,3,[18],sl,0,0,80,"TV Slovenija, Staragara, Transmedia, Inforg Studio",Jan Cvitkovič,"Medea Novak, Niko Novak, Finzi Tommaso"
56831,tt1510938,The Sunset Limited,The Sunset Limited,2011-02-12,3.5828,7.224,529,"[18, 10770]",en,0,0,91,"HBO Films, The Javelina Film Company",Tommy Lee Jones,"Tommy Lee Jones, Samuel L. Jackson"
718796,tt13027770,Realisation,Vésuves,2011-07-05,3.5735,8.5,1,[16],fr,0,0,3,"Gobelins, L'école de l'image, L'Agence du court métrage, CalArts",Kevin Manach,
116513,tt1972694,Laurentia,Laurentie,2011-07-03,3.5714,4.167,6,[18],fr,0,0,120,Metafilms,"Mathieu Denis, Simon Lavoie","Emmanuel Schwartz, Eugénie Beaudry, Jade Hassouné, Martin Boily, Guillaume Cyr"
120475,tt2980736,Dragon Ball: Episode of Bardock,ドラゴンボール エピソード オブ バーダック,2011-12-17,3.5561,7.131,463,"[28, 16, 878]",ja,0,0,20,Toei Animation,Yoshihiro Ueda,"Masako Nozawa, Ryusei Nakao, Houko Kuwashima, Masashi Ebara, Keiji Hirai"
59968,tt1637706,Our Idiot Brother,Our Idiot Brother,2011-08-26,3.553,6.125,1066,"[35, 18]",en,5000000,24816118,90,"Big Beach, Likely Story, Yuk Films",Jesse Peretz,"Paul Rudd, Elizabeth Banks, Zooey Deschanel, Emily Mortimer, Steve Coogan"
925582,tt3080066,The Cat,Mačka,2011-01-01,3.5527,0.0,0,[16],hr,0,0,9,"3D2D Animatori, Kenges, Zagreb City Office of Education, Culture and Sports, Hrvatski Audiovizualni Centar",Goran Stojnić,
138504,tt2221853,Sultry Assassin 2: Ninja Brainwash,艶剣客２ くノ一色洗脳,2011-08-05,3.5526,2.0,2,"[28, 12, 18]",ja,0,0,73,"Takeshobo, Shintoho Pictures",Ken'ichi Fujiwara,"Akiho Yoshizawa, Yoshihiro Satō, Yuzuka Kinoshita, Shijimi, Horiken"
740448,,Dry Shampoo,Dry Shampoo,2011-01-01,3.5336,0.0,0,[],en,0,0,3,,Antoinette Zwirchmayr,
51588,tt1604171,Prom,Prom,2011-04-29,3.5221,6.093,477,"[35, 10749]",en,8000000,10130000,104,"Walt Disney Pictures, Rickshaw Productions",Joe Nussbaum,"Aimee Teegarden, Thomas McDonell, Nolan Sotillo, Cameron Monaghan, Danielle Campbell"
439129,tt3820116,Vacation,Vakáció,2011-04-08,3.5187,7.0,1,[18],hu,0,0,6,Hungarian Filmproduction,Brigitta Bacskai,Barnabás Botond Nagy
71254,tt1117581,Arena,Arena,2011-10-11,3.5183,5.195,290,"[28, 53, 878]",en,10000000,0,94,"Motion Picture Corporation of America, Fury Productions, RCR Media Group, Zero Gravity Management",Jonah Loop,"Kellan Lutz, Katia Winter, Johnny Messner, Samuel L. Jackson, James Remar"
433861,tt1922647,Lamog,Lamog,2011-05-04,8.3732,1.0,2,"[53, 18]",tl,0,0,83,"Alcazar Films, Leo Films",Carlo Alvarez,"Maui Taylor, Emil Sandoval, Ace Castro, Ruth Russel, Chris Evert"
79443,tt2062677,The Smurfs: A Christmas Carol,The Smurfs: A Christmas Carol,2011-12-02,4.0314,6.723,278,"[16, 35, 10751]",en,0,0,22,Sony Pictures Animation,Troy Quane,"Jack Angel, Fred Armisen, Hank Azaria, Gary Basaraba, George López"
73108,tt1845866,Teen Spirit,Teen Spirit,2011-08-07,3.8223,5.938,305,"[18, 14, 35, 10770]",en,0,0,81,"EUE/Screen Gems Studios, ABC Family Worldwide",Gil Junger,"Cassie Scerbo, Lindsey Shaw, Chris Zylka, Rhoda Griffis, Katie Sarife"
104226,tt1777604,Bikini Time Machine,Bikini Time Machine,2011-03-15,3.4623,5.3,20,[35],en,500000,0,81,"Retromedia Entertainment, Synthetic Filmwerx",Fred Olen Ray,"Joslyn James, Kylee Nash, Jenna Presley, Trish Cook, Michael Gaglio"
58626,tt1575694,The Hit List,The Hit List,2011-04-02,4.1326,6.002,298,"[28, 53]",en,6000000,0,90,North by Northwest Entertainment,William Kaufman,"Cuba Gooding Jr., Cole Hauser, Jonathan LaPaglia, Michael Papajohn, Drew Waters"
286574,tt1990250,Interés variable,Interés variable,2011-01-01,3.4457,0.0,0,[35],es,0,0,12,,Felipe Pardo Otero,"Rodrigo García, Nacho Rubio, Bárbara Santa-Cruz"
67900,tt1777608,Scooby-Doo! Legend of the Phantosaur,Scooby-Doo! Legend of the Phantosaur,2011-09-03,4.2855,7.7,229,"[16, 9648, 35, 10751]",en,0,0,75,"Warner Bros. Animation, Hanna-Barbera Cartoons",Ethan Spaulding,"Frank Welker, Mindy Cohn, Grey DeLisle, Matthew Lillard, Cathy Cavadini"
393827,tt1617006,Archæology,Archæology,2011-01-01,3.5188,6.5,2,"[53, 9648]",en,0,0,13,,"Philip Sansom, Olly Williams","Shaun Evans, Anna Brewster"
78080,tt1855134,Beethoven's Christmas Adventure,Beethoven's Christmas Adventure,2011-10-04,4.0007,6.0,164,"[10751, 35, 14]",en,0,0,90,Universal Pictures,John Putch,"John Cleese, Munro Chambers, Kim Rhodes, Jan Skene, Candace Smith"
50725,tt0810922,Take Me Home Tonight,Take Me Home Tonight,2011-03-04,3.8385,5.97,739,"[35, 18, 10749]",en,19000000,6900000,97,"Rogue Pictures, Imagine Entertainment, Relativity Media, Internationale Filmproduktion Blackbird Dritte",Michael Dowse,"Topher Grace, Anna Faris, Dan Fogler, Teresa Palmer, Chris Pratt"
451624,tt6765598,Hikiko-san vs. Kuchisake-onna,ひきこさん VS 口裂け女,2011-08-05,3.6459,2.0,1,[27],ja,0,0,90,,Hisaaki Nagaoka,"Mai Fujiya, Chihiro Sekimoto, Nako Jouzuka, Isawo Tahara, Meika Sakiguchi"
57586,tt1223236,African Cats,African Cats,2011-04-21,4.9519,7.325,263,"[99, 12]",en,5000000,30857747,89,Disneynature,"Keith Scholey, Alastair Fothergill","Samuel L. Jackson, Patrick Stewart"
87908,tt1979283,The Island 2: The Hunt for the Lost Treasure,Νήsos 2: Το κυνήγι του χαμένου Θησαυρού,2011-12-22,3.3333,6.175,20,[35],el,0,0,109,"Village Films, Black Orange",Antonis Angelopoulos,"Eleni Kastani, Vladimiros Kiriakidis, Elisavet Konstantinidou, Michalis Marinos, Dimitris Tzoumakis"
50479,tt1614950,Avalon High,Avalon High,2011-01-28,3.7262,6.16,575,"[14, 10751, 18, 10770]",en,0,0,91,"Jaffe/Braunstein Films, Sudden Motion Productions, Ranger Productions",Stuart Gillard,"Britt Robertson, Gregg Sulkin, Joey Pollari, Devon Graye, Molly C. Quinn"
77499,tt2091240,Barbie: A Perfect Christmas,Barbie: A Perfect Christmas,2011-11-03,3.6891,6.7,333,"[16, 10751]",en,0,0,74,"Technicolor Animation, Mattel",Mark Baldo,"Diana Kaarina, Jennifer Waris, Rachel Drance, Nevada Brandt, Lauren Lavoie"
85621,tt2051941,Men in Hope,Muži v naději,2011-08-25,3.5534,7.346,191,"[35, 10749]",cs,1130710,6638849,115,"Infinity, RWE",Jiří Vejdělek,"Bolek Polívka, Jiří Macháček, Petra Hřebíčková, Simona Stašová, Vica Kerekes"
80591,tt1536048,W.E.,W.E.,2011-09-01,3.6924,6.3,312,"[18, 10749]",en,15000000,2042203,119,"Semtex Films, IM Global",Madonna,"Abbie Cornish, Andrea Riseborough, James D'Arcy, Oscar Isaac, Richard Coyle"
390303,tt1571407,Neukölln Unlimited,Neukölln Unlimited,2011-04-13,3.4151,5.6,5,[99],de,0,0,96,"INDI FILM, noir film GmbH & Co, ARTE","Agostino Imondi, Dietmar Ratsch","Hassan Akkouch, Lial Akkouch"
72478,tt1808454,Suicide Room,Sala samobójców,2011-03-04,3.7696,7.235,493,"[18, 9648, 53]",pl,1400000,4878284,116,"MediaBrigade, Studio Filmowe Kadr, Odra-Film",Jan Komasa,"Jakub Gierszał, Roma Gąsiorowska, Agata Kulesza, Krzysztof Pieczyński, Rafał Fudalej"
59115,tt1699231,Quarantine 2: Terminal,Quarantine 2: Terminal,2011-06-16,3.6018,5.7,663,"[27, 9648, 878]",en,4000000,0,86,"Andale Pictures, Third Street Pictures, RCR Media Group, Vertigo Entertainment",John Pogue,"Mercedes Mason, Josh Cooke, Bre Blair, Ignacio Serricchio, Tyler Kunkle"
61891,tt1521197,Anonymous,Anonymous,2011-10-21,3.3812,6.384,812,"[18, 36, 53]",en,30000000,15395087,130,"Centropolis Entertainment, Columbia Pictures, Relativity Media, Studio Babelsberg",Roland Emmerich,"Jamie Campbell Bower, Rhys Ifans, David Thewlis, Joely Richardson, Vanessa Redgrave"
79108,tt1756750,Starbuck,Starbuck,2011-07-27,3.3782,6.901,490,[35],fr,0,0,103,Caramel Films,Ken Scott,"Patrick Huard, Julie Le Breton, Antoine Bertrand, Dominic Philie, Marc Bélanger"
73686,tt1417075,In Darkness,W ciemności,2011-12-09,3.3619,6.912,211,"[18, 10752]",pl,0,5576725,145,"Schmidtz Katze Filmkollektiv, The Film Works, Studio Filmowe Zebra",Agnieszka Holland,"Robert Więckiewicz, Benno Fürmann, Agnieszka Grochowska, Maria Schrader, Herbert Knaup"
93833,tt1524565,15 Lads,Nos résistances,2011-01-05,3.3569,5.5,1,"[18, 36, 10752]",fr,2637436,0,86,"Cinéma Defacto, PROCIREP, OCS, CinéCinéma, Shellac Films",Romain Cogitore,"François Civil, Grégoire Colin, Grégory Gatignol, Jules Sitruk, Michel Vuillermoz"
1458155,tt2369261,"Rosans, Bitter Honey","Rosans, Miel Amer",2011-01-01,3.3568,10.0,1,"[99, 36]",fr,0,0,60,La Forge aux Utopies,Rémi Nelson Borel,
58219,tt1712187,The Ages of Love,Manuale d'amore 3,2011-02-25,3.3518,5.283,214,"[10749, 35, 18]",it,0,12493369,125,"Filmauro, Babe Films",Giovanni Veronesi,"Carlo Verdone, Robert De Niro, Monica Bellucci, Laura Chiatti, Riccardo Scamarcio"
1387688,,look_im_azn,look_im_azn,2011-01-01,3.3497,0.0,0,[],en,0,0,6,,Nguyễn Tân Hoàng,
1088602,tt4084038,Shanthi Appuram Nithya,சாந்தி அப்புறம் நித்யா,2011-06-10,3.3439,4.0,2,"[18, 10749]",ta,0,0,96,,Murali Vishwa,"Maha Adithya, Archana Sharma"
74536,tt1535612,The Son of No One,The Son of No One,2011-11-04,3.3412,5.097,341,"[18, 53, 80]",en,15000000,618425,90,"Millennium Media, Nu Image",Dito Montiel,"Channing Tatum, Al Pacino, Juliette Binoche, Katie Holmes, James Ransone"
81440,tt1828976,"Good Luck Charlie, It's Christmas!","Good Luck Charlie, It's Christmas!",2011-12-02,3.3336,6.7,433,"[35, 10751, 18, 10770]",en,0,0,80,Salty Pictures,Arlene Sanford,"Bridgit Mendler, Leigh-Allyn Baker, Jason Dolley, Eric Allan Kramer, Bradley Steven Perry"
68341,tt1632547,Cold Fish,冷たい熱帯魚,2011-01-29,3.3333,6.9,418,"[18, 53, 80, 27]",ja,0,0,146,"Nikkatsu Corporation, Stairway, Sushi Typhoon",Sion Sono,"Mitsuru Fukikoshi, Denden, Asuka Kurosawa, Megumi Kagurazaka, Hikari Kajiwara"
70587,tt1792131,Spooky Buddies,Spooky Buddies,2011-09-20,3.3221,6.0,169,"[35, 10751, 9648, 10770]",en,0,0,88,"Key Pix Productions, Spooky Buddies Productions, Walt Disney Studios Home Entertainment, Air Bud Entertainment",Robert Vince,"Genevieve Hannelius, Sierra McCormick, Sage Ryan, Debra Jo Rupp, Skyler Gisondo"
59145,tt1793239,The Assault,L'Assaut,2011-01-17,3.3211,5.966,281,"[18, 28, 53]",fr,0,0,88,"Labyrinthe Films, BUF, Piste Rouge, Canal+, CinéCinéma, Mars Films",Julien Leclercq,"Vincent Elbaz, Grégori Derangère, Mélanie Bernier, Aymen Saïdi, Chems Dahmani"
274420,tt1726639,Frères,Frères,2011-04-13,3.3181,0.0,0,[],pt,0,0,0,,Virginie Sauveur,"Tewfik Jallab, Mhamed Arezki, Sabrina Ouazani, Samira Lachhab, Amina Annabi"
340913,,Montjuich,Montjuich,2011-01-01,3.3115,0.0,0,[],en,0,0,9,,Carlos Casas,
115223,tt1961324,Pokémon the Movie: Black - Victini and Reshiram,劇場版ポケットモンスター ベストウイッシュ ビクティニと白き英雄 レシラム,2011-07-16,3.3066,6.617,188,"[16, 10751, 12, 18, 14]",ja,0,28550000,88,"Media Factory, OLM, Pikachu Project, Production I.G, Shogakukan-Shueisha Productions, TV Tokyo, XEBEC, TakaraTomy, jeki, Shogakukan, The Pokémon Company",Kunihiko Yuyama,"Rica Matsumoto, Ikue Otani, Aoi Yuuki, Minami Tsuda, Mamoru Miyano"
76749,tt1677730,Umeå4ever,Umeå4ever,2011-09-28,3.2791,4.2,4,[35],no,0,0,100,Snurr Film AS,Geir Greni,"Dagrun Anholt, Eirik Daleng, Marthe Feiring, Moa Gammel, Camilla Frey"
72432,tt1582248,Puncture,Puncture,2011-09-23,3.2774,6.661,445,"[18, 9648]",en,0,68945,100,"Cherry Sky Films, Voltage Pictures","Adam Kassen, Mark Kassen","Chris Evans, Mark Kassen, Michael Biehn, Vinessa Shaw, Kate Burton"
343224,,Juan Pérez,Juan Pérez,2011-04-16,3.2756,0.0,0,[18],es,0,0,78,"Espectrafilms, 2town",Francisco Ruiz de Viñaspre,"Alejandro Pino, Luna Martínez, José Seijas, Miguel Ángel Vidaurre, Claudio Vera"
306185,tt2123924,Dead Eye,Dead Eye,2011-01-01,3.2515,0.0,0,"[53, 27]",en,0,0,97,Rubicon Features,Louis Affortunato,"Gary Devirgilio, Hank Offinger, Joel M. Reed, Maria Rusolo, Tom Wardach"
337760,,Sueños colectivos,Sueños colectivos,2011-05-04,2.8046,9.0,1,[99],es,0,0,0,Producciones Potyomkin,"Manuel Gómez, Marco Potyomkin","Martín Arnal, Francisco Carrasquer, Presen Carrasquer, Alejandro Diez Torre, Luis Hernández"
77561,tt1298554,EVA,EVA,2011-10-06,2.9353,6.4,422,"[878, 18]",es,7971518,0,94,"Wild Bunch, Escándalo Films, Ran Entertainment, Saga-Productions",Kike Maíllo,"Daniel Brühl, Marta Etura, Alberto Ammann, Claudia Vega, Anne Canovas"
85545,tt1549589,Elles,Elles,2011-09-09,3.7263,5.293,198,[18],fr,4000000,911466,96,"CANAL+ Polska, ZDF, Slot Machine, Zentropa International Köln, Zentropa International France, Liberator Productions, SHOT Szumowski, Zentropa International Poland",Małgorzata Szumowska,"Juliette Binoche, Anaïs Demoustier, Joanna Kulig, Louis-Do de Lencquesaing, Krystyna Janda"
76115,tt2077886,The Phantom of the Opera at the Royal Albert Hall,The Phantom of the Opera at the Royal Albert Hall,2011-09-27,4.2433,8.348,198,"[10402, 18, 10749]",en,0,0,160,"Universal Pictures, The Really Useful Group, Steam Motion and Sound","Laurence Connor, Nick Morris","Ramin Karimloo, Sierra Boggess, Hadley Fraser, Wendy Ferguson, Barry James"
77495,tt1437358,Sleep Tight,Mientras duermes,2011-10-14,3.6048,7.1,1249,"[53, 27]",es,5000000,8791590,101,"Cubica, Coser y Cantar, Castelao Pictures",Jaume Balagueró,"Luis Tosar, Marta Etura, Alberto San Juan, Petra Martínez, Iris Almeida Molina"
78042,tt2040370,Haunted Poland,Nawiedzona Polska,2011-11-20,3.3264,3.714,7,[27],en,900,0,103,Maso & Co Productions,Pau Masó,"Ewelina Lisek, Pau Masó, Irene Gónzalez, Dominik Lukaszewski"
117180,tt1825114,Next Station,Próxima estación,2011-01-01,2.7304,4.0,1,[18],en,0,0,3,Carlos Agulló,Carlos Agulló,Mabel del Pozo
1122381,,Ekaa Ekaa,ଏକା ଏକା,2011-12-31,2.8809,0.0,0,[18],or,0,0,134,Om Films,Subas Das,"Sidhant Mohapatra, Choudhury Jayaprakash Das, Mohini Shilalipi, Gipsita Nayak, Ashim Basu"
63831,tt1827512,The Kid with a Bike,Le Gamin au vélo,2011-05-18,3.8571,7.07,469,[18],fr,0,0,87,"France 2 Cinéma, Lucky Red, Les Films du Fleuve, Archipel 33>35, Belgacom TV, RTBF","Luc Dardenne, Jean-Pierre Dardenne","Cécile de France, Thomas Doret, Jérémie Renier, Fabrizio Rongione, Olivier Gourmet"
334964,tt1384960,Snap Judgment,Snap Judgment,2011-12-02,2.8518,0.0,0,[28],en,0,0,0,,Trevor Erickson,
86000,tt2082180,Always,오직 그대만,2011-10-20,3.4476,7.8,318,"[10749, 18]",ko,0,6941450,108,"HB Entertainment, 51k, Showbox",Song Il-gon,"So Ji-sub, Han Hyo-joo, Kang Shin-il, Park Cheol-min, Oh Kwang-rok"
54540,tt1482393,Beverly Hills Chihuahua 2,Beverly Hills Chihuahua 2,2011-02-01,4.0721,5.893,424,"[35, 10751]",en,12000000,0,84,Walt Disney Home Video,Alex Zamm,"Odette Annable, George López, Zachary Gordon, Christine Lakin, Miguel Ferrer"
65599,tt1714208,The Woman,The Woman,2011-10-14,3.5078,6.061,610,"[18, 27]",en,0,0,102,Modernciné,Lucky McKee,"Pollyanna McIntosh, Sean Bridgers, Angela Bettis, Lauren Ashley Carter, Zach Rand"
57119,tt1640484,Jumping the Broom,Jumping the Broom,2011-05-06,3.5714,5.901,223,[35],en,6600000,37700000,112,"TriStar Pictures, Stage 6 Films, Our Stories Films, TDJ Enterprises",Salim Akil,"Paula Patton, Laz Alonso, Angela Bassett, Loretta Devine, Meagan Good"
1751220,,Ana,Ana,2011-01-01,3.1175,0.0,0,[18],az,0,0,0,Azərbaycan Dövlət Mədəniyyət və İncəsənət Universiteti,"Elchin Elkhanli, Fərid Rəsul","Leyla Abdullayeva, Həvva Şahbazova"
76543,tt1204340,Tyrannosaur,Tyrannosaur,2011-10-07,3.6325,7.237,522,"[18, 10749]",en,0,676111,87,"Inflammable Films, Warp X, Screen Yorkshire, Film4 Productions, Strand Releasing",Paddy Considine,"Peter Mullan, Olivia Colman, Eddie Marsan, Ned Dennehy, Samuel Bottomley"
1607314,,The Technician,The Technician,2011-09-20,3.2351,0.0,0,[],it,0,0,0,,Luca Cerlini,"Stefano Scherini, Eleonora Meneghini, Angelo De Maco, Nicola De Paola, Dragos Toma"
79433,tt1629374,Ronal the Barbarian,Ronal Barbaren,2011-09-27,3.4692,6.1,326,"[16, 12, 14]",da,0,2400000,89,"Nordisk Film Denmark, Einstein Film, TV 2","Philip Einstein Lipski, Kresten Vestbjerg Andersen, Thorbjørn Christoffersen","Anders Juul, Hadi Ka-Koush, Lærke Winther, Brian Lykke, Lars Mikkelsen"
88557,tt1739212,Pokémon the Movie: White - Victini and Zekrom,劇場版ポケットモンスター ベストウイッシュ ビクティニと黒き英雄 ゼクロム,2011-07-16,2.927,6.546,207,"[16, 10751, 12, 18, 14]",ja,0,28550000,97,"OLM, Pikachu Project, Production I.G, Shogakukan-Shueisha Productions, TV Tokyo, XEBEC, Shogakukan, Media Factory, TakaraTomy, jeki, The Pokémon Company",Kunihiko Yuyama,"Rica Matsumoto, Ikue Otani, Aoi Yuuki, Minami Tsuda, Mamoru Miyano"
50217,tt0893412,From Prada to Nada,From Prada to Nada,2011-01-28,3.6461,5.441,337,"[35, 18, 10749]",en,0,4072098,107,"Lewis Gilbert Productions, OddLot Entertainment, Televisa, Hyperion Films, Pantelion Films",Angel Gracia,"Camilla Belle, Alexa PenaVega, April Bowlby, Wilmer Valderrama, Nicholas D'Agosto"
47760,tt1498569,Restless,Restless,2011-09-16,3.5126,6.478,447,"[18, 10749]",en,8000000,2500000,91,"Columbia Pictures, Imagine Entertainment, 360 Pictures",Gus Van Sant,"Mia Wasikowska, Henry Hopper, Ryo Kase, Schuyler Fisk, Jane Adams"
75802,tt1435513,Hysteria,Hysteria,2011-06-06,3.2298,6.707,887,"[35, 10749]",en,0,9504139,100,"Forthcoming Productions, Beachfront Films, Chimera Films LLC, Informant Media, ARTE France Cinéma",Tanya Wexler,"Maggie Gyllenhaal, Hugh Dancy, Jonathan Pryce, Felicity Jones, Rupert Everett"
75622,tt1640548,Rampart,Rampart,2011-11-23,4.1011,5.494,419,"[80, 18]",en,12000000,972512,108,"Lightstream Pictures, Waypoint Entertainment, Amalgam Features, The Third Mind Pictures",Oren Moverman,"Woody Harrelson, Robin Wright, Sigourney Weaver, Ned Beatty, Ben Foster"
410001,tt2273243,Geographies,Geografías,2011-01-01,2.6509,5.0,3,[],es,0,0,13,,Abraham Ramos,
57585,tt1578882,Elephant White,Elephant White,2011-05-17,3.0767,4.972,214,"[28, 53, 80]",en,10000000,0,91,"Millennium Media, Nu Image",Prachya Pinkaew,"Kevin Bacon, Djimon Hounsou, Weeraprawat Wongpuapan, Suteerush Channukool, Sahajak Boonthanakit"
274933,tt1954698,O Hóspede,O Hóspede,2011-01-25,2.7707,6.8,2,"[9648, 878]",pt,0,0,18,,"Ramon Porto Mota, Anacã Agra","Fernando Teixeira, Soia Lira, Walmar Pessoa"
63710,tt1657283,Honey 2,Honey 2,2011-06-23,3.3452,6.285,418,"[10402, 35, 18]",en,0,0,111,"MFV Productions, Reel Deal Entertainment, Universal Pictures, Marc Platt Productions",Bille Woodruff,"Kat Graham, Randy Wayne, Seychelle Gabriel, Audrina Patridge, Brittany Perry-Russell"
41517,tt1562871,Ra.One,Ra.One,2011-10-24,3.7553,5.7,403,"[12, 28, 878]",hi,24000000,35911689,156,"Red Chillies Entertainment, Eros International",Anubhav Sinha,"Shah Rukh Khan, Arjun Rampal, Kareena Kapoor Khan, Armaan Verma, Tom Wu"
464276,,Bad Kids,Bad Kids,2011-08-31,2.7671,8.0,1,"[14, 12, 18]",en,0,0,25,,"Dominic Rodriguez, Peter Ferris Rosati","Shebl Rosati, Liam Carse, Maxwell Turnwald, Anthony Rach, Ethan Bowman"
78363,tt1896788,My Little Princess,My Little Princess,2011-06-29,2.9971,6.527,94,[18],fr,0,0,105,"France 2 Cinéma, Les Productions Bagheera, Canal+, France Télévisions",Éva Ionesco,"Isabelle Huppert, Anamaria Vartolomei, Georgetta Leahu, Denis Lavant, Jethro Cave"
61613,tt1342115,The Inheritance,The Inheritance,2011-04-11,2.9279,4.4,21,"[18, 27, 53]",en,500000,0,90,,Robert O'Hara,"Keith David, Rochelle Aytes, D. B. Woodside, Golden Brooks, Darrin Henson"
70703,tt1946421,The Captains,The Captains,2011-07-22,3.1273,6.376,125,"[99, 878]",en,0,0,97,"Le Big Boss Productions, Ballinran Productions, 455 Films",William Shatner,"William Shatner, Patrick Stewart, Avery Brooks, Kate Mulgrew, Scott Bakula"
84378,tt2091334,Lapland,Lapland,2011-12-24,2.6954,0.0,0,[],en,0,0,75,,Catherine Morshead,"Sue Johnston, Stephen Graham, Julie Graham, Keith Barron, Elizabeth Berrington"
160939,tt1869453,Gokaiger Goseiger Super Sentai 199 Hero Great Battle,ゴーカイジャー ゴセイジャー スーパー戦隊199ヒーロー 大決戦,2011-06-11,3.461,7.225,20,"[28, 12, 878]",ja,0,11156312,84,"Toei Company, Ishimori Production, Toei TV Production, TV Asahi, Toei Advertising, Toei Video Company, Bandai, Kinoshita Komuten",Noboru Takemoto,"Ryota Ozawa, Yuki Yamada, Mao Ichimichi, Kazuki Shimizu, Yui Koike"
74879,tt1827487,Once Upon a Time in Anatolia,Bir Zamanlar Anadolu'da,2011-09-23,3.5187,7.466,562,"[18, 80]",tr,0,138730,163,"1000 Volt, Zeyno Film, 2006 Produkcija",Nuri Bilge Ceylan,"Muhammet Uzuner, Yılmaz Erdoğan, Taner Birsel, Ahmet Mümtaz Taylan, Fırat Tanış"
81345,tt2093194,Brothel Lights,Огни притона,2011-11-03,3.1547,5.0,13,[18],ru,0,0,108,Mosfilm,Alexandr Gordon,"Oksana Fandera, Aleksei Levinsky, Anna Slyu, Katerina Shpitsa, Bohdan Stupka"
81390,tt1422136,A Lonely Place to Die,A Lonely Place to Die,2011-04-09,4.0363,6.172,662,"[12, 28, 53, 80]",en,4000000,25345000,99,"Carnaby International, Eigerwand Pictures, Molinare Studios, Kaleidoscope Entertainment",Julian Gilbey,"Melissa George, Ed Speleers, Eamonn Walker, Alec Newman, Karel Roden"
67308,tt1365048,3-D Sex and Zen: Extreme Ecstasy,3D肉蒲團之極樂寶鑑,2011-04-14,3.1519,5.48,197,"[10749, 18]",cn,3500000,10306807,129,"One Dollar Production Limited, Local Production, Film Workshop, Golden Harvest Productions, China 3D Digital Entertainment",Christopher Sun,"Hiro Hayama, Leni Lan, Yukiko Suo, Saori Hara, Tony Ho"
79842,tt1891905,SeeFood,SeeFood,2011-09-08,3.0492,4.909,55,"[16, 35, 10751, 12]",th,2219684,0,93,Silver Ant,Aun Hoe Goh,"Steven Bone, Colin Chong, Choong Chi Ren, Jason Cottom, Kennie Dowle"
60422,tt1719071,Another Happy Day,Another Happy Day,2011-11-18,3.4228,5.5,124,"[35, 18]",en,4000000,355688,119,"Filmula, Mandalay Pictures, Voltage Pictures, Taggart Productions, Princess Pictures, Red Rover Films, Prop Blast Films, Cineric, New Mexico Media Partners",Sam Levinson,"Ellen Barkin, Ezra Miller, Ellen Burstyn, Demi Moore, Thomas Haden Church"
56780,tt0480239,Atlas Shrugged: Part I,Atlas Shrugged: Part I,2011-04-14,3.0548,5.473,222,"[18, 53, 878, 9648]",en,20000000,4627375,97,Harmon Kaslow & John Aglialoro Productions,Paul Johansson,"Taylor Schilling, Grant Bowler, Matthew Marsden, Edi Gathegi, Jsu Garcia"
90283,tt2043878,Mr. Tree,Hello！树先生,2011-09-09,3.0452,7.2,54,[18],zh,0,0,88,,Han Jie,"Wang Baoqiang, Tan Zhuo, He Jie, Li Jingyi, Bai Peijiang"
81401,tt1316540,The Turin Horse,A torinói ló,2011-03-31,3.0428,7.572,432,[18],hu,1000000,162088,155,"Motion Picture Public Foundation of Hungary, Vega Film, Zero Fiction Film, Fonds Eurimages du Conseil de l'Europe, Werc Werk Works, Movie Partners In Motion Film, TT Filmmûhely",Béla Tarr,"János Derzsi, Erika Bók, Mihály Kormos, Lajos Kovács, Mihály Ráday"
1718628,,Bliss,Gutes Ende,2011-01-01,3.032,0.0,0,[],de,0,0,3,,Friedl vom Gröller,
783243,,Endlich Chef,Endlich Chef,2011-05-30,3.0318,0.0,0,[99],de,0,0,0,"Lomotion, SRF",Jeanne Berthoud,"Jonas Burki, Roger Gross, Brigitte Schulthess"
364812,tt6412904,Milestones 23,Cột Mốc 23,2011-11-11,3.026,5.8,2,"[27, 53]",vi,0,0,110,,Nguyễn Quốc Duy,"Huy Khánh, Diễm Châu, Trung Dân, Tiết Cương, Phi Thanh Vân"
225500,tt3305350,Goat Lover,Goat Lover,2011-01-01,3.0217,0.0,0,[],en,0,0,232,Divine Touch Productions Ltd.,Kingsley Okereke,"Chiwetalu Agu, Benedict Johnson, Ejine Okoroafor, Stephen Anajemba, Odera Nwaobu"
229493,tt1695401,The Incident,The Incident,2011-10-01,3.0174,7.5,2,"[12, 35]",en,0,0,8,,Jules Saulnier,"Marion Casabianca, Barbara Elischka, Isabella Enzenhofer, Silviu Rusti, Manuel Sinor"
1539590,,Lunar Society,Lunar Society,2011-09-20,3.0138,0.0,0,[99],en,0,0,4,,Manfred Neuwirth,
80147,tt1946177,Coming & Going,Coming & Going,2011-07-15,3.0107,4.932,22,"[35, 10749]",en,0,0,92,"PicturePlay Films, Bennett-Robbins Productions, Films 1420m",Edoardo Ponti,"Rhys Darby, Sasha Alexander, Fionnula Flanagan, Pam Cook, Michael Cornacchia"
62046,tt1541160,Flypaper,Flypaper,2011-08-19,3.0094,6.371,817,"[9648, 35, 80]",en,5000000,3142154,87,"The Safran Company, Rising Star Productions, Foresight Unlimited, Shifting Gears Entertainment",Rob Minkoff,"Patrick Dempsey, Ashley Judd, Tim Blake Nelson, Mekhi Phifer, Matt Ryan"
70590,tt1948150,Singham,सिंघम,2011-07-22,3.002,6.513,194,"[18, 28, 80]",hi,4800000,30000000,143,Reliance Entertainment,Rohit Shetty,"Ajay Devgn, Kajal Aggarwal, Prakash Raj, Sachin Khedekar, Ashok Saraf"
79557,tt1545319,Freddy Frogface,Orla Frøsnapper,2011-02-05,2.9963,6.566,53,"[35, 16, 10751]",da,0,0,78,"Crone Film Produktion, SF Studios",Pete Dodd,"Nikolaj Lie Kaas, Thure Lindhardt, Nicolaj Kopernikus, Katrine Falkenberg"
270082,tt2138020,Son dos días,Son dos días,2011-11-06,2.9957,0.0,0,[],es,0,0,0,,Andrés Lopetegui,"Diana Amor, Marlen Armendáriz, Patricia Avilés, Elia de Sas, Manuel Fernandez"
755909,,Inconstância,Inconstância,2011-07-19,2.9834,0.0,0,[],pt,0,0,7,Rosza Filmes Produções,Ary Rosa,
81332,tt1790621,A Christmas Kiss,A Christmas Kiss,2011-11-12,2.9834,6.061,198,"[10770, 10749, 10751, 18]",en,0,0,96,"Atmospheric Pictures, Moody Independent, H9 Films, MarVista Entertainment",John Stimpson,"Elisabeth Röhm, Laura Breckenridge, Brendan Fehr, Jerrika Hinton, Laura Spencer"
70338,tt1696192,"A Fairly Odd Movie: Grow Up, Timmy Turner!","A Fairly Odd Movie: Grow Up, Timmy Turner!",2011-07-09,2.982,4.8,245,"[10751, 14, 10770, 35, 10749]",en,0,0,57,"Pacific Bay Entertainment Canada, Pacific Bay Entertainment, Nickelodeon Productions",Savage Steve Holland,"Drake Bell, Daniella Monet, Tara Strong, Jason Alexander, Daran Norris"
79379,tt2113625,Book of Dragons,Book of Dragons,2011-11-15,2.9814,6.783,207,"[14, 16, 28, 35, 10751]",en,0,0,18,DreamWorks Animation,Steve Hickner,"Jay Baruchel, Craig Ferguson, America Ferrera, Christopher Mintz-Plasse, Jim Cummings"
81684,tt2132486,The Gruffalo's Child,The Gruffalo's Child,2011-12-25,2.9764,6.844,163,"[12, 16, 10751, 14, 10770]",en,0,0,26,"Magic Light Pictures, Orange Eyes, Studio Soi","Johannes Weiland, Uwe Heidschötter","Helena Bonham Carter, Shirley Henderson, Robbie Coltrane, Rob Brydon, John Hurt"
45658,tt1531663,Everything Must Go,Everything Must Go,2011-05-13,2.9758,6.174,683,"[35, 18, 10749]",en,5000000,2614773,97,"IM Global, Temple Hill Entertainment, Cowtown Cinema Ventures, Lionsgate, Birdsong Pictures, Nationlight Productions",Dan Rush,"Will Ferrell, C.J. Wallace, Rebecca Hall, Michael Peña, Rosalie Michaels"
74523,tt1781781,Born to Race,Born to Race,2011-03-19,2.9756,6.961,233,[28],en,0,0,99,"American Cinema International, ESX Productions",Alex Ranarivelo,"Joseph Cross, John Pyper-Ferguson, Brando Eaton, Nicole Badaan, Sherry Stringfield"
1382666,,Basikal Tua,Basikal Tua,2011-01-01,2.9744,0.0,0,[],en,0,0,4,,Ridhwan Saidi,
55347,tt1532503,Beginners,Beginners,2011-06-03,2.9709,6.837,1175,"[18, 10749, 35]",en,3200000,14311701,105,"Parts & Labor, Olympus Pictures",Mike Mills,"Ewan McGregor, Christopher Plummer, Mélanie Laurent, Goran Višnjić, Kai Lennox"
227257,tt2615666,Monster High: Fright On!,Monster High: Fright On!,2011-10-31,2.9708,6.8,56,"[10751, 16, 14]",en,0,0,46,"Mattel Playground Productions, Wildbrain Entertainment, Mattel","Victor Dal Chele, Alfred Gimeno","Kate Higgins, Salli Saffioti, Debi Derryberry, Laura Bailey, Audu Paden"
321006,tt2013248,The Mill,Mlýn,2011-02-08,2.9694,0.0,0,[18],cs,0,0,16,Univerzita Tomáše Bati ve Zlíně,Robert Hloz,"Dalimil Klapka, Norbert Lichý"
414427,tt2158312,The Case,Případ,2011-04-27,2.9669,5.0,1,[16],cs,0,0,5,Univerzita Tomáše Bati ve Zlíně,Martin Živocký,
77878,tt1802197,The Lady,The Lady,2011-11-30,2.9604,6.787,267,"[36, 18, 53, 10749]",en,23000000,7832142,132,"EuropaCorp, Left Bank Pictures, France 2 Cinéma",Luc Besson,"Susan Wooldridge, Michelle Yeoh, David Thewlis, Jonathan Raggett, Jonathan Woodhouse"
1730163,,Script,Script,2011-01-01,2.9586,0.0,0,[],es,0,0,28,,"Enrique Vivar, Rossana Díaz-Costa",
74561,tt1740468,Amsterdam Heavy,Amsterdam Heavy,2011-09-12,2.9521,3.813,24,[28],en,0,0,90,"Funny How Films, TCF Film Group, Paradigm Pictures",Michael Wright,"Michael Madsen, Alison Carroll, Rik Sinkeldam, Jeroen Post, Fajah Lourens"
432530,tt2979108,Engineering Evil,Engineering Evil,2011-04-11,2.9482,6.0,1,"[36, 99, 10752]",en,0,0,0,,,"Michael Berenbaum, David Silberklang, David G. Marwell, Susanne Heim, Rebecca Erbelding"
134233,tt2112222,Orquestra Geração,Orquestra Geração,2011-10-01,2.9463,5.0,4,"[10402, 99]",pt,0,0,63,,"Filipa Reis, João Miller Guerra","Diogo Dias, Ana Hespanha, Ionut Daniel Tofanecu"
1235484,tt1864496,Suicide Me!,Sinucide-mă!,2011-06-06,2.9439,0.0,0,"[53, 18]",ro,0,0,38,"Ajja Film, Dream Media Production",Jamil Hendi,"Marius Bodochi, Vasile Calofir, Magda Catone, Cheloo, Toma Cuzin"
1480795,tt2063760,Rescue Wife,Rescue Wife,2011-10-20,2.9406,0.0,0,[35],en,0,0,6,,Lynn Kristmanson,"Katherine Butler, Phil Churchill, Andrew Loman, Jennifer Lokash, Ciaran Holmes"
1607017,tt2077759,Hate,Hate,2011-10-31,2.9256,0.0,0,"[27, 53]",en,0,0,105,,Luc Bernier,"Cheyenne King, Daiane Azura, Daiane Azura, Lanee Landry, Lucien Eisenach"
230652,tt2092452,Pirates of the Caribbean: Tales of the Code: Wedlocked,Pirates of the Caribbean: Tales of the Code: Wedlocked,2011-10-18,2.9235,6.742,124,"[12, 28, 14]",en,0,0,10,Walt Disney Pictures,James Ward Byrkit,"John Vickery, Vanessa Branch, Lauren Maher, David Bailie, Martin Horsey"
44754,tt0466893,Margaret,Margaret,2011-09-30,2.9233,6.38,350,[18],en,14000000,46495,150,"Fox Searchlight Pictures, Camelot Pictures, Gilbert Films, Mirage Enterprises, Scott Rudin Productions, Dune Entertainment",Kenneth Lonergan,"Anna Paquin, J. Smith-Cameron, Mark Ruffalo, Jeannie Berlin, Jean Reno"
120457,tt1699128,Drifters,Gli sfiorati,2011-09-09,2.9156,5.784,51,"[35, 18, 10749]",it,0,70521,111,"Fandango, RAI Cinema, MiC",Matteo Rovere,"Andrea Bosca, Miriam Giovanelli, Claudio Santamaria, Michele Riondino, Asia Argento"
325729,tt1796606,Savage Memory,Savage Memory,2011-11-01,2.9141,0.0,0,[99],en,0,0,80,,"Zachary Stuart, Kelly Thompson",
89008,tt1313139,The Oranges,The Oranges,2011-09-09,2.9117,5.517,523,"[35, 10749, 18]",en,7000000,1941667,90,"ATO Pictures, Likely Story, Olympus Pictures, FilmNation Entertainment, CAA",Julian Farino,"Leighton Meester, Hugh Laurie, Alia Shawkat, Allison Janney, Catherine Keener"
900199,,A Matter of Honor,Дело чести,2011-05-06,2.9104,0.0,0,"[18, 80]",ru,0,0,93,NTV,Oleg Larin,"Sergei Selin, Yan Tsapnik, Kristina Brodskaya, Mikhail Polosukhin, Vyacheslav Arkunov"
677682,tt39549536,Invoking Justice,Invoking Justice,2011-11-22,2.6567,10.0,1,[99],ta,0,0,87,"SAMA, NHK, ITVS International, YLE",Deepa Dhanraj,"Sharifa Khanam, Humsoon, Taj, Amarunnisa Begum, Rajathi Amma"
81950,tt2080325,Edgemen,Hranaři,2011-12-01,3.0822,3.9,5,"[53, 18, 80]",cs,0,0,92,,Tomáš Zelenka,"Saša Rašilov, Miroslav Etzler, Jan Tříska, Kateřina Brožová, Vilma Cibulková"
80410,tt1767319,In the Name of the King 2: Two Worlds,In the Name of the King 2: Two Worlds,2011-11-03,3.3398,3.9,158,"[12, 14, 18, 28]",en,4500000,0,96,"Event Film Distribution, Pistoleros, Boll Kino Beteiligungs GmbH & Co. KG, Brightlight Pictures, Studio West Productions(VCC)",Uwe Boll,"Dolph Lundgren, Lochlyn Munro, Natassia Malthe, Aleks Paunovic, Natalie Burn"
1706061,,佐々木麻衣 FIRST TOUCH,佐々木麻衣 FIRST TOUCH,2011-01-28,3.159,0.0,0,[],ja,0,0,60,S-DIGITAL,,Mai Sasaki
103707,tt1680305,Afghan Luke,Afghan Luke,2011-09-23,3.4649,5.167,21,[18],en,0,0,100,Afghan Luke Productions,Mike Clattenburg,"Nick Stahl, Ali Liebert, Nicolas Wright, Lewis Black, Anousha Alamian"
546688,,Galata,Galata,2011-04-12,2.7684,0.0,0,[10749],hy,0,0,19,Ermenistan-Türkiye Sinema Platformu (ETSP),Diana Kardumyan,"Vuslat Saraçoğlu, Vartan Hakobyan, Serpi Hizli, Ekremcan Bakir, Ayça Tezerisir"
57120,tt1518812,Meek's Cutoff,Meek's Cutoff,2011-04-08,2.8006,6.494,317,"[37, 36, 18]",en,0,876302,103,"filmscience, Evenstar Films, Harmony, Primitive Nerd",Kelly Reichardt,"Michelle Williams, Bruce Greenwood, Will Patton, Zoe Kazan, Paul Dano"
1723813,,Devil Joe,Devil Joe,2011-06-01,2.2778,0.0,0,[],en,0,0,30,,Markus Hahn,"Marek Jera, Torsten Bauer, Anna Polke, Markus Hahn, Ully Fleischer"
1661826,,Marilyn Monroe: The Last Torments,Marilyn Monroe: The Last Torments,2011-10-28,2.3993,0.0,0,[99],en,0,0,70,,"Dominique Fargues, Serge Khalfon","Marilyn Monroe, Laurent Delahousse, Elliott Erwitt, F. X. Feeney, Philippe Labro"
86555,tt1592281,Take This Waltz,Take This Waltz,2011-11-25,3.0468,6.397,409,"[18, 35, 10749]",en,0,4965950,116,"Joe's Daughter, Accent Entertainment Corporation, Super Écran, TF1 Droits Audiovisuels, The Movie Network, Ontario Media Development Corporation, Movie Central",Sarah Polley,"Michelle Williams, Seth Rogen, Luke Kirby, Sarah Silverman, Jennifer Podemski"
133920,,Prince: Budapest,Prince: Budapest,2011-08-09,2.5749,0.0,0,[10402],en,0,0,153,,,"Prince, John Blackwell, Ida Nielsen, Morris Hayes, Cassandra O'Neal"
686777,tt4671360,Europa,Europa,2011-10-22,2.7224,0.0,0,[],pt,0,0,19,,Leonardo Mouramateus,
67911,tt1411664,Bucky Larson: Born to Be a Star,Bucky Larson: Born to Be a Star,2011-09-09,3.0204,4.231,201,[35],en,10000000,2500000,97,"Columbia Pictures, Miles Deep Producitons, Happy Madison Productions",Tom Brady,"Nick Swardson, Christina Ricci, Don Johnson, Stephen Dorff, Ido Mosseri"
475881,tt1833875,Along the Road,Längs vägen,2011-01-30,2.4856,4.667,9,"[10749, 18]",sv,0,0,8,Tjockishjärta Film,"Anette Sidor, Jerry Carlsson","Pierre Tafvelin, Urban Eksvärd"
73818,tt1650535,The Entitled,The Entitled,2011-09-06,3.0272,6.166,160,"[53, 80]",en,0,0,91,"South Creek Pictures, Dynan Productions, Foundation Features",Aaron Woodley,"Ray Liotta, Kevin Zegers, Victor Garber, Laura Vandervoort, Dustin Milligan"
390351,tt2154645,The Guard,Čuvar,2011-03-29,2.655,0.0,0,[18],sr,0,0,26,"Fakultet Dramskih Umetnosti Beograd (FDU), TkH (Walking Theory), Dart Film & Video",Marta Popivoda,"Miloš Timotijević, Milena Moravčević, Slobodan Pavelkić, Nataša Marković, Vladislava Đorđević"
708629,tt1870456,Lo-Fi,Lo-Fi,2011-01-01,2.7385,4.8,2,[10402],es,0,0,10,,Milton Secchi,"Julián Calvo, Lautaro Ruatta, Federico Kessler, Carolina Pereyra"
146114,tt2662562,Carmen,Carmen,2011-10-27,2.575,0.0,0,[10402],en,0,0,156,Unitel Classics,Calixto Bieito,"Béatrice Uria-Monzon, Roberto Alagna, Marina Poplavskaya, Erwin Schrott, Eliana Bayon"
59726,tt1296899,Wake Wood,Wake Wood,2011-03-25,2.9654,5.608,218,"[18, 27, 53]",en,0,0,90,"Hammer Film Productions, Exclusive Film Distribution, Vertigo Films, Fantastic Films, Solid Entertainment, RTÉ, Film i Skåne, Fís Éireann/Screen Ireland",David Keating,"Aidan Gillen, Eva Birthistle, Timothy Spall, Ella Connolly, Amelia Crowley"
75760,tt1848826,American Teacher,American Teacher,2011-05-03,2.7997,5.7,9,"[99, 36]",en,0,0,81,,Vanessa Roth,"Erik Benner, Neil Cavuto, Johnathan Dearman, Jamie Fidler, Rhena Jasey"
254707,tt2552630,Sight Sound,Sight Sound,2011-01-28,2.9439,0.0,0,[99],en,0,0,0,DAMP,Mikey DeTemple,"Chris Del Moro, Justin Quintal, Kassia Meador, Alek Parker, Ryan Burch"
59437,tt1533013,Beautiful Boy,Beautiful Boy,2011-06-03,3.1,6.005,110,[18],en,0,63931,101,"First Point Entertainment, Braeburn Entertainment, Goldrush Entertainment, Paradigm Talent Agency",Shawn Ku,"Maria Bello, Michael Sheen, Alan Tudyk, Moon Bloodgood, Kyle Gallner"
87380,tt1796406,Absent,Ausente,2011-07-27,2.4596,5.9,57,"[18, 53]",es,0,0,87,Oh My Gomez! Films,Marco Berger,"Carlos Echevarría, Javier De Pietro, Antonella Costa, Alejandro Barbero, Rocío Pavón"
325659,tt1971382,Días de poder,Días de poder,2011-06-03,2.5849,0.0,0,"[36, 18]",es,0,0,0,La Villa del Cine,Román Chalbaud,"Gustavo Camacho, Theylor Plaza, Paula Woyzechowsky, Fernando Moreno, Pedro Durán"
116732,tt1641242,Absent,Absent,2011-09-05,3.1071,2.667,3,[99],en,0,0,90,Time and Tide Productions,Justin Hunt,"Robin Decker, Mark Garcia, James Hetfield, Richard Rohr, Johnny Tapia"
1760154,tt3777792,Questions and Answers,Tanya Jawab,2011-12-19,2.9418,0.0,0,[18],id,0,0,9,Studio Antelope,Jason Iskandar,"Nicholaus Supra, Greita Anggraeni"
222621,tt1480670,Samuel Bleak,Samuel Bleak,2011-03-05,2.8964,4.5,6,[],en,0,0,96,,Dustin Dugas Schuetter,"Jaime Murray, Keith David, David Zayas, Deborah Kara Unger, James Russo"
217279,tt2193187,Romance,Romance,2011-08-01,3.3765,6.667,9,[16],fr,0,0,7,"Studio GDS, ONF | NFB, RTS",Georges Schwizgebel,
64687,tt1651894,Iron Invader,Iron Invader,2011-02-12,2.6771,3.7,46,"[14, 878, 10770, 28]",en,0,0,93,"CineTel Films, Super Écran, Movie Central, The Movie Network, Syfy, Reel One Entertainment",Paul Ziller,"Kavan Smith, Colby Johannson, Nicole De Boer, Merritt Patterson, Jesse Moss"
604894,tt1946301,The Passage,Le passage,2011-10-15,2.491,4.0,1,[14],fr,0,0,18,,Fabien Montagner,"Cindy Colpaert, Pierre Hatet, Vernon Dobtcheff, Fanny Capretta, Philippe Ohrel"
1593985,,Prelude of Love / Le Paradis!!,愛のプレリュード / Le Paradis!!,2011-04-24,3.0546,0.0,0,[],ja,0,0,240,,"Kei Suzuki, Fujii Daisuke","Sei Matobu, Ranno Hana, So Kazuho, You Natsumi, Asaka Manato"
625915,tt2053345,Angel Colony,Colonia îngerilor,2011-09-01,2.5955,3.5,2,"[35, 18]",ro,0,0,100,New Art Media,Corina Delia Chiriță,"Răzvan Chirilov, Andrei Vasilescu, Alex Floroiu, Oana-Maria Ionescu, Vlad Anca"
962140,tt1954461,From Darkness,From Darkness,2011-11-20,2.4022,0.0,0,"[18, 878, 53]",en,0,0,0,,Andrew C. Erin,"Michael Biehn, Jennifer Blanc-Biehn"
445756,tt1965090,Silver Cell,Silver Cell,2011-05-18,2.5686,2.5,2,[27],en,0,0,72,Pixel Dust Releasing,William Victor Schotten,"Amanda Baker, Gregg Biamonte, Arthur Leo Collins, Ashley Gallo, Dirk Hermance"
76696,tt1235841,Sidewalls,Medianeras,2011-06-01,2.9039,7.5,321,"[18, 10749]",es,11000000,2140,94,"Eddie Saeta, Rizoma Films, Zarlek Producciones, Pandora Film, INCAA, Programa Ibermedia, Filmstiftung Nordrhein-Westfalen, World Cinema Fund, Instituto de la Cinematografía y de las Artes Audiovisuales, TV3",Gustavo Taretto,"Pilar López de Ayala, Javier Drolas, Inés Efrón, Rafael Ferro, Jorge Ernesto Lanata"
467568,tt1676134,Meherjaan,মেহেরজান,2011-01-21,2.5916,0.0,0,"[18, 36]",bn,0,0,119,"Era Motion Pictures, Khona Talkies",Rubaiyat Hossain,"Jaya Bachchan, Victor Banerjee, Rahim Omar, Humayun Faridi, Amin Shaina"
69926,tt6925254,Vareva,Vareva,2011-01-29,1.9619,0.0,0,[10749],te,0,0,133,,,Brahmanandam
70584,tt1716747,Hellraiser: Revelations,Hellraiser: Revelations,2011-10-18,2.7487,3.5,378,"[27, 53]",en,350000,0,75,"Neo Art & Logic, Puzzlebox Films, Dimension Extreme, Dimension Films",Víctor García,"Steven Brand, Nick Eversman, Tracey Fairaway, Devon Sorvari, Stephan Smith Collins"
54271,tt1307873,The Big Bang,The Big Bang,2011-02-03,2.9127,5.357,150,"[28, 9648, 53]",en,17000000,0,101,"North by Northwest Entertainment, Flame Ventures",Tony Krantz,"Antonio Banderas, Thomas Kretschmann, Sienna Guillory, William Fichtner, Delroy Lindo"
78093,tt1680051,Alyce Kills,Alyce Kills,2011-09-14,2.7359,5.248,111,"[27, 53]",en,0,0,94,"Social Construct, Scream HQ",Jay Lee,"Jade Dornfeld, Amara Zaragoza, James Duval, Larry Cedar, Eddie Rouse"
53487,tt1440345,This Must Be the Place,This Must Be the Place,2011-08-24,2.7674,7.0,1324,[18],en,25000000,11790979,118,"Indigo Film, Lucky Red, Medusa Film, Element Pictures, ARP Sélection, France 2 Cinéma, Intesa Sanpaolo",Paolo Sorrentino,"Sean Penn, Olwen Fouéré, Eve Hewson, Johnny Ward, Sam Keeley"
1592594,,FAプロ 軍隊女体拷問,FAプロ 軍隊女体拷問,2011-01-13,2.7659,0.0,0,[],ja,0,0,0,FA Pro,,"Ruki Misato, 森野ひな, 真島みゆき, Misaki Aso, Riku Shiina"
56906,tt1504403,Husk,Husk,2011-01-28,2.7628,5.794,384,"[27, 53]",en,0,0,83,After Dark Films,Brett Simmons,"Devon Graye, Wes Chatham, C.J. Thomason, Tammin Sursok, Ben Easter"
83000,tt1477858,Fairview Falls,Fairview Falls,2011-11-05,2.76,1.667,3,[27],en,0,0,97,,,"Joseph Policastro, Kerri Taylor, Joe Lauria, Pete Barker, Sandy Oppedisano"
1025044,tt1868016,For How Long?,Hasta cuando?,2011-02-11,2.7562,0.0,0,[9648],es,0,0,8,"E Corp Studio, Oscuro Deseo Producciones",Montserrat Pérez,"Imelda Castro, Luis Romano, Alejandra Hera, Alejandro Caso, Joshua Martínez"
72759,tt1886693,Temptation Island,Temptation Island,2011-07-06,2.7551,5.4,5,[35],tl,0,0,115,"GMA Pictures, Regal Entertainment",Chris Martinez,"Marian Rivera, Rufa Mae Quinto, Lovi Poe, Heart Evangelista, Solenn Heussaff"
636882,tt7581528,Fonds Communs,Fonds Communs,2011-06-15,2.7508,0.0,0,"[53, 80]",en,0,0,16,ESRA Bretagne,Erwann Kerroc'h,"Guillaume Delisle, Jo Chelly, Serge Cabon, Alexis Auckenthaler"
38753,tt1396221,Passion Play,Passion Play,2011-01-10,2.7498,4.7,125,"[18, 10749, 14, 27]",en,8000000,25603,94,"Rebecca Wang Entertainment, Annapurna Pictures",Mitch Glazer,"Megan Fox, Mickey Rourke, Bill Murray, Rhys Ifans, Kelly Lynch"
479882,tt2049390,Anonymous,Anónimos,2011-09-05,2.7437,5.5,2,"[35, 10749]",es,0,0,9,"Cipó Company, El Lobo Ameno",Félix Llorente,"Daniele Defranceschi, María Pedroviejo"
54518,tt1702443,Justin Bieber: Never Say Never,Justin Bieber: Never Say Never,2011-02-11,2.7429,5.18,435,"[10402, 99, 10751]",en,13000000,99036827,105,"Insurge Pictures, Magical Elves, Scooter Braun Films, Paramount Pictures, L.A. Reid Media, AEG Live, MTV Films, The Island Def Jam Music Group",Jon M. Chu,"Justin Bieber, Nathan Morris, Wanyá Morris, Shawn Stockman, Miley Cyrus"
257052,tt2098734,Kënu,Kënu,2011-11-08,2.7426,5.8,5,[18],es,0,0,0,,Álvarez Pastor,"Leticia Dolera, Lannick Gautry, Ibrahima Mbaye, Nicolas Merlin"
652041,tt2004245,Hollywood Invasion,Hollywood Invasion,2011-09-01,2.7408,6.0,1,[99],it,0,0,0,NBC Universal Global Networks,Marco Spagnoli,"Federico Fellini, Peter Ustinov, Jack Lemmon, Groucho Marx, Sophia Loren"
999076,tt15280986,Mamon + Loban,Мамон + Лобан,2011-06-30,2.7381,0.0,0,[99],ru,0,0,47,,"Pyotr Mamonov, Sergei Loban",Pyotr Mamonov
77342,,Gröna Hissen,Gröna Hissen,2011-06-01,2.7349,2.0,1,[35],sv,0,0,0,,,"Eva Rydberg, Johan Ulveson"
898430,,Dedication,Dedication,2011-01-01,2.7268,0.0,0,[18],zh,0,0,0,Beijing Tian Ge Le Mai Culture,Zhao Ningyu,"Lu Qi, Tang Ping, Zhao Jian, Ping Hu, Lu Xiaotong"
86328,tt2018130,Terrifier,Terrifier,2011-08-09,2.7235,6.05,281,[27],en,0,0,19,D&D Films,Damien Leone,"Marie Maser, Mike Giannelli, Michael Chmiel, Daniel Rodas, Jennifer Castellano"
61667,tt1456472,We Have a Pope,Habemus Papam,2011-04-15,2.7203,6.8,604,"[18, 35]",it,11000000,17877523,105,"Sacher Film, Fandango, Le Pacte, France 3 Cinéma, RAI Cinema",Nanni Moretti,"Michel Piccoli, Nanni Moretti, Margherita Buy, Jerzy Stuhr, Renato Scarpa"
412016,,"Caraballo, máscara y carnaval","Caraballo, máscara y carnaval",2011-12-01,2.7141,0.0,0,[99],es,0,0,28,Centro de Investigaciones Folklóricas de Puerto Rico,David Moscoso,"Miguel Caraballo García, Norberto Martell, Néstor Murray Irizarry, Ena M. Mestey, Miguel Caraballo Vargas"
51994,tt1700844,The Deep Blue Sea,The Deep Blue Sea,2011-11-25,2.7139,5.911,320,"[18, 10749]",en,0,1126525,98,"UK Film Council, Camberwell / Fly Films, Film4 Productions, Protagonist Pictures, Lipsync Productions, Artificial Eye",Terence Davies,"Rachel Weisz, Tom Hiddleston, Simon Russell Beale, Harry Hadden-Paton, Jolyon Coy"
85836,tt1728196,Hara-Kiri: Death of a Samurai,一命,2011-10-15,2.7115,7.184,209,"[18, 36]",ja,0,5435358,128,"Yamanashi Nichinichi Shimbun, Recorded Picture Company, Sedic International, Amuse Soft Entertainment, Kodansha, Yahoo! Japan, Yamanashi Broadcasting System, Shochiku, dentsu, OLM, The Asahi Shimbun",Takashi Miike,"Koji Yakusho, Ichikawa Ebizo XI, Eita Nagayama, Hikari Mitsushima, Naoto Takenaka"
545849,tt3707840,Sleepincord,Snępowina,2011-01-01,2.4667,6.7,3,[16],pl,0,0,14,Se-Ma-For,Marta Pajek,
72913,tt1562847,Amigo,Amigo,2011-08-19,2.6764,4.895,19,"[18, 36, 10752]",en,1200000,183597,128,"Anarchist's Convention Films, Pictures",John Sayles,"Chris Cooper, Dane DeHaan, Garret Dillahunt, Ronnie Lazaro, Rio Locsin"
74053,tt1730133,Any Stray Cat,Qualquer Gato Vira-Lata,2011-06-10,2.5037,6.274,84,"[35, 10749]",pt,0,0,96,"Filmland Internacional, Miravista, Globo Filmes",Tomás Portella,"Cleo, Malvino Salvador, Dudu Azevedo, Rita Guedes, Álamo Facó"
1240195,,King Lear,King Lear,2011-01-01,2.4096,0.0,0,[],en,0,0,200,Heliotrope Shakespeare Productions,Beverly Bullock,"Peter Herrick, Ron Dreyer, Joseph Mitchell Parks, Patricia McNamara, Marc Greece"
95448,tt1781843,The Minister,L'Exercice de l'État,2011-10-26,2.6807,6.406,149,[18],fr,0,65301,115,"Archipel 33>35, Les Films du Fleuve, France 3 Cinéma, RTBF, Belgacom",Pierre Schoeller,"Olivier Gourmet, Michel Blanc, Zabou Breitman, Laurent Stocker, Sylvain Deblé"
106417,tt1904937,Kaiji 2: The Ultimate Gambler,カイジ2 人生奪回ゲーム,2011-11-05,3.3005,6.6,44,"[53, 18, 9648]",ja,0,15,133,"Horipro, Nippon Television Network Corporation, TOHO, Kodansha, Yomiuri Telecasting Corporation, VAP, D.N. Dream Partners, Sapporo Television Broadcasting Company, Miyagi Television Broadcasting, Shizuoka Daiichi Television, Chukyo TV Broadcasting Company, Hiroshima Telecasting, Fukuoka Broadcasting System",Tōya Satō,"Tatsuya Fujiwara, Yusuke Iseya, Yuriko Yoshitaka, Teruyuki Kagawa, Katsuhisa Namase"
1118058,tt3455498,Threads of Homeland,Zavičajne niti,2011-01-01,2.6987,10.0,1,"[35, 10751]",bs,0,0,21,"AmfiTeatar Busovača, NFP Zenica",Mirza Begović,"Faketa Salihbegović-Avdagić, Mugdim Avdagić, Aldin Osmanović, Patricia Kordić, Azemina Sejmen"
345693,tt2508920,Papegøye,Papegøye,2011-06-22,2.6204,8.0,1,[],en,0,0,0,,Marius Loftum,"Petter Wilhelm Schjerven, Jenny Skavlan"
85315,tt2124046,Kikoriki: Team Invincible,Смешарики: Начало,2011-12-22,2.7082,6.6,39,"[16, 10751, 35]",ru,0,0,90,"Bazelevs, Animation Studio ""Petersburg"", Riki Group",Denis Chernov,"Vadim Bochanov, Anton Vinogradov, Svetlana Pismichenko, Kseniya Brzhezovskaya, Mikhail Khrustalev"
87332,tt2224571,My Secret Partner,완벽한 파트너,2011-11-17,2.7183,5.091,11,"[35, 18, 10749]",ko,0,0,125,,Park Hun-soo,"Kim Young-ho, Kim Hye-sun, Kim San-ho, Yoon Chae-yi, Jeong Joo-hee"
78381,tt1756851,Twixt,Twixt,2011-09-10,3.338,5.111,338,"[9648, 14, 27]",en,7000000,647839,88,American Zoetrope,Francis Ford Coppola,"Val Kilmer, Elle Fanning, Bruce Dern, Ben Chaplin, Joanne Whalley"
60089,tt1535615,Best Player,Best Player,2011-03-12,2.88,6.593,194,"[35, 10751, 10770]",en,0,0,89,Pacific Bay Entertainment,Damon Santostefano,"Jerry Trainor, Jennette McCurdy, Janet Varney, Jean-Luc Bilodeau, Amir Talai"
681124,tt1523362,Turning Japanese,Turning Japanese,2011-04-09,2.4381,3.333,3,[],en,0,0,20,,Paul Bickel,
60895,tt1699225,Beyond the Blackboard,Beyond the Blackboard,2011-04-24,2.7204,7.5,69,"[10751, 18]",en,0,0,100,Hallmark Hall of Fame Productions,Jeff Bleckner,"Emily VanCamp, Steve Talley, Willow Shields, Timothy Busfield, Julio Oscar Mechoso"
76349,tt1772230,1911,辛亥革命,2011-09-23,2.8538,5.732,170,"[12, 18, 28, 36, 10752]",zh,30000000,3807134,99,"长春电影制片厂, Shanghai Film Group, Jiangsu Broadcasting, JCE Movies, Xiaoxiang Film Studio, Hebei Film Studio, Tianjin North Film Group, Media Asia Films, Eastern Broadcasting, Huaxia Film Distribution","Zhang Li, Jackie Chan, Tang Guoqiang, Tao Hai","Jackie Chan, Li Bingbing, Joan Chen, Jaycee Chan, Jiang Wu"
565476,tt9351654,Baraga Oni-Ki -Saien-,BARAGA-鬼ki,2011-06-01,2.8979,6.0,1,[18],ja,0,0,180,Z-Dan,Kitamura Toshihiro,"Sora Aoi, Masakazu Nemoto, Hiroshi Kojima, Kazuya Sueyoshi, Ryosuke Kato"
1761576,,"Egypt, Insights Into a Revolution","Egypt, Insights Into a Revolution",2011-04-30,2.697,0.0,0,[99],ar,0,0,43,,Sebastien Saugues,"Amir Eid, Hani Adel, Sherif Hawary, mohamed safi, wael abbas"
45156,tt1440161,A Little Bit of Heaven,A Little Bit of Heaven,2011-02-03,3.4505,6.346,602,"[35, 18, 10749]",en,0,1296937,106,"MJW Films, Davis Entertainment, The Film Department, Mandate International",Nicole Kassell,"Kate Hudson, Gael García Bernal, Romany Malco, Kathy Bates, Lucy Punch"
1132761,tt1844002,One Another,One Another,2011-04-05,2.3813,0.0,0,[18],en,0,0,0,,Frank Rhee,"Mohsin Mohi-Ud Din, Blaire O'Leary"
448073,,Scheißkalt,Scheißkalt,2011-12-31,2.3817,0.0,0,[35],de,0,0,0,Shoreless Pictures,Janco Christiansen,"Mike Hoffmann, Alexander Wipprecht, Luisa Katharina Davids, Dilara Schroeder"
89623,tt1971466,"Leafie, a Hen Into the Wild",마당을 나온 암탉,2011-07-28,2.7897,7.84,147,"[16, 10751, 12, 18]",ko,0,13131714,93,"Myung Films, Lotte Entertainment, Odoltogi, Finecut",Oh Sung-yoon,"Moon So-ri, Yoo Seung-ho, Choi Min-sik, Park Cheol-min, Kim Sang-hyun"
57718,tt1847645,Megamind: The Button of Doom,Megamind: The Button of Doom,2011-02-25,2.927,6.739,284,"[16, 28, 35, 10751, 878]",en,0,0,16,DreamWorks Animation,Simon J. Smith,"Will Ferrell, David Cross, Michelle Belforte, Jordan Alexander Hauser, Kevin Bailey"
126857,tt2156909,Balzac's Last Novel,O Último Romance de Balzac,2011-11-20,2.6161,0.0,0,"[18, 99]",pt,0,0,74,Saruê Filmes,Geraldo Sarno,"Waldo Vieira, Lirinha Ferreira, Camilla Sarno, Ernesto Sollis, Lourinelson Vladmir"
106629,tt1931421,"Alfie, the Little Werewolf",Dolfje Weerwolfje,2011-11-30,3.0983,5.5,18,[10751],nl,0,0,98,BosBros,Joram Lürsen,"Kim van Kooten, Nick Geest, Joop Keesmaat, Bianca Krijgsman, Ole Kroes"
327413,tt1996158,The Plain,A Chjàna,2011-09-10,2.7205,6.0,1,[18],en,0,0,19,,Jonas Carpignano,"Koudous Seihon, Cheik Baily Kane"
58448,tt1691453,Knockout,Knockout,2011-03-05,2.5493,5.402,56,"[28, 10751, 18]",en,9000000,0,95,"NGN Productions, Caliber Media Company, Nasser Entertainment Group",Anne Wheeler,"Steve Austin, Daniel Magder, Janet Kidder, Emma Grabinsky, Jaren Brandt Bartlett"
1581506,,Tic Tac,Tic Tac,2011-01-01,2.6859,0.0,0,[],xx,0,0,3,,Josephine Ahnelt,
251797,tt1543055,The Unknown Woman,Tuntematon emäntä,2011-02-04,2.5897,0.0,0,[99],fi,0,0,80,Kinosto,Elina Kivihalme,"Alli Toivari, Pentti Ojaniemi, Onerva Hintikka, Anna-Liisa Salmioja, Eeva Jalo"
60803,tt1754799,The Suite Life Movie,The Suite Life Movie,2011-03-25,3.1155,6.1,539,"[12, 35, 878]",en,20000000,0,79,"It's a Laugh Productions, Bon Mot Productions, Bad Angels Productions, Ltd., Disney Channel",Sean McNamara,"Cole Sprouse, Dylan Sprouse, Brenda Song, Debby Ryan, Matthew Timmons"
133108,tt2034741,Money Matters,Money Matters,2011-11-15,2.7313,4.7,3,[18],en,0,0,89,,Ryan Richmond,"Terri Abney, Aunjanue Ellis-Taylor, James Whalen"
91070,tt1726589,L!fe Happens,L!fe Happens,2011-06-18,2.6316,5.429,156,"[35, 18, 10749]",en,930000,30905,100,"Dot Dot Dot Productions, Stardust Pictures",Kat Coiro,"Krysten Ritter, Kate Bosworth, Rachel Bilson, Geoff Stults, Justin Kirk"
62564,tt1650407,"Turn Me On, Dammit!","Få meg på, for faen",2011-08-19,2.3356,6.4,229,"[18, 35]",no,3100000,1743743,76,"Motlys, Element Pictures",Jannicke Systad Jacobsen,"Helene Bergsholm, Malin Bjørhovde, Beate Støfring, Matias Myren, Lars Nordtvedt Listau"
70008,tt1458915,Tactical Force,Tactical Force,2011-12-01,2.691,5.538,145,"[28, 53, 35, 80]",en,8400000,0,91,"NGN Productions, Caliber Media Company, Hangar 14 Films",Adamo P. Cultraro,"Steve Austin, Michael Jai White, Michael Shanks, Lexa Doig, Darren Shahlavi"
118167,tt2097257,The Lifeguard,El salvavidas,2011-10-15,3.1229,6.6,9,[99],es,0,0,64,"Errante Producciones, Micromundo",Maite Alberdi,Mauricio Rodríguez
99119,tt1854568,Our Paradise,Notre paradis,2011-09-28,2.7593,5.913,40,"[80, 53, 18, 10749, 12]",fr,0,0,96,Alfama Films,Gaël Morel,"Stéphane Rideau, Dimitri Durdaine, Béatrice Dalle, Didier Flamand, Raymonde Bronstein"
368725,tt2011100,Leva,Leva,2011-01-01,2.3171,0.0,0,[99],pt,0,0,55,,"Juliana Vicente, Luiza Marques",
59099,tt1196170,Hollywood & Wine,Hollywood & Wine,2011-05-03,2.6895,3.7,15,"[35, 53]",en,5000000,8000000,95,Aloe Entertainment,"Matt Berman, Kevin Farley","Chazz Palminteri, Nicky Whelan, Norm Macdonald, Chris Kattan, Horatio Sanz"
68870,tt1966352,Arthur II,Arthur II,2011-11-01,2.4754,0.0,0,"[28, 35, 10749]",fr,0,0,8,,Serge Ramelli,"Arthur Choisnet, Charlie Pascal"
65816,tt1856695,Free-running Men,Freilaufende Männer,2011-03-30,3.1651,4.75,6,[],de,0,0,89,ARD,Matthias Tiefenbacher,"Wotan Wilke Möhring, Fritz Karl, Mark Waschke, Julia Beerhold, Claudia Mehnert"
88096,tt2069885,Prep & Landing: Naughty vs. Nice,Prep & Landing: Naughty vs. Nice,2011-12-05,2.914,6.975,101,"[16, 35, 10751]",en,0,0,22,Walt Disney Animation Studios,"Kevin Deters, Stevie Wermers-Skelton","Dave Foley, Sarah Chalke, Emily Alyn Lind, Chris Parnell, Derek Richardson"
1138892,tt6180752,Swamp Lions,Swamp Lions,2011-12-12,2.6,8.0,1,[99],en,0,0,50,,,
128993,tt2109098,Brava Victòria!,Brava Victòria!,2011-11-11,2.5997,0.0,0,[],es,0,0,52,,Maria Gorgues,"Victoria de los Ángeles, Jorge Abarza, Luigi Alva, Jaume Aragall, Pedro Beriso"
106631,tt1241721,Legends of Valhalla: Thor,Hetjur Valhallar - Þór,2011-10-14,2.5994,5.418,55,"[16, 12, 35, 10751, 14]",is,0,0,80,"Ulysse Production, Nordisk Film Denmark","Toby Genkel, Óskar Jónasson, Gunnar Karlsson","Atli Rafn Sigurðsson, Egill Ólafsson, Þórhallur Sigurðsson, Ágústa Eva Erlendsdóttir, Katla Margrét Þorgeirsdóttir"
61429,tt1825801,Hostel,Hostel,2011-01-21,2.5976,5.1,22,"[18, 28, 80]",hi,0,0,148,"Matrix Media Incorporated, NH Studioz",Manish Gupta,"Vatsal Sheth, Tulip Joshi, Mukesh Tiwari, Nagesh Bhonsle, Chandrachur Karnik"
71157,tt1661420,Polisse,Polisse,2011-10-06,2.5921,7.756,1328,"[18, 80]",fr,0,20374201,123,"Les Productions du Trésor, Chaocorp, Shortcom, ARTE France Cinéma, Mars Films",Maïwenn,"Frédéric Pierrot, JoeyStarr, Nicolas Duvauchelle, Karin Viard, Naidra Ayadi"
646729,tt2285647,Pocong Kesetanan!,Pocong Kesetanan!,2011-12-29,2.5883,0.0,0,[35],id,0,0,76,Jelita Alip Film,"Nayato Fio Nuala, Pingkan Utari","Aziz Gagap, Raffi Ahmad, Ajun Perwira, Guntur Triyoga, Reymon Knuliqh"
498985,tt2093300,Vibratum Vitae,Vibratum Vitae,2011-09-16,2.5876,0.0,0,[],pt,0,0,11,,Pedro Barão,"Diogo Ferreira, Rafael Gomes"
885109,,Ici rien,Ici rien,2011-10-15,2.5856,0.0,0,[],en,0,0,29,,Daphné Hérétakis,
146615,tt1939739,Red Heart,Rødt hjerte,2011-04-29,2.585,5.9,9,"[18, 10749]",ku,0,0,77,,Halkawt Mustafa,"Shahen Jamal, Ahmed Ali, Suhaila Hassan, Akar Jefry, Soran Ebrahim"
50875,tt1562568,Higher Ground,Higher Ground,2011-08-26,2.5847,5.934,68,"[18, 53]",en,2000000,841733,109,,Vera Farmiga,"Vera Farmiga, Donna Murphy, Dagmara Dominczyk, John Hawkes, Joshua Leonard"
968536,,Prelude,Preludio,2011-01-01,2.5846,0.0,0,[],en,0,0,3,,Albert Alcoz,
77560,tt1437357,Faust,Faust,2011-10-26,2.5789,6.58,213,"[14, 18]",de,14400000,0,140,Proline Film,Aleksandr Sokurov,"Johannes Zeiler, Anton Adasinsky, Isolda Dychauk-Ott, Georg Friedrich, Hanna Schygulla"
75640,tt1862472,Kolpacino: Bomb,Kolpaçino: Bomba,2011-03-11,2.5783,5.333,78,"[35, 12]",tr,0,3866902,92,,Şafak Sezer,"Şafak Sezer, Aydemir Akbaş, Ali Çatalbaş, Arzu Yanardağ, Kubilay Penbeklioğlu"
662222,tt2032410,Carnaval,Carnaval,2011-03-26,2.5752,0.0,0,[18],fr,0,0,11,Box Productions,Adrienne Bovet,"Géraldine Bagnoud, Prune Beuchat, Zuriel de Peslouan, Dorin Dragos, Simon Guélat"
802688,tt1985251,Tiyo Pablo,Tiyo Pablo,2011-07-06,2.5747,2.0,2,[],tl,0,0,80,,Edz Espiritu,"Carla Varga, Walter Moreno, Josh Patrick, Martin Cortes, Ivy Batula"
451545,tt1844062,The Congregation,The Congregation,2011-04-10,2.5729,2.0,2,[27],en,0,0,11,,Michael Foulkes,"Ross Marquand, Bruce Davison, Daniel Roebuck, Liesel Kopp, Paris Riefenstein"
295216,tt1792058,First Contact,First Contact,2011-09-27,2.5723,6.0,0,[],en,0,0,6,,James Cunningham,"Andrew Beattie, Paul Glover, Simon McKinney"
61202,tt1562872,Zindagi Na Milegi Dobara,ज़िन्दगी ना मिलेगी दोबारा,2011-07-15,2.568,7.64,437,"[18, 35, 10749]",hi,7700000,160000000,154,"Excel Entertainment, Eros International, KanZaman Productions",Zoya Akhtar,"Hrithik Roshan, Abhay Deol, Farhan Akhtar, Katrina Kaif, Kalki Koechlin"
77880,tt1708537,The Whale,The Whale,2011-09-09,2.567,6.1,18,[99],en,0,0,89,"Kinosmith, Mountainside Films","Michael Parfit, Suzanne Chisholm",Ryan Reynolds
74674,tt1609492,Superclasico,Superclásico,2011-03-17,2.5612,6.2,41,"[35, 10749]",da,3400000,0,99,Nimbus Film,Ole Christian Madsen,"Paprika Steen, Anders W. Berthelsen, Sebastián Estevanez, Mikael Bertelsen, Jamie Morton"
69038,tt1809353,Sultanın Sırrı,Sultanın Sırrı,2011-04-10,2.5607,6.0,2,[],tr,2,0,0,,Hakan Şahin,"Mark Dacascos, Emanuel Bettencourt, Sinan Albayrak, Zeynep Beşerler, Şerif Sezer"
85439,tt1429433,"Snowflake, the White Gorilla",Floquet de Neu,2011-12-23,2.5576,5.223,47,"[16, 12, 35, 10751]",ca,0,6776616,86,"Muf Animat, Castelao Productions, Filmax",Andrés G. Schaer,"Claudia Abate, Pere Ponce, Joan Sullà, Elsa Pataky, Rosa Boladeras"
1641044,tt1634805,Missing,Missing,2011-03-17,2.5569,2.0,1,[18],en,0,0,25,,Anna Sikorski,"Kaniehtiio Horn, Susan Glover, François Arnaud, Julian Casey, Geneviève L'Espérance"
1090028,,A Difference,A Difference,2011-06-24,2.5552,0.0,0,[],en,0,0,19,,Raymond Rea,
72391,tt1704614,Marley & Me: The Puppy Years,Marley & Me: The Puppy Years,2011-06-01,2.5544,5.7,156,"[35, 10751]",en,0,0,86,"Regency Enterprises, 20th Century Fox Home Entertainment",Michael Damian,"Travis Turner, Julia Rhodes, Geoff Gustafson, Christopher Goodman, Alex Zahara"
273502,tt8160720,Moist Fury,Moist Fury,2011-01-01,2.5527,6.0,2,[],en,0,0,65,,Chris Seaver,"Jesse Ames, Billy Garberina, Nicole Gerlach, Meredith Host, Desiree Saetia"
1095213,,Húdas Húdas,Húdas Húdas,2011-01-01,2.5518,0.0,0,[99],is,0,0,85,,Frosti Jón Runólfsson,
192342,tt2006780,L’Inconsolable,L’Inconsolable,2011-08-04,2.5511,5.0,3,[],fr,0,0,15,Les Fées Productions,Jean-Marie Straub,"Andrea Bacci, Giovanna Daddi"
75441,tt1937154,Exhumed,Exhumed,2011-10-25,2.5498,4.5,8,[27],en,0,0,93,Scorpio Film Releasing,Richard Griffin,"Debbie Rochon, Evalena Marie, Sarah Nicklin, Michael Reed, Nathaniel Sylva"
572435,tt2419480,Ambas Tres,Ambas Tres,2011-11-08,2.5471,0.0,0,[18],es,0,0,67,"Colorin Buenasuerte, Universidad del Desarrollo",Samuel Sotomayor,"Andrea García-Huidobro, Paola Lattus, Pabla Oelckers, Elvis Fuentes, Jaime McManus"
83242,tt1942887,Innocent,Innocent,2011-11-29,2.5454,5.66,25,"[18, 9648, 10770]",en,0,0,90,"Mike Robe Productions, Frank von Zerneck Films, Warner Bros. Television",Mike Robe,"Bill Pullman, Marcia Gay Harden, Alfred Molina, Callard Harris, Richard Schiff"
210491,tt2091291,The Marriage,El Casamiento,2011-04-12,2.5446,4.5,2,[99],es,0,0,71,Guazú Media,Aldo Garay,"Julia Brian, Ignacio González"
76340,tt1688653,Metal Tornado,Metal Tornado,2011-07-22,2.5437,4.7,49,"[28, 53, 878]",en,0,0,90,,Gordon Yang,"Lou Diamond Phillips, Nicole De Boer, Greg Evigan, Stephen MacDonald, Frank Schorpion"
154693,tt1880377,The Sky Above,O Céu Sobre os Ombros,2011-11-18,2.5422,4.5,4,"[99, 18]",pt,0,0,72,,Sérgio Borges,"Edjucu Moio, Mário Jorge, Sarug Dagir"
390651,,tick tack,tick tack,2011-01-01,2.5419,0.0,0,[16],ja,0,0,9,Tokyo University of the Arts,Chiaki Shibata,Chiaki Shibata
1183363,,Los Miserables,Los Miserables,2011-07-17,2.5391,0.0,0,[],es,0,0,0,,,"Gerónimo Rauch, David Ordinas, Enrique R. del Portal, Guido Balzaretti, Lydia Fairén"
117186,tt2179119,La visita,La visita,2011-01-01,2.5387,0.0,0,[],en,0,0,4,,Antón Morales,Antón Morales
81179,tt1876446,Snowmageddon,Snowmageddon,2011-12-10,2.5345,5.562,65,"[12, 878, 10770]",en,0,0,86,"Snow Globe Productions, Reel One Entertainment",Sheldon Wilson,"David Cubitt, Laura Harris, Dylan Matzke, Magda Apanowicz, Jeffrey Ballard"
122140,tt1543029,Mama Africa,Mama Africa,2011-08-12,2.5331,5.6,15,"[18, 99]",en,0,0,92,"Starhaus Filmproduktion, ZDF, ARTE, Marianna Films, YLE, Millennium Film",Mika Kaurismäki,"Miriam Makeba, Harry Belafonte, Kathleen Cleaver, Nelson Mandela, Kwame Ture"
740416,,Qué sois ahora?,Qué sois ahora?,2011-01-01,2.5329,0.0,0,[99],es,0,0,62,,"Gustavo Galuppo, Mariano Goldgrob","Santiago Pedroncini, Alejo Vintrob, Juan Pablo Fernández, Guillermo Pesoa, Rodrigo Guerra"
1647064,,El Patroncito,El Patroncito,2011-01-01,2.6223,0.0,0,[],es,0,0,85,Ola Studios,Alonso O. Lara,"Bernabé Melendrez, Max Hernandez Jr, Amador Granados, Margarito Barajas, Miguel Ángel Bernal"
53174,tt1700258,Kokowääh,Kokowääh,2011-02-03,2.635,6.242,307,[35],de,5650000,43000000,115,"Barefoot Films, Béla Jarzyk Production, Sat.1, Warner Bros. Film Productions Germany",Til Schweiger,"Til Schweiger, Emma Schweiger, Jasmin Gerat, Samuel Finzi, Sanny van Heteren"
83716,tt1507566,Fake,Fake,2011-05-09,2.4137,5.8,5,"[53, 80, 9648]",en,0,0,107,"Millennium Entertainment, Justice for All Productions, Wanderlust Films {US}",Gregory W. Friedle,"Gabriel Mann, Jill Flint, David Thornton, Fisher Stevens, Robert Clohessy"
659358,tt1906503,Trailer Terror,Trailer Terror,2011-04-26,2.1649,0.0,0,"[35, 27]",en,0,0,30,Shackle Island Productions,"Cameron McCasland, Rebecca Paiva","Larry Underwood, Danielle Gelehrter"
542838,,Descafeinado infernal,Descafeinado infernal,2011-01-01,2.588,0.0,0,"[35, 27]",es,0,0,0,"Ozzypiuntur Producciones, Inmediarec, Planet Gus FX, Producciones Inhóspitas",J.O. Romero,
157064,tt1885347,Queensbury Rules,Queensbury Rules,2011-01-01,2.4046,0.0,0,[],en,0,0,11,,William Scothern,"Tom Geoffrey, Hollie Coombs, Stevie Raine, Russell Barnett, John Fahey"
62977,tt1648093,The Lost Bladesman,关云长,2011-04-28,2.8137,6.263,120,"[36, 18, 28, 10752]",zh,0,23774400,107,Star Union Skykee Film Investment Co,"Alan Mak Siu-Fai, Felix Chong Man-Keung","Donnie Yen, Jiang Wen, Sun Li, Alex Fong Chung-Sun, Chen Hong"
821230,tt1966373,Bon Appétit,Bon Appétit,2011-01-01,2.3182,0.0,0,[],en,0,0,16,,Helena Stefánsdóttir,"Kolfinna Nikulásdóttir, Katie Baldwin Eng, Stefán Jónsson"
65851,tt1753968,Jackass 3.5,Jackass 3.5,2011-04-01,2.5745,6.38,715,"[35, 99, 28]",en,0,0,85,"Paradise F.X. Corp., Dickhouse Productions, Film Roman, MTV Films",Jeff Tremaine,"Johnny Knoxville, Ryan Dunn, Dave England, Preston Lacy, Bam Margera"
73582,tt1729637,Bodyguard,Bodyguard,2011-08-31,2.8565,5.204,167,"[18, 28, 10749]",hi,0,0,134,"Reel Life Productions, Reliance Entertainment, Funky Buddha Productions",Siddique,"Salman Khan, Kareena Kapoor Khan, Hazel Keech, Raj Babbar, Mahesh Manjrekar"
1180774,,Perfect Mountain,Perfect Mountain,2011-01-01,2.1577,0.0,0,[99],en,0,0,10,,Melanie Manchot,
99340,tt2245245,The Hole Story,Trou Story,2011-11-04,2.616,7.0,1,[99],fr,50000,0,80,ONF | NFB,"Robert Monderie, Richard Desjardins",Richard Desjardins
85033,tt1550312,Café de Flore,Café de Flore,2011-11-17,2.5741,6.9,206,"[18, 10749]",fr,0,1674801,121,"Monkey Pack Films, Item 7, Crazy Films",Jean-Marc Vallée,"Vanessa Paradis, Kevin Parent, Hélène Florent, Evelyne Brochu, Marin Gerrier"
95519,tt1815849,Native,Native,2011-03-09,2.2992,10.0,1,"[27, 9648]",it,50000,37997,0,Real Dreams Entertainment S.r.l.,John Real,"Andrea Galatà, Giovanna Mandalari, Mara Sciuto, Marcelo Costa, Paola Crova"
58882,tt1541995,Snow Flower and the Secret Fan,Snow Flower and the Secret Fan,2011-07-15,2.5951,6.1,109,"[18, 36]",en,134005,1332231,104,IDG China Media,Wayne Wang,"Li Bingbing, Gianna Jun, Hugh Jackman, Vivian Wu, Jiang Wu"
73588,tt1525890,The Caller,The Caller,2011-08-26,2.4785,6.191,304,"[27, 53, 9648]",en,0,0,92,"Head Gear Films, Alcove Entertainment, Pimienta, The Salt Company International, Metrol Technology",Matthew Parkhill,"Rachelle Lefevre, Stephen Moyer, Luis Guzmán, Ed Quinn, Lorna Raver"
1715312,tt6305216,Hidden Life,Hidden Life,2011-02-04,2.0798,0.0,0,[],en,0,0,0,,Vincent Moloi,"Te-May De Oliveira, Vincent Laurentis, Adrian Galley, Jolene Martin"
74505,tt1707392,Lovely Molly,Lovely Molly,2011-09-14,2.1148,5.08,251,"[27, 53]",en,1000000,18463,100,"Haxan Films, Amber Entertainment",Eduardo Sánchez,"Gretchen Lodge, Johnny Lewis, Alexandra Holden, Ken Arnold, Brenna McDonough"
351907,tt2177477,All Inclusive,All Inclusive,2011-09-27,2.1054,0.0,0,[35],en,0,0,10,,Billy Pols,"Arvydas Dapšys, Jochem Nooyen, Steye van Dam, Ieva Zelionkaitė"
43935,tt1013860,Dylan Dog: Dead of Night,Dylan Dog: Dead of Night,2011-03-16,2.701,4.769,543,"[28, 35, 14, 27, 9648, 878, 53]",en,20000000,4634062,107,"Hyde Park Entertainment, platinum studios, Long Distance Films",Kevin Munroe,"Brandon Routh, Peter Stormare, Sam Huntington, Taye Diggs, Anita Briem"
515437,tt3338870,Marija's Own,Marijine,2011-05-02,2.3812,0.0,0,"[35, 10402, 99]",hr,0,0,62,Ukus,Željka Suková,"Željka Suková, Nina Violić, Mila Culjak"
79771,tt1727252,Chillerama,Chillerama,2011-10-14,2.7874,5.69,134,"[35, 27]",en,0,0,120,"ArieScope Pictures, Dino de la Rocha, Image Entertainment","Adam Green, Adam Rifkin, Tim Sullivan, Joe Lynch, Bear McCreary","Richard Riehle, Adam Rifkin, Ray Wise, Sarah Mutch, Eric Roberts"
77094,tt2292955,The Billionaire,Top Secret วัยรุ่นพันล้าน,2011-10-20,2.8414,7.3,47,[18],th,0,1250000,124,"GMM Tai Hub (GTH), Nadao Bangkok",Songyos Sugmakanan,"Pachara Chirathivat, Somboonsuk Niyomsiri, Walanlak Kumsuwan, Thanom Assawarungrueng, Karnsiree Kulkaweewu"
1706770,tt3765020,Amiet,Amiet,2011-01-01,2.5142,0.0,0,[99],de,0,0,0,Schumacher & Frey GmbH,"Iwan Schumacher, Cornelia Strasser","Monique Barbier-Mueller, Richard Barrett, Eberhard W. Kornfeld, Serge Lemoine, Gerhard Saner"
1735275,,Barquinhos,Barquinhos,2011-07-11,2.5402,0.0,0,"[16, 10751, 35]",pt,0,0,0,Video Brinquedo,Cristiano Valente,"Gustav Novak, Sidney Cesar, Cássia Bisceglia, Giulia Brito, Francisco Freitas"
306951,,Haunted House,Haunted House,2011-10-20,2.5254,0.0,0,"[27, 16]",en,0,0,5,,Martin Arnold,
706189,tt2186042,Brilliant Soil,Tierra brillante,2011-01-01,2.4925,0.0,0,[99],es,0,0,93,,"Sebastián Díaz, José Luis Figueroa Lewis",
102534,tt1673392,The Good Son,Hyvä poika,2011-03-25,2.3561,4.643,14,[18],fi,560000,0,88,Bufo,Zaida Bergroth,"Samuli Niittymäki, Elina Knihtilä, Eero Aho, Anna Paavilainen, Eetu Julin"
619410,tt1870344,Broadway,Broadway,2011-04-07,2.4045,0.0,0,[],en,0,0,50,,Aminatou Echard,
50765,tt1519664,Ticking Clock,Ticking Clock,2011-01-04,2.535,5.2,87,"[28, 53, 80]",en,6000000,0,101,Upload Films,Ernie Barbarash,"Cuba Gooding Jr., Neal McDonough, Austin Abrams, Yancey Arias, Danielle Nicolet"
78480,tt2011971,Monsieur Lazhar,Monsieur Lazhar,2011-09-10,2.3946,7.178,371,"[18, 35]",fr,0,6581915,94,"micro_scope, CBC, Téléfilm Canada",Philippe Falardeau,"Mohamed Fellag, Émilien Néron, Danielle Proulx, Sophie Nélisse, Marie-Ève Beauregard"
1744385,tt5844474,U-Turn,U-Turn,2011-10-29,2.3621,0.0,0,[27],en,0,0,5,,Jamie DeWolf,"Asher Kennedy, Iara Mandyn, Will Urbina, Will McMichael"
68818,tt1629705,Blackthorn,Blackthorn,2011-07-01,2.7523,6.626,297,"[12, 28, 37]",en,0,987883,98,"Audiovisual Aval SGR, Quickfire Films, Arcadia Motion Pictures, Noodles Production, Canal+ España, ONO, Ariane Mararía Films, Nix Films, Eter Pictures, Manto Films, Pegaso Producciones, TVE, Programa Ibermedia",Mateo Gil,"Sam Shepard, Eduardo Noriega, Stephen Rea, Magaly Solier, Nikolaj Coster-Waldau"
200426,tt1980997,Kaizoku Sentai Gokaiger: The Movie - The Flying Ghost Ship,海賊戦隊ゴーカイジャー THE MOVIE 空飛ぶ幽霊船,2011-08-06,2.7016,6.5,13,"[28, 12, 878, 14, 27]",ja,0,0,31,"TV Asahi, Toei Company, Bandai Visual, Toei Video Company, Toei Animation, ADK, Toei Advertising, Bandai, Toei TV Production",Katsuya Watanabe,"Ryota Ozawa, Yuki Yamada, Mao Ichimichi, Kazuki Shimizu, Yui Koike"
609349,tt15249828,Two of Us,Noi Doi,2011-05-14,2.3024,0.0,0,[99],ro,0,0,54,"Wearebasca, Parada Film",Claudiu Mitcu,"Cristi, George"
472228,tt2049542,Black Death,Svart Död,2011-11-13,2.6843,7.667,3,[27],sv,80000,0,87,Cruzical Film&Media,Daniel Lehmussaari,"Camilla Carlsson, Evelina Nilsson, Kevin Kontio, Mikael Stridsson, Roger Bylund"
61341,tt1637728,Ferocious Planet,Ferocious Planet,2011-04-09,2.2717,4.4,56,"[12, 28, 878, 10770]",en,0,0,89,"Syfy, Parallel Films, RHI",Billy O'Brien,"Joe Flanigan, John Rhys-Davies, Kevin Flood, Catherine Walker, Dagmar Döring"
84479,tt1772947,The Invader,L'Envahisseur,2011-11-23,2.4853,5.545,22,[18],fr,0,0,95,"Versus Production, Prime Time",Nicolas Provost,"Issaka Sawadogo, Stefania Rocca, John Flanders, Dieudonné Kabongo, Serge Riaboukine"
1272826,,Stay Home,Stay Home,2011-05-01,2.1877,0.0,0,[16],en,0,0,5,Rhode Island School of Design,Caleb Wood,
70733,tt1998364,Tom meets Zizou - Kein Sommermärchen,Tom meets Zizou - Kein Sommermärchen,2011-07-28,2.5254,6.1,9,[99],de,0,0,136,Pausefilm,Aljoscha Pause,"Thomas Broich, Udo Lattek, Christoph Daum, Michael Oenning, Berti Vogts"
352274,tt2016975,Private Nights,Private Nights,2011-08-10,2.1514,4.333,3,[18],tl,0,0,90,Silverline Productions,Vince Tan,"James Pinca, Chito Alcid, Hanni Miller, Jonas Gruet, Miko Laurel"
92182,tt1767382,Silent House,Silent House,2011-01-21,2.5397,5.409,461,"[27, 9648, 18]",en,2000000,13101672,86,"Elle Driver, Tazora Films","Laura Lau, Chris Kentis","Elizabeth Olsen, Adam Trese, Eric Sheffer Stevens, Julia Chan, Haley Murphy"
70608,tt2005268,LEGO Star Wars: The Padawan Menace,LEGO Star Wars: The Padawan Menace,2011-07-22,2.9979,6.62,166,"[10751, 16, 878]",en,0,0,22,"Lucasfilm Ltd., The LEGO Group, Animal Logic",David Scott,"Anthony Daniels, Nika Futterman, Phil LaMarr, Tom Kane, Katie Leigh"
741358,tt2005195,"Demain, Alger?","Demain, Alger?",2011-01-01,2.0422,5.0,1,[18],fr,0,0,20,Thala Films,Amin Sidi-Boumédiène,"Nabil Asli, Aida Guechoud, Houssam Herzallah, Amine Mentseur, Mehdi Ramdani"
1599928,tt28079225,Haft Khat,Haft Khat,2011-06-15,2.7444,0.0,0,[35],fa,0,0,0,,Saeed Aghakhani,"Saeed Aghakhani, Ali Sadeghi, Hamid Lolaei, Mehran Rajabi, Sousan Parvar"
58443,tt1630626,Blue Crush 2,Blue Crush 2,2011-06-07,2.4725,5.8,121,"[12, 18]",en,7000000,0,113,"Capital Arts Entertainment, Universal Studios Home Entertainment, Imagine Entertainment, Moonlighting Films, Universal Pictures",Mike Elliott,"Sasha Jackson, Sharni Vinson, Elizabeth Mathis, Ben Milliken, Chris Fisher"
72174,tt1641831,Doomsday Prophecy,Doomsday Prophecy,2011-08-13,2.369,4.133,98,"[10770, 878, 12, 28]",en,0,0,89,"Reel One Entertainment, CineTel Films, Doomsday Productions",Jason Bourque,"Jewel Staite, A.J. Buckley, Alan Dale, Bruce Ramsay, Rick Ravanello"
996558,tt4378140,Baldur From Bakki,Bakka-Baldur,2011-06-12,2.4766,0.0,0,[99],is,0,0,63,,Þorfinnur Guðnason,
409036,,Por carambola,Por carambola,2011-03-12,2.2377,0.0,0,[18],es,0,0,0,XCL-TV,Vicente Castro,"Christie Miró, Ektor Rivera, Jodiel Alicea, Zoribel Fonalledas, Camila Monclova"
50024,tt0433397,Satin,Satin,2011-03-01,2.527,3.833,6,"[35, 18, 10749]",en,1500000,0,0,,Christopher Olness,"Melissa Joan Hart, Robert Guillaume, Alley Mills, Hamilton von Watts, Jackie Debatin"
256858,tt1988678,Kids,Kinder,2011-03-06,2.036,6.0,2,[99],de,20000,0,65,"Büttner und Stürmer, Hochschule für Gestaltung Karlsruhe",Bettina Büttner,
38540,tt1590950,Age of Heroes,Age of Heroes,2011-05-19,2.847,5.435,214,"[18, 28, 53, 10752]",en,0,0,90,"Giant Films, Panaramic, Moskus Film, Cinema Five, Neon Park, Metrodome Distribution, ContentFilm, Regent Capital, Matador Pictures, Magna Films, Atlantic Swiss Productions",Adrian Vitoria,"Sean Bean, Izabella Miko, Danny Dyer, James D'Arcy, Sebastian Street"
1122403,,Mathare Dei Pata Odhani,ମଥାରେ ଦେଇ ପାଟ ଓଢ଼ଣୀ,2011-12-31,2.3177,0.0,0,[10749],or,0,0,0,"Krishna Sai Cine Arts, Laxmipuja Productions",Ranjan Mishra,"Deepak Barik, Nikita, Izzy, Mihir Das, Pintu Nanda"
396290,tt2953742,Memórias do Meu Tio,Memórias do Meu Tio,2011-05-06,2.5291,0.0,0,[12],en,0,0,14,O Quadro,"Álvaro Zeini Cruz, Alexandre Rafael Garcia","Rossana Ceres, Klaus Faryj, Luiz Godói, Roberto Innocente, Daniel Jorge"
79113,tt1083448,A Princess for Christmas,A Princess for Christmas,2011-12-03,2.7703,7.031,413,"[35, 10751, 10770, 10749, 18]",en,0,0,91,"Motion Picture Corporation of America, Mediapro Studios",Michael Damian,"Katie McGrath, Sam Heughan, Miles Richardson, Charlotte Salt, Travis Turner"
484102,,Breakfast on the Grass,Eine Murul,2011-01-01,2.41,0.0,0,[16],et,0,0,5,Estonian Academy of Arts,"Mari Pakkas, Mihkel Reha, Mari-Liis Rebane, Erik Alunurm",
75074,tt1628055,Touchback,Touchback,2011-04-13,2.9572,6.602,122,"[18, 10751, 14]",en,0,204232,118,"Freedom Films, Hannibal Classics, Sakonnet Capital Partners",Don Handfield,"Brian Presley, Kurt Russell, Melanie Lynskey, Marc Blucas, Christine Lahti"
57387,tt1235853,In Your Hands,Contre toi,2011-02-02,2.451,5.6,37,[18],fr,0,0,85,"Ce qui me meut motion pictures, Origami Films, Mars Films",Lola Doillon,"Kristin Scott Thomas, Pio Marmaï, Marie-Sohna Condé, Marie-Christine Orry, Vinciane Millereau"
66945,tt1519663,Love's Kitchen,Love's Kitchen,2011-06-24,3.0196,5.425,100,"[18, 10749, 35]",en,0,0,86,,James Hacking,"Dougray Scott, Claire Forlani, Holly Gibbs, Lee Boardman, Michelle Ryan"
54557,tt1663187,The Chaperone,The Chaperone,2011-02-11,2.8567,5.512,162,"[35, 10751, 28]",en,0,0,103,"Snowfall Films, WWE Studios",Stephen Herek,"Paul Levesque, Ariel Winter, Kevin Corrigan, José Zúñiga, Kevin Rankin"
1464546,,Snow White,Blanche-Neige,2011-01-01,2.3607,0.0,0,[],fr,0,0,67,,Florent Trochel,
464229,tt2402388,Oyasuminasai,Oyasuminasai,2011-07-02,1.9392,0.0,0,[18],pt,0,0,6,Lúdico Filmes,Leandro Tadashi,Yuriko Miamoto Shimata
50081,tt1680059,Born to Be Wild,Born to Be Wild,2011-04-08,2.6516,7.027,73,"[99, 12]",en,0,7732325,40,IMAX,David Lickley,"Morgan Freeman, Birute Galdikas, Daphne Sheldrick"
273948,tt1684889,I Ride,I Ride,2011-05-12,2.5058,0.0,0,"[99, 10402]",en,350000,0,83,Water Buffalo Pictures,Daron Ker,"Harry Fryed, Tommy Fryed, Willie Nelson, Sonny Barger, Doug McDowell"
45054,tt1316616,There Be Dragons,There Be Dragons,2011-03-25,2.5894,5.127,146,"[10752, 36, 18]",en,0,0,112,"ransom films, Atresmedia",Roland Joffé,"Charlie Cox, Dougray Scott, Wes Bentley, Olga Kurylenko, Rodrigo Santoro"
136100,,Röhrl's Cat,Röhrls Katze,2011-08-01,2.0538,0.0,0,[99],de,47000,0,86,Deimel Film,Helmut Deimel,Walter Röhrl
690311,tt1784627,Pulseless,Sin Pulso,2011-02-28,2.1265,0.0,0,"[35, 27]",en,200,0,24,Muchas Manos Films,Gino Marcellino,"Santiago Zapata, Jorge Almuzara, Javier Aguirre, Mauro Gibelli, Octavio Bertone"
496816,tt1852826,Lee & Grant,Lee & Grant,2011-07-06,1.9591,0.0,0,"[99, 10752, 36]",en,0,0,88,History,John Ealer,"Jonathan Frakes, Michael L. Colosimo, Shaun C. Grenan, Erik Young, Keith E. Whitehead"
1134281,tt2056664,The Counting Device,Numărătoarea manuală,2011-06-05,2.239,7.5,4,[18],ro,0,0,20,"Digital Cube, Parada Film, Videolink",Daniel Sandu,"Alexandru Georgescu, Cătălin Stelian, Marcel Cobzariu"
983515,tt2072966,Fat Hamster,Państwo Chomikowie,2011-02-01,1.9532,0.0,0,"[16, 35]",pl,0,0,4,"Breakthru Films, CANAL+ Polska",Adam Wyrwas,
59238,tt1710573,Jesse Stone: Innocents Lost,Jesse Stone: Innocents Lost,2011-05-21,2.7145,6.472,88,"[18, 80, 53, 10770]",en,0,0,90,"Sony Pictures Television, Brandman Productions, TWS Productions II",Dick Lowry,"Tom Selleck, Kathy Baker, Kohl Sudduth, Gloria Reuben, Stephen McHattie"
77879,tt1792543,The Reunion,The Reunion,2011-10-21,2.4463,5.0,95,"[18, 28]",en,6000000,0,96,WWE Studios,Michael Pavone,"John Cena, Ethan Embry, Amy Smart, Boyd Holbrook, Michael Rispoli"
41109,tt1285241,Don 2,Don 2,2011-12-23,2.8195,7.0,276,"[28, 53]",hi,11000000,2900000,139,"Excel Entertainment, Red Chillies Entertainment, Landmark Productions, Pixion Studio",Farhan Akhtar,"Shah Rukh Khan, Priyanka Chopra Jonas, Boman Irani, Kunal Kapoor, Lara Dutta"
450696,tt2357095,Guang,Guang,2011-12-01,2.3378,0.0,0,[18],zh,0,0,14,,Quek Shio Chuan,
70575,tt1745672,Children of the Corn: Genesis,Children of the Corn: Genesis,2011-08-30,2.983,4.1,163,"[27, 53]",en,4500000,0,81,"Dimension Films, Neo Art & Logic",Joel Soisson,"Kelen Coleman, Tim Rock, Barbara Nedeljakova, Duane Whitaker, Dusty Burwell"
263515,tt3974770,Bonifacio in Summertime,L'été de Boniface,2011-10-12,2.4026,7.3,3,"[10751, 16, 12, 35, 10770]",fr,0,0,26,"Folimage, Piwi+, Subséquence, ONF | NFB","Pierre-Luc Granjon, Antoine Lanciaux","Sarah Bazri, Albert Payne, Bernard Bouillon, Jean-Pierre Yvars, Christian Taponard"
88745,tt1830585,END:CIV,END:CIV,2011-01-01,1.891,6.6,10,[99],en,20000,0,115,SubMedia,Franklin Lopez,"Shushli, Gord Hill, Qwatsinas, Zoe Blunt, David Cunningham"
69778,tt1231586,A Good Old Fashioned Orgy,A Good Old Fashioned Orgy,2011-09-02,2.852,5.853,360,[35],en,0,0,95,"Fierce Entertainment, Endgame Entertainment, Aura Film Partnership","Peter Huyck, Alex Gregory","Jason Sudeikis, Leslie Bibb, Lindsay Sloane, Lake Bell, Michelle Borth"
79699,tt1341340,A Warrior's Heart,A Warrior's Heart,2011-12-02,2.9357,5.404,68,"[28, 18, 10751, 10749]",en,2500000,0,86,"California Pictures, Family Productions",Mike Sears,"Kellan Lutz, Ashley Greene, Adam Beach, Gabrielle Anwar, Chord Overstreet"
152578,tt2640570,The Hunt,The Hunt,2011-11-08,2.3784,6.029,17,"[28, 27, 53]",fr,0,0,110,FULLSCREEN,Thomas Szczepanski,"Clara Vallet, Jellali Mouina, Sarah Lucide, Mari-Christine Jeanney, Frédéric Sassine"
826462,tt4169362,Sunrise/Sunset,Рассвет/Закат,2011-03-21,2.1308,0.0,0,[18],ru,0,0,7,MetraFilms,Pyotr Buslov,Aleksey Shipenko
1210156,,Salvatore,Salvatore,2011-01-01,2.165,0.0,0,[18],it,0,0,14,,"Bruno Urso, Fabrizio Urso","Ignazio Barcellona, Vito Brattoli, Carmela Roasaio Cannalo, Giovanna Criscuolo, Ture Magro"
641757,tt2024538,Tierra adentro,Tierra adentro,2011-08-18,2.5888,0.0,0,[99],es,0,0,103,,Ulises de la Orden,Anahí Mariluán
120811,tt1909796,K-ON! The Movie,映画 けいおん！,2011-12-03,2.9076,7.927,116,"[16, 10751, 12, 35, 10402]",ja,0,21434003,110,"Kyoto Animation, Shochiku, TBS, movic, Pony Canyon",Naoko Yamada,"Aki Toyosaki, Yoko Hikasa, Satomi Sato, Minako Kotobuki, Ayana Taketatsu"
1646804,tt2043796,Born Villain,Born Villain,2011-08-28,2.2058,2.0,1,[],en,0,0,6,,Shia LaBeouf,"Marilyn Manson, Sarah McNeilly, Fred Sablan, Alecia Williams, Miss Crash"
424579,tt2107693,El Polonio,El Polonio,2011-11-09,2.4238,5.0,1,[99],es,0,0,67,INCAA,"Daiana Rosenfeld, Aníbal Garisto",
98554,tt1699762,Serving Life,Serving Life,2011-07-28,2.4723,5.3,3,"[10770, 99]",en,0,0,85,OWN Oprah Winfrey Network,Lisa R. Cohen,Forest Whitaker
109894,tt1536374,Hide Away,Hide Away,2011-10-30,2.5841,4.731,26,[18],en,0,30655,88,MMC Joule Films,Chris Eyre,"Josh Lucas, Ayelet Zurer, James Cromwell, Jon Tenney, Casey LaBow"
575919,,Der Zigeunerbaron,Der Zigeunerbaron,2011-11-14,2.4467,0.0,0,[],en,0,0,0,,,"Lucian Krasznec, Evelin Novak, Harald Serafin, Wolfgang Bankl, Monika Bohinec"
835929,tt1927160,The Studio,The Studio,2011-11-11,2.4182,0.0,0,"[35, 10751]",en,0,0,93,Blended Planet Pictures,David Matthew Weese,"Chris Caldwell, Larry Bower, April Wirt, David Eddy, Ralph Tourkow"
74777,tt1610996,Absentia,Absentia,2011-03-03,2.7411,5.832,402,"[27, 9648]",en,70000,8555,91,"FallBack Plan Productions, Blue Dot Pictures",Mike Flanagan,"Katie Parker, Courtney Bell, Morgan Peter Brown, Dave Levine, Justin Gordon"
93188,tt1815799,Beloved,Les bien-aimés,2011-08-17,3.4833,6.08,87,"[18, 10749, 10402]",fr,9980000,1662013,139,"Why Not Productions, France 2 Cinéma, Sixteen Films, Negativ",Christophe Honoré,"Chiara Mastroianni, Catherine Deneuve, Ludivine Sagnier, Louis Garrel, Miloš Forman"
76393,tt1674780,Peter,Peter,2011-02-01,2.4527,0.0,0,"[18, 80]",en,0,0,85,Praslin Pictures,Skip Kite,"Walt Kissack, Gary Sharkey, Adam Lewis, Nicholas Ball, Mike Burnie"
760048,,One Piece Episode of Alabasta Prologue,ONE PIECE エピソードオブアラバスタ 砂漠の王女と海賊たち 特別編,2011-08-20,2.8932,7.389,9,"[28, 12, 16]",ja,0,0,15,Toei Animation,,"Mayumi Tanaka, Kazuya Nakai, Akemi Okamura, Kappei Yamaguchi, Hiroaki Hirata"
740157,,Rumah Babi,Rumah Babi,2011-08-25,1.9094,0.0,0,[27],id,0,0,23,,Alim Sudio,"Anwari Natari, Tina Susanti, Nala Amrytha"
37290,tt1434449,Self Helpless,Self Helpless,2011-08-10,2.2031,0.0,0,[35],en,0,0,128,,"Patrick Cassidy, Andrick Deppmeyer, Adam Jaroszewski, P.K. Simone","Andrick Deppmeyer, Patrick Cassidy, P.K. Simone, Adam Jaroszewski, Kylie Clay"
57353,tt1446147,Cat Run,Cat Run,2011-04-01,2.3869,5.241,162,"[28, 35, 53]",en,25000000,65708,106,Lleju Productions,John Stockwell,"Paz Vega, Janet McTeer, Alphonso McAuley, Scott Mechlowicz, Christopher McDonald"
923476,tt2018160,Two Minutes,Two Minutes,2011-05-23,2.0697,10.0,2,"[18, 10751]",en,0,0,7,"4D Pictures, Poisson Rouge Pictures",Christopher Granier-Deferre,"Jodie Whittaker, Larry Lamb, Perri Snowdon, Farah Merani"
121769,tt1881012,Moja Australia,Moja Australia,2011-07-12,2.2135,7.4,7,[18],pl,0,0,97,"Apple Film Production, Transfax Film Productions",Ami Drozd,"Jakub Wróblewski, Aleksandra Popławska, Marcin Tyrol, Igor Obłoza, Łukasz Sikora"
179934,tt3565164,Towa no Quon 6: Eternal Quon,トワノクオン 第六章 永久の久遠,2011-10-25,2.4747,6.63,27,"[16, 28, 14, 878]",ja,0,0,48,"BONES, Sony PCL, movic, Lantis, Showgate, Hakuhodo DY Media Partners, Bandai Visual",Umanosuke Iida,"Hiroshi Kamiya, Kaori Nazuka, Ryoko Shiraishi, Kohsuke Toriumi, Jouji Nakata"
667905,tt2075258,Nazi Goreng,Nazi Goreng,2011-10-28,1.9273,7.0,1,[35],de,0,0,6,Hamburg Media School,Nathan Nill,"Marc Rissmann, Yûho Yamashita, Johnny Müller, Adrian Dittus"
1451137,,Stay Low,Stay Low,2011-03-05,2.2567,0.0,0,[],en,0,0,37,,Mickey Reece,"James Paulsgrove, Barb Hendrickson, Rathe Holmes, Jay Paulsgrove, Todd Staggs"
57736,tt1814797,Mirapakay,Mirapakay,2011-01-12,2.2945,5.684,19,"[28, 35]",te,0,0,160,,Harish Shankar,"Ravi Teja, Richa Gangopadhyay, Deeksha Seth, Prakash Raj, Kota Srinivasa Rao"
705021,tt5692076,El Silbón,El Silbón,2011-08-20,2.2903,2.0,0,[],es,0,0,29,,David Cabrera,"Prakriti Maduro, Asdrúbal Meléndez, Miguelangel Landa"
578681,tt1990206,They Say,Dicen,2011-03-12,2.2211,7.0,1,[18],en,0,0,19,"Garage Films, Encanta Films, East Pleasant Pictures",Alauda Ruiz de Azúa,"Kayla Brown, Brandon Carlino, Kensey Olsen, Rachel Pirard, Liana Costable"
67273,tt1753549,Buck,Buck,2011-06-17,3.329,7.241,56,[99],en,0,386749,89,"Back Allie Entertainment, Cedar Creek Productions",Cindy Meehl,"Buck Brannaman, Robert Redford"
56171,tt1680138,Mega Python vs. Gatoroid,Mega Python vs. Gatoroid,2011-01-29,2.1911,4.169,83,"[28, 878, 12]",en,500000,0,90,"The Asylum, Syfy",Mary Lambert,"Tiffany, Debbie Gibson, A Martinez, Kathryn Joosten, Kevin M. Horton"
63207,tt1634121,Intruders,Intruders,2011-09-12,2.5444,5.482,574,"[53, 27, 14]",en,13000000,3012210,100,"Apaches Films, Universal Pictures International, Ministerio de Cultura, Canal+ España, Atresmedia",Juan Carlos Fresnadillo,"Clive Owen, Carice van Houten, Ella Purnell, Adrian Rawlins, Daniel Brühl"
109932,tt3140634,Ladies Mafia,Ladies Mafia,2011-01-01,1.996,2.85,10,"[18, 28, 80]",es,0,0,0,Laguna Productions,Óscar González Iñiguez,"Harold Torres, Gerardo Taracena, Ariel Galván, Mario Zaragoza, Joss Waleska"
65762,tt1502420,Swinging with the Finkels,Swinging with the Finkels,2011-06-01,2.8628,4.467,60,"[35, 10749]",en,0,0,85,"Kintop Pictures, StarLight Films, Serendipity Films",Jonathan Newman,"Mandy Moore, Martin Freeman, Melissa George, Jonathan Silverman, Elizabeth Tan"
253545,tt1388391,Bicycle Bride,Bicycle Bride,2011-05-20,2.3124,0.0,0,"[10749, 35]",en,0,0,104,Zee Films,Hassan Zee,"Melanie Kannokada, Shruti Tewari, Andreas Wilson, Ranjita Chakravarty, Jonathan Bock"
363171,tt2111419,Strangers,Strangers,2011-12-06,2.5188,0.0,0,[18],en,0,0,11,,Jingliang Tan ,"Olivia Zhu, Yam Yi Si, Kelly Lim, Malvin Chua"
382264,,"Manyas, La Película","Manyas, La Película",2011-10-10,2.4478,0.0,0,[99],es,0,0,70,,Andrés Benvenuto,"Antonio Pacheco, Fernando Morena, Pablo Bengoechea"
71866,tt1151410,Tanner Hall,Tanner Hall,2011-09-09,2.5749,5.55,130,[18],en,0,0,96,Voltage Pictures,"Francesca Gregorini, Tatiana von Fürstenberg","Rooney Mara, Georgia King, Brie Larson, Amy Ferguson, Tom Everett Scott"
75533,tt1867539,The Poolboy,El limpiapiscinas,2011-03-17,2.6114,5.4,33,[35],es,0,0,92,,José Guridi,"Sebastián Badilla, Denise Rosenthal, Alejandra Fosalba, Pablo Zuñiga, Fernando Larraín"
146533,tt2221713,Keranda Kuntilanak,Keranda Kuntilanak,2011-09-22,2.1529,3.0,1,"[35, 27]",id,0,0,83,Rapi Films,"Nayato Fio Nuala, Koya Pagayo","Zacky Zimah, Fiona Fachru, Anastasya Octaviana, Indra Brotolaras, Stefan William"
55248,tt1566486,Behemoth,Behemoth,2011-01-15,2.6154,3.9,50,"[27, 878]",en,1300000,0,90,"CineTel Films, Goliath Pictures, RHI Entertainment, Reel One Entertainment, Syfy",W.D. Hogan,"Ed Quinn, Pascale Hutton, Cindy Busby, Jessica Parker Kennedy, Ty Olsson"
846414,,The Hotel,The Hotel,2011-01-01,2.3134,0.0,0,[],en,0,0,17,,Paul Wong,"Marvin Vergara, Sally Chui, Paul Wong, Cara Siu, Andrea Van Schubert"
425593,tt1957839,Alex,Alex,2011-06-03,2.3938,0.0,0,[],en,0,0,19,,Annalisa Vozza,"Hannah Pearl Utt, Mackenzie Davis, Dasha Kittredge, Stephen Sheffer, Lareysa Smith"
1716639,,Bye Bye,Bye Bye,2011-06-06,2.1118,5.0,1,"[35, 18]",fr,0,0,0,"Barylevy, CoBruno",Édouard Deluc,"Nathalie Baye, Sabrina Ouazani, Mati Diop, Vanessa Mikowski"
1490312,,First Love,First Love,2011-05-05,2.1931,0.0,0,"[99, 12]",en,0,0,58,Liquid Pictures,Clare Gorman,"Jess Laing, Nikki van Dijk, India Payne, Georgia Fish, Cahill Bell-Warren"
500328,tt2271569,Revealing Stories,Revealing Stories,2011-07-03,2.057,0.0,0,[35],en,0,0,10,24 Three Films,"Nicholas Keegan, Ehizojie Ojesebholo","Mark Monero, Jason Behan, Cresta Connell, Louie Behan, Tiger Musigapong"
425031,,"Colon, Michigan","Colon, Michigan",2011-01-01,1.9489,0.0,0,[],en,0,0,14,,Andrew Kim,
63749,tt1684927,Swamp Shark,Swamp Shark,2011-06-25,2.0741,4.368,91,"[28, 12, 35, 27, 10770]",en,0,0,85,Bullet Films,Griff Furst,"Kristy Swanson, Robert Davi, D. B. Sweeney, Wade Boggs, Sophie Sinise"
46221,tt1735485,The Tunnel,The Tunnel,2011-05-19,2.0163,5.795,480,"[27, 53, 9648]",en,135000,0,90,"Distracted Media, Zapruder's Other Films, DLSHS",Carlo Ledesma,"Bel Deliá, Luke Arnold, Andy Rodoreda, James Caitlin, Goran D. Kleut"
63996,tt1700423,Gooische Vrouwen,Gooische Vrouwen,2011-03-10,2.589,5.891,55,[18],nl,3500000,18000000,105,Independent Films,Will Koopman,"Linda de Mol, Susan Visser, Tjitske Reidinga, Lies Visschedijk, Peter Paul Muller"
68202,tt1547090,Without Men,Without Men,2011-06-29,2.4567,3.784,37,"[35, 10749]",en,4,0,83,Indalo Productions,Gabriela Tagliavini,"Eva Longoria, Christian Slater, Oscar Nuñez, Kate del Castillo, Mónica Huarte"
86812,tt1748207,Sound of My Voice,Sound of My Voice,2011-01-22,2.7674,6.323,443,"[878, 18, 9648, 53]",en,0,405614,85,Skyscraper Films,Zal Batmanglij,"Brit Marling, Christopher Denham, Nicole Vicius, Davenia McFadden, Kandice Stroh"
284677,tt1733268,Red Dragonflies,Red Dragonflies,2011-05-05,2.1284,0.0,0,[18],en,0,0,96,13 Little Pictures,Liao Jiekai,"Ng Xuan Ming, Jason Hui, Thow Xin Wei, Oon Yee Jeng, Yeo Shang Xuan"
741141,,The Hedgehog,The Hedgehog,2011-01-01,2.0005,0.0,0,"[18, 35]",ru,0,0,7,,Alexandra Tsareva,"Sergey Markeev, Igor Mikhailov, Aleksandr Mashanov"
784946,,Political Dress,Political Dress,2011-01-01,1.7592,0.0,0,[99],en,0,0,62,"Instytut Adama Mickiewicza - Culture.pl, Follow Me Film Production",Judyta Fibiger,"Barbara Hoff, Joanna Gleń, Ewa Hornich, Anita Jancia, Małgorzata Kozioł"
59118,tt1726861,The Prey,La Proie,2011-04-12,2.1456,6.489,235,"[28, 80, 53]",fr,0,0,102,"Brio Films, StudioCanal, TF1 Films Production",Eric Valette,"Albert Dupontel, Alice Taglioni, Stéphane Debac, Natacha Régnier, Sergi López"
980942,tt11951852,Stake Land: Willie,Stake Land: Willie,2011-05-11,1.5913,4.0,1,[27],en,0,0,5,Glass Eye Pix,Danielle Harris,"Sean Nelson, David Anthony"
566289,tt1993432,Bodily Function,Tjelesna funkcija,2011-07-24,2.2378,0.0,0,[18],bs,0,0,41,Obala Art Centar,Dane Komljen,"Anel Hasanbašić, Rijad Gvozden"
914462,,Meehatpa,Meehatpa,2011-07-14,2.1229,0.0,0,[18],xx,0,0,153,,Kishorekumar Ksh,"Gokul Athokpam, Bala Hijam, Anupkumar Ksh, Gurumayum Bonny, Guna"
439647,tt1816084,Emancipation,eMANNzipation,2011-10-05,2.1407,3.333,3,"[18, 35]",de,0,0,115,,Philipp Müller-Dorn,"Urs Stämpfli, Roland Avenard, Eduard Burza, Sieruan Casey, Dela Dabulamanzi"
1104931,,My Camera and Tsunami,My Camera and Tsunami,2011-08-09,1.9316,0.0,0,[99],en,0,0,90,Public Service Broadcasting Trust,R. V. Ramani,
1657049,tt2137502,Truco,Truco,2011-11-07,2.3342,0.0,0,[35],es,0,0,3,Estrella Infernal,Andrés Borghi,"Sergio Berón, Laura Raggio, Gustavo Fernández, El Cicho"
40161,tt1657299,The Decoy Bride,The Decoy Bride,2011-06-06,2.8681,5.976,253,"[18, 35, 10749]",en,0,0,89,"Scottish Screen, Isle of Man Film, CinemaNX, Ecosse Films",Sheree Folkson,"Kelly Macdonald, Alice Eve, David Tennant, Michael Urie, Federico Castelluccio"
948590,,Dia Voa,Dia Voa,2011-07-20,2.2248,0.0,0,[99],pt,0,0,0,,Bruno Natal,"Chico Buarque, Jorge Helder, João Rebouças, Luiz Cláudio Ramos, Wilson das Neves"
1047042,,Nhar Tzad Tfa Dow,نهار تزاد طفا الضو,2011-07-17,2.1049,0.0,0,[],ar,0,0,115,,Mohamed Karrat,"Rachid El Ouali, Houda Rihani, Nadia Alami, Abdelkebir Rgagna, Mohamed Atir"
49010,tt1640459,Hobo with a Shotgun,Hobo with a Shotgun,2011-05-06,2.7198,5.898,711,"[80, 28, 53]",en,3000000,748453,86,"Rhombus Media, Whizbang Films, Yer Dead",Jason Eisener,"Rutger Hauer, Molly Dunsworth, Gregory Smith, Robb Wells, Brian Downey"
244092,tt1997412,The Runaway,La huida,2011-02-01,2.0847,7.0,5,"[35, 12]",es,0,0,11,Escándalo Films,Víctor Carrey,Joaquín Díaz
80530,tt1979269,Magic Beyond Words: The J.K. Rowling Story,Magic Beyond Words: The J.K. Rowling Story,2011-07-18,2.6028,6.85,217,[18],en,0,0,87,"Media Max Productions, Lifetime",Paul A. Kaufman,"Poppy Montgomery, Emily Holmes, Antonio Cupo, Janet Kidder, Madison Desjarlais"
80440,tt1740053,A Burning Hot Summer,Un été brûlant,2011-09-28,2.3511,5.1,51,[18],fr,0,0,95,"Rectangle Productions, Wild Bunch, Faro Film, Prince Film, RSI, SRG SSR",Philippe Garrel,"Monica Bellucci, Louis Garrel, Céline Sallette, Jérôme Robart, Vladislav Galard"
85924,tt1692848,Guest,Guest,2011-03-25,2.1584,6.0,8,[99],en,0,0,126,"Versus Entertainment, Roxbury Pictures",José Luis Guerín,"José Luis Guerín, Jonas Mekas, Chantal Akerman, Tanja Czichy, Charlotte Dupont"
78570,tt1821680,Top Cat: The Movie,Don Gato y su pandilla,2011-09-16,2.8498,6.134,86,"[16, 10751, 35]",es,6000000,16611575,90,"Illusion Studios, Ánima Estudios",Alberto Mar,"Rául Anaya, Jorge Arvizu, Mario Castañeda, Eduardo Garza, Jesús Guzmán"
967345,tt1774416,Immanence,Immanence,2011-03-15,2.2591,0.0,0,"[18, 80, 53, 27]",en,1000,0,7,,Nikolaus Aldrich,"John Glowacki, Mark Puchinsky"
346266,tt2351748,Los SuperMartínez,Los SuperMartínez,2011-04-05,1.9853,4.0,1,[878],en,0,0,4,,David Valero,"Ricardo Pastor, Joana Martín"
1518103,tt1545056,Desert Rain,Desert Rain,2011-03-01,2.0663,10.0,1,"[35, 18, 37]",en,10000,0,80,,Steve Loff,"Alexandria Morrow, Daniel Van Hart, Brea Angelo, William Arute, Todd Baker"
94366,tt1849899,Trinity Goodheart,Trinity Goodheart,2011-08-20,2.5397,0.0,0,[18],en,0,0,91,,JoAnne Hock,"Eric Benét, Arika Gluck, James Hong, Mark LaMura, Jennifer Van Horn"
81704,tt1830792,Romeos,Romeos,2011-12-08,2.1723,6.783,83,[18],de,0,0,94,"Enigma Film, Boogiefilm, ZDF",Sabine Bernardi,"Rick Okon, Max Befort, Liv Lisa Fries, Felix Brocke, Silke Geertz"
80361,tt1563776,Jensen & Jensen,Jensen & Jensen,2011-08-11,2.2921,3.8,8,[35],da,0,423322,77,"Miso Film, SF Studios",Craig Frank,"Mick Øgendahl, Nicolas Bro, Christine Exner, Ask Rostrup, Puk Scharbau"
65945,tt1693872,Red Faction: Origins,Red Faction: Origins,2011-06-04,2.5843,5.196,84,[878],en,0,0,91,"THQ, UCP, BUFO",Michael Nankin,"Tamzin Merchant, Danielle Nicolet, Brian J. Smith, Kate Vernon, Devon Graye"
549810,tt1858534,Smoking Kills,Smoking Kills,2011-06-19,2.0023,0.0,0,[35],en,0,0,6,Gemini / Snake Productions,Sabina Vajrača,"Amanda Barron, Chad Hoeppner"
269985,,Senior Servant,Senior Servant,2011-01-01,2.4391,0.0,0,[],en,0,0,95,,Afam Okereke,"Nkem Owoh, Sam Loco Efe, Charles Inojie, Diewait Ikpechukwu"
101562,tt1992172,Legenes Krig,Legenes Krig,2011-06-18,2.1956,0.0,0,[99],no,0,0,52,"Alert Film, Video DigiBeta",Elsa Kvamme,Elling Kvamme
1470281,tt2094946,Surpriseville,Surpriseville,2011-11-01,2.0898,0.0,0,[99],en,0,0,10,Scottish Documentary Institute,Tim Travers Hawkins,
665066,tt1860340,The Rescue,The Rescue,2011-06-23,2.1023,0.0,0,[],en,0,0,18,,Philippe Gosselin,"Philippe Gosselin, Javier Galitó-Cava, Cynthia Seats, Michael J. Esparza, Micah Blanc"
185376,tt14378330,Giant Woman vs. Big Octopus,猛毒Y談 海女テラス大神,2011-11-02,2.1216,3.0,1,"[14, 878]",ja,0,0,71,StarBoard,Takao Nakano,"Alice Ozawa, Nozomi Nishiyama, Mika Kurosawa, BOBBY, Shoji Yuki"
56272,tt1340773,Elektra Luxx,Elektra Luxx,2011-03-11,2.2991,4.757,171,"[35, 18]",en,0,10,98,Gato Negro Films,Sebastian Gutierrez,"Carla Gugino, Joseph Gordon-Levitt, Timothy Olyphant, Adrianne Palicki, Emmanuelle Chriqui"
65647,tt1692214,Monsieur Papa,Monsieur Papa,2011-06-01,2.2983,5.5,91,[35],fr,0,0,90,"Pathé, Arcadia, Eskwad, M6 Films",Kad Merad,"Kad Merad, Michèle Laroque, Gaspard Meier-Chaurand, Vincent Perez, Judith El Zein"
65345,tt1728978,Longhorns,Longhorns,2011-06-25,2.2979,5.7,41,"[10749, 35]",en,0,0,75,TLA Releasing,David Lewis,"Jacob Newton, Derek Efrain Villanueva, Dylan Vox, Kevin Held, Stephen Matzke"
1067987,,El Cannibal,El Cannibal,2011-09-08,2.2974,0.0,0,[16],fr,0,0,2,Gobelins,"Gaspard Sumeire, Pierre Rütz",
969418,tt1989453,Donkey,Asal,2011-07-09,2.297,0.0,0,[18],ga,0,0,13,Newgrange Pictures,Tomás Ó Súilleabháin,"Michael O'Flatharta, Colm O'Ceoinin, Conal O'Céidigh, Bertie O'Domhnaill, Padraic O'Flatharta"
893960,,Unloacked King,Unloacked King,2011-02-11,2.2969,0.0,0,"[18, 28]",zh,0,0,0,CCTV-6 China Movie Channel 电影频道节目中心 (CMC),Hai Chao,"Wei Wei Ma, Zhao Jialin, Dong Li"
73565,tt1570559,Burning Man,Burning Man,2011-09-10,2.2965,5.985,68,"[18, 10749]",en,0,0,111,"Filmbox, Screen NSW, Latitude Media",Jonathan Teplitzky,"Matthew Goode, Bojana Novaković, Essie Davis, Jack Heanly, Kerry Fox"
79123,tt1493815,Little Murder,Little Murder,2011-01-08,2.294,5.133,30,"[18, 53]",en,0,0,98,"S3 Entertainment Group, Mind in Motion Entertainment, Little Murder Production Company",Predrag Antonijević,"Josh Lucas, Terrence Howard, Lake Bell, Deborah Ann Woll, Bokeem Woodbine"
116466,tt2071620,The Flat,The Flat,2011-07-11,2.2938,6.407,27,[99],he,0,0,97,"Zero One Film, ZDF, ARTE",Arnon Goldfinger,Axel Milberg
497591,tt2011885,Blinding Light,Blinding Light,2011-05-10,2.2935,0.0,0,[],en,0,0,30,,Yamila Gonzalez,"Ravi Smith, Kyra Bouchereau-Brown, Marcell Black, Amedeo Falgiatore, Nicole D. Hodges"
431609,tt22640878,Lindsay Lohan,Lindsay Lohan,2011-06-01,2.2928,5.0,3,[18],en,0,0,2,,Richard Phillips,Lindsay Lohan
70877,tt1640486,Inside Out,Inside Out,2011-09-27,2.2922,4.64,43,"[80, 28]",en,0,0,93,WWE Studios,Artie Mandelberg,"Paul Levesque, Juliette Goglia, Parker Posey, Bruce Dern, Michael Rapaport"
1590965,tt13439410,Avargalum Ivargalum,அவர்களும் இவர்களும்,2011-03-18,2.291,0.0,0,"[10749, 18]",ta,0,0,135,Lakshika Films,Mantra Veerapandian,"Vimal Natarajan, Sathish, Aishwarya Rajesh, Supraja, Risha"
262066,,Zero Hour,Hora Cero,2011-06-25,2.2894,5.2,2,"[18, 10751, 36]",es,0,0,0,"Avivamiento Cine, Avivamiento Broadcasting Network","Alvaro Pardo D., Arnold Guzmán A.","Felipe Calero, Diana Ángel, Guido Molina, Ana María Kamper, Luis Fernando Múnera"
333817,tt1862502,The Nothing,The Nothing,2011-04-14,2.2875,3.0,3,"[9648, 27]",en,0,0,95,Quantum Pictures,Joshua Childs,"Jeff Boyet, Jared Carter, Jeremy Childs, Jeff Durham, Shawn Whitsell"
79516,tt2005363,TEKKEN: Blood Vengeance,鉄拳 ブラッド・ベンジェンス,2011-07-26,2.2857,6.793,232,"[28, 16, 878]",ja,0,0,100,"Digital Frontier, Bandai Namco Entertainment",Youichi Mouri,"Isshin Chiba, Unsho Ishizuka, Yuki Matsuoka, Mamoru Miyano, Ryotaro Okiayu"
73936,tt1410051,Retreat,Retreat,2011-10-14,2.2853,5.6,343,"[27, 18, 53]",en,0,4498,89,"Magnet Films, Ripple World Pictures, SC Films International",Carl Tibbetts,"Cillian Murphy, Jamie Bell, Thandiwe Newton, Jimmy Yuill, Marilyn Mantle"
991787,,Twin Parallel,Twin Parallel,2011-01-01,2.2835,0.0,0,[],en,0,0,2,,Justin Anderson,
92850,tt2062602,Nightmare Factory,Nightmare Factory,2011-10-27,2.2834,7.208,24,[99],en,0,0,94,Ruby Tree Films,Donna Davies,"Greg Nicotero, Howard Berger, Tom Savini, John Carpenter, Frank Darabont"
71208,tt1242642,Judas Kiss,Judas Kiss,2011-04-01,2.283,5.429,56,"[18, 878]",en,500000,0,94,Blue Seraph Productions,J.T. Tepnapa,"Dennis Bateman, Brent Corrigan, Richard Harmon, Charlie David, Genevieve Buechner"
62425,tt1909348,Talking Funny,Talking Funny,2011-04-22,2.1275,7.363,62,"[35, 99]",en,0,0,50,,John Moffitt,"Ricky Gervais, Louis C.K., Jerry Seinfeld, Chris Rock"
815968,tt11207634,Doña Tormenta,Doña Tormenta,2011-12-31,2.5266,2.333,3,[],es,0,0,90,,Ricardo Pérez Roulet,"Roberto Ballesteros, Vicky Contreras, Karla Carbajal, Amador Granados, Ricardo Pérez Roulet"
55725,tt1606392,Win Win,Win Win,2011-03-18,2.4435,6.825,570,"[18, 35]",en,10831173,10654385,106,"Next Wednesday Productions, Fox Searchlight Pictures, Everest Entertainment, Groundswell Productions",Tom McCarthy,"Paul Giamatti, Amy Ryan, Bobby Cannavale, Jeffrey Tambor, Burt Young"
645352,,Sirmilik,Sirmilik,2011-01-01,2.2028,0.0,0,[],en,0,0,11,,Zacharias Kunuk,Tanya Tagaq
115969,tt1686865,Buddha: The Great Departure,手塚治虫のブッダ -赤い砂漠よ!美しく-,2011-05-28,2.3836,7.48,76,"[12, 16, 18, 36]",ja,0,0,111,"Toei Animation, Tezuka Productions, Toei Company, Kinoshita Group, Warner Bros. Japan, Toei Video Company, Kaga Electronics, Yomiuri Shimbun Company",Kouzou Morishita,"Sayuri Yoshinaga, Masato Sakai, 観世清和, Hidetaka Yoshioka, Ai Orikasa"
53010,tt1667100,Second Chance,La Chance de ma vie,2011-01-05,3.0266,5.737,274,"[35, 10749]",fr,5000000,0,87,"Fidélité Films, SCOPE Pictures, Jerico, Wild Bunch, Mars Films, TF1 Films Production",Nicolas Cuche,"Virginie Efira, François-Xavier Demaison, Raphaël Personnaz, Thomas Ngijol, Brigitte Roüan"
75623,tt1554092,The Howling: Reborn,The Howling: Reborn,2011-10-18,2.4686,4.688,149,[27],en,0,0,92,Sunfilm Entertainment,Joe Nimziki,"Landon Liboiron, Lindsey Shaw, Ivana Miličević, Jesse Rath, Niels Schneider"
76815,tt1912996,Barely Legal,Barely Legal,2011-07-26,2.7299,3.704,81,[35],en,1000000,0,89,The Asylum,Jose Montesinos,"Jeneta St. Clair, Lisa Younger, Melissa Johnston, Morgan Benoit, Myko Olivier"
407038,,100K,100K,2011-01-30,1.9861,0.0,0,[18],es,0,0,14,"Puerto Rico Film Corporation, Cinemovida Entertainment Inc., Morbo Films",Kathy García,"Emil Soler, César Castillo, Emilio Suárez, Liliana Sampoll"
410597,tt2018050,Candy,Candy,2011-06-18,1.9517,6.2,5,"[10749, 18]",en,0,0,15,,Kinga Burza,"Ella Purnell, Ben Chamberlain, Luke Allen-Gale"
66150,tt1687247,Life in a Day,Life in a Day,2011-01-27,2.3212,7.204,257,"[99, 18]",en,45202,225861,95,"Scott Free Productions, LG","Kevin Macdonald, Zillah Bowes, Phil Loarie, Kjell Bismeyer, Jon Haas","Cindy Baer, Moica, Caryn Waechter, Drake Shannon"
1055296,,Going Home,Balik Kampung,2011-01-01,2.3322,0.0,0,[],en,0,0,0,,Derrick Chew,Oon Shu An
788611,tt1889392,Galicia caníbal,Galicia caníbal,2011-04-01,2.0813,0.0,0,"[99, 10402]",es,0,0,0,"Filmanova, TVE",Antón Reixa,"Manuel Manquiña, Silvia Superstar, Antón Reixa, Julián Hernández, Jesús Ordovás"
61348,tt1709157,The Lost Valentine,The Lost Valentine,2011-01-30,2.9928,6.944,126,"[10770, 10749, 18]",en,0,0,100,Hallmark Hall of Fame Productions,Darnell Martin,"Jennifer Love Hewitt, Betty White, Sean Faris, Billy Magnussen, Meghann Fahy"
79464,tt1839596,Rockstar,Rockstar,2011-11-11,2.8466,7.302,236,"[18, 10402, 10749]",hi,10920000,19660000,159,"Eros International, Shree Ashtavinayak Cine Vision",Imtiaz Ali,"Ranbir Kapoor, Nargis Fakhri, Shammi Kapoor, Aditi Rao Hydari, Kumud Mishra"
118249,tt2051999,Thriller Night,Thriller Night,2011-09-13,2.447,6.8,112,"[16, 10402, 27, 35]",en,0,0,6,DreamWorks Animation,"Sean Bishop, Gary Trousdale","Michael Gough, Dean Edwards, Holly Fields, André Sogliuzzo, Cody Cameron"
118966,tt2100684,Yangın Var,Yangın Var,2011-12-09,2.2773,5.9,10,"[35, 18]",tr,0,0,0,,Murat Saraçoğlu,"Osman Sonant, Nesrin Cavadzade, Yavuz Bingöl, Erkan Can, Şerif Sezer"
226319,tt1998214,El Fin,El Fin,2011-10-29,2.1722,1.0,1,"[35, 14, 878]",es,0,0,85,,Miguel Alejandro Gomez,
75821,tt1934381,Sector 7,7광구,2011-08-04,2.6274,4.9,84,"[27, 878, 28]",ko,8700000,0,101,"CJ Entertainment, JK Film",Kim Ji-hoon,"Ha Ji-won, Oh Ji-ho, Ahn Sung-ki, Park Cheol-min, Song Sae-byuk"
67675,tt1922612,Glee: The Concert Movie,Glee: The Concert Movie,2011-08-11,2.5628,7.314,279,"[10402, 99, 10751]",en,9000000,18663238,84,"Ryan Murphy Television, 20th Century Fox, 20th Century Fox Television",Kevin Tancharoen,"Lea Michele, Cory Monteith, Dianna Agron, Chris Colfer, Darren Criss"
57276,tt1440266,Pina,Pina,2011-02-24,2.6457,7.36,286,[99],de,4317946,14624826,106,"ZDF, Eurowide Film Production, ARTE, ZDFtheaterkanal, 3sat, Neue Road Movies",Wim Wenders,"Regina Advento, Malou Airaudo, Ruth Amarante, Pina Bausch, Jorge Puerta"
483392,tt2691086,Filmriss!,Filmriss!,2011-12-21,1.8379,8.0,2,[35],de,0,0,0,Kino ohne Talent,Felix Gerbrod,"Jens Grabarske, Melf Neumeyer, Cho Kola, Gerrit Grewing, Henriette Riese"
73121,tt2246829,Love Story,Love Story,2011-07-14,2.2347,5.125,8,[],en,0,0,91,,Florian Habicht,"Florian Habicht, Masha Yakovenko, Frank Habicht"
434907,tt4481044,Naked Hours,Goli sati,2011-04-05,2.3903,0.0,0,[18],hr,0,0,19,Akademija dramske umjetnosti (ADU),Igor Bezinović,"Neven Aljinović-Tot, Ljubo Pauzin"
1029960,tt1753764,El Compromiso,El Compromiso,2011-04-29,2.0605,5.0,1,[],es,0,0,100,Estudios Cinematográficos Orosí,Óscar Castillo,"Rubén Pagura, Beatriz Brenes, Marco Martin, Elizabeth Liang, Rocío Carranza"
1026440,tt3774062,Debra Milke,Debra Milke,2011-03-04,2.1565,0.0,0,"[99, 18]",en,0,0,0,"Caravel Production, RTS","Gesenn Rosset, Jean-François Amiguet",
293401,tt1908551,Road Hell,Road Hell,2011-07-06,2.3094,1.0,1,[27],en,0,0,85,,"Pete Jacelone, Alex Pucci, Draven Gonzalez","Jaclyn Marfuggi, Jim Hazelton, John Link, Austin Dossey, Niki Rubin"
261917,tt3266864,Kiyamet,Kijamet,2011-03-29,1.9252,4.0,1,"[16, 14, 27]",bs,0,0,10,,Ivan Ramadan,Ivan Ramadan
1205227,,Starry Night,Starry Night,2011-03-29,2.1704,0.0,0,[18],cn,0,0,13,,Nick Cheuk Yik-Him,Lo Chun-Yip
228418,,Roma Fantástica,Roma Fantástica,2011-01-01,1.9331,0.0,0,[],pt,0,0,0,,jean-Phillipe Guigou,Luigi Cozzi
75229,tt1595833,The Monitor,Babycall,2011-10-07,2.1991,5.813,160,"[18, 53]",no,0,1417397,93,"4 1/2, BOB Film Sweden, Pandora Film, SF Norge, NFP, The Match Factory",Pål Sletaune,"Noomi Rapace, Vetle Qvenild Werring, Kristoffer Joner, Stig R. Amdam, Maria Bock"
379834,,Avalons,Avalons,2011-01-02,2.1593,0.0,0,[],pt,0,0,0,,Carlos Eduardo Nogueira,Thaís Simi
267891,tt1753593,Cisne,Cisne,2011-09-08,2.2019,7.7,3,[18],pt,0,0,103,Alce Filmes,Teresa Villaverde,"Beatriz Batarda, Rita Loureiro, Miguel Nunes, Israel Pimenta, Sérgio Fernandes"
783670,,auschwitz,auschwitz,2011-07-15,2.1147,0.0,0,[99],en,0,0,4,,Jamie Stewart,
78646,tt1827358,She Monkeys,Apflickorna,2011-01-31,2.4991,4.948,48,[18],sv,1,0,84,Atmo Media Network,Lisa Aschan,"Mathilda Paradeiser, Linda Molin, Isabella Lindquist, Sergej Merkusjev, Adam Lundgren"
640962,tt1985935,7 Down,7 Down,2011-05-01,2.0083,0.0,0,"[35, 27, 53]",en,0,0,47,Bootsy Cox Productions,Tyler L. Schmid,"Colby Coash, Jason Ables, Eric Bahm, Jennii Caroline, Carrie Conley"
219624,tt2089716,Female Prisoner No. 701 Scorpion: Gaiden,女囚 701-号: 蝎外伝,2011-10-07,2.8963,4.571,7,"[80, 18, 53]",ja,0,0,72,Shintoho Pictures,Ken'ichi Fujiwara,"Kirara Asuka, Suwaru Ryû, Junichi Kawamoto, Yoko Satomi, Riri Kouda"
95921,tt1645074,Four,Four,2011-10-21,2.0565,2.0,8,[53],en,500000,0,85,Oh My! Productions,John Langridge,"Sean Pertwee, Martin Compston, Craig Conway, George Morris, Kierston Wareing"
391708,tt1949544,Golchehreh,Golchehreh,2011-01-01,2.1912,5.0,3,[18],fa,0,0,108,,Vahid Mousaian,"Afshin Hashemi, Hedayat Hashemi, Hossein Mohebahari, Ladan Mostoufi, Masoud Rayegan"
79934,tt1921043,The Clown,O Palhaço,2011-10-28,2.3846,7.24,192,"[35, 18]",pt,0,0,90,"Mondo Cane Filmes, Bananeira Filmes, Globo Filmes, Telecine",Selton Mello,"Selton Mello, Paulo José, Larissa Manoela, Danton Mello, Giselle Motta"
60011,tt1173687,The Bang Bang Club,The Bang Bang Club,2011-04-22,2.8479,6.597,186,"[18, 36]",en,0,0,106,Film Foundry Partners,Steven Silver,"Malin Akerman, Ryan Phillippe, Taylor Kitsch, Frank Rautenbach, Neels Van Jaarsveld"
1266738,,Zugzwang,Цугцванг,2011-01-14,1.81,0.0,0,[18],kk,0,0,93,KUN Production,Igor Tsay,"Nurlan Turashev, Rashad Mammadov, Robert Kuhn, Igor Tsay, Danil Volkovinsky"
470192,tt4126076,Scumbag Millionaire,Scumbag Millionaire,2011-04-20,2.3071,5.0,1,[80],en,0,0,18,,Simon McGuire,"Francis Ryan, Sean Flynn, Nigel Mercier, Zeb Moore, Jason Shinners"
73500,tt1381418,You May Not Kiss the Bride,You May Not Kiss the Bride,2011-04-03,2.8733,5.6,214,"[28, 80, 35, 10749]",en,0,0,97,"Luminair Film Productions, Hawaii Film Partners, Showcase Entertainment, Inc.",Rob Hedden,"Dave Annable, Katharine McPhee, Rob Schneider, Mena Suvari, Tia Carrere"
179930,tt3565136,Towa no Quon 2: Dancing Orchid in Chaos,トワノクオン 第二章 混沌の蘭舞,2011-07-15,2.1266,6.72,25,"[28, 16, 878, 14]",ja,0,0,48,"BONES, Bandai Visual, Hakuhodo DY Media Partners, Showgate, Lantis, movic, Sony PCL",Umanosuke Iida,"Hiroshi Kamiya, Ryoko Shiraishi, Jouji Nakata, Minako Kotobuki, Saori Hayami"
87430,tt2109131,God's Faithful Servant: Barla,Allah'ın Sadık Kulu: Barla,2011-11-04,2.1628,4.8,6,[],tr,0,0,108,,Esin Orhan ,"Enver Seyitoğlu, Faruk Üstün, Ercan Demirel, Engin Yüksel, Şahin Çelik"
74147,tt1764666,The Little Engine That Could,The Little Engine That Could,2011-03-22,3.132,6.2,17,"[16, 10751]",en,0,0,83,"Universal Animation Studios, Crest Animation",Elliot M. Bour,"Alyson Stoner, Whoopi Goldberg, Patrick Warburton, Jeff Bennett, Jodi Benson"
544781,tt1600426,Monitor,Monitor,2011-11-05,2.1651,0.0,0,[27],en,0,0,77,,David V.G. Davies,"Yana Kolesnyk, Rami Hilmi"
77635,tt1911600,Miss Bala,Miss Bala,2011-10-14,2.6053,6.716,215,"[18, 28]",es,0,0,113,"Canana, Fox International Productions, Instituto Mexicano de Cinematografía, Consejo Nacional para la Cultura y las Artes, FIDECINE",Gerardo Naranjo,"Stephanie Sigman, Noé Hernández, Jose Yenque, James Russo, Irene Azuela"
94822,tt1943035,Villa Captive,Villa Captive,2011-01-01,2.0246,4.528,18,"[80, 53, 18]",en,0,0,79,,Emmanuel Silvestre,"Liza Del Sierra, Dario Lado, Shalim Ortiz, David Perez-Ribada, Derek Evans"
57118,tt1606180,That's What I Am,That's What I Am,2011-04-29,2.5068,6.797,207,"[18, 10751, 35, 10749]",en,5000000,0,101,WWE Studios,Michael Pavone,"Chase Ellison, Ed Harris, Molly Parker, Mia Rose Frampton, Amy Madigan"
163942,tt0146592,Adrienn Pál,Pál Adrienn,2011-03-17,2.1197,6.2,8,[18],hu,0,0,136,"KMH Film, Cinémadefacto, FreibeuterFilm, Isabella Films",Ágnes Kocsis,"Éva Gábor, István Znamenák, Horváth Ákos, Izabella Hegyi, Szabolcs Thuróczy"
87858,tt1336005,Ratline,Ratline,2011-06-24,2.0108,3.0,6,[27],en,0,0,104,Wicked Pixel Cinema,Eric Stanze,"Emily Haack, Jason Christ, Alex del Monacco"
370520,,We'll Become Oil,Öljysota,2011-03-28,2.0324,0.0,0,[],en,0,0,7,,Mihai Grecu,
986387,,Maison sonore,Maison sonore,2011-01-01,1.9066,0.0,0,"[16, 10402]",en,0,0,5,Hochschule für Gestaltung Offenbach am Main,Jonatan Schwenk,
952862,tt1844683,Ich,Ich,2011-01-01,2.1689,0.0,0,[18],de,0,0,0,Lomotion,David Fonjallaz,"Stefan Suske, Grazia Pergoletti, Henriette Cejpek, Andri Schenardi"
547883,tt1585660,Summertime,Summertime,2011-01-02,1.9292,0.0,1,"[18, 35, 10749]",en,0,0,90,Luftmensch Films,Max Weissberg,"Olivia Horton, H. R. Britton, Michele Cesari, Rajeev Varma, Eric Garcia"
966818,tt1982827,Rebuilding Titanic,Rebuilding Titanic,2011-06-20,1.9389,0.0,0,"[99, 10770]",en,0,0,60,Channel 4 Television,,"Victor Garber, Urenda Ookeena, Hadrian Spooner, Brendan Walker, Dave Wilkes"
66923,tt1684555,Horrid Henry: The Movie,Horrid Henry: The Movie,2011-07-29,2.3986,5.207,99,"[10751, 35, 12]",en,0,11045966,93,"Vertigo Films, Novel Entertainment Productions, Aegis Film Fund, Hindsight Media",Nick Moore,"Theo Stevenson, Anjelica Huston, Ross Marron, Parminder Nagra, Mathew Horne"
823222,,刘美君 Love Addict 音乐会,刘美君 Love Addict 音乐会,2011-05-04,2.0418,0.0,0,[10402],zh,0,0,0,,,Prudence Liew Mei-Kwan
70196,tt1653700,The Veteran,The Veteran,2011-04-29,2.1775,5.885,144,"[28, 80, 53]",en,0,0,98,"Local Films, Premiere Picture, Veteran Pictures, Media Pro One, DMK Productions, Iconiq Group",Matthew Hope,"Toby Kebbell, Adi Bielski, Brian Cox, Tony Curran, Ashley Thomas"
104711,tt1722484,Tom Sawyer,Tom Sawyer,2011-11-17,2.3189,6.0,57,"[12, 10751]",de,8500000,2963639,109,"Neue Schönhauser Filmproduktion, Majestic Film, NDR, BR, Hi Film Productions, ARTE, Fox International Productions Germany, ARD Degeto, Filmaufbau Leipzig",Hermine Huntgeburth,"Louis Hofmann, Heike Makatsch, Benno Fürmann, Joachim Król, Peter Lohmeyer"
97671,,Mologa. Russian Atlantis,Молога. Русская Атлантида,2011-11-06,2.1925,0.5,1,"[99, 18]",ru,0,0,53,,Nikolay Viktorov,"Lev Durov, Darya Rumyantseva, Egor Barinov, Nina Loshchinina, Konstantin Balakirev"
1395238,tt2343427,Cine Rincão,Cine Rincão,2011-12-21,2.2624,0.0,0,"[99, 18]",pt,0,0,0,Spray Filmes,Fernando Grostein Andrade,Gabriel Barbosa
86593,tt1795702,Wild Bill,Wild Bill,2011-10-21,2.2602,6.744,209,[18],en,0,0,98,"STS Media, 20ten Media",Dexter Fletcher,"Charlie Creed-Miles, Will Poulter, Sammy Williams, Leo Gregory, Andy Serkis"
55215,tt1711366,Dead Space: Aftermath,Dead Space: Aftermath,2011-01-27,2.5622,6.1,215,"[16, 27, 878]",en,2500000,0,85,"Clemensen Capital, Starz Media, Electronic Arts, The Gotham Group, Visceral Games, Pumpkin Studio, Pixtation, Film Roman",Mike Disa,"Christopher Judge, Peter Woodward, Kari Wahlgren, Ricardo Chavira, Gwendoline Yeo"
102070,tt3818692,Magister Negi Magi: Anime Final,劇場版 魔法先生ネギま! Anime Final,2011-08-27,2.1869,6.143,28,"[28, 16, 12, 14]",ja,0,0,80,"Studio Pastoral, SHAFT","Ken'ichi Ishikura, Akiyuki Shinbo","Madoka Kimura, Natsuko Kuwatani, Ayana Sasagawa, Rina Sato, Mari Kanou"
1769339,,"JMB, O Famigerado","JMB, O Famigerado",2011-05-02,2.6548,0.0,0,[99],pt,0,0,105,"Lucinescopia, Ateliê Produções",Luci Alcântara,"Jomard Muniz de Britto, Val das Canetas, Rodrigo Galindo, Alex, Dimas Veras"
74848,tt1642191,Chez Gino,Chez Gino,2011-03-29,2.385,4.417,18,[35],fr,7000000,0,100,"Fidélité Films, Wild Bunch, Mars Films, Studio 37, SCOPE Pictures, France 2 Cinéma",Samuel Benchetrit,"José Garcia, Anna Mouglalis, Samuel Benchetrit, Sergi López, Ben Gazzara"
701125,,Version Française,Version Française,2011-06-08,2.13,0.0,0,[10749],fr,0,0,0,Le Fresnoy,Maya Da-Rin,"Dinara Drukarova, Tiago Manaïa"
505977,,Hotel Nachtclub,Hotel Nachtclub,2011-01-01,1.9713,0.0,0,[],en,0,0,3,,Arianne Olthaar,
179931,tt3565148,Towa no Quon 3: The Complicity of Dreams,トワノクオン 第三章 夢幻の連座,2011-08-12,2.0389,6.846,26,"[28, 16, 878, 14]",ja,0,0,48,"BONES, Sanzigen, Hakuhodo DY Media Partners, Bandai Visual, Showgate, Lantis, movic, Sony PCL",Umanosuke Iida,"Kohsuke Toriumi, Hiroshi Kamiya, Tomoyuki Shimura, Ryoko Shiraishi, Jouji Nakata"
645705,,Love and Affair,사랑 그리고 불륜,2011-12-15,2.174,0.0,0,[10749],ko,0,0,60,,Lee Se-il,"Min Do-yoon, Han Se-hee"
172323,tt1846704,Puro Mula,Puro Mula,2011-04-01,2.3319,8.524,42,"[35, 18]",es,0,0,90,Best Picture System,Enrique Pérez Him,"Domingo Lemus, Daneri Gudiel, Jairon Salguero, Diego Girón, Douglas Vazques"
83188,tt1618372,Camel Spiders,Camel Spiders,2011-03-04,2.5755,4.3,63,"[27, 878, 14]",en,500000,0,80,"Concorde-New Horizons, Factoria Corman",Jim Wynorski,"Brian Krause, Paula LaBaredas, C. Thomas Howell, GiGi Erneta, Diana Terranova"
472011,tt3707872,Little Monkey,Little Monkey,2011-08-28,1.871,7.0,1,[16],fr,0,0,5,EMCA,Delphine Dussoubs,
88568,tt1816603,"OOO, Den-O, All Riders: Let's Go Kamen Riders",オーズ・電王・オールライダー レッツゴー仮面ライダー,2011-04-01,2.2635,6.321,14,"[28, 12, 878, 18, 14]",ja,0,0,93,"Ishimori Production, Toei Company, TV Asahi, Toei Video Company, ADK, Kinoshita Komuten, Toei TV Production, Toei Tokyo",Osamu Kaneda,"Shu Watanabe, Ryosuke Miura, Dori Sakurada, Toshihiko Seki, Hiroshi Fujioka"
81344,tt2102472,White Vengeance,鸿门宴,2011-11-29,2.4112,6.8,59,"[18, 28]",zh,0,992195,135,Starlight International Media,Daniel Lee,"Leon Lai Ming, William Feng, Liu Yifei, Zhang Hanyu, Anthony Wong Chau-Sang"
72912,tt1321861,Carjacked,Carjacked,2011-11-22,2.3303,5.078,109,"[28, 53, 10770, 80]",en,0,0,89,"Hollywood Media Bridge, Goldrush Entertainment, Daniel Grodnik Productions, Mass Hysteria Entertainment",John Bonito,"Stephen Dorff, Maria Bello, Joanna Cassidy, Catherine Dent, Kristen Kerr"
75798,tt2019999,Cavalli,Cavalli,2011-10-21,2.1108,3.95,10,[18],it,0,0,92,"Settembrini Film, RAI Cinema",Michele Rho,"Vinicio Marchioni, Michele Alhaique, Giulia Michelini, Duccio Camerini, Luigi Fedele"
150161,tt2167895,Southwest,Sudoeste,2011-10-13,2.3564,6.0,8,[18],pt,0,7443,127,"Superfilmes, Tropicalstorm Entertainment",Eduardo Nunes,"Simone Spoladore, Mariana Lima, Dira Paes, Raquel Bonfante, Julio Adrião"
1118851,tt1998225,Gangster Project,Gangster Project,2011-07-07,1.8476,0.0,0,[],en,0,0,55,,Teboho Edkins,"Teboho Edkins, Thurston Moses, Ralp Peterson, Thammy Miosha Rass"
351762,tt2102430,For Medical Observation,Ter observatie,2011-10-27,2.1177,7.2,2,[18],nl,0,0,10,IJswater Films,Eché Janga,"Felix Burleson, Mouna Goeman Borgesius, Owen Huis, Hossein Mardani, Ellen Parren"
102256,tt1756615,Marianne,Marianne,2011-11-04,2.6318,4.6,9,"[9648, 18, 14, 27, 53]",sv,0,0,103,"Njutafilms, Jämtfilm",Filip Tegstedt,"Thomas Hedengran, Peter Stormare, Tintin Anderzon, Sandra Larsson, Dylan M. Johansson"
58625,tt1707687,Street Kings 2: Motor City,Street Kings 2: Motor City,2011-04-19,2.6888,4.309,97,"[80, 18, 53]",en,0,0,93,"20th Century Fox, Silver Nitrate",Chris Fisher,"Ray Liotta, Shawn Hatosy, Scott Norman, Clifton Powell, Kevin Chapman"
1007499,,Sneeze,عطسة,2011-02-12,1.9315,0.0,0,"[35, 18]",ar,0,0,18,,Meqdad Al-Kout,Nezar Al-Qandi
68697,tt1466568,Blind Spot,Angle Mort,2011-02-25,2.0195,4.462,13,"[9648, 53]",fr,0,0,79,,Dominic James,"Karine Vanasse, Sébastien Huberdeau, Peter Miller, Edwin Jose Fernandez Collado, Amarilys Nuñez Barrios"
83732,tt1758576,Bombay Beach,Bombay Beach,2011-10-14,2.2966,6.548,21,"[99, 18]",en,0,0,80,,Alma Har'el,"Benny Parrish, Pamela Parrish, Mike Parrish, Doran ""Red"" Furgie, Cedric Thompson"
84228,tt1533058,Julia X,Julia X,2011-09-24,2.3665,4.793,121,[27],en,4000000,0,92,Dixie Theatrical Corporation,P.J. Pettiette,"Valerie Azlynn, Kevin Sorbo, Alicia Leigh Willis, Joel David Moore, Ving Rhames"
290087,tt5457438,Primeiro Tempo,Primeiro Tempo,2011-03-12,2.1415,5.0,1,[99],pt,0,0,47,OKA Comunicações,Rogério Zagallo,"Marcos Roberto, Ademir da Guia, César Maluco, Oberdan Cattani"
79120,tt1714210,Weekend,Weekend,2011-10-23,2.6528,7.256,584,"[18, 10749]",en,120000,484592,96,"The Bureau, Glendale Picture Company, Synchronicity Films",Andrew Haigh,"Tom Cullen, Chris New, Jonathan Race, Laura Freeman, Loreto Murray"
1702432,,Julia,Julia,2011-11-01,2.3856,0.0,0,[53],en,0,0,7,Frame Twenty 5,Dean Barnaby,"Kassidy Chaplin, Keeley Lane, Annijia Mealin, Valentino Laz"
585926,,Evacuación,Evacuación,2011-03-01,1.9856,0.0,0,[],en,0,0,2,,"Colectivo Los Hijos, Luis López Carrasco, Natalia Marín, Javier Fernández Vázquez",
55723,tt1792799,ChromeSkull: Laid to Rest 2,ChromeSkull: Laid to Rest 2,2011-09-20,2.6245,4.945,145,[27],en,0,0,93,"Dry County Films, Epic Pictures Group",Robert Hall,"Brian Austin Green, Thomas Dekker, Mimi Michaels, Owain Yeoman, Danielle Harris"
1196749,tt2191813,Skin Deep,Skin Deep,2011-10-30,2.0961,0.0,0,[],en,0,0,9,,Danny DeVito,"David Margulies, Erica Taylor, Justin Schollard, Zander Eckhouse"
79378,tt1890383,Debtocracy,Χρεοκρατία,2011-04-06,2.0776,6.327,26,[99],el,0,0,75,"Moviementa Productions, BitsnBytes","Katerina Kitidi, Aris Chatzistefanou","Samir Amin, Hugo Arias, Alain Badiou, Gerard Dumenil, Manolis Glezos"
597383,tt2044891,The Uncrucibles,The Uncrucibles,2011-01-01,2.131,0.0,0,[],en,40000,0,62,,William Valle,"William Valle, Alex Weisbrod, Jeff Mecca, Kate Kenney, Felipe Goncalves"
136735,tt1774358,The Snitch Cartel,El cártel de los sapos,2011-11-11,2.6131,7.21,100,"[18, 80]",es,0,0,106,"Onceonce Films, 11:11 Mediaworks, BN Films, Itaca Films, Caracol Televisión",Carlos Moreno,"Juana Acosta, Manolo Cardona, Diego Cadavid, Kuno Becker, Pedro Armendáriz Jr."
1169133,tt4205666,Blue hour,Blaue Stunde,2011-03-26,2.2153,0.0,0,[],de,0,0,75,,Erik Schiesko,"Niclas Greschke, Lotta Brand, Michael Becker, Andrea Kulka, Fritz Tudyka"
99391,tt2085800,Choked,가시,2011-10-08,1.9097,6.0,2,[],ko,0,0,110,"Korean Academy of Film Arts, CJ Entertainment, CJ CGV",Kim Joong-hyun,"Um Tae-goo, Kil Hae-yeon, Yoon Chae-yeong, Park Se-jin"
94219,tt1650831,Love and Bruises,Love and Bruises,2011-09-01,2.1469,5.4,23,"[18, 10749]",fr,0,0,105,"Why Not Productions, Les Films du Lendemain",Lou Ye,"Tahar Rahim, Corinne Yam, Jalil Lespert, Vincent Rottiers, Sifan Shao"
58859,tt1646979,The Light Thief,Svet-Ake,2011-03-02,2.1086,5.147,17,[18],ky,0,0,80,"Pallas Film, ZDF, A.S.A.P. Films, Volya Films, Oy Art Film Producing Company",Aktan Arym Kubat,"Aktan Arym Kubat, Taalaikan Abazova, Askat Sulaimanov, Asan Amanov, Stanbek Toichubaev"
228204,tt2106331,Bayou Blue,Bayou Blue,2011-11-23,2.1182,5.5,2,"[99, 80]",en,0,0,79,"Swiss Petite Films, Pink Ghetto Productions","Alix Lambert, David McMahon",
83376,,GOM,GOM,2011-01-01,1.86,6.0,1,[16],fr,0,0,7,ESMA,"Anthony Delliste, Florent Razafimandimby, Alexis Vallauri, Tristan Evin, Maxime Guillemin","Emmanuel Garijo, Nathalie Homs, Julien Kramer"
82511,tt1199552,Dog Jack,Dog Jack,2011-12-02,2.0082,4.0,2,[18],en,0,0,114,Edward T. McDougal Films,Edward T. McDougal,"Frank Kasy, Eddie Huchro, Benjamin Gardner, Kenneth Craig, Kevin Holmen"
79777,tt1714209,In the Land of Blood and Honey,In the Land of Blood and Honey,2011-12-22,2.4528,5.793,157,"[18, 10749, 10752]",en,10000000,303877,127,GK Films,Angelina Jolie,"Zana Marjanović, Rade Šerbedžija, Goran Kostić, Branko Đurić, Vanessa Glođo"
801878,tt2048734,Early Riser,Early Riser,2011-09-08,2.1928,0.0,0,[18],en,0,0,5,"Trich Arts, Picture Palace Pictures",Kevin Jerome Everson,"James McGilbray, Dawon Owens, Robert Stewart"
399393,,Douce Menace,Douce Menace,2011-12-13,2.3113,0.0,0,[],fr,0,0,7,,"Yoan Sender, Margaux Vaxelaire, Mickaël Krebs, Florent Rousseau, Ludovic Habas",
287862,tt3258494,Béjart Ballet Lausanne au Palais Garnier,Béjart Ballet Lausanne au Palais Garnier,2011-01-01,1.8256,0.0,0,[99],fr,0,0,61,,Arantxa Aguirre,
1022295,,L'étranger,L'étranger,2011-01-01,2.2039,0.0,0,[10749],xx,0,0,3,The London Film School,Carla Simón,"Sarah Holden-Boyd, Igor Medeiros, David Holmes"
1512551,tt1974260,Furry,Furry,2011-05-01,2.0792,0.0,0,"[35, 10749]",en,0,0,19,,Lindsey Batdorf,"Adam Quirch, Sara Orr, Olli Haaskivi, Chip Daly"
426620,tt1979232,French Exchange,French Exchange,2011-07-14,2.2022,6.5,2,[],en,0,0,0,,Jacob Perlmutter,"Clémentine Poidatz, George MacKay, Jules Sitruk, Alison Steadman, Nina Ambard"
619197,tt2011942,Indomitable: Prelude,Indomitable: Prelude,2011-08-04,2.0355,0.0,0,"[28, 14]",en,0,0,11,,Thanos Kermitsis,"Yannis Rubus Rubulias, Georgios Zacharopoulos, Chrysovalantis Tampakakis, Kostas Alexakis, Periklis Theodoropoulos"
487243,,Tropic Pocket,Tropic Pocket,2011-01-06,2.3573,0.0,0,[],en,0,0,12,,Camilo Restrepo,
62934,tt1791504,Fight for Your Right Revisited,Fight for Your Right Revisited,2011-04-22,2.5169,6.536,96,"[10402, 35, 878]",en,0,0,30,Oscilloscope,Adam Yauch,"Elijah Wood, Danny McBride, Seth Rogen, Susan Sarandon, Stanley Tucci"
71700,tt1580426,Repeaters,Repeaters,2011-04-22,2.3585,5.784,197,"[18, 28, 80, 878]",en,1600000,0,89,"Rampart Films, Raven West Films, Resonance Films",Carl Bessai,"Dustin Milligan, Amanda Crew, Richard de Klerk, Alexia Fast, Anja Savcic"
1050847,,Giordano: Andrea Chénier (Bregenz Festival),Andrea Chénier,2011-07-27,2.1496,0.0,0,[],it,0,0,130,,Keith Warner,"Héctor Sandoval, Scott Hendricks, Norma Fantini, Tania Kross, Rosalind Plowright"
78478,tt1726889,You Don't Choose Your Family,On ne choisit pas sa famille,2011-11-09,2.5927,5.7,199,"[35, 12]",fr,0,2419473,103,"Les Films du Kiosque, Ouille Productions, Studio 37, Aurel Films, TF1 Films Production",Christian Clavier,"Christian Clavier, Jean Reno, Muriel Robin, Héléna Noguerra, Michel Vuillermoz"
343003,,Ausencia,Ausencia,2011-06-03,1.7548,0.0,0,[],en,0,0,10,"Hazlotu, Escuela Internacional de Cine y Televisión (EICTV)",Armando Capó,
109677,,Kanús,Kanús,2011-01-01,1.928,0.0,0,[99],en,0,0,30,,Charo Ruiz Gitrama,
82245,tt2144753,Just Henry,Just Henry,2011-12-18,2.1719,6.6,5,"[18, 9648]",en,0,0,80,ITV,David Moore,"Dean Andrews, Josh Bolt, Stephen Campbell Moore, Elaine Cassidy, Charlie Clarke"
338154,tt1560780,Run to Ground,Utolér,2011-01-01,2.1703,0.0,0,"[18, 53]",hu,0,0,107,"Európa Film, Global Drama Productions, Cold Water Cinema",Zsombor Dyga,"Eszter Ónodi, Andrew Hefler, Zoltán Seress, Heinz Trixner, Kata Bartsch"
92395,tt1640218,Evidence,Evidence,2011-02-28,2.1696,4.958,142,[27],en,12000,0,78,RynoRyder Productions Inc.,Howie Askins,"Ryan McCoy, Brett Rosenberg, Abigail Richie, Ashley Bracken, Keith Lewis"
84111,tt2036416,You Are the Apple of My Eye,那些年，我們一起追的女孩,2011-08-19,2.1689,7.4,241,"[10749, 35, 18]",zh,0,0,109,"Star Ritz Productions, Sony Music Entertainment Taiwan, 20th Century Fox",Giddens Ko,"Kai Ko, Michelle Chen, Steven Hao, Owodog Chuang, Emerson Tsai"
78172,tt1988689,Lan Kwai Fong,喜愛夜蒲,2011-09-15,2.1672,4.1,20,[18],cn,577450,1154901,97,"Local Production, Mei Ah Entertainment",Wilson Chin Kwok-Wai,"Chen Zhi-Ming, Shiga Lin Si-Nga, Jeana Ho Pui-Yu, Jason Chan Pak-Yu, Dada Chan Ching"
74842,tt1849027,Legend of the Millennium Dragon,鬼神伝,2011-04-29,2.1668,6.2,69,"[16, 12, 14]",ja,0,0,98,Pierrot,Hirotsugu Kawasaki,"Satomi Ishihara, Kentaro Ito, Yasuyuki Kase, Sosuke Komori, Kensho Ono"
1582518,,Pizza Quest!,Pizza Quest!,2011-08-04,2.1666,0.0,0,"[16, 35]",en,0,0,3,Dropout,"Ben Joseph, Josh Ruben","David Kerns, Caldwell Tanner, Owen Parsons, Chloe Patellis"
113972,tt2004334,Rising Tide,Rising Tide,2011-08-17,2.1665,3.4,5,"[18, 53]",en,0,0,79,Rising Tide Productions,"Philip Shotton, Dawn Furness","Lewis Jobson, Ileana Cardy, Jack Traynor, Jodee Temple, Harriet Perkins"
417393,tt1708458,Belcanto,Belcanto,2011-12-09,2.1658,6.0,5,[35],pl,0,0,0,"Anima-Pol, Wytwórnia Filmowa Czołówka, Pomerania Film",Ryszard Maciej Nyczka,"Cezary Pazura, Magdalena Różczka, Piotr Gąsowski, Sławomir Sulej, Agnieszka Wosińska"
420365,tt2261909,Nuevo Mexico,Nuevo Mexico,2011-01-01,2.1647,5.0,3,[],en,0,0,6,,Christian Cavazos,
1680468,tt2080350,Mouth,Munn,2011-01-13,2.1629,0.0,0,"[27, 16]",no,0,0,1,,Christian Thomas Roaas,
78206,tt1663321,Chicken with Plums,Poulet aux Prunes,2011-10-26,2.1604,7.021,190,"[35, 18]",fr,9700000,3265941,92,"Celluloid Dreams, The Manipulators, uFilm, Studio 37, Le Pacte, Lorette Film, Film(s), ARTE France Cinéma, ZDF/Arte","Vincent Paronnaud, Marjane Satrapi","Mathieu Amalric, Golshifteh Farahani, Édouard Baer, Maria de Medeiros, Isabella Rossellini"
679997,tt3196958,Saga City,Saga City,2011-02-22,2.1569,0.0,0,"[16, 99]",en,0,0,17,ONF | NFB,Luc Chamberland,Colm Feore
61727,tt1766027,Reacciones adversas,Reacciones adversas,2011-03-27,2.1553,6.7,3,"[28, 18]",es,0,0,74,Centro de Capacitación Cinematográfica (CCC),David Michan,"Hector Kotsifakis, Shakti Urrutia,  Adrian Paz,   Jorge de los Reyes , Dagoberto Gama"
371409,tt1817291,Enemy of the State,Vaterlandsverräter,2011-02-12,2.155,0.0,0,[99],de,0,0,97,"ARTE, It Works!",Annekatrin Hendel,"Paul Gratzik, Sascha Anderson"
1447805,,Black Horizon,Black Horizon,2011-01-01,2.154,0.0,0,"[878, 27]",en,0,0,13,"Newsman Team, Hethfilms","Heiko Thies, Daniel Fluegger","Daniel Fluegger, Kema Kraft, Dennis Klose, Patrick Schumacher, Heiko Thies"
402200,tt2123516,Ben 10 / Generator Rex: Heroes United,Ben 10 / Generator Rex: Heroes United,2011-11-25,2.1535,7.408,71,"[28, 16, 878, 10770]",en,0,0,46,"Cartoon Network Studios, Man of Action Entertainment","Kenji Ono, Chris Graham","Daryl Sabara, Yuri Lowenthal, Wally Kurth, Grey DeLisle, John DiMaggio"
503645,tt2124735,Alice,Alice,2011-09-01,2.1528,0.0,0,[18],it,0,0,14,,Roberto De Paolis,"Giulia Bevilacqua, Edoardo Pesce, Sveva Alviti"
950491,tt1825147,Suspense,Taharuki,2011-03-05,2.1526,0.0,0,[18],en,0,0,11,"Elmhurst Entertainment, Epic Film Productions",Ekwa Msangi,"Gilbert Owuor, Mariam Chemmoss, Chris Kamau"
73574,,The Scene,The Scene,2011-04-29,2.1524,4.2,2,"[12, 99]",en,0,0,75,"Chuck Fryberger Films, Samsara, Rock & Ice, Sterling Rope, Prana, Mountain Hardwear, La Sportiva, iClimb",Chuck Fryberger,"Chris Sharma, Steph Davis, Nalle Hukkataival, Rob Pizem, Dave Graham"
1620565,tt1950051,10 Seconds,10 Seconds,2011-12-31,2.152,0.0,0,[18],en,0,0,33,,David Perry,"Amanda Bailey, Rachael Bernard, Jessejames Locorriere, Ross Brooks, Todd Bush"
683630,tt2112320,Tumbal Jailangkung,Tumbal Jailangkung,2011-07-14,2.1515,0.0,0,[27],en,0,0,84,Batavia Pictures,Chiska Doppert,"Soraya Larasati, Denny Weller, Violenzia Jeanette, Rocky Jeff, Tasa Rudman"
86971,tt1808304,Miami Magma,Miami Magma,2011-12-01,2.1509,5.881,88,"[878, 28, 10770]",en,0,0,87,Bullet Films,Todor Chapkanov,"Rachel Hunter, Brad Dourif, Stacey Asaro, Griff Furst, J.D. Evermore"
609019,tt2049484,Klik,Klik,2011-12-25,2.1498,6.0,1,[35],nl,0,0,0,,Goa Borrek,"Thomas Acda, Lone van Roosendaal, Vincent van Ommen, Tim Oliehoek, Dorien Rose Duinker"
387114,tt2041287,All Piñatas Go To Heaven,All Piñatas Go To Heaven,2011-08-11,2.1496,0.0,0,[],en,0,0,4,,Paul McGhie,
296775,tt3591560,Deadly Attraction,Deadly Attraction,2011-03-31,2.1491,4.6,5,"[18, 53]",en,0,0,108,"Cineplex Studios, M. Ejeye Films",Menetie T. Ejeye,"Ed Gale, Matt O'Neill, Jamie Bernadette, Daniela Torchia, John Wilhovsky"
88844,tt1843880,Code Blue,Code Blue,2011-09-29,2.147,4.742,31,"[18, 27]",nl,0,0,81,"Zentropa Entertainments, CoBo Fund, Det Danske Filminstitut, Dutch Cultural Broadcasting Promotional Fund, Family Affair Films, IDTV Film, VPRO",Urszula Antoniak,"Bien de Moor, Lars Eidinger, Annemarie Prins, Sophie van Winden, Christine Bijvanck"
162132,tt2307020,Drought,Canícula,2011-10-17,2.1454,5.8,4,[99],es,0,0,65,,José Álvarez,
496613,tt2123221,Close Friends,Lagun mina,2011-01-06,2.1445,7.0,2,[18],es,0,0,13,"Moriarti Produkzioak, Pressure Filmak",Jose Mari Goenaga,"Eriz Alberdi, Diego Santos, Alaitz Eguren"
83892,tt1863245,Four Hours,Four Hours,2011-11-14,2.1435,7.5,3,[],en,4500,0,80,,Andre Rettedal,"Paul Bibb, Peter Peralta, Alexandra B Harris, Amar Adatia, Jamie Bannerman"
73829,tt2050664,Thomas & Friends: Day of the Diesels,Thomas & Friends: Day of the Diesels,2011-07-23,2.1435,6.3,18,"[10751, 16]",en,0,220509,60,"Nitrogen Studios Canada, HiT Entertainment",Greg Tiernan,"Michael Angelis, Ben Small, Keith Wickham, Teresa Gallagher, Matt Wilkinson"
95853,tt1672214,Bunny Drop,うさぎドロップ,2011-08-20,2.1424,7.072,83,"[18, 35]",ja,0,6632403,114,"Showgate, Smoke, Hakuhodo DY Media Partners, Happinet, Kansai Television, Tokai Television Broadcasting, PARCO, The Asahi Shimbun, Television Nishinippon Corporation, Yahoo! Japan, Daiichi Seihan",SABU,"Kenichi Matsuyama, Mana Ashida, Karina, Mirei Kiritani, Mayu Kitaki"
928331,,August Song,August Song,2011-01-01,2.1423,0.0,0,[16],en,0,0,5,,Jodie Mack,
708684,,La tesis,La tesis,2011-01-01,2.1415,0.0,0,[],es,0,0,24,,Leandro Suliá Leiton,"Diego Quiroga Brobobeck, Rodrigo Casavalle, Juan Ermili, Paz Giambenedetti"
92499,tt2132405,Spellbound,오싹한 연애,2011-12-01,2.1406,7.46,212,"[27, 35, 14, 10749]",ko,0,0,114,"Sang Sang Film, CJ Entertainment",Hwang In-ho,"Son Ye-jin, Lee Min-ki, Park Cheol-min, Kim Hyun-sook, Lee Mi-do"
112062,tt2049597,X-Deal,X-Deal,2011-09-07,2.1396,4.071,7,"[10749, 18]",tl,0,0,90,"ALV Entertainment Network, Viva Digital",Lawrence Fajardo,"Jamilla Obispo, Paloma Esmeria, Archie Adamos, Bex Padilla, Rolando Inocencio"
302757,tt1888554,Milltown Pride,Milltown Pride,2011-04-08,2.139,3.0,2,[18],en,0,0,135,,Tim Rogers,"Thomas Sneed, Rebecca Kaser, Ben Ascher, Logan Phillips, Chuck Binns"
66129,tt1793931,The Tuche Family,Les Tuche,2011-06-30,2.1383,5.986,1368,"[35, 10751]",fr,0,13867701,95,"Eskwad, Serenity Films, Pathé, TF1 Films Production",Olivier Baroux,"Jean-Paul Rouve, Isabelle Nanty, Claire Nadeau, Théo Fernandez, Sarah Stern"
84355,tt1742336,Your Sister's Sister,Your Sister's Sister,2011-09-11,2.1382,6.477,374,[35],en,125000,3242802,90,Ada Films,Lynn Shelton,"Emily Blunt, Rosemarie DeWitt, Mark Duplass, Michael Harring, Mike Birbiglia"
433134,tt3440526,The Mutability of All Things and the Possibility of Changing Some,De la mutabilité de toute chose et de la possibilité d'en changer certaines,2011-12-01,2.137,5.0,1,[99],fr,0,0,16,Le Fresnoy,Anna Marziano,
1389230,,Michelle,Michelle,2011-05-18,2.2607,0.0,0,[99],es,0,0,0,"Guey Producciones, Lastarria 90",Rodrigo Díaz,
57010,tt1830477,Ala Modalaindi,అలా.. మొదలైంది,2011-01-21,1.9257,6.71,31,"[10749, 18]",te,0,0,136,,B. V. Nandini Reddy,"Nani, Nithya Menen, Rohini, Ashish Vidhyarthi, Thagubothu Ramesh"
54546,tt0478116,China Blue,China Blue,2011-01-03,1.9482,5.75,14,[99],en,0,0,86,,Micha X. Peled,
811880,,Innersection: Orange,Innersection: Orange,2011-01-01,2.1118,0.0,0,[],en,0,0,0,,,"Tanner Gudauskas, Harley Ingleby, Ricardo Christie, Albee Layer, Jamie O'Brien"
156019,tt1792617,Still Screaming: The Ultimate Scary Movie Retrospective,Still Screaming: The Ultimate Scary Movie Retrospective,2011-04-14,2.6916,7.65,20,"[99, 27]",en,0,0,93,MasiMedia,Ryan Turek,"Parker Posey, Marco Beltrami, David Arquette, Rose McGowan, Brian Avery"
272523,tt1865384,Halfway Home,Halfway Home,2011-01-01,2.1687,0.0,0,"[99, 18, 10752]",en,0,0,95,,Paul Freedman,Martin Sheen
103442,tt1519650,Moscow,"양 한 마리, 양 두 마리",2011-12-01,1.9431,5.0,1,[18],ko,0,0,104,,Whang Cheol-mean,Yoo Yeon-seok
1092158,,Doggy Life,Doggy Life,2011-10-05,2.1326,0.0,0,[18],fa,0,0,14,Makhmalbaf Film House Productions,Hana Makhmalbaf,Hana Makhmalbaf
95761,tt1941684,The Duel,The Duel,2011-12-27,2.127,5.3,9,"[28, 18]",en,0,0,105,,Diego Hallivis,"Phil Haus, Shashi Balooja, María DiDomenico, Jason Hurt, Zach Avery"
430516,,Robert Bosch - Vermächtnis eines Großindustriellen,Robert Bosch - Vermächtnis eines Großindustriellen,2011-08-17,1.8578,0.0,0,[99],de,0,0,0,"Bildersturm Filmproduktion GmbH, Eikon-Südwest",Birgit Schulz,
1167528,,Meddler,Meddler,2011-01-01,2.2242,0.0,0,[878],fr,0,0,0,,Jonathan Rio,"Marion Laboulais, Thierry Kuntzel, Sylvain Sylvanoo, Jérémy Chouane"
598788,tt1826938,Under Pressure,Under Pressure,2011-03-26,1.8947,0.0,0,[18],en,0,0,6,,Kate Lefoe,"Galit Klas, Kasey Gambling, Ivan Bradara, Francesca Waters, Nathan O'Rourke"
336224,tt1773636,The President,Præsidenten,2011-04-12,2.117,0.0,0,[99],en,0,0,58,Guldbrandsen Film,Christoffer Guldbrandsen,
1067989,,La Manifestation,La Manifestation,2011-09-08,1.9748,0.0,0,[],fr,0,0,1,Gobelins,Marthe Delaporte,
68472,tt1788383,House of the Rising Sun,House of the Rising Sun,2011-07-19,2.4081,4.448,77,"[28, 53, 80, 18]",en,1500000,0,90,Berkshire Axis Media,Brian A. Miller,"Dave Bautista, Amy Smart, Dominic Purcell, Danny Trejo, Debra Harrison-Lowe"
1278977,,La Verdad,La Verdad,2011-08-05,2.1629,0.0,0,[35],es,0,0,0,Malrollo Films,Fernando Llor,Abel Hernando
916299,,Bad Seed,Bad Seed,2011-01-01,2.2221,0.0,0,[16],en,0,0,3,,Nan Wang,
491176,tt1773494,In Captivity,In Captivity,2011-01-10,1.8852,8.0,4,[878],en,0,0,12,,Michael Koerbel,"Josh Beren, Keri Safran, C. Ashleigh Caldwell, Gregory Allen Gabroy"
99425,tt4338866,Karungali,கருங்காலி,2011-07-29,1.9406,7.0,1,[18],ta,0,0,150,,Mu Kalanjiyam,"Anjali, Mu Kalanjiyam, Alex, Ashmitha Subramaniyam, Sunitha Varma"
70530,tt1861421,A Chinese Ghost Story,倩女幽魂,2011-04-21,2.2569,5.6,58,"[14, 28, 27]",cn,0,24708786,100,Golden Sun Films,Wilson Yip,"Louis Koo, Liu Yifei, Yu Shaoqun, Louis Fan Siu-Wong, Wang Danyi Li"
665148,tt10092776,The Murderer: Hamilton Palace,The Murderer: Hamilton Palace,2011-08-31,2.2598,0.0,0,[28],hi,0,0,110,,Raj N. Sippy,"Mimoh Chakraborty, Ashutosh Rana"
90232,tt1815746,Humans vs Zombies,Humans vs Zombies,2011-11-11,2.1442,4.5,28,"[35, 27, 878, 53]",en,0,0,105,Studio 3 Entertainment,Brian T. Jaynes,"Melissa Carnell, Frederic Doss, Chip Joslin, Jonah Priour, Jesse Ferraro"
62441,tt1777034,United,United,2011-01-02,2.3786,6.917,180,"[18, 36]",en,0,0,91,"Lipsync Productions, World Productions",James Strong,"Dean Andrews, Kate Ashfield, Natalie Burt, David Calder, Sam Claflin"
60421,tt1684628,Circumstance,Circumstance,2011-08-26,2.2588,6.606,94,[18],fa,0,0,107,"Bago Pictures, Marakesh Films, A Space Between, Menagerie Pictures, Neon Productions",Maryam Keshavarz,"Nikohl Boosheri, Sarah Kazemy, Reza Sixo Safai, Soheil Parsa, Nasrin Pakkho"
97795,tt1757742,Apartment 143,Emergo,2011-10-11,2.1773,5.156,308,"[27, 53]",en,0,4144297,80,Nostromo Pictures,Carles Torrens,"Kai Lennox, Rick Gonzalez, Fiona Glascott, Gia Mantegna, Michael O'Keefe"
179933,tt3565160,Towa no Quon 5: The Return of the Invincible,トワノクオン 第五章 双絶の来復,2011-10-04,2.024,6.614,35,"[28, 16, 878, 14]",ja,0,0,48,"BONES, Sony PCL, movic, Lantis, Showgate, Hakuhodo DY Media Partners, Bandai Visual, Sanzigen",Umanosuke Iida,"Kohsuke Toriumi, Hiroshi Kamiya, Ryoko Shiraishi, Jouji Nakata, Minako Kotobuki"
70005,tt1436572,Café,Café,2011-08-19,2.508,5.381,63,[18],en,0,0,103,Nationlight Productions,Marc Erlbaum,"Jennifer Love Hewitt, Daniel Eric Gold, Hubbel Palmer, Madeline Carroll, Michaela McManus"
627394,tt1857596,iParty with Victorious,iParty with Victorious,2011-06-11,2.4519,7.3,91,"[35, 10751, 10402, 10770]",en,0,0,70,"Schneider's Bakery, Nickelodeon Productions","Steve Hoefer, Bruce Leddy","Miranda Cosgrove, Jennette McCurdy, Nathan Kress, Jerry Trainor, Noah Munck"
301062,tt1853713,Pirates of Somalia,Pirates of Somalia,2011-01-01,1.5912,0.0,0,[99],en,100000,0,50,"Rabotat, Somali Trible Rights Watch",Neil Bell,"Jewel Alamble, Spencer Brown, Francis Kumse, Bismillah Rahmna"
495381,tt6290456,Mutation,Mutatio,2011-03-01,2.0666,0.0,0,"[16, 14]",xx,0,0,8,Outik Animation,León Fernández,Mario Martínez Cobos
226010,tt2043781,Rough Hands,Ayadin Khachina,2011-09-11,2.2793,0.0,0,[],en,0,0,97,,Mohamed Asli,"Mohamed Bastaoui, Abdessamad Miftah El Kheir, Amina Rachid, Houda Rihani"
1384663,,Fracas,Fracas,2011-12-27,2.2444,0.0,0,[],fr,0,0,5,,Audréane Beaucage,"Béatrice Martineau, Luc Malette, Cassandra Bottari-Laporte"
1426250,tt3181914,Stuff Everywhere,Overal Spullen,2011-01-01,2.2093,8.0,1,[99],en,0,0,58,Viewpoint Productions,Judith de Leeuw,
967989,tt1997499,Posthumous,Posthumno,2011-08-16,2.0123,0.0,0,[18],bs,0,0,17,Obala Art Centar,Cenk Ertürk,"Senad Alihodžić, Šerif Aljić, Adnan Hasković, Muhamed Bahonjić, Asja Makarević"
127753,tt1710354,Gone Hollywood,Gone Hollywood,2011-09-18,2.0975,0.0,0,[35],en,0,0,80,"D Street Films, Las Flores Bonitas Pictures",Demetrius Navarro,"Fernando Carrillo, Valente Rodriguez, Daniel Luján, Demetrius Navarro, Amrapali Ambegaokar"
54497,tt1510909,Stonerville,Stonerville,2011-01-11,2.5787,2.889,9,"[35, 10749]",en,400000,0,89,BD Garden,Bill Corcoran,"Pauly Shore, Alex Mauriello, Leslie Nielsen, Phil Morris, Patrick Cavanaugh"
1406886,tt2106629,Scary Girl,Scary Girl,2011-10-31,2.3115,6.0,1,"[35, 27]",en,0,0,4,Funny or Die,Ryan Perez,"Chloë Grace Moretz, John Carpenter, Kira Kosarin, Oscar Blanco"
426460,tt1906353,D'un film à l'autre,D'un film à l'autre,2011-04-13,1.8347,7.9,7,[99],fr,0,0,104,Les Films 13,Claude Lelouch,Claude Lelouch
61014,tt1698639,Your Love Never Fails,Your Love Never Fails,2011-02-04,2.3359,5.8,44,"[35, 10770, 10751, 10749]",en,0,0,96,"Hybrid, Barnholtz Entertainment, ARO Entertainment",Michael Feifer,"Elisa Donovan, Brad Rowe, Tom Skerritt, Fred Willard, Catherine Hicks"
1680149,tt2082498,Untitled,Uten tittel,2011-02-15,2.0235,0.0,0,"[9648, 18]",no,0,0,17,,Christian Thomas Roaas,"Helene Eggen, Christian Thomas Roaas, Georg Andreas Roaas"
724613,tt1773818,Vogn 347,Vogn 347,2011-03-04,2.2809,0.0,0,[],da,0,0,0,"Zentropa Entertainments, Filmværkstedet",Silje Nikoline Glimsdal,"Malou Louise Lindblom, Amalie Lindegård, Kasper Leisner, Denise Alvine Wencke Gjernøe, Gustav Jedig"
56591,tt1185371,Corman's World,Corman's World,2011-12-16,2.2417,7.028,88,[99],en,0,0,91,"Gallant Films, A&E IndieFilms, Far Hills Pictures, Stick 'N' Stone Productions",Alex Stapleton,"Roger Corman, Gary J. Tunnicliffe, Frances Doel, Julie Corman, David Carradine"
1697264,,Madre Mar,Madre Mar,2011-01-01,1.8751,0.0,0,[],es,0,0,11,,Delia Ackerman,
294269,tt1499671,The Passage,The Passage,2011-06-28,1.9166,5.5,8,[18],en,0,0,89,"Poliana Productions, Pulpa Film",Roberto Minervini,"Soledad St. Hilaire, Mean Gene Kelton, Alan Lyddiard, Sara Carlson"
39773,tt1230387,Just Peck,Just Peck,2011-02-16,2.1613,5.326,23,"[35, 10751]",en,0,0,90,"Pheonix Entertainment, The Jerry Leider Company",Michael A. Nickles,"Keir Gilchrist, Brie Larson, Marcia Cross, Adam Arkin, Camryn Manheim"
96434,tt1834319,The Christmas Tango,Το Τανγκό των Χριστουγέννων,2011-12-01,2.0324,7.186,35,"[18, 10749]",el,0,0,102,"N-Orasis Audiovisual, Graal",Nikos Koutelidakis,"Giannis Bezos, Yannis Stankoglou, Antinoos Albanis, Vicky Papadopoulou, Eleni Kokkidou"
543012,,Bliss,Bliss,2011-08-14,1.9474,0.0,0,[],en,0,0,3,,Friedl vom Gröller,
157107,tt1849810,Mafia,Mafia,2011-01-01,2.1907,4.32,25,"[28, 80]",en,0,0,78,"Jamie Kennedy Entertainment, Levine Pictures",Ryan Combs,"Ving Rhames, Pam Grier, Robert Patrick, Sean Derry, Persia White"
81393,tt1846442,12 Dates of Christmas,12 Dates of Christmas,2011-12-11,2.4411,6.099,313,"[10749, 35, 14, 10770]",en,0,0,89,"ABC Family Worldwide, Princessa Productions, Frank von Zerneck Films, Hop, Skip and Jump Productions",James Hayman,"Amy Smart, Mark-Paul Gosselaar, Benjamin Ayres, Peter MacNeill, Mary Long"
88424,tt1777591,Sexual Witchcraft,Sexual Witchcraft,2011-10-18,2.0547,4.031,16,"[35, 14, 27]",en,0,0,83,,Fred Olen Ray,"Michelle Bauer, Christine Nguyen, Holly Sampson, Michelle Maylene, Cassandra Cruz"
75657,tt1727816,Screwed,Screwed,2011-06-03,1.9458,5.1,28,"[80, 28]",en,3,0,110,,Reg Traviss,"James D'Arcy, Noel Clarke, Frank Harper, Kate Magowan, Jamie Foreman"
565659,tt4170974,Time Travel,Time Travel,2011-05-15,2.0599,0.0,0,[99],en,0,0,0,,"Carolina Rodrigues, António Caetano Faria",Wong Kei Cheong
91759,tt2186875,Turning Point 2,Laughing Gor之潛罪犯,2011-12-29,2.3346,6.8,10,"[28, 80]",cn,0,0,89,"TVB, Shaw Brothers",Herman Yau,"Michael Tse Tin-Wah, Francis Ng Chun-Yu, Chapman To Man-Chat, Bosco Wong Chung-Chak, Kara Wai Ying-Hung"
1762887,tt4741562,São Silvestre,São Silvestre,2011-04-01,1.762,0.0,0,[99],pt,0,0,18,"Bossa Nova Films, Girafa Filmes",Lina Chamie,
66683,tt1919085,Sorry Mom,سوري مام,2011-06-09,1.9814,0.0,0,[53],en,0,0,90,"Periba productions, Hannouch Hldg, Yuri M. Productions",Emad El Rifai,"Nadine Nassib Njeim, Samer El Gharib, Rana Zayed, Nancy Afiouni, Aziz Abdo"
588244,,Fire Waltz,Fire Waltz,2011-01-01,1.7094,0.0,0,"[16, 10402, 10752]",fr,0,0,6,XBO films,Marc Ménager,
562956,,Les Sylphides,Les Sylphides,2011-01-01,2.0585,0.0,0,[10402],en,0,0,0,,,"Svetlana Beriosova, Alicia Markova, Violetta Elvin"
81232,tt1629443,Foster,Foster,2011-02-10,2.5377,6.745,137,"[35, 18, 10751]",en,0,0,90,"Kintop Pictures, StarLight Films, Reliance Entertainment, Serendipity Films",Jonathan Newman,"Toni Collette, Ioan Gruffudd, Maurice Cole, Richard E. Grant, Anne Reid"
79553,tt2007387,The Front Line,고지전,2011-07-20,2.2514,7.181,207,"[18, 28, 10752]",ko,10000000,15786086,133,"TPS Company, A-Po Films, Showbox",Jang Hoon,"Shin Ha-kyun, Go Soo, Lee Je-hoon, Ryu Seung-soo, Ko Chang-seok"
79382,tt1650453,I Wish,奇跡,2011-06-11,2.1635,7.272,182,[18],ja,0,1543385,127,"Chugoku Broadcasting, jeki, Shirogumi, Bandai Visual, GAGA Corporation, Eisei Gekijo, MBS, RKB Mainichi Broadcasting Corporation, West Japan Marketing Communications, d-rights, THE NISHINIPPON SHIMBUN, FM Fukuoka, J-WAVE, RKK Kumamoto Broadcasting, JR Kyushu Agency, Minaminihon Broadcasting Co.",Hirokazu Kore-eda,"Koki Maeda, Oshirō Maeda, Nene Otsuka, Joe Odagiri, Ryôga Hayashi"
