id,imdb_id,title,original_title,release_date,popularity,vote_average,vote_count,genre_ids,original_language,budget,revenue,runtime,production_companies,director,cast
27205,tt1375666,Inception,Inception,2010-07-15,56.7395,8.374,40196,"[28, 878, 12]",en,160000000,839030630,148,Warner Bros. Pictures,Christopher Nolan,"Leonardo DiCaprio, Joseph Gordon-Levitt, Ken Watanabe, Tom Hardy, Elliot Page"
12444,tt0926084,Harry Potter and the Deathly Hallows: Part 1,Harry Potter and the Deathly Hallows: Part 1,2010-11-17,37.8073,7.732,20800,"[12, 14]",en,250000000,954305868,146,"Warner Bros. Pictures, Heyday Films",David Yates,"Daniel Radcliffe, Emma Watson, Rupert Grint, Toby Jones, Helena Bonham Carter"
10138,tt1228705,Iron Man 2,Iron Man 2,2010-04-28,45.332,6.855,22920,"[12, 28, 878]",en,200000000,623933331,124,"Marvel Studios, Fairview Entertainment, Marvel Entertainment",Jon Favreau,"Robert Downey Jr., Gwyneth Paltrow, Don Cheadle, Scarlett Johansson, Sam Rockwell"
10193,tt0435761,Toy Story 3,Toy Story 3,2010-06-16,33.4108,7.816,16227,"[16, 10751, 35]",en,200000000,1067316101,103,Pixar,Lee Unkrich,"Tom Hanks, Tim Allen, Joan Cusack, Don Rickles, Wallace Shawn"
20352,tt1323594,Despicable Me,Despicable Me,2010-07-08,38.4235,7.261,16377,"[16, 35, 80, 878, 10751]",en,69000000,543284256,95,"Illumination, Universal Pictures","Pierre Coffin, Chris Renaud","Steve Carell, Jason Segel, Russell Brand, Julie Andrews, Will Arnett"
11324,tt1130884,Shutter Island,Shutter Island,2010-02-14,30.1586,8.2,26421,"[18, 53, 9648]",en,80000000,294804195,138,"Paramount Pictures, Phoenix Pictures, Sikelia Productions, Appian Way",Martin Scorsese,"Leonardo DiCaprio, Mark Ruffalo, Ben Kingsley, Max von Sydow, Michelle Williams"
38365,tt1375670,Grown Ups,Grown Ups,2010-06-24,26.2747,6.437,6881,[35],en,80000000,271457606,102,"Columbia Pictures, Relativity Media, Happy Madison Productions",Dennis Dugan,"Adam Sandler, Kevin James, Chris Rock, David Spade, Rob Schneider"
73861,tt1273235,A Serbian Film,Srpski film,2010-01-06,29.7453,5.4,2270,"[80, 27, 53]",sr,0,0,104,Contra Film,Srđan Spasojević,"Srđan 'Žika' Todorović, Sergej Trifunović, Jelena Gavrilović, Slobodan Beštić, Katarina Žutić"
38757,tt0398286,Tangled,Tangled,2010-11-24,26.8963,7.617,12702,"[16, 10751, 12]",en,260000000,592461732,100,"Walt Disney Animation Studios, Walt Disney Pictures","Byron Howard, Nathan Greno","Mandy Moore, Zachary Levi, Donna Murphy, Ron Perlman, M.C. Gainey"
12155,tt1014759,Alice in Wonderland,Alice in Wonderland,2010-03-03,23.0333,6.643,15051,"[10751, 14, 12]",en,200000000,1025467110,108,"Walt Disney Pictures, Roth Films, Team Todd, The Zanuck Company",Tim Burton,"Mia Wasikowska, Johnny Depp, Anne Hathaway, Helena Bonham Carter, Crispin Glover"
10191,tt0892769,How to Train Your Dragon,How to Train Your Dragon,2010-03-18,23.2763,7.867,14723,"[14, 12, 16, 10751]",en,165000000,495141736,98,DreamWorks Animation,"Dean DeBlois, Chris Sanders","Jay Baruchel, Gerard Butler, Craig Ferguson, America Ferrera, Jonah Hill"
44214,tt0947798,Black Swan,Black Swan,2010-12-03,22.3082,7.683,15875,"[18, 53, 27]",en,13000000,329398046,108,"Fox Searchlight Pictures, Cross Creek Pictures, Protozoa Pictures, Phoenix Pictures, Dune Entertainment",Darren Aronofsky,"Natalie Portman, Mila Kunis, Vincent Cassel, Barbara Hershey, Winona Ryder"
10192,tt0892791,Shrek Forever After,Shrek Forever After,2010-05-16,22.6984,6.414,8125,"[35, 12, 14, 16, 10751]",en,165000000,752600867,93,DreamWorks Animation,Mike Mitchell,"Mike Myers, Eddie Murphy, Cameron Diaz, Antonio Banderas, Walt Dohrn"
38055,tt1001526,Megamind,Megamind,2010-10-28,21.043,7.04,7685,"[16, 28, 35, 10751, 878]",en,130000000,321885765,96,"DreamWorks Animation, Pacific Data Images",Tom McGrath,"Will Ferrell, Brad Pitt, Tina Fey, Jonah Hill, David Cross"
37799,tt1285016,The Social Network,The Social Network,2010-10-01,18.6376,7.377,13505,[18],en,40000000,224920315,121,"Columbia Pictures, Relativity Media, Scott Rudin Productions, Michael De Luca Productions, Trigger Street Productions",David Fincher,"Jesse Eisenberg, Andrew Garfield, Armie Hammer, Justin Timberlake, Rooney Mara"
27578,tt1320253,The Expendables,The Expendables,2010-08-07,17.4526,6.252,8465,"[53, 12, 28]",en,80000000,274470394,103,"Nimar Studios, Rogue Marble, Millennium Media, Lionsgate, Nu Image Entertainment",Sylvester Stallone,"Sylvester Stallone, Jason Statham, Jet Li, Dolph Lundgren, Eric Roberts"
38575,tt1155076,The Karate Kid,The Karate Kid,2010-06-10,17.6577,6.567,6708,"[28, 12, 18, 10751]",en,40000000,359126022,140,"Jerry Weintraub Productions, Columbia Pictures, Overbrook Entertainment, Emperor Motion Pictures, China Film Group Corporation",Harald Zwart,"Jaden Smith, Jackie Chan, Taraji P. Henson, Wenwen Han, Zhenwei Wang"
32657,tt0814255,Percy Jackson & the Olympians: The Lightning Thief,Percy Jackson & the Olympians: The Lightning Thief,2010-02-01,17.7747,6.215,7952,"[12, 14, 10751]",en,95000000,226497209,118,"1492 Pictures, Sunswept Entertainment, Dune Entertainment",Chris Columbus,"Logan Lerman, Brandon T. Jackson, Alexandra Daddario, Jake Abel, Pierce Brosnan"
23483,tt1250777,Kick-Ass,Kick-Ass,2010-03-26,15.1511,7.123,12634,"[28, 80]",en,28000000,96188903,118,"Plan B Entertainment, Marv",Matthew Vaughn,"Aaron Taylor-Johnson, Chloë Grace Moretz, Nicolas Cage, Lyndsy Fonseca, Mark Strong"
48650,tt1263750,Room in Rome,Habitación en Roma,2010-05-07,15.7986,6.412,847,"[18, 10749]",es,0,844281,109,"Morena Films, Alicia Produce, Intervenciones Novo Film 2006, A.I.E., Wild Bunch",Julio Medem,"Elena Anaya, Natasha Yarovenko, Enrico Lo Verso, Najwa Nimri, Ander Malles"
20526,tt1104001,TRON: Legacy,TRON: Legacy,2010-12-14,16.6306,6.55,8152,"[12, 28, 878]",en,170000000,409912892,126,"Walt Disney Pictures, Sean Bailey Productions",Joseph Kosinski,"Garrett Hedlund, Olivia Wilde, Jeff Bridges, Bruce Boxleitner, James Frain"
23168,tt0840361,The Town,The Town,2010-09-15,14.1526,7.227,5827,"[80, 18, 53]",en,37000000,154026136,125,"Legendary Pictures, GK Films, Thunder Road, Warner Bros. Pictures",Ben Affleck,"Ben Affleck, Jeremy Renner, Rebecca Hall, Jon Hamm, Blake Lively"
39514,tt1245526,RED,RED,2010-10-13,14.4781,6.707,7295,"[28, 12, 35, 80, 53]",en,58000000,199006387,111,"di Bonaventura Pictures, DC",Robert Schwentke,"Bruce Willis, John Malkovich, Morgan Freeman, Helen Mirren, Mary-Louise Parker"
37834,tt1013743,Knight and Day,Knight and Day,2010-06-15,15.3188,6.2,5034,"[28, 35]",en,117000000,261989769,109,"Pink Machine, Tree Line Films, Dune Entertainment, Regency Enterprises, 20th Century Fox, Broken Road Productions",James Mangold,"Tom Cruise, Cameron Diaz, Peter Sarsgaard, Viola Davis, Jordi Mollà"
27581,tt1386588,The Other Guys,The Other Guys,2010-08-06,13.2604,6.34,4690,"[35, 28, 80]",en,100000000,170432927,107,"Columbia Pictures, Gary Sanchez Productions, Mosaic Media Group",Adam McKay,"Will Ferrell, Mark Wahlberg, Eva Mendes, Michael Keaton, Steve Coogan"
22538,tt0446029,Scott Pilgrim vs. the World,Scott Pilgrim vs. the World,2010-08-12,13.884,7.484,8873,"[28, 35, 10749]",en,73000000,51825248,113,"Marc Platt Productions, Big Talk Studios, Closed on Mondays Entertainment, dentsu",Edgar Wright,"Michael Cera, Mary Elizabeth Winstead, Ellen Wong, Kieran Culkin, Alison Pill"
45269,tt1504320,The King's Speech,The King's Speech,2010-11-26,15.1203,7.732,9513,"[18, 36]",en,15000000,414211549,118,"The Weinstein Company, UK Film Council, Momentum Pictures, Aegis Film Fund, FilmNation Entertainment, See-Saw Films, Bedlam Productions",Tom Hooper,"Colin Firth, Geoffrey Rush, Helena Bonham Carter, Guy Pearce, Timothy Spall"
24021,tt1325004,The Twilight Saga: Eclipse,The Twilight Saga: Eclipse,2010-06-23,14.1139,6.187,9386,"[12, 14, 18, 10749]",en,68000000,698491347,124,"Summit Entertainment, Temple Hill Entertainment, Imprint Entertainment, Maverick Films, Sunswept Entertainment",David Slade,"Kristen Stewart, Robert Pattinson, Taylor Lautner, Bryce Dallas Howard, Dakota Fanning"
44115,tt1542344,127 Hours,127 Hours,2010-11-12,12.1494,7.092,8281,"[12, 18, 53]",en,18000000,35700000,94,"Fox Searchlight Pictures, Pathé, Everest Entertainment, Cloud Eight Films, Decibel Films, DSP, Film4 Productions, Dune Entertainment, Big Screen Productions, Down Productions",Danny Boyle,"James Franco, Kate Mara, Amber Tamblyn, Clémence Poésy, Lizzy Caplan"
43347,tt0758752,Love & Other Drugs,Love & Other Drugs,2010-11-22,13.5897,7.0,5716,"[18, 35, 10749]",en,30000000,102800000,112,"Fox 2000 Pictures, Regency Enterprises, New Regency Pictures, Stuber Pictures, Bedford Falls Productions, Dune Entertainment",Edward Zwick,"Jake Gyllenhaal, Anne Hathaway, Oliver Platt, Hank Azaria, Josh Gad"
20504,tt1037705,The Book of Eli,The Book of Eli,2010-01-14,12.6946,6.809,6888,"[28, 53, 878]",en,80000000,157107755,118,"Alcon Entertainment, Silver Pictures","Albert Hughes, Allen Hughes","Denzel Washington, Gary Oldman, Mila Kunis, Ray Stevenson, Jennifer Beals"
20662,tt0955308,Robin Hood,Robin Hood,2010-05-12,12.9286,6.399,5144,"[28, 12, 36, 18]",en,200000000,321669741,140,"Imagine Entertainment, Relativity Media, Scott Free Productions",Ridley Scott,"Russell Crowe, Cate Blanchett, Max von Sydow, William Hurt, Mark Strong"
38167,tt0879870,Eat Pray Love,Eat Pray Love,2010-08-12,13.5881,6.244,2686,"[18, 10749]",en,60000000,204594016,133,"Columbia Pictures, Plan B Entertainment",Ryan Murphy,"Julia Roberts, Javier Bardem, James Franco, Billy Crudup, Richard Jenkins"
34851,tt1424381,Predators,Predators,2010-07-07,13.7339,6.309,4784,"[878, 28, 53]",en,40000000,127233108,107,"Davis Entertainment, 20th Century Fox, Dune Entertainment, Troublemaker Studios",Nimród Antal,"Adrien Brody, Topher Grace, Alice Braga, Walton Goggins, Oleg Taktarov"
34544,tt0429493,The A-Team,The A-Team,2010-06-09,13.6227,6.421,5126,"[28, 35, 80]",en,110000000,177238796,117,"Phoenix Film Partners, Dune Entertainment, Stephen J. Cannell Productions, Top Cow Productions, Scott Free Productions, Big Screen Productions, 20th Century Fox, Ingenious Media",Joe Carnahan,"Liam Neeson, Bradley Cooper, Jessica Biel, Quinton 'Rampage' Jackson, Sharlto Copley"
10140,tt0980970,The Chronicles of Narnia: The Voyage of the Dawn Treader,The Chronicles of Narnia: The Voyage of the Dawn Treader,2010-12-02,13.7625,6.445,6013,"[12, 10751, 14]",en,155000000,415686217,113,"Fox 2000 Pictures, Walden Media, C.S. Lewis Company",Michael Apted,"Georgie Henley, Skandar Keynes, Ben Barnes, Will Poulter, Anna Popplewell"
9543,tt0473075,Prince of Persia: The Sands of Time,Prince of Persia: The Sands of Time,2010-05-19,13.905,6.312,7327,"[12, 14, 28]",en,200000000,336365676,116,"Walt Disney Pictures, Jerry Bruckheimer Films",Mike Newell,"Jake Gyllenhaal, Gemma Arterton, Ben Kingsley, Alfred Molina, Steve Toussaint"
51739,tt1568921,Arrietty,借りぐらしのアリエッティ,2010-07-16,11.5556,7.7,3278,"[14, 16, 10751]",ja,23000000,149660003,95,"Studio Ghibli, Hakuhodo DY Media Partners, dentsu, TOHO, Nippon Television Network Corporation, Wild Bunch, Walt Disney Japan, d-rights, Mitsubishi",Hiromasa Yonebayashi,"Mirai Shida, Ryunosuke Kamiki, Tomokazu Miura, Keiko Takeshita, Kirin Kiki"
18823,tt0800320,Clash of the Titans,Clash of the Titans,2010-03-26,12.859,5.924,6843,"[12, 14, 28]",en,125000000,493214993,106,"The Zanuck Company, Legendary Pictures, Thunder Road, Moving Picture Company, Warner Bros. Pictures",Louis Leterrier,"Sam Worthington, Gemma Arterton, Mads Mikkelsen, Alexa Davalos, Jason Flemyng"
44264,tt1403865,True Grit,True Grit,2010-12-22,12.1237,7.305,5918,"[18, 12, 37]",en,38000000,252300000,110,"Scott Rudin Productions, Mike Zoss Productions, Skydance Media, Paramount Pictures","Ethan Coen, Joel Coen","Jeff Bridges, Hailee Steinfeld, Matt Damon, Josh Brolin, Barry Pepper"
61979,tt1648216,Three Steps Above Heaven,Tres metros sobre el cielo,2010-12-03,12.0292,7.735,3274,"[10749, 18]",es,0,0,122,"Zeta Studios, Cangrejo Films, Globomedia, Atresmedia Cine",Fernando González Molina,"Mario Casas, María Valverde, Álvaro Cervantes, Marina Salas, Luis Fernández"
46738,tt1255953,Incendies,Incendies,2010-09-17,11.5163,8.1,3464,"[18, 10752, 9648]",fr,6800000,6788659,131,"TS Productions, Phi Group, micro_scope",Denis Villeneuve,"Lubna Azabal, Mélissa Désormeaux-Poulin, Maxim Gaudette, Rémy Girard, Allen Altman"
37735,tt1282140,Easy A,Easy A,2010-09-16,12.2926,6.8,7544,[35],en,8000000,75026327,93,"Screen Gems, Olive Bridge Entertainment",Will Gluck,"Emma Stone, Penn Badgley, Amanda Bynes, Dan Byrd, Thomas Haden Church"
49797,tt1588170,I Saw the Devil,악마를 보았다,2010-08-12,10.7666,7.8,3158,"[53, 27]",ko,6000000,12966357,144,"Softbank Ventures, Peppermint & Company, Siz Entertainment, Finecut, Michigan Venture Capital, Showbox, CJ Investment",Kim Jee-woon,"Lee Byung-hun, Choi Min-sik, Jeon Kuk-hwan, Cheon Ho-jin, Oh San-ha"
37710,tt1243957,The Tourist,The Tourist,2010-12-08,11.4593,6.2,5856,"[28, 53, 10749]",en,100000000,278731369,103,"GK Films, Spyglass Entertainment, StudioCanal, Columbia Pictures, Peninsula Films",Florian Henckel von Donnersmarck,"Johnny Depp, Angelina Jolie, Paul Bettany, Timothy Dalton, Steven Berkoff"
10196,tt0938283,The Last Airbender,The Last Airbender,2010-06-30,11.9977,4.638,4360,"[28, 12, 14]",en,150000000,319713881,103,"Paramount Pictures, Nickelodeon Movies, Blinding Edge Pictures, The Kennedy/Marshall Company",M. Night Shyamalan,"Noah Ringer, Dev Patel, Nicola Peltz, Jackson Rathbone, Shaun Toub"
41733,tt1231583,Due Date,Due Date,2010-11-03,11.4618,6.393,5970,"[35, 18]",en,65000000,211800000,95,"Legendary Pictures, Green Hat Films, Warner Bros. Pictures",Todd Phillips,"Robert Downey Jr., Zach Galifianakis, Michelle Monaghan, Jamie Foxx, Juliette Lewis"
35688,tt1391137,Why Did I Get Married Too?,Why Did I Get Married Too?,2010-04-02,9.8102,6.593,177,"[35, 10749]",en,20000000,60673972,121,"Lions Gate Films, Tyler Perry Studios",Tyler Perry,"Tyler Perry, Janet Jackson, Jill Scott, Sharon Leal, Malik Yoba"
43947,tt1242432,I Spit on Your Grave,I Spit on Your Grave,2010-06-17,10.8496,6.511,2666,"[53, 80, 27]",en,2000000,572809,108,"Anchor Bay Films, CineTel Films",Steven R. Monroe,"Sarah Butler, Jeff Branson, Tracey Walter, Andrew Howard, Chad Lindberg"
45317,tt0964517,The Fighter,The Fighter,2010-12-10,12.8171,7.377,4840,[18],en,25000000,129190869,116,"The Weinstein Company, Relativity Media, Mandeville Films, Closest to the Hole Productions, Protozoa Pictures",David O. Russell,"Mark Wahlberg, Christian Bale, Amy Adams, Melissa Leo, Mickey O'Keefe"
35019,tt1415283,Nanny McPhee and the Big Bang,Nanny McPhee and the Big Bang,2010-03-26,10.1947,6.332,1996,"[35, 14, 10751]",en,35000000,93251121,109,"Three Strange Angels, Working Title",Susanna White,"Emma Thompson, Maggie Gyllenhaal, Asa Butterfield, Oscar Steer, Rosie Taylor-Ritson"
43539,tt1458175,The Next Three Days,The Next Three Days,2010-11-18,10.7511,7.088,3194,"[10749, 18, 53, 80]",en,30000000,67448651,133,"Hwy61, Lionsgate",Paul Haggis,"Russell Crowe, Elizabeth Banks, Ty Simpkins, Brian Dennehy, Helen Carey"
39451,tt0970866,Little Fockers,Little Fockers,2010-12-21,10.0146,5.665,3522,"[35, 10749]",en,100000000,310650585,98,"Universal Pictures, Paramount Pictures, Relativity Media, Tribeca Productions, Everyman Pictures, Nancy Tenenbaum Films, DreamWorks Pictures",Paul Weitz,"Robert De Niro, Ben Stiller, Owen Wilson, Dustin Hoffman, Barbra Streisand"
34806,tt1212436,The Back-Up Plan,The Back-Up Plan,2010-04-23,10.3636,6.124,1512,"[35, 10749]",en,35000000,77477008,106,"Escape Artists, CBS Films",Alan Poul,"Jennifer Lopez, Alex O'Loughlin, Michaela Watkins, Eric Christian Olsen, Anthony Anderson"
51608,tt1527788,The Man from Nowhere,아저씨,2010-08-04,9.5508,7.702,1560,"[28, 53, 80]",ko,1255000,43059790,119,"Opus Pictures, CJ Entertainment, United Pictures, M-Line Distribution",Lee Jeong-beom,"Won Bin, Kim Sae-ron, Kim Tae-hun, Kim Hie-won, Kim Seung-oh"
43949,tt0817177,Flipped,Flipped,2010-08-06,10.4842,8.016,3414,"[10749, 18]",en,14000000,4324817,89,"Reiner / Greisman Productions, Castle Rock Entertainment",Rob Reiner,"Madeline Carroll, Callan McAuliffe, Rebecca De Mornay, Anthony Edwards, John Mahoney"
27022,tt0963966,The Sorcerer's Apprentice,The Sorcerer's Apprentice,2010-07-13,10.521,6.1,5380,"[14, 12, 28]",en,150000000,215300000,109,"Walt Disney Pictures, Jerry Bruckheimer Films, Saturn Films, Broken Road Productions, Junction Entertainment",Jon Turteltaub,"Nicolas Cage, Jay Baruchel, Alfred Molina, Teresa Palmer, Toby Kebbell"
41402,tt1228987,Let Me In,Let Me In,2010-10-01,10.3995,6.799,2268,"[18, 27, 9648]",en,20000000,24145613,116,"Hammer Film Productions, EFTI, Exclusive Media",Matt Reeves,"Kodi Smit-McPhee, Chloë Grace Moretz, Richard Jenkins, Elias Koteas, Sasha Barrese"
7978,tt0780653,The Wolfman,The Wolfman,2010-02-10,10.0694,5.899,2244,[27],en,150000000,140700000,103,"Universal Pictures, Relativity Media, Stuber Pictures",Joe Johnston,"Benicio del Toro, Anthony Hopkins, Emily Blunt, Hugo Weaving, Geraldine Chaplin"
26389,tt1179034,From Paris with Love,From Paris with Love,2010-02-04,9.8379,6.5,2451,"[28, 80, 53]",en,52000000,52800000,92,"M6, M6 Films, TPS Star, Grive Productions, EuropaCorp, Apipoulaï Prod, W9, Canal+",Pierre Morel,"John Travolta, Jonathan Rhys Meyers, Kasia Smutniak, Richard Durden, Bing Yin"
51170,tt1646926,Open Season 3,Open Season 3,2010-10-21,9.537,5.656,702,"[12, 16, 10751, 35, 10770]",en,0,7487555,75,"Sony Pictures Animation, Reel FX Creative Studios, Sony Pictures Home Entertainment",Cody Cameron,"Matthew J. Munn, Nika Futterman, Maddie Taylor, Karley Scott Collins, Ciara Bravo"
23169,tt1403981,Remember Me,Remember Me,2010-03-11,8.6083,7.096,3802,"[18, 10749]",en,16000000,56000000,113,Summit Entertainment,Allen Coulter,"Robert Pattinson, Emilie de Ravin, Pierce Brosnan, Lena Olin, Chris Cooper"
38303,tt1414382,You Again,You Again,2010-09-23,9.6692,6.28,1328,"[35, 10749]",en,20000000,32054369,105,"Oops Doughnuts Productions, Touchstone Pictures, Frontier Pictures",Andy Fickman,"Kristen Bell, Jamie Lee Curtis, Sigourney Weaver, Odette Annable, Victor Garber"
31867,tt1053424,Repo Men,Repo Men,2010-03-18,9.1661,6.339,2181,"[28, 878, 53, 80]",en,32000000,18409891,111,"Relativity Media, Stuber Pictures, Universal Pictures",Miguel Sapochnik,"Jude Law, Forest Whitaker, Liev Schreiber, Alice Braga, Carice van Houten"
41439,tt1477076,Saw 3D,Saw 3D,2010-10-22,9.9312,6.0,3391,"[27, 80]",en,17000000,136151680,90,"Twisted Pictures, Serendipity Productions, A Bigger Boat",Kevin Greutert,"Tobin Bell, Costas Mandylor, Betsy Russell, Cary Elwes, Sean Patrick Flanery"
52629,tt1692190,El Infierno,El Infierno,2010-09-03,8.6819,7.955,814,"[28, 80, 37, 35, 18]",es,0,6703873,148,"Instituto Mexicano de Cinematografía, Bandidos Films, Estudios Churubusco Azteca",Luis Estrada,"Damián Alcázar, Joaquín Cosío, Ernesto Gómez Cruz, María Rojo, Elizabeth Cervantes"
23437,tt1179056,A Nightmare on Elm Street,A Nightmare on Elm Street,2010-04-30,8.9393,5.52,2977,"[27, 9648, 53]",en,35000000,115665418,95,"Platinum Dunes, New Line Cinema",Samuel Bayer,"Rooney Mara, Kyle Gallner, Jackie Earle Haley, Katie Cassidy, Thomas Dekker"
38357,tt1126618,Morning Glory,Morning Glory,2010-11-10,8.4244,6.372,1671,"[18, 35, 10749]",en,40000000,60040976,107,"Paramount Pictures, Bad Robot, Goldcrest Pictures",Roger Michell,"Rachel McAdams, Harrison Ford, Diane Keaton, Patrick Wilson, Jeff Goldblum"
43593,tt0464154,Piranha 3D,Piranha 3D,2010-08-20,9.1398,5.425,2457,"[35, 27]",en,24000000,83188165,88,"Atmosphere Entertainment MM, Chako Film Company, Dimension Films, Aja / Levasseur Productions",Alexandre Aja,"Elisabeth Shue, Jerry O'Connell, Steven R. McQueen, Jessica Szohr, Kelly Brook"
46838,tt1465522,Tucker and Dale vs. Evil,Tucker and Dale vs. Evil,2010-01-22,8.1127,7.405,3303,"[35, 27]",en,5000000,5224938,89,"Eden Rock Media, Gynormous Pictures, Voltage Pictures",Eli Craig,"Tyler Labine, Alan Tudyk, Katrina Bowden, Jesse Moss, Philip Granger"
23172,tt1273678,The Spy Next Door,The Spy Next Door,2010-01-15,9.6571,5.895,1452,"[28, 35, 10751]",en,28000000,66166000,94,"Spy Next Door, Relativity Media, Robert Simonds Productions, Lionsgate, Mandate International",Brian Levant,"Jackie Chan, Amber Valletta, Madeline Carroll, Will Shadley, Alina Foley"
22894,tt1038686,Legion,Legion,2010-01-21,9.3065,5.912,2955,"[28, 14, 27]",en,26000000,67918658,100,"Screen Gems, Bold Films",Scott Stewart,"Paul Bettany, Dennis Quaid, Lucas Black, Kate Walsh, Tyrese Gibson"
22907,tt1135084,Takers,Takers,2010-08-26,9.1517,6.253,1418,"[28, 80, 18, 53]",en,32000000,80205382,107,"Rainforest Entertainment, Screen Gems, Grand Hustle Films",John Luessenhop,"Matt Dillon, Paul Walker, Idris Elba, Hayden Christensen, Chris Brown"
34813,tt0480255,The Losers,The Losers,2010-04-23,7.9479,6.3,2050,"[28, 12, 80, 9648, 53]",en,25000000,23580000,97,"Dark Castle Entertainment, Weed Road Pictures, Warner Bros. Pictures, DC Vertigo",Sylvain White,"Jeffrey Dean Morgan, Zoe Saldaña, Chris Evans, Idris Elba, Columbus Short"
27579,tt1440728,The American,The American,2010-08-31,8.9116,6.009,1565,"[80, 18, 53]",en,20000000,67900000,104,"Twins Financing, This is that, Focus Features, Greenlit Rights, Smokehouse Pictures",Anton Corbijn,"George Clooney, Violante Placido, Thekla Reuten, Paolo Bonacelli, Johan Leysen"
41283,tt1433108,Faster,Faster,2010-11-23,8.96,6.355,2160,"[80, 18, 28, 53]",en,24000000,23081726,98,"Castle Rock Entertainment, State Street Pictures, CBS Films, TriStar Pictures",George Tillman Jr.,"Dwayne Johnson, Billy Bob Thornton, Oliver Jackson-Cohen, Maggie Grace, Carla Gugino"
27576,tt0944835,Salt,Salt,2010-07-21,9.8963,6.417,6067,"[28, 9648, 53]",en,110000000,293329073,100,"Wintergreen Productions, Columbia Pictures, Relativity Media, di Bonaventura Pictures",Phillip Noyce,"Angelina Jolie, Liev Schreiber, Chiwetel Ejiofor, Daniel Olbrychski, August Diehl"
41216,tt1219342,Legend of the Guardians: The Owls of Ga'Hoole,Legend of the Guardians: The Owls of Ga'Hoole,2010-07-10,9.421,6.841,2557,"[16, 12, 10751, 14]",en,80000000,140073390,97,"Warner Bros. Pictures, Village Roadshow Pictures, Animal Logic, GOG Productions",Zack Snyder,"Jim Sturgess, Ryan Kwanten, Hugo Weaving, Helen Mirren, Geoffrey Rush"
51620,tt1500491,Death Race 2,Death Race 2,2010-11-12,8.3245,5.862,1236,"[28, 53, 878]",en,7000000,0,100,"Moonlighting Films, CC Capital Arts Entertainment SRL",Roel Reiné,"Luke Goss, Lauren Cohan, Sean Bean, Danny Trejo, Ving Rhames"
22971,tt0989757,Dear John,Dear John,2010-02-04,9.2581,6.833,4342,"[18, 10749, 10752]",en,25000000,114977104,108,"Screen Gems, Relativity Media, Temple Hill Entertainment",Lasse Hallström,"Amanda Seyfried, Channing Tatum, Richard Jenkins, Henry Thomas, D.J. Cotrona"
44683,tt1216515,Tinker Bell and the Great Fairy Rescue,Tinker Bell and the Great Fairy Rescue,2010-07-29,7.8495,6.77,1046,"[16, 12, 10751, 14]",en,0,0,76,"DisneyToon Studios, Prana Animation Studios",Bradley Raymond,"Mae Whitman, Lauren Mote, Michael Sheen, Pamela Adlon, Lucy Liu"
40264,tt1666186,Vampires Suck,Vampires Suck,2010-08-18,7.8264,4.405,1426,"[35, 14]",en,20000000,80547866,82,"Road Rebel, Regency Enterprises, 20th Century Fox, Dune Entertainment, 3 in the Box","Aaron Seltzer, Jason Friedberg","Jenn Proske, Matt Lanter, Chris Riggi, Diedrich Bader, Anneliese Van Der Pol"
33217,tt1196141,Diary of a Wimpy Kid,Diary of a Wimpy Kid,2010-03-19,7.6931,6.286,1834,"[35, 10751]",en,15000000,75700000,92,"Dayday Films, Color Force, Dune Entertainment, Fox 2000 Pictures",Thor Freudenthal,"Zachary Gordon, Robert Capron, Steve Zahn, Devon Bostick, Rachael Harris"
25195,tt1216492,Leap Year,Leap Year,2010-01-08,7.6658,6.893,2207,"[10749, 35]",en,19000000,32686500,100,"Birnbaum/Barber Productions, Universal Pictures, Spyglass Entertainment, Octagon Films, BenderSpink",Anand Tucker,"Amy Adams, Matthew Goode, Adam Scott, John Lithgow, Noel O'Donovan"
44048,tt0477080,Unstoppable,Unstoppable,2010-11-04,7.663,6.628,4012,"[28, 53]",en,100000000,167805466,98,"20th Century Fox, Dune Entertainment, Prospect Park, Ingenious Media, Scott Free Productions, Big Screen Entertainment Group",Tony Scott,"Denzel Washington, Chris Pine, Rosario Dawson, Kevin Dunn, Kevin Corrigan"
35056,tt1279935,Date Night,Date Night,2010-04-08,7.6102,6.116,3141,"[35, 28, 12]",en,55000000,152300000,88,"Dune Entertainment, 21 Laps Entertainment, 20th Century Fox",Shawn Levy,"Steve Carell, Tina Fey, Mark Wahlberg, Taraji P. Henson, Jimmi Simpson"
19901,tt0433362,Daybreakers,Daybreakers,2010-01-06,7.5767,6.3,2254,"[28, 14, 878]",en,20000000,51417188,98,"Lionsgate, Pictures in Paradise, Pacific Film and Television Commission, Furst Films, Australian Film Finance Corporation","Michael Spierig, Peter Spierig","Ethan Hawke, Sam Neill, Willem Dafoe, Claudia Karvan, Isabel Lucas"
41233,tt1193631,Step Up 3D,Step Up 3D,2010-08-04,7.3325,6.835,2047,"[18, 10749]",en,30000000,159291809,107,"Touchstone Pictures, Summit Entertainment",Jon M. Chu,"Sharni Vinson, Rick Malambri, Adam Sevani, Alyson Stoner, Joe Slaughter"
46705,tt1120985,Blue Valentine,Blue Valentine,2010-12-26,7.3118,6.971,3617,"[18, 10749]",en,1000000,15440333,112,"Cottage Industries, Incentive Filmed Entertainment, Silverwood Films, Hunting Lane Films, Chrysler Corporation, Shade Pictures, Motel Movies",Derek Cianfrance,"Ryan Gosling, Michelle Williams, John Doman, Mike Vogel, Ben Shenkman"
44040,tt1314655,Devil,Devil,2010-09-16,7.283,6.099,3189,"[27, 9648, 53]",en,10000000,33583175,80,"Universal Pictures, MRC, The Night Chronicles, Relativity Media",John Erick Dowdle,"Chris Messina, Bojana Novaković, Jenny O'Hara, Logan Marshall-Green, Jacob Vargas"
38234,tt1156466,Undisputed III: Redemption,Undisputed III: Redemption,2010-04-17,7.2139,7.602,1070,"[28, 53, 80, 18]",en,3000000,76500000,96,"Undisputed 3 Productions, Nu Image",Isaac Florentine,"Scott Adkins, Mykel Shannon Jenkins, Mark Ivanir, Hristo Shopov, Marko Zaror"
48289,tt1226753,The Debt,The Debt,2010-09-30,7.174,6.548,987,"[18, 53]",en,20000000,45636368,113,"Pioneer Pictures, Miramax, Marv",John Madden,"Helen Mirren, Tom Wilkinson, Sam Worthington, Ciarán Hinds, Jessica Chastain"
37056,tt0892318,Letters to Juliet,Letters to Juliet,2010-05-13,7.0992,7.003,3059,"[35, 18, 10749]",en,30000000,82148538,105,"Summit Entertainment, Applehead Pictures",Gary Winick,"Amanda Seyfried, Christopher Egan, Gael García Bernal, Vanessa Redgrave, Franco Nero"
33909,tt1027718,Wall Street: Money Never Sleeps,Wall Street: Money Never Sleeps,2010-09-20,7.0589,6.094,1739,"[18, 80]",en,70000000,134748021,133,"Pressman Film, Dune Entertainment III, Dune Entertainment, 20th Century Fox",Oliver Stone,"Michael Douglas, Shia LaBeouf, Josh Brolin, Carey Mulligan, Frank Langella"
38408,tt1055292,Life As We Know It,Life As We Know It,2010-10-02,6.8837,6.891,3331,"[35, 10749, 18]",en,38000000,105734416,114,"Josephson Entertainment, Gold Circle Films",Greg Berlanti,"Katherine Heigl, Josh Duhamel, Josh Lucas, Alexis Clagett, Brynn Clagett"
34016,tt0815236,She's Out of My League,She's Out of My League,2010-03-11,6.8497,6.51,2421,"[10749, 35]",en,20000000,49800000,104,"Paramount Pictures, DreamWorks Pictures, Mosaic Media Group",Jim Field Smith,"Jay Baruchel, Alice Eve, T.J. Miller, Nate Torrence, Mike Vogel"
12201,tt1226273,Edge of Darkness,Edge of Darkness,2010-01-28,6.8081,6.463,1801,"[80, 18, 9648, 53]",en,80000000,81126522,117,"Icon Productions, GK Films, BBC Film, Warner Bros. Pictures",Martin Campbell,"Mel Gibson, Ray Winstone, Danny Huston, Bojana Novaković, Shawn Roberts"
37645,tt1167638,22 Bullets,L'Immortel,2010-03-23,6.803,6.693,1376,"[18, 80, 53]",fr,24000000,0,117,"EuropaCorp, TF1 Films Production, Digital Factory",Richard Berry,"Jean Reno, Kad Merad, Marina Foïs, Jean-Pierre Darroussin, JoeyStarr"
23023,tt0808510,Tooth Fairy,Tooth Fairy,2010-01-14,6.802,5.496,2149,"[35, 10751, 14]",en,48000000,112462508,101,"Dune Entertainment, Dune Entertainment III, Walden Media, Mayhem Pictures, 20th Century Fox, Blumhouse Productions",Michael Lembeck,"Dwayne Johnson, Stephen Merchant, Ashley Judd, Julie Andrews, Ryan Sheckler"
50727,tt1905059,The Servant,방자전,2010-06-02,6.7934,5.671,42,"[10749, 18, 35]",ko,0,0,124,"Barunson E&A, Sio Film, The Tower Pictures, CJ Entertainment",Kim Dae-woo,"Kim Joo-hyuk, Cho Yeo-jeong, Ryoo Seung-bum, Ryu Hyun-kyung, Song Sae-byuk"
37707,tt1017460,Splice,Splice,2010-06-03,6.763,5.878,2519,"[27, 878]",en,26000000,0,104,"Copperheart Entertainment, Gaumont, Senator Film, Dark Castle Entertainment",Vincenzo Natali,"Adrien Brody, Sarah Polley, Delphine Chanéac, David Hewlett, Abigail Chu"
29427,tt0455407,The Crazies,The Crazies,2010-02-26,6.6837,6.305,2358,"[9648, 27, 28]",en,20000000,54956140,101,"Penn Station Entertainment, Participant, Overture Films, Image Nation Studios, Paramount Vantage",Breck Eisner,"Timothy Olyphant, Radha Mitchell, Joe Anderson, Danielle Panabaker, Joe Reegan"
11439,tt1139328,The Ghost Writer,The Ghost Writer,2010-02-12,7.3681,6.817,2520,"[53, 9648]",en,45000000,60300000,128,"R.P. Productions, France 2 Cinéma, Runteam, Studio Babelsberg, Elfte Babelsberg Film",Roman Polanski,"Ewan McGregor, Pierce Brosnan, Kim Cattrall, Olivia Williams, Tom Wilkinson"
26388,tt1462758,Buried,Buried,2010-09-24,6.948,6.634,3141,[53],en,1987650,19152480,95,"Versus Entertainment, The Safran Company, Dark Trick Films",Rodrigo Cortés,"Ryan Reynolds, José Luis García Pérez, Robert Paterson, Stephen Tobolowsky, Samantha Mathis"
32856,tt0817230,Valentine's Day,Valentine's Day,2010-02-10,7.1034,5.929,3211,"[35, 10749]",en,52000000,216528528,125,"Karz Entertainment, Rice Films",Garry Marshall,"Jessica Alba, Kathy Bates, Jessica Biel, Bradley Cooper, Eric Dane"
38199,tt0914863,Unthinkable,Unthinkable,2010-05-26,7.7797,6.816,1511,"[18, 53]",en,15000000,0,97,"Senator Entertainment, Lleju Productions, Sidney Kimmel Entertainment, Kimmel International, ChubbCo Film",Gregor Jordan,"Samuel L. Jackson, Carrie-Anne Moss, Michael Sheen, Stephen Root, Lora Kojovic"
27573,tt1038919,The Bounty Hunter,The Bounty Hunter,2010-03-16,6.693,5.851,3120,"[28, 35, 10749]",en,40000000,136300000,110,"Original Film, Relativity Media, Columbia Pictures",Andy Tennant,"Jennifer Aniston, Gerard Butler, Jason Sudeikis, Jeff Garlin, Ritchie Coster"
44874,tt1725929,Barbie: A Fashion Fairytale,Barbie: A Fashion Fairytale,2010-09-14,6.8062,7.3,805,"[10751, 16]",en,0,0,79,"Mattel, Evolution Films",William Lau,"Diana Kaarina, Adrian Petriw, Tabitha St. Germain, Patricia Drake, Alexa Devine"
28211,tt1352824,Chloe,Chloe,2010-02-25,7.1829,6.1,1923,"[18, 53, 9648]",en,14000000,13657649,96,"StudioCanal, The Montecito Picture Company",Atom Egoyan,"Amanda Seyfried, Julianne Moore, Liam Neeson, Max Thieriot, R.H. Thomson"
463570,tt1868046,Lisbon-Province,Lisboa-Província,2010-06-26,4.8613,5.0,2,[18],pt,0,0,20,Terratreme,Susana Nobre,"Brites da Conceição Borralho, Susana Nobre, Maria do Céu Nobre"
42188,tt1334260,Never Let Me Go,Never Let Me Go,2010-03-18,7.3703,6.8,2535,"[18, 10749, 878]",en,15000000,9918093,104,"DNA Films, Film4 Productions, Fox Searchlight Pictures",Mark Romanek,"Carey Mulligan, Keira Knightley, Andrew Garfield, Izzy Meikle-Small, Ella Purnell"
38363,tt0977855,Fair Game,Fair Game,2010-05-20,6.2269,6.454,880,"[18, 53]",en,22000000,25806953,108,"River Road Entertainment, Participant, Fair Game Productions, Dillywood, Hypnotic, Weed Road Pictures, Zucker Productions, Image Nation Studios",Doug Liman,"Naomi Watts, Sean Penn, Sam Shepard, Noah Emmerich, Michael Kelly"
26022,tt1188996,My Name Is Khan,My Name Is Khan,2010-02-10,7.3428,8.0,1503,"[18, 10749]",hi,12000000,42345360,165,"Dharma Productions, Fox Searchlight Pictures, Red Chillies Entertainment, Fox Star Studios, Image Nation Studios, Fox International Productions, Mandate International, Star China Media, Bollywood Hollywood Productions, FilmyBox Movies, Sony Music",Karan Johar,"Shah Rukh Khan, Kajol, Arjan Aujla, Jimmy Shergill, Sonya Jehan"
47931,tt1555149,Elite Squad: The Enemy Within,Tropa de Elite 2,2010-10-08,6.8315,7.852,2109,"[18, 28, 80]",pt,0,63027681,115,"Feijão Filmes, Zazen Produções, Globo Filmes, RioFilme",José Padilha,"Wagner Moura, Irandhir Santos, André Ramiro, Milhem Cortaz, Maria Ribeiro"
23631,tt0985694,Machete,Machete,2010-09-01,7.0419,6.3,3654,"[28, 35, 53]",en,10500000,45491656,105,"Overnight Films, Troublemaker Studios","Robert Rodriguez, Ethan Maniquis","Danny Trejo, Michelle Rodriguez, Jessica Alba, Robert De Niro, Steven Seagal"
20533,tt1075747,Jonah Hex,Jonah Hex,2010-06-18,7.6219,4.98,1587,"[37, 14, 53]",en,47000000,10539000,81,"Warner Bros. Pictures, Legendary Pictures, Weed Road Pictures, Mad Chance, DC",Jimmy Hayward,"Josh Brolin, John Malkovich, Megan Fox, Michael Fassbender, Will Arnett"
73245,tt1785394,Bleach the Movie: Hell Verse,劇場版 BLEACH 地獄篇,2010-12-04,5.8243,7.583,212,"[28, 16, 14, 12]",ja,0,8749681,94,"Shueisha, Pierrot, TV Tokyo, dentsu, Aniplex, TOHO, Bandai, Sony Interactive Entertainment",Noriyuki Abe,"Masakazu Morita, Fumiko Orikasa, Noriaki Sugiyama, Hiroki Yasumoto, Yuki Matsuoka"
49953,tt1230204,A Turtle's Tale: Sammy's Adventures,A Turtle's Tale: Sammy's Adventures,2010-08-04,6.6115,6.1,702,"[16, 10751]",en,0,71594792,88,"Motion Investment Group, nWave Pictures, Illuminata Pictures, StudioCanal, Around the World in 50 Years",Ben Stassen,"Yuri Lowenthal, Gemma Arterton, Isabelle Fuhrman, Melanie Griffith, Tim Curry"
38745,tt1320261,Gulliver's Travels,Gulliver's Travels,2010-12-23,7.9852,5.224,2615,"[10751, 35, 12, 14]",en,112000000,237382724,85,"Dune Entertainment, Davis Entertainment, Dune Entertainment III, 20th Century Fox",Rob Letterman,"Jack Black, Jason Segel, Emily Blunt, Amanda Peet, Billy Connolly"
22972,tt0947810,Green Zone,Green Zone,2010-03-11,8.8205,6.485,2456,"[10752, 28, 12, 18, 53]",en,100000000,94882889,115,"Universal Pictures, StudioCanal, Relativity Media, Working Title, KanZaman Productions, Atresmedia Cine",Paul Greengrass,"Matt Damon, Greg Kinnear, Brendan Gleeson, Amy Ryan, Khalid Abdalla"
40662,tt1569923,Batman: Under the Red Hood,Batman: Under the Red Hood,2010-07-27,6.7987,7.762,1781,"[9648, 80, 16]",en,0,6629178,75,"Warner Bros. Animation, DC, Warner Premiere",Brandon Vietti,"Bruce Greenwood, Jensen Ackles, Neil Patrick Harris, Jason Isaacs, John DiMaggio"
49009,tt1023114,The Way Back,The Way Back,2010-11-22,6.4037,7.007,1817,"[18, 12, 36]",en,30000000,24172201,133,"Exclusive Media, National Geographic Films, Image Nation Studios, Exclusive Films, Monolith Films",Peter Weir,"Ed Harris, Jim Sturgess, Saoirse Ronan, Colin Farrell, Mark Strong"
42297,tt1126591,Burlesque,Burlesque,2010-11-23,6.841,7.214,2408,"[18, 10749]",en,55000000,89500000,119,"Screen Gems, Bedford Falls Productions",Steve Antin,"Cher, Christina Aguilera, Cam Gigandet, Kristen Bell, Stanley Tucci"
41498,tt1485763,One Piece Film: Strong World,ONE PIECE FILM STRONG WORLD,2010-02-11,6.5043,7.452,413,"[16, 14, 12]",ja,0,53000000,114,"Toei Animation, Shueisha, Fuji Television Network, Bandai, Toei Company",Munehisa Sakai,"Mayumi Tanaka, Kazuya Nakai, Akemi Okamura, Kappei Yamaguchi, Hiroaki Hirata"
45132,tt1512235,Super,Super,2010-11-26,6.1747,6.522,1791,"[35, 28, 18]",en,2500000,1185012,96,"This is that, Ambush Entertainment, Crimson Bolt, IFC Midnight, Cold Iron Pictures",James Gunn,"Rainn Wilson, Elliot Page, Liv Tyler, Kevin Bacon, Gregg Henry"
13477,tt1185416,When in Rome,When in Rome,2010-01-29,7.3781,5.911,1302,"[35, 14, 10749]",en,55000000,43042835,91,"Krasnoff / Foster Entertainment, Touchstone Pictures",Mark Steven Johnson,"Kristen Bell, Josh Duhamel, Anjelica Huston, Danny DeVito, Will Arnett"
40205,tt1646876,16 Wishes,16 Wishes,2010-10-02,6.5812,6.318,1382,"[14, 18, 10751]",en,0,0,90,"MarVista Entertainment, Unity Pictures Group, Family Channel",Peter DeLuise,"Debby Ryan, Jean-Luc Bilodeau, Keenan Tracey, Anna Mae Wills, Karissa Tynes"
34647,tt1191111,Enter the Void,Enter the Void,2010-05-05,6.7198,7.3,2051,"[14, 18]",en,13000000,754249,161,"Fidélité Films, Wild Bunch, BUF, Les Cinémas de la Zone, Essential Filmproduktion, BiM Distribuzione, Paranoia Films",Gaspar Noé,"Paz de la Huerta, Nathaniel Brown, Cyril Roy, Olly Alexander, Masato Tanno"
12819,tt1213012,Alpha and Omega,Alpha and Omega,2010-07-05,6.4177,5.946,579,"[16, 10751, 35, 12, 10749]",en,20000000,50507267,88,"Lionsgate, Crest Animation, Crest Animation, Alpha & Omega Productions","Anthony Bell, Ben Gluck","Justin Long, Hayden Panettiere, Dennis Hopper, Danny Glover, Larry Miller"
46503,tt1175709,All Good Things,All Good Things,2010-12-03,5.8101,6.066,1032,"[9648, 53, 10749]",en,0,1754389,101,Hit the Ground Running Films,Andrew Jarecki,"Ryan Gosling, Kirsten Dunst, Frank Langella, Lily Rabe, Philip Baker Hall"
27585,tt0935075,Rabbit Hole,Rabbit Hole,2010-12-16,6.4499,6.634,678,[18],en,5000000,5144717,91,"Olympus Pictures, OddLot Entertainment, Blossom Films",John Cameron Mitchell,"Nicole Kidman, Aaron Eckhart, Dianne Wiest, Miles Teller, Tammy Blanchard"
34803,tt1321509,Death at a Funeral,Death at a Funeral,2010-04-15,6.2205,5.884,1101,[35],en,21000000,49050886,92,"Parabolic Pictures, Wonderful Films, Stable Way Entertainment, Sidney Kimmel Entertainment",Neil LaBute,"Chris Rock, Martin Lawrence, Zoe Saldaña, Tracy Morgan, Regina Hall"
23048,tt1231587,Hot Tub Time Machine,Hot Tub Time Machine,2010-03-26,6.9555,6.049,2824,"[878, 35, 12]",en,36000000,64780213,101,"Metro-Goldwyn-Mayer, New Crime Productions, United Artists",Steve Pink,"John Cusack, Craig Robinson, Rob Corddry, Clark Duke, Sebastian Stan"
41210,tt0889573,The Switch,The Switch,2010-08-20,6.1688,6.2,2076,"[35, 10749, 18]",en,19000000,49830607,101,"Mandate Pictures, Echo Films, Bona Fide Productions","Will Speck, Josh Gordon","Jennifer Aniston, Jason Bateman, Patrick Wilson, Thomas Robinson, Jeff Goldblum"
39013,tt1399683,Winter's Bone,Winter's Bone,2010-06-11,7.2504,6.774,2058,"[18, 9648]",en,2000000,13831503,101,"Anonymous Content, Winter's Bone Productions",Debra Granik,"Jennifer Lawrence, John Hawkes, Kevin Breznahan, Dale Dickey, Garret Dillahunt"
34179,tt1442571,14 Blades,錦衣衛,2010-02-04,5.93,6.305,218,"[18, 28, 53]",zh,20000000,0,114,"Shanghai Film Group, Visualizer Film Productions, MediaCorp Raintree Pictures, Western Movie Group, Desen International Media",Daniel Lee,"Donnie Yen, Sammo Kam-Bo Hung, Wu Chun, Kate Tsui Tsz-Shan, Qi Yuwu"
51533,tt1533117,Let the Bullets Fly,让子弹飞,2010-12-20,5.7036,7.8,361,"[28, 35]",zh,0,104731450,132,"JCE Movies, Beijing Bu Yi Le Hu Film Company, Emei Film Studio, China Film Group Corporation",Jiang Wen,"Jiang Wen, Chow Yun-Fat, Ge You, Carina Lau, Shao Bing"
23742,tt1385867,Cop Out,Cop Out,2010-02-26,5.4126,5.554,1680,"[28, 35, 80]",en,30000000,55600000,107,Marc Platt Productions,Kevin Smith,"Bruce Willis, Tracy Morgan, Adam Brody, Kevin Pollak, Ana de la Reguera"
39691,tt1287468,Cats & Dogs: The Revenge of Kitty Galore,Cats & Dogs: The Revenge of Kitty Galore,2010-07-29,6.7664,5.2,702,"[10751, 12, 35, 14]",en,85000000,112483764,82,"Village Roadshow Pictures, Polymorphic Pictures, Mad Chance, CD2 Films, Warner Bros. Pictures",Brad Peyton,"James Marsden, Nick Nolte, Christina Applegate, Katt Williams, Bette Midler"
45958,tt1164999,Biutiful,Biutiful,2010-10-20,5.2857,7.244,1248,[18],es,0,25147786,148,"Menage Atroz, Mod Producciones, Focus Features, Ikiru Films, Cha Cha Chá",Alejandro G. Iñárritu,"Javier Bardem, Maricel Álvarez, Hanaa Bouchaib, Guillermo Estrella, Eduard Fernández"
41515,tt1302067,Yogi Bear,Yogi Bear,2010-12-17,6.0196,5.563,962,"[35, 10751, 16, 12]",en,80000000,203509374,80,"Sunswept Entertainment, De Line Pictures, Rhythm and Hues, Picnic Basket, Warner Bros. Pictures",Eric Brevig,"Dan Aykroyd, Justin Timberlake, Anna Faris, Tom Cavanagh, T.J. Miller"
44982,tt0798817,13,13,2010-03-12,5.493,5.832,939,"[18, 53]",en,20000000,3701600,91,"Anchor Bay Films, Overnight Films, Morabito Picture Company, Barbarian Films, Magnet Media Group, Oceana Media Finance, Red Dragon Productions, Cinedigm, Magnet Media Productions, Number 13, Paramount Vantage",Gela Babluani,"Sam Riley, Jason Statham, Mickey Rourke, Ray Winstone, 50 Cent"
37786,tt1261945,Sex and the City 2,Sex and the City 2,2010-05-26,6.3912,6.038,1757,"[35, 18, 10749]",en,100000000,290700000,146,"Village Roadshow Pictures, New Line Cinema, Darren Star Productions, HBO",Michael Patrick King,"Sarah Jessica Parker, Kim Cattrall, Kristin Davis, Cynthia Nixon, Chris Noth"
357471,tt1924258,Enciclopédia,Enciclopédia,2010-01-29,5.4427,0.0,0,[10749],pt,0,0,0,,Bruno Gularte Barreto,
41180,tt1625340,The Client List,The Client List,2010-07-19,4.9203,5.88,283,"[18, 10770]",en,0,0,88,"Sony Pictures Television, Jaffe / Braunstein Entertainment, Fedora Films, Howard Braunstein Films",Eric Laneuville,"Jennifer Love Hewitt, Teddy Sears, Sonja Bennett, Lynda Boyd, Chelah Horsdal"
37821,tt1103153,Killers,Killers,2010-06-04,6.1614,5.963,2351,"[28, 35, 53, 10749]",en,75000000,98159963,100,"Katalyst Films, Lionsgate, Aversano Films",Robert Luketic,"Ashton Kutcher, Katherine Heigl, Tom Selleck, Catherine O'Hara, Katheryn Winnick"
345567,tt2369523,Friendly People,Vennlige mennesker,2010-12-09,5.3876,5.6,5,[],no,0,0,8,,Eirik Tveiten,"Trond Fausa Aurvåg, Lise Fjeldstad, Heiki Riipinen, Ida Marie Sandvik, Bjørn Sundquist"
37950,tt1438254,Charlie St. Cloud,Charlie St. Cloud,2010-07-30,6.4336,6.976,2265,"[18, 10749]",en,44000000,48200000,99,"Marc Platt Productions, Universal Pictures, Relativity Media",Burr Steers,"Zac Efron, Charlie Tahan, Amanda Crew, Augustus Prew, Donal Logue"
39486,tt1028576,Secretariat,Secretariat,2010-08-20,6.3066,7.412,651,[18],en,35000000,60300000,123,"Walt Disney Pictures, Fast Track Productions, Mayhem Pictures",Randall Wallace,"Diane Lane, John Malkovich, Scott Glenn, Dylan Walsh, Fred Thompson"
35690,tt1294226,The Last Song,The Last Song,2010-03-31,6.2497,7.23,3417,"[18, 10751, 10749]",en,20000000,89137047,107,"Touchstone Pictures, HopeTown Entertainment",Julie Anne Robinson,"Miley Cyrus, Liam Hemsworth, Bobby Coleman, Kelly Preston, Greg Kinnear"
32823,tt1226229,Get Him to the Greek,Get Him to the Greek,2010-06-03,5.4794,5.96,1999,"[12, 35, 10402]",en,40000000,90029656,109,"Apatow Productions, Universal Pictures, Relativity Media, Spyglass Entertainment",Nicholas Stoller,"Jonah Hill, Russell Brand, Rose Byrne, Elisabeth Moss, Tyler McKinney"
38301,tt1620620,The Japanese Wife,The Japanese Wife,2010-04-09,5.1901,6.6,23,"[18, 10749]",bn,0,0,105,Saregama Films,Aparna Sen,"Rahul Bose, Chigusa Takaku, Raima Sen, Moushumi Chatterjee, Paran Banerjee"
50723,tt1703048,Naruto Shippuden the Movie: The Lost Tower,劇場版 NARUTO -ナルト- 疾風伝 ザ・ロストタワー,2010-07-31,5.2822,7.157,523,"[12, 28, 16]",ja,0,16537336,85,"TOHO, TV Tokyo, Shueisha, Pierrot, Aniplex, dentsu, Bandai Visual",Masahiko Murata,"Junko Takeuchi, Kazuhiko Inoue, Toshiyuki Morikawa, Chie Nakamura, Satoshi Hino"
644845,tt1647459,Happy Fatties,Onnelliset läskit,2010-02-10,4.5483,5.0,1,[35],fi,0,0,20,Blind Spot Pictures,Teppo Airaksinen,"Asko Sahlman, Sari Mällinen, Alvar Virtanen, David Kozma"
38358,tt1320244,The Last Exorcism,The Last Exorcism,2010-08-27,6.2244,5.685,1144,"[27, 53, 9648]",en,1800000,69400000,87,"Strike Entertainment, StudioCanal, Arcade Pictures",Daniel Stamm,"Patrick Fabian, Ashley Bell, Iris Bahr, Louis Herthum, Caleb Landry Jones"
53172,tt1220888,Henry's Crime,Henry's Crime,2010-01-14,5.2336,5.8,395,"[80, 35]",en,12000000,2100000,108,Company Films,Malcolm Venville,"Keanu Reeves, Vera Farmiga, James Caan, Judy Greer, Fisher Stevens"
38579,tt1392197,Marmaduke,Marmaduke,2010-06-03,5.7178,5.253,831,"[10751, 35]",en,50000000,83761844,88,"Dune Entertainment, Davis Entertainment, Regency Enterprises, 20th Century Fox",Tom Dey,"Owen Wilson, Emma Stone, George López, Caroline Sunshine, Finley Jacobsen"
42684,tt1564585,Skyline,Skyline,2010-11-11,5.2089,5.07,1850,"[878, 28, 53]",en,10500000,66984887,93,"RAT Entertainment, Rogue Pictures, Hydraulx, Transmission Pictures, Relativity Media, Universal Pictures, IM Global, Trimuse Entertainment Inc.","Colin Strause, Greg Strause","Eric Balfour, Scottie Thompson, David Zayas, Donald Faison, Brittany Daniel"
42888,tt1341188,How Do You Know,How Do You Know,2010-12-17,5.1767,5.3,1077,"[35, 18, 10749]",en,120000000,48668907,121,"Columbia Pictures, Gracie Films, Road Rebel",James L. Brooks,"Reese Witherspoon, Paul Rudd, Owen Wilson, Jack Nicholson, Kathryn Hahn"
45752,tt1731767,Scooby-Doo! Camp Scare,Scooby-Doo! Camp Scare,2010-09-14,5.1655,7.7,349,"[16, 35, 10751, 9648]",en,0,0,72,Warner Bros. Animation,Ethan Spaulding,"Frank Welker, Mindy Cohn, Matthew Lillard, Grey DeLisle, Dee Bradley Baker"
43923,tt0804497,It's Kind of a Funny Story,It's Kind of a Funny Story,2010-10-08,6.0763,6.943,2513,"[35, 18, 10749]",en,8000000,6491240,102,"Focus Features, Wayfare Entertainment, Misher Films, Journeyman Pictures, Gowanus Projections, Start Media","Anna Boden, Ryan Fleck","Keir Gilchrist, Emma Roberts, Zach Galifianakis, Viola Davis, Lauren Graham"
71172,tt1636780,Gintama: The Movie,劇場版 銀魂 新訳紅桜篇,2010-04-24,4.7016,7.472,107,"[28, 878, 16, 35]",ja,0,10453259,95,"Aniplex, SUNRISE, TV Tokyo, Warner Bros. Pictures, dentsu, Bandai Visual",Shinji Takamatsu,"Tomokazu Sugita, Daisuke Sakaguchi, Rie Kugimiya, Akira Ishida, Takehito Koyasu"
23759,tt1020558,Centurion,Centurion,2010-02-15,4.9341,6.241,1619,"[12, 28, 18]",en,12000000,6890432,97,"UK Film Council, Celador Films, Pathé",Neil Marshall,"Michael Fassbender, Olga Kurylenko, David Morrissey, Liam Cunningham, Dominic West"
50009,tt1601823,Eşrefpaşalılar,Eşrefpaşalılar,2010-03-05,4.5192,5.3,8,"[35, 18]",tr,0,0,103,,Hüdaverdi Yavuz,"Sinan Albayrak, Turgay Tanülkü, Burak Tarık, Hüseyin Soysalan, Sermin Hürmeriç"
65496,tt1570970,Student Services,Mes chères études,2010-01-18,5.0516,5.3,147,[18],fr,0,0,101,Les Films du Kiosque,Emmanuelle Bercot,"Déborah François, Mathieu Demy, Alain Cauchi, Benjamin Siksou, Anna Sigalevitch"
263773,tt1529229,Adoption,Adopción,2010-02-25,4.8866,6.2,3,[18],es,0,0,80,Del Toro Films,David Lipszyc,"Ignacio Monná, Ricardo González, Franco Gross, José María Regueira, María Susana De Señas"
16290,tt1116184,Jackass 3D,Jackass 3D,2010-10-15,5.5818,6.645,1521,"[35, 99, 28]",en,20000000,117224271,94,"MTV Films, Dickhouse Productions, Paramount Pictures",Jeff Tremaine,"Johnny Knoxville, Bam Margera, Ryan Dunn, Steve-O, Chris Pontius"
42291,tt1478841,The Buddha,The Buddha,2010-04-17,4.5669,6.2,16,[99],en,0,0,120,David Grubin Productions,David Grubin,"Richard Gere, Blair Brown, Tenzin Gyatso, Mark Epstein, William Stanley Merwin"
42194,tt0411951,Tekken,Tekken,2010-03-20,5.5799,5.33,763,"[80, 18, 28, 53, 878]",en,30000000,1697207,92,"Crystal Sky Pictures, Steven Paul Production",Dwight H. Little,"Jonathan Patrick Foo, Kelly Overton, Cary-Hiroyuki Tagawa, Ian Anthony Dale, Luke Goss"
541502,tt1676916,Holding Still,Holding Still,2010-01-31,4.4516,0.0,0,[99],de,0,0,27,,Florian Riegel,
44363,tt1323045,Frozen,Frozen,2010-02-05,4.5443,6.003,2053,[53],en,0,3065860,94,"ArieScope Pictures, A Bigger Boat",Adam Green,"Emma Bell, Shawn Ashmore, Kevin Zegers, Ed Ackerman, Rileah Vanderbilt"
35552,tt1179025,The Extraordinary Adventures of Adèle Blanc-Sec,Les Aventures extraordinaires d'Adèle Blanc-Sec,2010-04-09,5.1978,6.27,1513,"[14, 12, 28, 9648]",fr,25000000,34604339,107,"EuropaCorp, Apipoulaï Prod, TF1 Films Production",Luc Besson,"Louise Bourgoin, Mathieu Amalric, Gilles Lellouche, Jean-Paul Rouve, Jacky Nercessian"
872492,tt2207530,Les Inséparables,Les Inséparables,2010-06-01,4.4037,0.0,0,"[14, 18]",fr,0,0,0,Rusty Production,Fabrice Bracq,"Sam Salhi, Maëlle Jordant-Lebrun, Mathis Jordant-Lebrun, Camille Chalons, Quentin Merabet"
42941,tt1320304,30 Days of Night: Dark Days,30 Days of Night: Dark Days,2010-10-04,4.9385,5.0,613,"[27, 53]",en,0,0,92,Ghost House Pictures,Ben Ketai,"Kiele Sanchez, Mia Kirshner, Diora Baird, Rhys Coiro, Harold Perrineau"
34134,tt1610301,Barbie in A Mermaid Tale,Barbie in A Mermaid Tale,2010-01-25,5.6298,7.26,821,"[16, 10751, 14]",en,0,16441438,75,"Rainmaker Entertainment, Mattel",Adam Wood,"Kelly Sheridan, Kathleen Barr, Tabitha St. Germain, Peter Mel, Nakia Burrise"
44603,tt1212419,Hereafter,Hereafter,2010-10-22,5.2382,6.147,1853,"[18, 14]",en,50000000,107000000,129,"Warner Bros. Pictures, Amblin Entertainment, The Kennedy/Marshall Company, Malpaso Productions",Clint Eastwood,"Matt Damon, Cécile de France, Bryce Dallas Howard, Thierry Neuvic, Cyndi Mayo-Akeo"
397215,tt0856796,Kolorádó Kid,Kolorádó Kid,2010-10-14,4.315,3.333,3,[18],hu,0,0,0,,"Vágvölgyi, B. András","Zsolt Nagy, Andrea Fullajtár, Tibor Gáspár, Adél Jordán, Péter Kokics"
46146,tt1740707,Troll Hunter,Trolljegeren,2010-10-29,5.4254,6.716,1804,"[14, 27]",no,3500000,4159678,104,"Filmkameratene, FilmFondet Fuzz, SF Norge",André Øvredal,"Otto Jespersen, Glenn Erland Tosterud, Johanna Mørck, Tomas Alf Larsen, Hans Morten Hansen"
44945,tt1529572,Trust,Trust,2010-09-10,5.4171,6.555,1062,"[80, 18, 53]",en,9500000,120000,104,"Dark Harbor Stories, Nu Image, Millennium Media",David Schwimmer,"Clive Owen, Catherine Keener, Liana Liberato, Jason Clarke, Viola Davis"
217605,tt1587109,The Grave Digger,A sírásó,2010-01-01,4.351,5.4,5,[],en,0,0,85,,Sándor Kardos,Zoltán Mucsi
49852,tt1041804,The Nutcracker,The Nutcracker,2010-11-24,5.1459,4.976,210,"[12, 14, 10751]",en,90000000,20466016,108,"Vnesheconombank, Nutcracker Holdings, HCC Media Group, Russian Roulette Ltd.",Andrei Konchalovsky,"Elle Fanning, Nathan Lane, John Turturro, Frances de la Tour, Charlie Rowe"
58857,tt1436045,13 Assassins,十三人の刺客,2010-09-25,4.7737,7.3,1316,"[12, 18, 28]",ja,6000000,17555141,141,"TOHO, Sedic International, Toei Studios Kyoto, OLM, TV Asahi Music, IMAGICA, TV Asahi, dentsu, Shogakukan, The Asahi Shimbun, Asahi Broadcasting Corporation, Nagoya Broadcasting Network, Kyushu Asahi Broadcasting, Yahoo! Japan, TSUTAYA Group, Hiroshima Home Television, Sedic Deux, Raku Film, Recorded Picture Company, HanWay Films, Japan Action Enterprise, Shizuoka Asahi Television, Hokkaido Television Broadcasting, Higashi Nippon Broadcasting",Takashi Miike,"Koji Yakusho, Takayuki Yamada, Yusuke Iseya, Goro Inagaki, Kazue Fukiishi"
57687,tt1753743,Die Beauty,Du Sköna,2010-09-17,4.0464,6.5,2,"[18, 53]",sv,1250000,0,83,,Stina Bergman,"Herta Jankert, Anna Bellika, Sofia Berg-Böhm, Ida Andersson Bohlin, Olga Fare"
41201,tt0775489,The Illusionist,L'Illusionniste,2010-06-16,4.0524,7.2,694,"[16, 18]",fr,18000000,6007194,80,"Django Films, France 3 Cinéma, Ciné B, Pathé",Sylvain Chomet,"Jean-Claude Donda, Eilidh Rankin, Didier Gustin, Jil Aigrot, Jacques Tati"
40619,tt1620446,Day & Night,Day & Night,2010-06-17,4.8695,7.691,976,"[16, 10751, 35, 14]",en,0,0,6,"Walt Disney Pictures, Pixar",Teddy Newton,Wayne Dyer
353618,tt1794979,Så nära,Så nära,2010-03-08,4.5909,5.5,2,[99],sv,0,0,28,Dramatiska Institutet,"Emelie Wallgren, Ina Holmqvist","Bill Kaulitz, Tom Kaulitz"
62423,tt1525886,Saru Lock: The Movie,猿ロック THE MOVIE,2010-02-27,4.5049,6.333,12,"[28, 35, 18, 10749]",ja,0,0,112,Robot Communications,Tetsu Maeda,"Hayato Ichihara, Manami Higa, Manami Konishi, Sousuke Takaoka, Sei Ashina"
49827,tt1718837,"Moscow, I Love You!","Москва, я люблю тебя!",2010-09-02,5.1705,4.8,30,"[10749, 35]",ru,0,0,143,"BFG Media Production, Central Partnership","Nana Jorjadze, Oleg Fomin, Artyom Mikhalkov, Georgi Natanson, Ivan Okhlobystin, Georgy Paradzhanov, Andrey Razenkov, Vera Storozheva, Elina Suni, Alla Surikova, Ekaterina Dvigubskaya, Alexandr Kasatkin, Ekaterina Kalinina, Vasily Chiginsky, Egor Konchalovsky, Irakli Kvirikadze, Murad Ibragimbekov","Giuliano Di Capua, Svetlana Ivanova, Dmitriy Kulichkov, Andrey Frolov, Grigoriy Antipenko"
44639,tt1645089,Inside Job,Inside Job,2010-10-08,5.0641,7.707,1072,"[99, 80]",en,2000000,7871522,109,Representational Pictures,Charles Ferguson,"Matt Damon, Bill Ackman, Jonathan Alpert, Christine Lagarde, Daniel Alpert"
43933,tt1470827,Monsters,Monsters,2010-06-18,4.8855,6.2,1836,"[18, 53, 878]",en,500000,5639730,94,"Vertigo Films, Protagonist Pictures",Gareth Edwards,"Scoot McNairy, Whitney Able, Mario Zuniga Benavides, Annalee Jefferies, Justin Hall"
472664,tt6151152,Diálogo,Diálogo,2010-01-01,3.862,0.0,0,[18],pt,0,0,18,Cabaré Filmes,Dannon Lacerda,"Allan Souza Lima, Diogo Salles"
44147,tt1235189,Wild Target,Wild Target,2010-06-17,5.0459,6.457,805,"[28, 35]",en,8000000,3494154,98,"Regent Capital, Magic Light Pictures, CinemaNX, Isle of Man Film, Entertainment Film Distributors, Matador Pictures, Cinema Four, Honest Engine Films",Jonathan Lynn,"Bill Nighy, Emily Blunt, Rupert Grint, Rupert Everett, Eileen Atkins"
43549,tt0997152,The Experiment,The Experiment,2010-07-15,5.1916,6.366,1356,"[53, 18]",en,21800000,0,96,"Stage 6 Films, Inferno Entertainment, Cinedigm, Magnet Media Productions, Magnet Media Group, Adelstein/Parouse Productions, Mercator Pictures, Natural Selection, Westeast Films",Paul T. Scheuring,"Adrien Brody, Cam Gigandet, Forest Whitaker, Maggie Grace, Clifton Collins Jr."
43209,tt1653690,Ong Bak 3,องค์บาก 3,2010-05-05,5.0944,6.099,524,"[28, 12, 36]",th,0,2340363,95,"Lyara Films, Sahamongkolfilm","Panna Rittikrai, Tony Jaa","Tony Jaa, Primrata Dej-Udom, Dan Chupong, Nirut Sirijanya, Petchtai Wongkamlao"
702465,,MULTIPLE,MULTIPLE,2010-01-01,3.8537,0.0,0,"[35, 10402]",fr,0,0,0,,,"Yann Lambiel, Jean-Luc Barbezat"
726016,,Inside Ghibli's Creation: 400 Days of Clash Between Hayao Miyazaki and The New Director,ジブリ創作のヒミツ ～宮崎駿と新人監督葛藤の400日,2010-08-15,4.3435,9.0,2,[99],ja,0,0,72,NHK,Naoki Hosoda,"Hayao Miyazaki, Toshio Suzuki, Hiromasa Yonebayashi, Joe Hisaishi, Ryoko Hirosue"
42949,tt0940656,Arthur 3: The War of the Two Worlds,Arthur 3: la guerre des deux mondes,2010-08-22,5.4009,5.815,1648,"[16, 12, 14, 10751]",fr,70200000,33885979,101,"EuropaCorp, Apipoulaï Prod, Avalanche Productions",Luc Besson,"Freddie Highmore, Mia Farrow, Robert Stanton, Penny Balfour, David Gasman"
311476,tt1333639,El General,El General,2010-12-03,3.5684,7.0,1,[99],es,0,0,83,Altamura Films,Natalia Almada,
57361,tt1230385,The Yellow Sea,황해,2010-12-22,4.7637,7.354,611,"[18, 53, 80]",ko,8170000,15789762,156,"Wellmade Starm, Popcorn Film, 20th Century Fox Korea, Showbox, Fox International Productions Korea, Hong Kong Asia Film Financing Forum, Asia Culture Technology Investment, Michigan Venture Capital",Na Hong-jin,"Ha Jung-woo, Kim Yoon-seok, Cho Seong-ha, Lee Cheol-min, Kwak Do-won"
50388,tt1690483,King of Thorn,いばらの王 -King of Thorn-,2010-05-01,4.7166,6.563,175,"[14, 16, 878]",ja,0,0,109,"KADOKAWA, Bandai Visual, SUNRISE, Enterbrain, TV Tokyo, dentsu, Sony PCL",Kazuyoshi Katayama,"Kana Hanazawa, Kohsei Hirota, Misaki Kuno, Tsutomu Isobe, Sayaka Ohara"
343213,tt8370300,Mamá,Mamá,2010-04-18,3.6531,0.0,0,[18],es,0,0,70,Sure,Juan Pablo Fernández,"Elisa Zulueta, Carlos Flores Delpino, Emilio Edwards, Cecilia Carter"
44835,tt1403177,Hesher,Hesher,2010-01-22,5.2367,6.798,770,[18],en,7000000,449702,106,"Handsomecharlie Films, American Work, Corner Store Entertainment, The Last Picture Company, Dreamagine Entertainment, Filmula, DRO Entertainment, CatchPlay, Blue-Tongue Films",Spencer Susser,"Joseph Gordon-Levitt, Natalie Portman, Devin Brochu, Rainn Wilson, Piper Laurie"
44113,tt1423995,Stone,Stone,2010-10-07,5.0772,5.323,759,"[18, 53, 28, 9648]",en,22000000,9479718,105,"Stone Productions, Mimran Schur Pictures, Holly Wiersma Productions, Millennium Media",John Curran,"Robert De Niro, Edward Norton, Milla Jovovich, Frances Conroy, Enver Gjokaj"
35558,tt1579247,Starstruck,Starstruck,2010-02-14,4.8506,7.0,1247,"[10749, 35, 10770, 10402]",en,0,0,80,Disney Channel,Michael Grossman,"Sterling Knight, Danielle Campbell, Maggie Castle, Brandon Mychal Smith, Chelsea Kane"
30675,tt1483025,Planet Hulk,Planet Hulk,2010-02-02,4.9104,7.119,570,"[878, 16, 28]",en,0,7000000,81,"Marvel Animation, Lionsgate, MLG Productions 8",Sam Liu,"Rick D. Wasserman, Lisa Ann Beley, Mark Hildreth, Liam O'Brien, Kevin Michael Richardson"
44129,tt1172991,The Company Men,The Company Men,2010-10-21,4.8342,6.5,825,[18],en,15000000,4882577,104,"Battle Mountain Films, Spring Creek Pictures, The Weinstein Company",John Wells,"Ben Affleck, Tommy Lee Jones, Chris Cooper, Kevin Costner, Maria Bello"
29564,tt1319743,Smokin' Aces 2: Assassins' Ball,Smokin' Aces 2: Assassins' Ball,2010-01-19,5.4208,5.334,311,"[28, 35]",en,8000000,0,86,"Universal Studios Home Entertainment, Always Split Aces Productions, Working Title, Capital Arts Entertainment",P.J. Pesce,"Tom Berenger, Clayne Crawford, Tommy Flanagan, Maury Sterling, Martha Higareda"
38031,tt1182350,You Will Meet a Tall Dark Stranger,You Will Meet a Tall Dark Stranger,2010-09-22,5.1514,5.921,923,"[35, 18, 10749]",en,22000000,36015260,98,"Versátil Cinema, Gravier Productions, Atresmedia, Dippermouth, Mediapro",Woody Allen,"Antonio Banderas, Josh Brolin, Anthony Hopkins, Gemma Jones, Freida Pinto"
41505,tt1179069,6 Souls,6 Souls,2010-03-27,4.5849,6.022,784,"[27, 9648, 53]",en,22000000,851517,112,"NALA Films, Maraci/Edelstein Films, IM Global, Shelter Productions","Måns Mårlind, Björn Stein","Julianne Moore, Jonathan Rhys Meyers, Jeffrey DeMunn, Frances Conroy, Nate Corddry"
445452,,Miloš Forman,Miloš Forman,2010-09-06,4.3652,0.0,0,[],fr,0,0,50,,Luc Lagier,"Miloš Forman, Jean-Claude Carrière, Ivan Passer, Luc Lagier"
30061,tt1494772,Justice League: Crisis on Two Earths,Justice League: Crisis on Two Earths,2010-02-23,5.0455,7.304,795,"[16, 878, 14]",en,0,0,75,"Warner Premiere, Warner Bros. Animation, DC","Lauren Montgomery, Sam Liu","William Baldwin, Mark Harmon, Chris Noth, Gina Torres, James Woods"
447063,tt8219334,Xetá,Xetá,2010-03-15,3.9428,0.0,0,[99],pt,0,0,20,,Fernando Severo,
300617,tt1720215,Hair,Saç,2010-08-12,4.4431,5.3,12,[18],tr,0,0,136,Bad Crowd,Tayfun Pirselimoğlu,"Ayberk Pekcan, Nazan Kesal, Rıza Akın, Serkan Keskin, Ercan Kesal"
672591,tt1789094,Uniformed,Uniformadas,2010-07-12,3.916,0.0,0,[],es,0,0,18,,Irene Zoe Alameda,
39781,tt0842926,The Kids Are All Right,The Kids Are All Right,2010-07-09,4.8677,6.592,1632,"[35, 18]",en,3500000,34705850,106,"Mandalay Vision, 10th Hole Productions, Gilbert Films, Saint Aire Production, Artist International, Antidote Films, Artist International Management",Lisa Cholodenko,"Julianne Moore, Annette Bening, Mark Ruffalo, Mia Wasikowska, Josh Hutcherson"
26390,tt1210042,Brooklyn's Finest,Brooklyn's Finest,2010-03-04,4.6798,6.291,1019,"[80, 18, 53]",en,17000000,45700000,132,"Nu Image, Langley Productions, Fuqua Films, Millennium Media, Thunder Road",Antoine Fuqua,"Richard Gere, Don Cheadle, Ethan Hawke, Wesley Snipes, Vincent D'Onofrio"
41436,tt1536044,Paranormal Activity 2,Paranormal Activity 2,2010-10-20,4.8717,5.807,2700,"[27, 9648]",en,3000000,177512032,91,"Paramount Pictures, Blumhouse Productions, Solana Films, Room 101",Tod Williams,"Sprague Grayden, Brian Boland, Molly Ephraim, Katie Featherston, Micah Sloat"
46261,tt1270761,Don't Be Afraid of the Dark,Don't Be Afraid of the Dark,2010-11-06,4.5731,5.84,1169,"[14, 27, 53]",en,25000000,36993168,99,"Miramax, Necropia Entertainment, Gran Via Productions, FilmDistrict",Troy Nixey,"Katie Holmes, Guy Pearce, Bailee Madison, Jack Thompson, Alan Dale"
38778,tt0427152,Dinner for Schmucks,Dinner for Schmucks,2010-07-30,4.9708,5.724,1984,[35],en,69000000,86387857,114,"Everyman Pictures, Parkes+MacDonald Production",Jay Roach,"Paul Rudd, Steve Carell, Stephanie Szostak, Jemaine Clement, Zach Galifianakis"
41215,tt1181791,Black Death,Black Death,2010-06-07,4.5306,6.075,999,"[18, 36, 27]",en,0,382879,102,"Egoli Tossell Film, The Post Republic, Ecosse Films, Zephyr Films, HanWay Films",Christopher Smith,"Sean Bean, Eddie Redmayne, Carice van Houten, Kimberley Nixon, John Lynch"
1084907,,Utopia,Góður staður,2010-01-01,4.115,0.0,0,[],is,0,0,13,The Icelandic Film Company,Lars Emil Árnason,"Snorri Engilbertsson, Magnús Ólafsson, Ragnheiður Steindórsdóttir, Ardian Gashi, Sandra Þórðardóttir"
58496,tt1424432,Senna,Senna,2010-10-07,4.7455,8.101,1238,[99],en,0,8212430,106,"Universal Pictures, StudioCanal, Working Title, Midfield Films",Asif Kapadia,"Ayrton Senna, Alain Prost, Frank Williams, Ron Dennis, Viviane Senna"
69512,tt1708487,Kutty,குட்டி,2010-01-14,4.533,5.4,16,[10749],ta,0,0,157,Gemini Film Circuit,Mithran Jawahar,"Dhanush, Shriya Saran, Sammir Dattani, Mayilsamy, Radha Ravi"
258989,tt1652408,Reparation,Reparação,2010-03-12,4.3299,4.5,2,[99],pt,0,0,95,Terranova Filmes,Daniel Moreno,"Máximo Barro, Fernando Henrique Cardoso, Orlando Lovecchio, Demétrio Magnolli, Marco Antonio Villa"
86184,tt1613031,Doraemon: Nobita's Great Battle of the Mermaid King,映画ドラえもん のび太の人魚大海戦,2010-03-06,4.7821,6.8,74,"[12, 10751, 16, 14, 878]",ja,0,34702573,100,"TV Asahi, ADK, Shogakukan, Shin-Ei Animation, Shogakukan-Shueisha Productions, Fujiko Productions",Kōzō Kusuba,"Wasabi Mizuta, Chiaki, Megumi Oohara, Tomokazu Seki, Yumi Kakazu"
37495,tt1341167,Four Lions,Four Lions,2010-05-07,4.5775,6.947,1330,"[35, 80, 18]",en,3900000,6200000,97,"Film4 Productions, Wild Bunch, Optimum Releasing, Warp Films",Chris Morris,"Riz Ahmed, Nigel Lindsay, Kayvan Novak, Adeel Akhtar, Arsher Ali"
37931,tt1470023,MacGruber,MacGruber,2010-05-21,4.8422,5.422,637,"[28, 35]",en,10000000,9322895,90,"Universal Studios, Relativity Media, Rogue Pictures, Michaels-Goldwyn, Universal Pictures",Jorma Taccone,"Will Forte, Kristen Wiig, Ryan Phillippe, Powers Boothe, Maya Rudolph"
43641,tt1701223,Superman/Shazam!: The Return of Black Adam,Superman/Shazam!: The Return of Black Adam,2010-11-16,4.0928,7.042,1553,"[16, 28, 12, 878]",en,0,0,25,"Warner Premiere, Warner Bros. Animation, DC Entertainment",Joaquim Dos Santos,"George Newbern, Jerry O'Connell, Arnold Vosloo, Zach Callison, James Garner"
56832,tt1525835,Gantz,Gantz,2010-11-29,5.2055,6.553,352,"[27, 28, 878]",ja,0,0,130,"Chubu-nippon Broadcasting Company, Fukuoka Broadcasting System, Hiroshima Telecasting, Hokkaido Broadcasting, Horipro, J Storm, Miyagi Television Broadcasting, Nikkatsu Corporation, Nippon Television Network Corporation, Shizuoka Daiichi Television, Shueisha, Yomiuri Shimbun Company, TOHO, VAP, Yomiuri Telecasting Corporation",Shinsuke Sato,"Kazunari Ninomiya, Kanata Hongo, Kenichi Matsuyama, Natsuna Watanabe, Ainosuke Shibata"
176675,tt1764588,Señora de,Señora de,2010-11-05,3.9658,0.0,0,[99],es,0,0,80,,Patricia Ferreira,"Ana Blanco, Asunción Fernández, Filomena Fraga, María García, Alicia Garcia"
386234,tt1817120,Colors & Boots,Cores & Botas,2010-03-07,3.8879,8.0,3,"[18, 10751]",pt,0,0,16,Preta Portê Filmes,Juliana Vicente,"Jhenyfer Lauren, Dani Ornellas, Luciano Quirino, Bruno Lorenço, Bia Papi"
405960,,Óbito,Óbito,2010-02-25,3.651,0.0,0,[27],es,0,0,0,Hush Production,Federico Torres Fernández,"Joel Contreras, Leonardo Castro Sitiriche, Maria Coral, José Luis Oyola, Noelia Ysern"
47626,tt1744776,Legend of the BoneKnapper Dragon,Legend of the BoneKnapper Dragon,2010-10-14,4.5926,7.082,294,"[16, 14, 10751, 12, 35]",en,0,0,16,DreamWorks Animation,John Puglisi,"Jay Baruchel, Gerard Butler, Craig Ferguson, America Ferrera, Jonah Hill"
309058,,Lost,Lost,2010-09-08,3.8827,0.0,0,[18],zh,0,0,94,Huaxia Film Distribution,Zhou Xiaowen,"Lü Liping, Wang Zitong, Wang Ziheng"
48395,tt1401143,Rare Exports: A Christmas Tale,Rare Exports,2010-12-03,4.1141,6.213,688,"[14, 27]",fi,0,0,83,"Filmpool Nord, Cinet, Kinology, Pomor Film, Agnès B. Productions, Davaj Film, FilmCamp, Love Streams Productions",Jalmari Helander,"Onni Tommila, Jorma Tommila, Tommi Korpela, Rauno Juvonen, Per Christian Ellefsen"
52505,tt1032825,The Other Woman,The Other Woman,2010-10-28,4.4768,6.236,423,[18],en,30000000,1451343,98,"Handsomecharlie Films, Marc Platt Productions, Is or Isn't Entertainment",Don Roos,"Natalie Portman, Scott Cohen, Charlie Tahan, Lauren Ambrose, Lisa Kudrow"
416617,tt1764540,Philippe Pétain,Philippe Pétain,2010-11-24,3.6625,8.0,1,[99],fr,0,0,0,"Julianto Films, Les Films du Tambour de soie","Paule Muxel, Bertrand de Solliers","Stéphane Audoin-Rouzeau, Dominique Blanc, Ulrich Herbert, Gerd Krumeich, Robert O. Paxton"
43939,tt1356864,I'm Still Here,I'm Still Here,2010-09-10,5.6752,5.948,416,"[10402, 35, 18]",en,0,626396,107,They Are Going To Kill Us Productions,Casey Affleck,"Joaquin Phoenix, Antony Langdon, Carey Perloff, Larry McHale, Casey Affleck"
23830,tt1294688,Last Night,Last Night,2010-11-05,4.3676,6.141,833,"[18, 10749]",en,7000000,7644937,93,"Gaumont, Nick Wechsler Productions, Star Entertainment, Westbourne Films",Massy Tadjedin,"Keira Knightley, Sam Worthington, Eva Mendes, Guillaume Canet, Griffin Dunne"
54186,tt1590089,Confessions,告白,2010-06-04,4.5057,7.585,1022,"[18, 53, 9648]",ja,0,45203103,107,"Hakuhodo DY Media Partners, Licri, Nippan Group Holdings, Sony Music Entertainment (Japan), TOHO, TSUTAYA Group, Futabasha, Faith Wonderworks, Yahoo! Japan",Tetsuya Nakashima,"Takako Matsu, Masaki Okada, Yoshino Kimura, Yukito Nishii, Kaoru Fujiwara"
50393,tt1702433,Kung Fu Panda Holiday,Kung Fu Panda Holiday,2010-11-26,4.8199,7.0,388,"[16, 10751, 10770, 35, 14]",en,0,0,21,DreamWorks Animation,Tim Johnson,"Jack Black, Dustin Hoffman, Angelina Jolie, Seth Rogen, Lucy Liu"
47854,tt1456661,Legend of the Fist: The Return of Chen Zhen,精武風雲,2010-09-01,4.4665,6.81,464,"[18, 28, 36, 53]",cn,0,48398,105,"Enlight Pictures, Media Asia Films",Andrew Lau Wai-Keung,"Donnie Yen, Shu Qi, Anthony Wong Chau-Sang, Huang Bo, Huo Siyan"
45649,tt1612774,Rubber,Rubber,2010-11-09,4.5087,5.927,1148,"[35, 18, 14, 27, 9648]",fr,500000,98017,82,Realitism Films,Quentin Dupieux,"Thomas F. Duffy, David Bowe, Stephen Spinella, Roxane Mesquida, Jack Plotnick"
255256,tt1744772,Inalé,Inalé,2010-10-10,3.75,8.0,1,[10402],en,0,0,87,"BIK Entertainment, Jeta Amata Concepts",Jeta Amata,"Mbong Amata, Awuese Awunde, Caroline Chikezie, Ini Edo, Keppy Ekpenyong-Bassey"
75283,tt1532926,Czech Peace,Český mír,2010-05-06,3.25,5.688,8,[99],cs,0,0,100,"Hypermarket Film, Česká televize","Filip Remunda, Vít Klusák",
357122,,Weirdest Dinosaurs,Weirdest Dinosaurs,2010-02-09,3.678,6.0,1,[99],en,0,0,50,National Geographic,Jenny Kubo,Roger Tilling
674849,tt2618622,A Lucky Buy,Schastlivaya pokupka,2010-01-01,3.7604,4.0,1,[35],ru,0,0,8,,Zhora Kryzhovnikov,"Yuliya Aleksandrova, Maksim Matveev, Irina Loseva, Egor Koreshkov, Alexander Alyabyev"
199583,tt1616085,Aptharakshaka,Aptharakshaka,2010-02-18,4.1328,6.7,5,"[27, 18]",kn,0,0,152,Udaya Ravi Films,,"Vishnuvardhan, Avinash, Bhavana Ramanna, Komal Kumar"
46528,tt1032751,The Warrior's Way,The Warrior's Way,2010-12-01,4.588,6.616,694,"[12, 14, 28, 37, 53]",en,42000000,11100000,100,"SCS Entertainment, Sidus, Relativity Media, Rogue Pictures, Sad Flutes, Fuse Media, Wellmade Entertainment, Kathy Morgan Productions",Lee Seung-moo,"Jang Dong-gun, Kate Bosworth, Geoffrey Rush, Danny Huston, Ti Lung"
107748,tt1933647,Sin tetas no hay paraíso,Sin tetas no hay paraíso,2010-07-23,4.2543,7.431,116,"[80, 18]",es,0,0,108,,Gustavo Bolívar,"Isabel Cristina Cadavid, Linda Lucía Callejas, Juan Sebastián Calero, Linda Baldrich, Fabio Restrepo"
44009,tt1431181,Another Year,Another Year,2010-11-05,4.5499,7.007,453,"[18, 35]",en,8000000,18124262,129,"Focus Features, UK Film Council, Film4 Productions, Thin Man Films",Mike Leigh,"Jim Broadbent, Lesley Manville, Ruth Sheen, Peter Wight, Oliver Maltman"
56607,tt1846675,Natalie,나탈리,2010-10-28,3.954,5.552,29,"[18, 35, 10749]",ko,0,0,88,,Joo Kyeong-joong,"Lee Sung-jae, Kim Ji-hoon, Hyeon-jin, Kim Gi-yeon, Kim Eun-Kyeong"
8952,tt1045772,I Love You Phillip Morris,I Love You Phillip Morris,2010-02-04,4.6104,6.401,1867,"[35, 80, 18, 10749]",en,13000000,20768906,98,"EuropaCorp, Mad Chance, Roadside Attractions, LD Entertainment","John Requa, Glenn Ficarra","Jim Carrey, Ewan McGregor, Leslie Mann, Rodrigo Santoro, Antoni Corone"
38843,tt0493949,Ramona and Beezus,Ramona and Beezus,2010-07-23,4.2906,6.59,805,"[35, 10751]",en,15000000,27293743,103,"Dune Entertainment, Di Novi Pictures",Elizabeth Allen Rosenbaum,"Joey King, Selena Gomez, John Corbett, Bridget Moynahan, Ginnifer Goodwin"
346797,tt1636422,Before,Antes,2010-01-01,3.7475,4.7,6,[18],es,0,0,90,Rebolucion,Daniel Gimelberg,"Nahuel Viale, Nahuel Pérez Biscayart, Carlos Portaluppi, Guadalupe Docampo, Verónica Llinás"
477280,,Untamed Butterflies,Borboletas Indômitas,2010-08-20,3.584,0.0,0,[],pt,0,0,17,,Daniel Chaia,"Ana Carolina Lima, Natallia Rodrigues, Renata Novaes, Emílio Di Biasi, Antônio Petrin"
52274,tt1512685,Julia's Eyes,Los ojos de Julia,2010-08-16,3.5302,6.659,879,"[27, 53]",es,0,12884923,118,"TV3, Rodar y Rodar, Universal Pictures International, Double Dare You, Atresmedia Cine",Guillem Morales,"Belén Rueda, Lluís Homar, Pablo Derqui, Francesc Orella, Joan Dalmau"
52127,tt1601814,Busra,Büşra,2010-03-19,3.9268,4.7,6,[18],tr,0,169693,105,Akare Film,Alper Çağlar,"Mine Kılıç, Tayanç Ayaydın, Coşku Cem Akkaya, Çiğdem Batur, Kaan Urgancıoğlu"
35169,tt0492389,Furry Vengeance,Furry Vengeance,2010-04-30,4.4703,5.026,666,"[10751, 35]",en,35000000,36236710,92,"Robert Simonds Productions, Participant, Image Nation Studios",Roger Kumble,"Brendan Fraser, Brooke Shields, Ken Jeong, Matt Prokop, Angela Kinsey"
65085,tt1684664,Wacked..!,Dürä..!,2010-08-09,3.8838,0.0,0,"[18, 35]",en,0,0,29,,"Rolf Lang, Quinn Evan Reimann","Dominique Jann, Joel Basman, Yves Wüthrich, Sarah Hostettler, Regula Imboden"
63319,tt1587119,Belle épine,Belle épine,2010-11-10,4.4211,5.5,59,[18],fr,0,0,80,Moby Dick Films,Rebecca Zlotowski,"Léa Seydoux, Anaïs Demoustier, Johan Libéreau, Nicolas Maury, Guillaume Gouix"
44629,tt1313092,Animal Kingdom,Animal Kingdom,2010-06-03,4.2091,6.792,939,"[80, 18]",en,5000000,1000000,113,"Porchlight Films, Screen Australia, Film Victoria, Screen NSW, Fulcrum Media Finance, Showtime Australia, Blue-Tongue Films",David Michôd,"Ben Mendelsohn, Joel Edgerton, Guy Pearce, Luke Ford, Jacki Weaver"
59457,tt1216520,Womb,Womb,2010-07-15,4.7125,6.099,421,"[10749, 878]",en,3100000,0,111,"Razor Film Produktion, ARTE France Cinéma, Inforg Studio, A.S.A.P. Films, ZDF/Arte, Boje Buck Produktion GmbH",Benedek Fliegauf,"Eva Green, Matt Smith, Lesley Manville, Peter Wight, István Lénárt"
62638,tt1512109,DiDi Hollywood,DiDi Hollywood,2010-10-15,3.7849,3.9,21,[18],es,0,0,102,,"Bigas Luna, Seth Gordon","Elsa Pataky, Peter Coyote, Paul Sculfor, Giovanna Zacarías, Luis Hacha"
48492,tt1123373,Detective Dee and the Mystery of the Phantom Flame,狄仁傑之通天帝國,2010-09-18,3.9932,6.553,443,"[28, 12, 18, 9648]",zh,13000000,51723285,123,"Huayi Brothers Pictures, Film Workshop",Tsui Hark,"Andy Lau, Li Bingbing, Deng Chao, Tony Leung Ka-fai, Carina Lau"
287363,tt1503714,Death Waltz,Halálkeringő,2010-01-14,3.6844,5.0,5,[53],hu,0,0,103,"TV 2, Filmpartners",Köves Krisztián Károly,"Kata Dobó, András Faragó, József Faragó, András Kern, Tamás Lengyel"
48838,tt1213648,London Boulevard,London Boulevard,2010-11-10,3.4305,5.889,835,"[18, 80]",en,25000000,8307227,103,"London Boulevard, GK Films, Henceforth, Projection Pictures, Mandate International",William Monahan,"Colin Farrell, Keira Knightley, David Thewlis, Anna Friel, Ben Chaplin"
78853,tt1774660,In Jazz Style,В стиле jazz,2010-10-04,3.9623,6.2,4,"[10749, 35]",ru,0,0,90,Vertical Film Studio,Stanislav Govorukhin,"Michał Żebrowski, Olga Krasko, Aglaya Shilovskaya, Fyodor Dobronravov, Viktor Sukhorukov"
38073,tt1322312,Going the Distance,Going the Distance,2010-08-27,3.9835,6.093,793,"[35, 18, 10749]",en,32000000,42045846,102,"New Line Cinema, Offspring Entertainment",Nanette Burstein,"Drew Barrymore, Justin Long, Charlie Day, Jason Sudeikis, Christina Applegate"
87861,tt1756533,Gnarr,GИ∀RR,2010-11-12,3.7089,6.7,6,[99],is,0,0,93,Enjoy,Gaukur Úlfarsson,Jón Gnarr
38961,tt1486190,Tamara Drewe,Tamara Drewe,2010-07-14,3.9481,5.9,491,"[35, 10749]",en,0,12037973,111,"Ruby Films, BBC Film, Notting Hill Films, UK Film Council, WestEnd Films",Stephen Frears,"Gemma Arterton, Roger Allam, Bill Camp, Dominic Cooper, Jessica Barden"
50204,tt1320239,Burke & Hare,Burke & Hare,2010-10-29,3.9329,6.083,529,"[35, 53, 36, 27]",en,10000000,4791599,91,"Quickfire Films, Ealing Studios, Fragile Films, Aegis Film Fund, Prescience",John Landis,"Simon Pegg, Andy Serkis, Isla Fisher, Georgia King, Tom Wilkinson"
44092,tt1460743,Reign of Assassins,剑雨,2010-09-01,4.0903,6.865,289,"[28, 12]",zh,12000000,0,117,Lion Rock Productions,"Su Chaobin, John Woo","Michelle Yeoh, Jung Woo-sung, Wang Xueqi, Barbie Hsu, Yue Man-lok"
206201,tt1895306,The Unliving,Återfödelsen,2010-11-19,3.8158,6.083,12,"[10749, 27, 18, 878]",sv,0,0,28,,Hugo Lilja,"Emelie Garbers, Tomas Glaving, Jacob Mohlin, Justus Pettersson Eklund, Anna Uddenberg"
59507,tt1528750,Four Lovers,Happy Few,2010-09-15,4.0225,5.903,93,[10749],fr,0,0,103,"Why Not Productions, Oscilloscope",Antony Cordier,"Marina Foïs, Élodie Bouchez, Roschdy Zem, Nicolas Duvauchelle, Alexia Stresi"
41411,tt1382725,The Round Up,La Rafle,2010-03-10,4.1724,7.527,1052,"[18, 36, 10752]",fr,20000000,25346148,115,"Gaumont, EOS Entertainment, Eurofilm Stúdió, Légende Films, Légende des Siècles, SMTS, KS2 Cinéma, Alva Films, CinéCinéma, La Région Île-de-France, CNC, Canal+, France 3 Cinéma, France Télévisions, TF1 Films Production",Roselyne Bosch,"Jean Reno, Mélanie Laurent, Gad Elmaleh, Raphaëlle Agogué, Sylvie Testud"
231488,tt1813337,Grande Hotel,Grande Hotel,2010-12-01,3.3735,6.3,3,[99],pt,0,0,57,,Lotte Stoops,
37861,tt0862467,Valhalla Rising,Valhalla Rising,2010-03-10,3.7162,6.098,1371,"[12, 18, 28, 14]",en,5650000,31000,93,"BBC Film, La Belle Allee Productions, NWR Film Productions, One Eye Production, Savalas Audio Post-Production, Nimbus Film",Nicolas Winding Refn,"Mads Mikkelsen, Gary Lewis, Jamie Sives, Ewan Stewart, Alexander Morton"
45202,tt1314652,The Housemaid,하녀,2010-05-13,3.5974,6.312,396,"[53, 18]",ko,4000000,0,107,"Sidus, Sidus FNH-Benex Cinema Fund 1, Michigan Venture Capital, Stareast Digital Laboratory, Hanwha Entertainment Fund No. 1, Mirovision, CJ Entertainment, Korean Film Council",Im Sang-soo,"Jeon Do-yeon, Lee Jung-jae, Seo Woo, Youn Yuh-jung, Park Ji-young"
43956,tt1722638,Tom and Jerry Meet Sherlock Holmes,Tom and Jerry Meet Sherlock Holmes,2010-08-24,4.162,6.486,105,"[16, 35, 9648, 10751]",en,0,0,49,Warner Bros. Animation,"Jeff Siergey, Spike Brandt","Michael York, Malcolm McDowell, John Rhys-Davies, Billy West, Grey DeLisle"
46441,tt1576699,Mirrors 2,Mirrors 2,2010-10-18,3.3673,5.54,462,"[27, 9648, 14]",en,0,0,86,"Upload Films, Fox 2000 Pictures",Víctor García,"Nick Stahl, William Katt, Emmanuelle Vaugier, Lawrence Turner, Christy Carlson Romano"
61984,tt1477109,Space Battleship Yamato,SPACE BATTLESHIP ヤマト,2010-12-01,4.457,6.428,276,"[878, 28, 12, 18]",ja,12000000,49827298,131,"Abe Shuji, CBC, Hakuhodo DY Media Partners, RKB Mainichi Broadcasting Corporation, Robot Communications, Sedic International, Sedic, Shogakukan, TBS, TFC, Tokyo FM, TOHO, J-dream",Takashi Yamazaki,"Takuya Kimura, Meisa Kuroki, Toshiro Yanagiba, Naoto Ogata, Hiroyuki Ikeuchi"
48303,tt1020773,Certified Copy,Copie conforme,2010-05-19,4.5974,7.0,460,"[18, 10749]",fr,7000000,7736632,106,"BiBi Film, Artémis Productions, France 3 Cinéma, MK2 Productions",Abbas Kiarostami,"Juliette Binoche, William Shimell, Jean-Claude Carrière, Agathe Natanson, Gianna Giachetti"
50135,tt1620449,Animals United,Konferenz der Tiere,2010-10-07,5.1202,5.61,354,"[16, 10751, 35]",de,0,0,93,"Ambient Entertainment, Constantin Film","Reinhard Klooss, Holger Tappe","Christoph Maria Herbst, Ralf Schmitz, Thomas Fritsch, Bastian Pastewka, Oliver Kalkofe"
278427,tt1701991,Family Guy Presents: It's a Trap!,Family Guy Presents: It's a Trap!,2010-12-08,4.0126,6.794,459,"[16, 35, 878, 10770, 28]",en,0,0,43,"20th Century Fox Television, Fuzzy Door Productions, Fox Television Animation",Peter Shin,"Seth MacFarlane, Alex Borstein, Seth Green, Mila Kunis, Carrie Fisher"
59421,tt1646959,Bedevilled,김복남 살인사건의 전말,2010-08-19,3.9178,7.218,511,"[53, 80, 18, 27]",ko,700000,0,117,"Filma Pictures, Tori Pictures, Sponge, Finecut",Jang Cheol-soo,"Seo Young-hee, Ji Sung-won, Park Jeong-hak, Baek Su-ryeon, Kim Gyung-ae"
12674,tt1885336,Perversion,Perversion,2010-12-15,3.4244,0.0,0,"[18, 27, 9648]",en,0,0,92,Macabre Films,Christopher Wesley Moore,"Christopher Wesley Moore, Elizabeth Younger, Luis Solis, Brad Mallette, Marlan Cheatham"
50087,tt1690470,Pokémon: Zoroark - Master of Illusions,劇場版ポケットモンスター ダイヤモンド&パール 幻影の覇者 ゾロアーク,2010-07-10,3.9771,6.767,249,"[10751, 16, 12, 14]",ja,0,71143529,96,"jeki, OLM, Pikachu Project, Shogakukan-Shueisha Productions, TV Tokyo, The Pokémon Company, Shogakukan, Media Factory, TakaraTomy",Kunihiko Yuyama,"Rica Matsumoto, Ikue Otani, Yuji Ueda, Megumi Toyoguchi, Etsuko Kozakura"
1757163,tt1789988,Too Tight!,Zu Eng!,2010-01-01,3.5443,0.0,0,"[35, 18, 10751]",de,0,0,0,,Clemens Roth,"Valentin Hütter, Marion Mitterhammer, Michael Thomas, Felicitas Lukas, Anna Stojka"
27583,tt1234654,Greenberg,Greenberg,2010-03-26,4.1925,5.886,642,"[35, 18, 10749]",en,25000000,6344112,107,"Focus Features, Scott Rudin Productions, Twins Financing",Noah Baumbach,"Ben Stiller, Greta Gerwig, Rhys Ifans, Jennifer Jason Leigh, Mark Duplass"
362196,tt1756423,Birthday,Födelsedag,2010-01-01,3.6167,4.4,6,[18],sv,0,0,18,Good World Film & Postproduktion,Jenifer Malmqvist,"Lotten Roos, Åsa Karlin, August Lindmark, Liva Leijnse Elkjær"
47407,tt1730704,Milf,Milf,2010-10-17,3.8281,4.3,111,[35],en,500000,0,88,The Asylum,Scott D. Wheeler,"Jack Cullison, Philip Marlatt, Joseph Booton, Ramon Camacho, Amy Lindsay"
44244,tt1252380,Camp Rock 2: The Final Jam,Camp Rock 2: The Final Jam,2010-09-17,4.2907,6.337,1605,"[35, 10402, 10770]",en,0,0,104,"Alan Sacks Productions, Walt Disney Television, Coin Flip Productions, Disney Channel",Paul Hoen,"Demi Lovato, Joe Jonas, Nick Jonas, Kevin Jonas, Daniel Fathers"
955441,tt1729650,Incubator,Inkubátor,2010-06-03,3.4103,0.0,0,[99],hu,0,0,84,,Réka Pigniczky,
959964,,Prism Magical: Prism Generations!,プリズム☆ま～じカル PRISM Generations!,2010-08-27,3.3526,0.0,0,[],ja,0,0,16,"Asahi Production, Studio G-1Neo",Masami Obari,"Yui Sakakibara, Asami Imai, Hitomi Nabatame, Misato Fukuen, Akiko Hasegawa"
398578,tt1664022,Ráfaga,Ráfaga,2010-01-02,3.5606,0.0,0,"[9648, 18]",es,0,0,16,Viento Films,Michelle Malley Campos,"Alejandra Ramos Riera, Cordelia González, Jorge Luis Ramos, Juan Carlos Arvelo, Israel Lugo"
47533,tt1618435,Scooby-Doo! Curse of the Lake Monster,Scooby-Doo! Curse of the Lake Monster,2010-10-16,4.5006,6.2,544,"[9648, 14, 35, 12]",en,0,3400000,80,"Telvan Productions, Atlas Entertainment, Nine/8 Entertainment, Warner Premiere",Brian Levant,"Nick Palatas, Frank Welker, Kate Melton, Hayley Kiyoko, Robbie Amell"
60861,tt1590252,Regretters,Ångrarna,2010-03-18,3.3097,5.3,11,[99],sv,0,0,58,Atmo Media Network,Marcus Lindeen,"Mikael Johansson, Orlando Fagin"
52015,tt1464580,Stake Land,Stake Land,2010-09-30,4.2642,6.195,903,"[18, 27, 878]",en,650000,33245,98,"Glass Eye Pix, Belladonna Productions, Off Hollywood Pictures",Jim Mickle,"Connor Paolo, Nick Damici, Danielle Harris, Kelly McGillis, Gregory Jones"
38368,tt1588895,Uncle Boonmee Who Can Recall His Past Lives,ลุงบุญมีระลึกชาติ,2010-06-25,3.9161,6.638,438,"[18, 14]",th,0,0,114,"Illuminations Films, Anna Sanders Films, Kick the Machine, The Match Factory, Geißendörfer Film-und Fernsehproduktion, Eddie Saeta, ZDF/Arte, Louverture Films, Haus der Kunst, Animate Projects, Hubert Bals Fund",Apichatpong Weerasethakul,"Thanapat Saisaymar, Jenjira Pongpas, Sakda Kaewbuadee, Natthakarn Aphaiwonk, Geerasak Kulhong"
65760,tt0896872,The Whistleblower,The Whistleblower,2010-09-13,3.5847,6.7,632,"[18, 53, 80]",en,0,1870392,112,"First Generation Films, Mandalay Vision, Samuel Goldwyn Films, Primary Productions, Barry Films, Indomitable Entertainment, Voltage Pictures, Sunrise Pictures, Whistleblower (Gen One)",Larysa Kondracki,"Rachel Weisz, Vanessa Redgrave, Monica Bellucci, David Strathairn, Nikolaj Lie Kaas"
1111536,tt1773645,Red Zone,Red Zone,2010-07-29,3.5751,3.0,1,"[12, 878]",en,0,0,82,Barbera Productions,Javier Barbera,"Sebastian Perez Morciglio, Javier Barbera, Jason Morciglio"
602323,tt1529313,Orquesta roja,Orquesta roja,2010-10-07,3.5689,5.5,2,[99],es,0,0,77,"INCAA, Rumba Cine, Cine Argentino, Alta Definición Argentina, Estudio Alasur",Nicolás Herzog,"José María Lima, Carlos Sánchez, Patricia Rivero, Agustín Istillarte, José Luis Sack"
45094,tt1244754,Conviction,Conviction,2010-10-15,3.5648,7.064,667,[18],en,12500000,11826980,107,"Pantheon Entertainment Corporation, Omega Entertainment, Longfellow Pictures, Oceana Media Finance, Prescience, Innocence Productions",Tony Goldwyn,"Hilary Swank, Sam Rockwell, Minnie Driver, Melissa Leo, Peter Gallagher"
39053,tt1336617,Cyrus,Cyrus,2010-06-18,3.5635,5.928,474,"[35, 18, 10749]",en,7000000,9900000,91,"Fox Searchlight Pictures, Duplass Brothers Productions, Scott Free Productions, Dune Entertainment III","Jay Duplass, Mark Duplass","John C. Reilly, Jonah Hill, Marisa Tomei, Catherine Keener, Matt Walsh"
33602,tt1278469,Temple Grandin,Temple Grandin,2010-02-06,3.5613,7.893,586,"[18, 36]",en,0,0,108,"HBO Films, Ruby Films",Mick Jackson,"Claire Danes, David Strathairn, Barry Tubb, Melissa Farman, Charles Baker"
45162,tt1673430,Superman/Batman: Apocalypse,Superman/Batman: Apocalypse,2010-09-28,3.5549,7.2,792,"[878, 28, 12, 16]",en,3500000,0,79,"Warner Premiere, Warner Bros. Animation, DC",Lauren Montgomery,"Tim Daly, Kevin Conroy, Summer Glau, Andre Braugher, Susan Eisenberg"
59468,tt1441912,The Way,The Way,2010-09-10,3.5533,7.091,672,"[12, 18]",en,0,13900000,128,"Elixir Films, Filmax, Castelao Productions, The Way Productions, Produccions A Fonsagrada",Emilio Estevez,"Martin Sheen, Emilio Estevez, Deborah Kara Unger, Yorick van Wageningen, James Nesbitt"
676945,tt2580520,La Despedida,La Despedida,2010-01-01,3.5418,5.0,2,[35],es,300000,118550,90,"Panda Filmes, Malicia producciones, B. Iarden Producciones, Accorde Filmes",Silvana Tomeo,"Fernanda Moro, Diego Delgrossi, Jorge ""Coco"" Echagüe, Javier Tió, Paul Fernandez"
1477886,,GARDEN STATIC,GARDEN STATIC,2010-01-01,3.54,0.0,0,[16],en,0,0,2,School of the Art Institute of Chicago,Lale Westvind,
41592,tt1447972,StreetDance 3D,StreetDance 3D,2010-05-19,3.5227,6.5,445,"[10402, 10749, 18]",en,5000000,18144030,98,"Vertigo Films, BBC Film, Little Gaddesden Productions, Protagonist Pictures","Max Giwa, Dania Pasquini","Nichola Burley, Richard Winsor, Ukweli Roach, Frank Harper, George Sampson"
270060,tt1410210,Redemption,Redención,2010-03-26,3.4863,6.5,4,[18],es,0,0,110,,"Juan Pablo Cortes, Jose Antonio Hernandez","Rodrigo Murray, Erica de la Llave, Alma Wilheleme, Concepción Márquez, Rafael Cortés"
853987,tt1783340,Love  Transcends,Love  Transcends,2010-12-12,3.4859,0.0,0,"[10749, 14]",en,0,0,6,,Ken Feinberg,"Isabella Amara, Michael Beasley, Kelli Adams, Amanda Foreman, Ashley Foreman"
39957,tt1244658,Burning Bright,Burning Bright,2010-08-17,3.4847,6.333,308,"[18, 27, 53]",en,0,58147,89,"Burning Bright Productions, Lionsgate, Sobini Films, Launchpad Productions",Carlos Brooks,"Briana Evigan, Garret Dillahunt, Charlie Tahan, Peggy Sheffield, Mary Rachel Quinn"
37414,tt0954947,The Killer Inside Me,The Killer Inside Me,2010-02-19,3.4763,5.831,650,"[80, 18, 53]",en,13000000,4052191,109,"Revolution Films, Indion Entertainment Group, Hero Entertainment, Muse Productions, Stone Canyon Entertainment, Curiously Bright Entertainment, BOB Film Sweden, Film i Väst",Michael Winterbottom,"Casey Affleck, Kate Hudson, Jessica Alba, Ned Beatty, Tom Bower"
444538,tt1827472,Menú equivocado,Menú equivocado,2010-12-01,3.4561,4.0,1,[35],en,0,0,9,Proyecta Films,Marisa Crespo,
33427,tt1587414,LEGO: The Adventures of Clutch Powers,LEGO: The Adventures of Clutch Powers,2010-05-28,3.4497,5.924,112,"[28, 12, 16, 10751]",is,0,69229,81,"Threshold Animation Studios, The LEGO Group, Tinseltown Toons, Universal Studios Home Entertainment",Howard E. Baker,"Ryan McPartlin, Yvonne Strahovski, Paul Michael Glaser, Roger Rose, Jeff Bennett"
433735,tt1975195,Kosminen kulkuri,Kosminen kulkuri,2010-03-11,3.4451,0.0,0,"[878, 16, 35, 10751]",fi,0,0,0,,"Ismo Virtanen, Mariko Härkönen","Max Bremer, Mika Ala-Panula, Felix Zenger"
95522,tt1616092,Black Butterfly,Black Butterfly,2010-03-17,3.4296,6.0,1,[18],en,500000,0,95,,Mark Harris,"Elizabeth Abraham, Sheree Bynum, Ron Cooper, Tiffany J. Curtis"
401026,tt1621827,Mío,Mío,2010-01-02,3.4173,0.0,0,[18],es,0,0,10,"Maximum DC, Warrior Films",Julio Benito Cabrera,Reinaldo Santana
41479,tt1285309,The Joneses,The Joneses,2010-04-16,3.615,6.2,662,"[35, 18]",en,10000000,7022728,96,"Echo Lake Entertainment, Premiere Picture, 20th Century Fox",Derrick Borte,"David Duchovny, Demi Moore, Amber Heard, Benjamin Hollingsworth, Lauren Hutton"
112319,tt13479020,Thittakudi,Thittakudi,2010-05-05,3.1882,0.0,0,"[18, 10749]",ta,0,0,140,,Sundharan,"Ravi, Asvatha, Munnar Ramesh, Senthikumari, R. Sivakumar"
205001,tt1773472,Lost Heritage,Héritage perdu,2010-09-02,3.0202,0.0,0,[],fr,0,0,90,,Christian Lara,
374673,tt7516618,Electric Anomalies,Anomalías eléctricas,2010-02-18,2.9256,4.6,4,[16],es,0,0,2,Centro Cultural de España en Malabo,Coke Riobóo,"Ramón Esono Ebalé, Desiderio Manresa Bodipo, Rosa Cardus, Salustiana Ayecaba, Exuperancia Bibang"
331869,tt1714673,The Survivor,Le rescapé,2010-08-24,2.8599,0.0,0,[18],fr,0,0,33,Noodles Production,Aurélien Vernhes-Lermusiaux,"Enzo Roger, Caroline Ducey, Elsa Barthe, Christian Cloarec"
27569,tt1244659,Extraordinary Measures,Extraordinary Measures,2010-01-21,3.5083,6.296,358,[18],en,31000000,15134293,106,"Double Feature Films, CBS Films",Tom Vaughan,"Brendan Fraser, Harrison Ford, Keri Russell, Courtney B. Vance, Meredith Droeger"
46304,tt1587156,Fate/stay night: Unlimited Blade Works,Fate/stay night UNLIMITED BLADE WORKS,2010-01-23,4.5181,6.806,93,"[28, 14, 16, 18]",ja,0,3205829,107,"Studio Deen, Frontier Works, Notes, THE KLOCKWORX, TBS, NBCUniversal Entertainment Japan",Yuji Yamaguchi,"Ayako Kawasumi, Noriaki Sugiyama, Junichi Suwabe, Kana Ueda, Jouji Nakata"
1619898,,While The Night Falls,Mientras anochece,2010-01-01,3.0316,0.0,0,[],es,0,0,10,,Iván López,"Marta Viera, Maykol Hernández, Lamberto Guerra, Paloma Fuentes"
27004,tt1106860,Ca$h,Ca$h,2010-03-01,4.1713,5.859,258,"[80, 53, 35, 9648]",en,7000000,46488,108,"Immortal Thoughts, Three Good Men",Stephen Milburn Anderson,"Sean Bean, Chris Hemsworth, Victoria Profeta, Mike Starr, Michael Mantell"
113033,,Trio,Element - Trio,2010-05-14,3.0786,0.0,0,[],en,0,0,0,,Ricki Bedenbaugh,"Levi Brown, Chad Tim Tim, Darrell Stanton"
43919,tt1270835,Hatchet II,Hatchet II,2010-10-01,3.493,5.535,413,"[27, 35, 53]",en,2500000,156190,85,"ArieScope Pictures, Dark Sky Films",Adam Green,"Danielle Harris, Kane Hodder, Tony Todd, Parry Shen, R.A. Mihailoff"
45556,tt1523267,Arctic Blast,Arctic Blast,2010-08-04,3.5816,5.564,218,"[878, 28]",en,5000000,0,92,"F G Film Productions, Premiere Bobine, Screen Tasmania",Brian Trenchard-Smith,"Michael Shanks, Alexandra Davies, Saskia Hampele, Bruce Davison, Indiana Evans"
43552,tt1452628,Vanishing on 7th Street,Vanishing on 7th Street,2010-09-11,3.6918,5.284,635,"[9648, 27, 53]",en,10000000,1671196,92,"Herrick Entertainment, Circle of Confusion, Forest Park Pictures, Mandalay Vision",Brad Anderson,"Hayden Christensen, Thandiwe Newton, John Leguizamo, Neal Huff, Jacob Latimore"
73127,tt1699705,Tears of Gaza,Gazas tårer,2010-11-05,3.2284,6.5,11,"[99, 10752]",no,0,0,81,"Nero AS, Tour de Force",Vibeke Løkkeberg,"Rasmia Al-Sultan, Yahya Subh, Amira Fat-hi Dawood El Eren"
38407,tt1092634,Shanghai,Shanghai,2010-06-10,3.8655,6.1,202,"[18, 53, 9648]",en,50000000,15302850,105,"Living Films, Phoenix Pictures, TWC Asian Film Fund, The Weinstein Company",Mikael Håfström,"John Cusack, Gong Li, Chow Yun-Fat, David Morse, Ken Watanabe"
44027,tt1233219,"My Son, My Son, What Have Ye Done","My Son, My Son, What Have Ye Done",2010-07-08,3.2762,6.064,234,"[80, 18, 53]",en,2000000,0,91,"Absurda, Paper Street Films, Industrial Entertainment",Werner Herzog,"Michael Shannon, Willem Dafoe, Chloë Sevigny, Brad Dourif, Michael Peña"
52264,tt1673702,A Cat in Paris,Une vie de chat,2010-12-15,4.0775,6.759,295,"[16, 35]",fr,0,309973,70,"Folimage, Digit Anima, France 3 Cinéma, Gébéka Films","Alain Gagnol, Jean-Loup Felicioli","Dominique Blanc, Bruno Salomone, Jean Benguigui, Bernadette Lafont, Oriane Zani"
117995,tt1510851,Ungesühnt,Ungesühnt,2010-04-11,2.7464,6.0,1,"[80, 53, 18]",de,0,0,90,"JoJo Film- und Fernsehproduktions GmbH, ZDF",Thorsten Näter,"Ann-Kathrin Kramer, Klaus J. Behrendt, Tobias Oertel, Jörg Hartmann, Simon Licht"
43931,tt0872230,My Soul to Take,My Soul to Take,2010-10-08,3.6022,5.46,561,"[27, 9648]",en,25000000,21500813,107,"Rogue Pictures, Relativity Media, Corvus Corax Productions",Wes Craven,"Max Thieriot, John Magaro, Denzel Whitaker, Zena Grey, Nick Lashaway"
246628,tt1522749,Köfte,Köfte,2010-05-01,3.0038,4.0,1,[35],en,0,0,90,,Michiel van Jaarsveld,"Vefa Ocal, Ergün Şimşek, Ebru Akyildiz, Gürkan Küçüksentürk, Hakim Traidia"
45657,tt1369706,The Ward,The Ward,2010-09-13,4.1583,5.743,1319,"[27, 53]",en,10000000,5343820,89,"FilmNation Entertainment, Premiere Picture, Echo Lake Entertainment",John Carpenter,"Amber Heard, Mamie Gummer, Danielle Panabaker, Jared Harris, Laura-Leigh"
59429,tt1728179,Paranormal Activity: Tokyo Night,パラノーマル・アクティビティ 第2章 TOKYO NIGHT,2010-11-20,3.2811,5.994,476,"[27, 53]",ja,1350000,4160000,91,"Cinema Sunshine, IM Global, Presidio, Musashino Ad",Toshikazu Nagae,"Aoi Nakamura, Noriko Aoyama, Kosuke Kujirai, Ayako Yoshitani, Kazuyoshi Tsumura"
71107,tt1525830,The Experiment,Eksperimentet,2010-09-09,3.2788,4.2,11,"[18, 53]",da,0,0,96,Nimbus Film,Louise Friedberg,"Ellen Hillingsø, Laura Bro, Kurt Ravn, Morten Grunwald, Laura Skaarup Jensen"
71622,tt1734067,Atrocious,Atrocious,2010-10-15,3.4028,5.47,198,"[27, 53]",es,0,0,75,"Nabu Films, Silencio Rodamos Producciones",Fernando Barreda Luna,"Rafael Amaya, Jose Masegosa, Chus Pereiro, Cristian Valencia, Clara Moraleda"
52077,tt1528313,Nothing to Declare,Rien à déclarer,2010-12-20,3.7235,5.891,1201,[35],fr,28000000,93800000,108,"SCOPE Invest, Pathé, Les Productions du Ch'timi, SCOPE Pictures, CinéCinéma, Région Wallone, CNC, Canal+, TF1 Films Production",Dany Boon,"Benoît Poelvoorde, Dany Boon, Julie Bernard, Christel Pedrinelli, Joachim Ledeganck"
43920,tt1422020,Dog Pound,Dog Pound,2010-04-24,3.6339,7.225,415,[18],en,0,430041,91,"Angoa-Agicoa, Téléfilm Canada, Partizan, Grana Productions, Mars Films, CNC, Canal+, Kourtrajmé",Kim Chapiron,"Adam Butcher, Shane Kippel, Mateo Morales, Taylor Poulin, Slim Twig"
39452,tt1587707,Exit Through the Gift Shop,Exit Through the Gift Shop,2010-03-05,3.938,7.539,995,[99],en,0,4790751,86,"Oscilloscope, Paranoid Pictures, KEO Films",Banksy,"Rhys Ifans, Thierry Guetta, Banksy, Shepard Fairey, INVADER"
30618,tt1181795,Bunraku,Bunraku,2010-09-01,3.7918,5.837,366,"[53, 28, 18]",en,25000000,129706,125,"Picturesque Films, Outpost Studios, Snoot Entertainment, Ram Bergman Productions",Guy Moshe,"Josh Hartnett, Demi Moore, Woody Harrelson, Ron Perlman, GACKT"
247696,tt2076222,Hotel Müller,Hotel Müller,2010-06-30,2.8869,0.0,0,"[10402, 99]",pt,0,0,18,Filmes do Tejo II,João Salaviza,"David Pereira Bastos, Sylvia Rijner, Rita Só, João Pedro Vaz"
70695,tt1107319,Dirty Girl,Dirty Girl,2010-09-12,3.0216,6.005,214,"[18, 35]",en,4000000,143485,90,"Ideal Partners, The Weinstein Company, Hart-Lunsford Pictures, Cherry Sky Films, The Salt Company International, Paris Film, Noori Pictures",Abe Sylvia,"Juno Temple, Jeremy Dozier, Milla Jovovich, Mary Steenburgen, Dwight Yoakam"
73211,tt1332134,King of Devil's Island,Kongen av Bastøy,2010-12-16,3.7169,7.1,287,"[18, 53, 80, 28]",no,10000000,0,117,"MACT Productions, 4 1/2, St Paul Film AB, Opus Film",Marius Holst,"Stellan Skarsgård, Benjamin Helstad, Kristoffer Joner, Trond Nilssen, Morten Løvstad"
936467,tt2870732,The Maid,Il shaghala,2010-06-23,3.0559,10.0,1,[18],ar,0,0,19,,Heidi Saman,"Samar Abdelwahab, Mahmoud ElLozy, Asser Yassin, Farah Youssef"
46789,tt1322385,Submarino,Submarino,2010-03-25,2.6298,7.09,177,[18],da,0,0,115,"Nimbus Film, TV 2, Nordisk Film & TV Fond, Canal+, SVT, Mainstream, Nordisk Film Shortcut, Lysudlejningen, Kameraudlejningen",Thomas Vinterberg,"Jakob Cedergren, Peter Plaugborg, Gustav Fischer Kjærulff, Morten Rose, Henrik Strube"
45284,tt1462667,Outrage,アウトレイジ,2010-06-12,3.1021,6.868,470,"[28, 80, 53, 18]",ja,0,8428636,109,"Tokyo FM, Bandai Visual, Omnibus Japan, Office Kitano, Warner Bros. Japan, Celluloid Dreams",Takeshi Kitano,"Takeshi Kitano, Kippei Shiina, Ryo Kase, Tomokazu Miura, Fumiyo Kohinata"
483930,tt1612227,Africa's Lost Eden,Africa's Lost Eden,2010-04-12,2.4612,0.0,0,[99],en,850000,0,50,National Geographic,James Byrne,Keith David
37034,tt1425257,True Legend,苏乞儿,2010-02-09,3.1996,6.579,247,"[28, 14]",zh,20000000,6820000,115,"Shanghai Film Group, Edko Management and Consulting, Focus Features, Edko Films",Yuen Woo-ping,"Vincent Zhao Wenzhuo, Zhou Xun, Andy On Chi-Kit, Guo Xiaodong, Jay Chou"
743885,tt11203984,Dangerous Stripper,Soft on Demand × 浅草ロック座 小向美奈子: Dangerous Stripper,2010-01-07,3.6244,4.6,5,[99],ja,0,0,60,SOD Create,Hiroshi Kashiwakura,Minako Komukai
1097475,tt1497620,La muestra,La muestra,2010-03-25,2.5959,0.0,0,[18],es,0,0,85,,Lino Pujia,"Marta Loazia, Susana Nicolai, Antonio Pujía, Lino Pujia, Sandro Pujía"
41211,tt1465487,Heartbreaker,L'Arnacœur,2010-03-17,4.1163,6.614,1426,"[10749, 35]",fr,8700000,47355187,105,"Focus Features, Quad Productions, Chaocorp, OCS, Banque Populaire Images 10, Script Associés, A Plus Image, Universal Pictures, Kinology",Pascal Chaumeil,"Romain Duris, Vanessa Paradis, Julie Ferrier, François Damiens, Andrew Lincoln"
1728270,tt1757764,Horse Glue,Horse Glue,2010-10-21,2.453,0.0,0,[16],en,0,0,7,Small Time Pictures,Stephen Irwin,
1728270,tt1757764,Horse Glue,Horse Glue,2010-10-21,3.167,0.0,0,[16],en,0,0,7,Small Time Pictures,Stephen Irwin,
351056,tt1764143,70m2,70m2,2010-11-08,3.1563,6.0,1,"[10749, 18, 53]",es,0,0,13,,Miguel A. Carmona,"Alberto Amarilla, Carlos Álvarez-Nóvoa, Isabel Estevez, Diego Cachichi"
473032,tt1639312,24 Hrs,24 Hrs,2010-06-04,3.1475,0.0,0,[],ml,0,0,0,,Aditya Sam Abraham,"Komal Jha, Manoj K Jayan, Jagathy Sreekumar, Devan"
44918,tt1640571,Titanic II,Titanic II,2010-08-07,3.1475,4.813,465,"[28, 53, 10749, 12, 18]",en,500000,0,90,The Asylum,Shane van Dyke,"Shane van Dyke, Marie Westbrook, Bruce Davison, Brooke Burns, Michelle Glavan"
46829,tt1423894,Barney's Version,Barney's Version,2010-10-26,3.1474,6.959,500,"[35, 18]",en,30000000,8454301,134,"Serendipity Point Films, Essential Entertainment, Téléfilm Canada, Lyla Films, Corus Entertainment, Astral Media",Richard J. Lewis,"Paul Giamatti, Dustin Hoffman, Rosamund Pike, Minnie Driver, Scott Speedman"
700734,tt2543188,Travelogue,Travelogue,2010-10-03,3.1449,0.0,0,[],en,0,0,8,,Vincent Grenier,
60207,tt1808262,Liefling,Liefling,2010-11-19,3.1448,6.8,5,"[10749, 18, 10402]",af,0,1938655,113,Hartiwood Films,"Brian Webber, Johan Heystek, Nike Holm, Erik Holm","Lika Berning, Bobby van Jaarsveld, Sonja Herholdt, Alwyn Swart, Paul du Toit"
1315689,tt2296635,the clandestine,الخطاف,2010-01-01,3.14,7.0,1,"[28, 18, 35]",ar,0,0,105,,Saïd Naciri,"Saïd Naciri, Samira Haouari, Essam Karika, Aziz Dadas, Fadila Benmoussa"
742110,,Magia,Magia,2010-01-01,3.1342,0.0,0,[],fr,0,0,6,,Gérard Cairaschi,
33107,tt1391034,And Soon the Darkness,And Soon the Darkness,2010-02-25,3.134,5.266,413,"[9648, 53]",en,0,177182,91,"Utópica Cine, Abandon Pictures, Anchor Bay Entertainment, Redrum Films, Sandbar Pictures, StudioCanal",Marcos Efron,"Amber Heard, Odette Annable, Karl Urban, César Vianco, Michel Noher"
57749,tt1345772,The Clinic,The Clinic,2010-10-10,3.1312,5.615,156,"[9648, 27, 53, 80]",en,0,0,94,"RMB Productions, Great Southern Land Entertainment, Accelerator Films",James Rabbitts,"Andy Whitfield, Tabrett Bethell, Freya Stafford, Clare Bowen, Sophie Lowe"
48466,tt1725156,Scared Shrekless,Scared Shrekless,2010-10-28,3.1258,6.724,518,"[16, 35, 10751, 27, 14]",en,0,0,21,"DreamWorks Animation, Pacific Data Images",Gary Trousdale,"Mike Myers, Cameron Diaz, Antonio Banderas, Dean Edwards, Conrad Vernon"
97375,tt1636815,Detective Conan: The Lost Ship in the Sky,名探偵コナン 天空の難破船（ロスト・シップ）,2010-04-17,3.1235,7.1,153,"[16, 80, 9648, 28]",ja,0,36407407,103,"TMS Entertainment, TOHO",Yasuichiro Yamamoto,"Minami Takayama, Kappei Yamaguchi, Wakana Yamazaki, Rikiya Koyama, Megumi Hayashibara"
1318489,tt1836027,La muerta,La muerta,2010-03-01,3.1219,0.0,0,[],es,0,0,11,INCAA,Valeria Sartori,
39312,tt1559549,Restrepo,Restrepo,2010-06-25,3.1211,7.253,376,"[10752, 99]",en,0,1437000,93,Outpost Productions,"Tim Hetherington, Sebastian Junger","Juan ""Doc"" Restrepo, Dan Kearney, LaMonta Caldwell, Aron Hijar"
74103,tt1569505,Suicide Club,Suicide Club,2010-11-25,3.1207,6.563,8,"[18, 35]",de,0,0,96,"Kunsthochschule Kassel, Tagträumerfilm",Olaf Saumer,"Klaus Dieter Bange, Hildegard Schroedter, Katja Götz, Mathieu Süsstrunk, Arne Gottschling"
37757,tt1510985,Never Sleep Again: The Elm Street Legacy,Never Sleep Again: The Elm Street Legacy,2010-05-04,3.1202,7.827,176,[99],en,0,0,240,,"Andrew Kasch, Daniel Farrands","Heather Langenkamp, Robert Englund, Wes Craven, Robert Shaye, Lisa Wilcox"
106290,tt1686904,"Heaven, Hell",Nebe Peklo,2010-08-12,3.1186,1.0,2,[99],cs,0,0,82,"AD WOOD, Jacket Bros., HBO Česká republika",David Čálek,
894999,,Open Wound,Açık Yara,2010-01-01,3.1157,0.0,0,[],tr,0,0,22,,Ahu Öztürk,"Ozan Bilen, Nihal Menzil, Necmettin Çobanoğlu, Aygül Koçak, Remzi Bozkuş"
449376,tt1776058,Amerikanuak,Amerikanuak,2010-11-19,3.1022,0.0,0,[99],eu,0,0,92,Berde Produkzioak,"Gorka Bilbao, Ignacio Reig",
46420,tt1316536,The Loved Ones,The Loved Ones,2010-11-04,3.4477,6.732,868,[27],en,4000000,358399,84,"Ambience Entertainment, Screen Australia, Omnilab Media, Film Victoria, MIFF Premiere Fund",Sean Byrne,"Xavier Samuel, Robin McLeavy, John Brumpton, Richard Wilson, Victoria Thaine"
50618,tt1343703,Fortress of War,Брестская крепость,2010-11-04,3.4567,7.068,198,"[10752, 18, 36, 28]",ru,8500000,4404729,138,"TRO, Central Partnership, Belarusfilm",Alexander Kott,"Andrey Merzlikin, Pavel Derevyanko, Veronika Nikonova, Evgeny Tsyganov, Anna Tsukanova-Kott"
27584,tt1247667,High School,High School,2010-06-03,3.1585,5.627,166,[35],en,10000000,221590,99,"Parallel Media, FlipZide",John Stalberg Jr.,"Adrien Brody, Matt Bush, Sean Marquette, Colin Hanks, Michael Chiklis"
579104,tt1666555,Anchor Baby,Anchor Baby,2010-12-10,3.0098,4.0,1,[18],en,0,0,97,,Lonzo Nzekwe,"Omoni Oboli, Sam Sarpong, Terri Olivier"
148284,tt1305797,Enthiran,எந்திரன்,2010-10-01,3.3492,6.586,266,"[28, 878, 12]",ta,26400000,62000000,176,Sun Pictures,Shankar,"Rajinikanth, Aishwarya Rai Bachchan, Danny Denzongpa, Santhanam, Karunas"
902483,tt3110512,Stones,Kamene,2010-01-01,2.9532,5.0,1,"[16, 10749, 10402, 18]",en,0,0,26,"Fool Moon, ekran","Katarína Kerekesová, Ivana Šebestová",Dana Mazalová
37708,tt1523372,Wild Things: Foursome,Wild Things: Foursome,2010-06-01,3.3507,5.1,122,"[80, 18, 9648]",en,0,0,92,"Stage 6 Films, Mandalay Pictures, SG Productions, RCR Capital Partners I",Andy Hurst,"Jillian Murray, Marnette Patterson, Ashley Parker Angel, John Schneider, Ethan S. Smith"
33473,tt1533817,Stomp the Yard 2: Homecoming,Stomp the Yard 2: Homecoming,2010-10-10,3.6929,5.5,116,"[18, 10402]",en,0,0,90,"Sony Pictures, Rainforest Entertainment",Rob Hardy,"Kiely Williams, Tika Sumpter, Stephen 'tWitch' Boss, Collins Pennie, Columbus Short"
38093,tt1407061,Just Wright,Just Wright,2010-05-14,3.5637,6.554,468,"[10749, 35]",en,0,21520719,101,"Dune Entertainment, Flavor Unit Entertainment, Fox Searchlight Pictures, Martin Chase Productions",Sanaa Hamri,"Queen Latifah, Common, Paula Patton, James Pickens Jr., Phylicia Rashād"
101669,tt1434435,Mother's Day,Mother's Day,2010-09-23,3.554,6.48,479,"[80, 27, 53]",en,11000000,863000,112,"LightTower Entertainment, Widget Films, Sierra/Affinity, RAT Entertainment, The Genre Co., Troma Entertainment",Darren Lynn Bousman,"Rebecca De Mornay, Jaime King, Frank Grillo, Patrick John Flueger, Warren Kole"
932296,,Hand-processing,Hand-processing,2010-01-01,2.7914,0.0,0,[],en,0,0,3,,Dan Browne,
57703,tt1270842,Norwegian Wood,ノルウェイの森,2010-09-30,2.7785,6.4,241,"[18, 10749]",ja,0,17636261,134,"Fuji Television Network, Sankei Shimbun, Sumitomo Corporation, dentsu, Kodansha, WOWOW, Asmik Ace Entertainment, Fortissimo Films",Trần Anh Hùng,"Kenichi Matsuyama, Rinko Kikuchi, Kiko Mizuhara, Reika Kirishima, Eriko Hatsune"
746009,tt1965022,Radio Taxi,Radio Taxi,2010-01-01,2.352,0.0,0,[99],es,0,0,28,,Florian Baron,
51447,tt1521848,Trophy Wife,Potiche,2010-11-10,2.9871,6.142,401,[35],fr,0,1611000,103,"FOZ, Mars Distribution, Wild Bunch, SCOPE Pictures, Canal+, France 2 Cinéma, France Télévisions, Mandarin Cinéma",François Ozon,"Catherine Deneuve, Gérard Depardieu, Fabrice Luchini, Karin Viard, Jérémie Renier"
36865,tt1572781,The Disappearance of Haruhi Suzumiya,涼宮ハルヒの消失,2010-02-05,3.1504,7.9,294,"[16, 878, 9648, 18]",ja,2000000,7701498,162,"Kyoto Animation, Lantis, KADOKAWA Shoten, KADOKAWA, THE KLOCKWORX","Yasuhiro Takemoto, Tatsuya Ishihara","Tomokazu Sugita, Aya Hirano, Minori Chihara, Yuko Goto, Daisuke Ono"
148605,tt1559826,Monster Truck Mater,Monster Truck Mater,2010-07-30,3.3797,6.227,119,"[16, 35, 10751, 12, 28]",en,0,0,5,Pixar,John Lasseter,"Larry the Cable Guy, Keith Ferguson, Jess Harnell, Jan Rabson, Simon Petrie"
1509385,tt1757112,Facing Death,Facing Death,2010-11-23,2.1257,0.0,0,[],en,0,0,54,,"Miri Navasky, Karen O'Connor",
402412,tt12376586,Nannies,Babás,2010-01-01,3.0527,5.9,4,[99],pt,0,0,20,,Consuelo Lins,
38448,tt1235796,Ondine,Ondine,2010-03-05,3.3317,6.394,369,"[18, 10749]",en,12000000,1790061,111,"Start Motion Pictures, Wayfare Entertainment, Octagon Films, Little Wave Productions, RTÉ, Fís Éireann/Screen Ireland",Neil Jordan,"Colin Farrell, Alicja Bachleda-Curuś, Dervla Kirwan, Alison Barry, Marion O'Dwyer"
48844,tt1544572,The Search for Santa Paws,The Search for Santa Paws,2010-10-12,3.4219,6.3,233,"[10751, 12, 14]",en,0,0,89,"Key Pix Productions, Keystone Entertainment, Santa Paws Productions, Walt Disney Studios Home Entertainment, Air Bud Entertainment",Robert Vince,"Kaitlyn Maher, Madison Pettis, Zachary Gordon, Wendi McLendon-Covey, Richard Riehle"
103450,tt1660399,Nude,nude,2010-09-18,3.3415,6.038,13,[18],ja,0,0,103,Nippon Television Network Corporation,Yûichi Onuma,"Naoko Watanabe, Ken Mitsuishi, Aimi Satsukawa, Mihiro, Tsuyoshi Gotô"
46138,tt1371155,Made in Dagenham,Made in Dagenham,2010-10-01,3.1822,6.666,346,"[35, 18, 36]",en,7200000,12629471,113,"Audley Films LLP, BBC Film, BMS Finance, HanWay Films, Lipsync Productions, Number 9 Films, UK Film Council",Nigel Cole,"Sally Hawkins, Bob Hoskins, Miranda Richardson, Geraldine James, Rosamund Pike"
57059,tt1606789,Loft,Loft,2010-12-16,3.2463,6.248,109,[53],nl,0,0,110,"Millstreet Films, Pupkin, Woestijnvis, BNN",Antoinette Beumer,"Fedja van Huêt, Barry Atsma, Jeroen van Koningsbrugge, Gijs Naber, Marwan Kenzari"
451790,tt1697823,Tin,Teneke,2010-05-07,2.9115,4.0,1,[18],tr,0,0,9,,Bora Yuksel,"Efe Karaman, Ümit Çırak"
275085,tt1282136,Cefalópodo,Cefalópodo,2010-11-08,3.159,5.0,4,[],en,0,0,90,,Rubén Imaz,"Unax Ugalde, Alejandra Ambrosi, José Ángel Bichir, Flor Eduarda Gurrola, Gabino Rodríguez"
309192,tt1704140,Mörderischer Besuch,Mörderischer Besuch,2010-12-06,2.9091,0.0,0,[18],de,0,0,0,,Jorgo Papavassiliou,"Heiner Lauterbach, Hannelore Hoger, Benjamin Sadler, Liane Forestieri, Wilfried Hochholdinger"
44221,tt1193096,Group Sex,Group Sex,2010-08-24,3.4263,5.695,95,"[35, 10749]",en,0,0,92,GS Films,Lawrence Trilling,"Josh Cooke, Greg Grunberg, Kathrine Narducci, Sandra Seeling, Lombardo Boyar"
488048,tt1590240,Massenet: Werther,Massenet: Werther,2010-01-26,2.5172,8.6,4,"[18, 10402]",fr,0,0,145,"Opéra National de Paris, Decca",Benoît Jacquot,"Jonas Kaufmann, Sophie Koch, Ludovic Tézier, Alain Vernhes, Andreas Jäggi"
57396,tt1790762,Le Président,Le Président,2010-12-15,2.2729,6.8,10,[99],fr,0,0,98,La Générale de Production,Yves Jeuland,Georges Frêche
46103,tt1528718,Born to Raise Hell,Born to Raise Hell,2010-10-19,3.3121,4.591,116,[28],en,10000000,0,98,"Steamroller Productions, Voltage Pictures",Lauro David Chartrand-DelValle,"Steven Seagal, Dan Badarau, Darren Shahlavi, D. Neil Mark, George Remes"
39333,tt1407927,180° South,180° South,2010-02-10,3.2532,7.2,58,[99],en,0,0,86,,Chris Malloy,"Yvon Chouinard, Doug Tompkins, Keith Malloy, Makohe, Timmy O'Neill"
48946,tt1319704,Chatroom,Chatroom,2010-08-11,3.0496,5.82,314,"[18, 53]",en,0,0,97,"Ruby Films, Film4 Productions, UK Film Council, WestEnd Films",Hideo Nakata,"Aaron Taylor-Johnson, Imogen Poots, Matthew Beard, Hannah Murray, Tuppence Middleton"
48415,tt1529235,Welcome to the South,Benvenuti al sud,2010-10-01,3.4129,6.716,1879,[35],it,4000000,65584679,102,"Medusa Film, Cattleya, Constantin Film",Luca Miniero,"Claudio Bisio, Alessandro Siani, Angela Finocchiaro, Valentina Lodovini, Nando Paone"
36970,tt0765128,Oceans,Oceans,2010-01-22,3.243,7.471,346,"[99, 10751, 18]",en,80000000,83090556,104,"Galatée Films, Pathé, France 2 Cinéma, France 3 Cinéma, Notro Films, JMH & FILO Films, TSR, Participant",Jacques Perrin,Jacques Perrin
50475,tt1662557,No Mercy,용서는 없다,2010-01-07,2.8749,7.417,218,"[80, 53, 28]",ko,0,0,125,"Cinema Service, CJ Entertainment, The Dream & Pictures",Kim Hyoung-jun,"Sul Kyung-gu, Ryoo Seung-bum, Han Hye-jin, Sung Ji-ru, Park Sang-wook"
183443,tt1789846,Monster High: New Ghoul at School,Monster High: New Ghoul at School,2010-10-31,3.0513,6.694,54,"[10751, 16, 14]",en,0,0,23,"Wildbrain Entertainment, Mattel","Eric Radomski, Audu Paden","Kate Higgins, Salli Saffioti, Debi Derryberry, Laura Bailey, Yuri Lowenthal"
36801,tt1196204,Cemetery Junction,Cemetery Junction,2010-04-14,3.1951,6.512,328,"[18, 35]",en,0,0,94,Gervais/Merchant,"Ricky Gervais, Stephen Merchant","Christian Cooke, Tom Hughes, Jack Doolan, Felicity Jones, Ralph Fiennes"
70364,tt1612603,Bikini Jones and the Temple of Eros,Bikini Jones and the Temple of Eros,2010-03-02,3.1619,4.5,24,[35],en,0,0,81,Retromedia Entertainment,Fred Olen Ray,"Christine Nguyen, Heather Vandeven, Rebecca Love, Frankie Cullen, Billy Chappell"
451573,tt6622356,Wonderful World,Wonderful World,2010-06-19,3.342,0.0,0,"[18, 14]",ja,0,0,0,,Daisuke Namikawa,"Mamoru Miyano, Ayumi Uehara, Daisuke Namikawa, Yuka Hirata, Showtaro Morikubo"
48186,tt1451423,The Boy Who Cried Werewolf,The Boy Who Cried Werewolf,2010-10-22,3.1299,6.4,316,"[10751, 14, 10770, 35]",en,0,0,86,Nickelodeon Productions,Eric Bross,"Victoria Justice, Chase Ellison, Brooke Shields, Anna Galvin, Matt Winston"
58251,tt1426362,Daddy Longlegs,Daddy Longlegs,2010-04-28,2.8345,6.605,62,"[18, 35]",en,0,20728,100,"Red Bucket Films, NASA Entertainment, Sophie Dulac Productions","Benny Safdie, Josh Safdie","Ronald Bronstein, Alex Greenblatt, Sage Ranaldo, Frey Ranaldo, Eléonore Hendricks"
69589,tt1562275,Box: The Hakamada Case,BOX 袴田事件 命とは,2010-05-29,2.9105,8.0,1,"[80, 18]",ja,0,0,117,BOX Production Project,Banmei Takahashi,"Masato Hagiwara, Hirofumi Arai, Riona Hazuki, Takenori Murano, Naoki Hosaka"
156704,tt2035465,Blood Pigs,Blood Pigs,2010-10-15,2.8213,3.5,2,[27],en,50000,0,85,Morbid Vision Films,Brian Paulin,"Joe Olson, Rich George, Richard Caron, Deana Joy, Michael O'Reilly"
48034,tt1440232,Little White Lies,Les Petits Mouchoirs,2010-10-20,2.9123,7.097,1656,"[35, 18]",fr,25000000,48531470,154,"Les Productions du Trésor, M6 Films, EuropaCorp",Guillaume Canet,"François Cluzet, Marion Cotillard, Benoît Magimel, Gilles Lellouche, Jean Dujardin"
31967,tt1401113,Dante's Inferno: An Animated Epic,Dante's Inferno: An Animated Epic,2010-02-09,3.2956,6.991,585,"[28, 12, 16, 27]",en,0,0,88,"Dongwoo A&E, Film Roman, Manglobe, JM Animation, Production I.G, Electronic Arts","Lee Seung-Gyu, Victor Cook, Jong-Sik Nam, Mike Disa, Yasuomi Umetsu, Shukou Murase, Sangjin Kim","Graham McTavish, Vanessa Branch, Peter Jessop, Steve Blum, Mark Hamill"
526488,tt1529253,El perseguidor,El perseguidor,2010-12-09,2.4341,6.0,2,[],es,0,0,90,16M.Films,Víctor Cruz,"Marita Ballesteros, Alejo Mango, Alejandro Lifschitz, Luis Gasloli, Maya Lesca"
44638,tt1274300,The Tempest,The Tempest,2010-09-11,3.5466,5.283,138,"[18, 14, 35]",en,20000000,346594,111,"Touchstone Pictures, Miramax, Chartoff Productions, Artemis Films, Mumbai Mantra Media, TalkStory Productions, Icon Entertainment International, Icon Productions",Julie Taymor,"Helen Mirren, Felicity Jones, Reeve Carney, David Strathairn, Tom Conti"
48669,tt1444252,Terror Trap,Terror Trap,2010-09-22,3.0043,4.731,67,"[27, 53]",en,2000000,0,86,"Dan Garcia Productions, DMG Holdings, Most Wanted Films",Dan Garcia,"David James Elliott, Heather Marie Marsden, Jeff Fahey, Michael Madsen, Andrew Sensenig"
458872,tt1584809,After Klara,Nach Klara,2010-01-01,2.549,4.8,5,[],de,0,0,15,,Stefan Butzmühlen,"Wolfram Schorlemmer, Athanasios Karanikolas, Tobias Lenel, Daniela Holtz, Clemens Walter"
113993,tt1104699,Night Dragon,Night Dragon,2010-05-18,2.47,5.063,8,"[80, 18, 53]",en,0,0,80,,Tim Biddiscombe,"Imogen Church, Annette Kellow, Alan Ford, Scott North, Russell Jones"
82785,tt1722634,Subhapradam,Subhapradam,2010-07-16,2.73,3.0,1,"[10751, 18]",te,0,0,150,,K. Viswanath,"Allari Naresh, Manjari Fadnnis, Sarath Babu, Vizag Prasad, Raghu Babu"
27586,tt1017451,The Runaways,The Runaways,2010-03-19,3.3874,6.5,866,"[18, 10402]",en,10000000,2995811,107,"Linson Entertainment, River Road Entertainment, Road Rebel, Apparition, Summit Entertainment",Floria Sigismondi,"Kristen Stewart, Dakota Fanning, Michael Shannon, Stella Maeve, Scout Taylor-Compton"
35138,tt1319718,Little Big Soldier,大兵小将,2010-02-14,2.8954,6.871,350,"[28, 35, 12]",zh,25000000,0,96,"Bona Entertainment, Jackie & JJ Productions, Universal Culture, Beijing Dragon Garden Culture & Art, Talent International Film Cultural Company",Ding Sheng,"Jackie Chan, Leehom Wang, Steve Yoo, Lin Peng, Du Yuming"
72013,tt1587157,Yu-Gi-Oh! Bonds Beyond Time,劇場版 遊☆戯☆王 ～超融合！時空を越えた絆～,2010-01-23,2.9872,6.598,148,"[16, 14]",ja,0,3156482,50,"NAS, Gallop, TV Tokyo",Kenichi Takeshita,"Yuya Miyashita, KENN, Shunsuke Kazama, Atsushi Tamura, Jirou Jay Takasugi"
43090,tt1376195,Gunless,Gunless,2010-04-19,2.9408,6.364,99,"[18, 28, 35, 37]",en,10000000,0,89,"Alliance Films, Rhombus Media, Brightlight Pictures, Téléfilm Canada, Corus Entertainment, Astral Media, Gunless Productions",William Phillips,"Paul Gross, Sienna Guillory, Tyler Mane, Callum Keith Rennie, Dustin Milligan"
54994,tt1232206,Teenage Paparazzo,Teenage Paparazzo,2010-08-27,3.7876,7.0,32,[99],en,0,0,91,"Reckless Productions, Bert Marcus Productions, HBO Documentary Films",Adrian Grenier,"Adrian Grenier, Austin Visschedyk, Lindsay Lohan, Paris Hilton, Alec Baldwin"
48393,tt1629377,Kidnapped,Secuestrados,2010-06-17,2.9884,6.153,271,"[27, 53]",es,0,0,85,"Vaca Films, La Fabrique 2, Blur",Miguel Ángel Vivas,"Fernando Cayo, Ana Wagener, Manuela Vellés, Dritan Biba, Martijn Kuiper"
51243,tt1772416,Vay Arkadaş,Vay Arkadaş,2010-11-05,2.9047,6.523,22,[35],tr,0,0,100,Barakuda Film,Kemal Uzun,"Ali Atay, Fırat Tanış, Mete Horozoğlu, Demet Evgar, Rasim Öztekin"
1712582,tt1730216,Next Door,Next Door,2010-12-01,2.5846,0.0,0,[27],en,0,0,90,,Andrew Sawyer,"Nicole Kruex, Sal Lizard, Lynn Lowry, Lisa Robichaud, Christina Rondano"
252604,tt1717145,The Doppelganger,Der Doppelgänger,2010-08-23,2.6209,0.0,0,[],en,0,0,19,Hochschule für Film und Fernsehen 'Konrad Wolf',"Christopher Lenke, Philip Nauck","Aljoscha Stadelmann, Annika Ernst, Heide Simon"
39210,tt1421051,Somewhere,Somewhere,2010-09-03,3.2677,6.074,836,[18],en,8000000,14788642,98,"Focus Features, Pathé, Medusa Film, TFC, American Zoetrope",Sofia Coppola,"Stephen Dorff, Elle Fanning, Chris Pontius, Laura Chiatti, Lala Sloatman"
138503,tt1792641,Sultry Assassin: The Aphrodisiac Kill,艶剣客 ～くの一媚薬責め～,2010-11-23,2.8883,4.531,16,"[12, 18]",ja,0,0,68,Takeshobo,Ken'ichi Fujiwara,"Akiho Yoshizawa, Yoshihiro Satō, Asami, Rin Kawai, Kêsuke"
860086,tt1683479,What Is To Be Done?,Que faire?,2010-08-11,2.7186,0.0,0,[],fr,0,0,152,,Emmanuelle Demoris,
1034095,,La playa,La playa,2010-11-03,2.3794,0.0,0,[18],es,0,0,23,,Elisa Cepedal,"Fernando Barona, Laura de la Isla, Guillermo Serrano"
1766046,,Русский Голливуд: Бриллиантовая рука 2,Русский Голливуд: Бриллиантовая рука 2,2010-10-29,3.0831,0.0,0,[35],en,0,0,89,NTV,Sergey Ivanov,"Sergey Svetlakov, Artyom Mikhalkov, Sergey Penkin, Gosha Kutsenko, Marat Basharov"
1595326,,Symmetrical Space,Espacio simétrico,2010-04-25,2.9782,0.0,0,[99],es,0,0,10,,Virginia García del Pino,"Montse Cid, Soushiro Matsubara"
41556,tt1403988,The Romantics,The Romantics,2010-09-10,3.118,4.902,264,"[18, 10749]",en,4500000,123820,97,"10th Hole Productions, Benaroya Pictures, Four of a Kind Productions, Paramount Famous Productions, Paramount Pictures, Team Todd, Plum Pictures",Galt Niederhoffer,"Katie Holmes, Anna Paquin, Josh Duhamel, Dianna Agron, Adam Brody"
721773,,La Valse,La Valse,2010-11-22,2.7086,0.0,0,[],xx,0,0,15,"ZOO/Thomas Hauert, Eroïca Productions, ARTE, Charleroi Danses",Thierry De Mey,"Thomas Hauert, Martin Kilvady, Sarah Ludi, Zoë Poluch, Mat Voorter"
31007,tt1183923,Welcome to the Rileys,Welcome to the Rileys,2010-10-29,3.4388,6.569,439,[18],en,0,361960,110,"Destination Films, Samuel Goldwyn Films, Argonaut Pictures, Scott Free Productions",Jake Scott,"Kristen Stewart, James Gandolfini, Melissa Leo, Joe Chrest, Ally Sheedy"
45324,tt1194417,Casino Jack,Casino Jack,2010-09-16,2.5291,5.869,333,"[35, 80, 18]",en,12500000,1083683,108,"Vortex Words + Pictures, Hannibal Pictures, Rollercoaster Entertainment, Trigger Street Productions",George Hickenlooper,"Kevin Spacey, Kelly Preston, Hannah Endicott-Douglas, Rachelle Lefevre, Barry Pepper"
110280,tt1820505,Lisboa Domiciliária,Lisboa Domiciliária,2010-09-16,2.4273,0.0,0,[99],pt,0,0,92,Real Ficção,Marta Pessoa,
63498,tt1235830,Chico & Rita,Chico & Rita,2010-11-19,2.883,7.167,257,"[16, 10402, 10749]",es,0,0,93,"Isle of Man Film, CinemaNX, Estudio Mariscal, Fernando Trueba PC, HanWay Films, Magic Light Pictures, Mesfilms, TV3, TVE","Fernando Trueba, Tono Errando, Javier Mariscal","Mario Guerra, Limara Meneses, Eman Xor Oña, Jon Adams, Renny Arozarena"
1051829,,A FEATURE STORY,Faits divers,2010-01-01,2.5092,0.0,0,[],fr,0,0,21,Production de l'Aube,Patrick Goyette,"Adama Sidibé, Étienne Laforge"
330718,tt1578143,Verhältnisse,Verhältnisse,2010-04-07,2.6989,0.0,0,[18],de,0,0,0,,Stefan Kornatz,"Devid Striesow, Nicolette Krebitz, Lars Eidinger, Anna Schudt, Harald Schrott"
41110,tt1226236,I Am Love,Io sono l'amore,2010-03-19,2.902,6.718,420,"[18, 10749]",it,3600000,12014663,120,"First Sun, Mikado Film, RAI Cinema, Dolce Vita Productions, Pixeldna",Luca Guadagnino,"Tilda Swinton, Flavio Parenti, Edoardo Gabbriellini, Alba Rohrwacher, Pippo Delbono"
181173,,The Entree,The Entree,2010-04-20,2.4693,0.0,0,[],en,0,0,69,,,"Sam Hill, Brendan Fairclough"
724337,tt1722442,Summer,L'été,2010-08-29,2.615,4.0,3,[18],xx,0,0,18,Arsenal Productions,LM Formentin,"Daphné Proisy, Mathilde André, Eric D'Haenens"
50337,tt1782440,Firebreather,Firebreather,2010-11-24,3.1208,7.37,242,"[14, 16, 28, 10751]",en,0,0,69,"Cartoon Network Studios, Cartoon Network Movies",Peter Chung,"Dana Delany, Jesse Head, Dante Basco, Grey DeLisle, Reed Diamond"
176690,tt1537424,Bummer Summer,Bummer Summer,2010-01-02,2.7246,5.2,4,[18],en,0,0,78,Newhard Entertainment,Zach Weintraub,"Mackinley Robinson, Zach Weintraub, Maya Wood, Julia McAlee, Alex Rivera"
1215582,,Silent Karoke,Silent Karoke,2010-01-01,2.5737,0.0,0,[],es,0,0,0,,"Chus Domínguez, Silvia Zayas",
320046,,Braxília,Braxília,2010-01-01,2.7676,0.0,0,[99],en,0,0,17,,Danyella Proenca,Nicolas Behr
61062,tt1843120,The Unjust,부당거래,2010-10-28,3.0316,6.612,121,"[80, 53]",ko,0,0,119,"Film Train, Filmmaker R&K, CJ Entertainment",Ryoo Seung-wan,"Hwang Jung-min, Ryoo Seung-bum, Yoo Hai-jin, Cheon Ho-jin, Don Lee"
44734,tt1468321,Eden of the East Movie II: Paradise Lost,東のエデン 劇場版II Paradise Lost,2010-03-13,3.0124,6.728,68,"[16, 9648, 878, 28]",ja,0,0,93,Production I.G,Kenji Kamiyama,"Ryohei Kimura, Saori Hayami, Sakiko Tamagawa, Takuya Eguchi, Motoyuki Kawahara"
33555,tt1522835,Sherlock Holmes,Sherlock Holmes,2010-01-26,2.8197,5.197,109,"[14, 27, 28, 9648, 878]",en,1000000,0,89,The Asylum,Rachel Lee Goldenberg,"Ben Syder, Gareth David-Lloyd, Dominic Keating, William Huw, Elizabeth Arends"
45611,tt1412353,Jack Hunter and the Lost Treasure of Ugarit,Jack Hunter and the Lost Treasure of Ugarit,2010-03-01,3.1362,6.4,49,"[12, 28]",en,0,0,98,"American Cinema International, Oasis Entertainment, Anka Film",Terry Cunningham,"Ivan Sergei, Joanne Kelly, Thure Riefenstein, Susan Ward, Mario Naim Bassil"
41382,tt0979434,Lottery Ticket,Lottery Ticket,2010-08-20,2.3197,5.6,189,[35],en,17000000,24719879,99,"Sweepstake Productions, Cube Vision",Erik White,"Shad Moss, Brandon T. Jackson, Naturi Naughton, Loretta Devine, Teairra Mari"
53457,tt1668200,Sarah's Key,Elle s'appelait Sarah,2010-09-16,3.3829,7.3,724,"[18, 10752]",fr,10000000,17511906,111,"A Plus Image, Hugo Productions, Studio 37, TF1 Droits Audiovisuels, France 2 Cinéma, TPS Star, La Région Île-de-France, Canal+, France Télévisions",Gilles Paquet-Brenner,"Kristin Scott Thomas, Mélusine Mayance, Niels Arestrup, Frédéric Pierrot, Michel Duchaussoy"
36956,tt1403144,Come Undone,Cosa voglio di più,2010-04-30,2.8258,5.881,194,"[18, 10749]",it,0,0,121,"Lumière & Co., Vega Film, RSI, Eurimages, MiC",Silvio Soldini,"Alba Rohrwacher, Pierfrancesco Favino, Giuseppe Battiston, Teresa Saponangelo, Monica Nappo"
89636,tt4008518,Dragon Ball Z: Plan to Eradicate the Super Saiyans,ドラゴンボール 超サイヤ人絶滅計画,2010-11-11,2.7585,7.109,317,"[28, 16, 12]",ja,0,0,30,"Bandai Namco Group, Toei Animation",Yoshihiro Ueda,"Masako Nozawa, Ryo Horikawa, Takeshi Kusao, Toshio Furukawa, Ryusei Nakao"
1566683,tt1704606,La nuera de Don Filemón,La nuera de Don Filemón,2010-10-09,2.5288,10.0,1,[35],en,0,0,10,"IMAGYX Entertainment, Studio Mart, Consejo Para la Cultura y las Artes de Nuevo Leon (Conarte), IMCINE, Estudios Churubusco Azteca",Gabriel Guzmán,"René G., Sonia Couoh, Luis Felipe Ibarra, Rubén González Garza, Edna Cortés"
726490,,Supremacia Vermelha,Supremacia Vermelha,2010-10-29,2.7493,0.0,0,[99],pt,0,0,89,G7 Cinema,Fabiano de Souza,
62339,tt1625134,The Dinner Club,De Eetclub,2010-11-25,2.7844,5.191,34,"[53, 80]",nl,0,0,94,"Infinity Film & TV Productions, Palentino Media, Mollywood, Net5",Robert Jan Westdijk,"Bracha van Doesburgh, Thom Hoffman, Angela Schijf, Mark van Eeuwen, Halina Reijn"
228333,tt1629271,Feathered Cocaine,Fálkasaga,2010-11-12,2.8408,6.3,3,[99],is,0,0,80,Markell Productions,"Thorkell S. Hardarson, Örn Marino Arnarson",Alan Howell Parrot
456185,tt1800242,American Coup,American Coup,2010-11-09,2.5397,6.0,3,"[36, 99]",en,0,0,98,,Joe Ayella,"Ervand Abrahamian, Ehsan Yarshater"
29920,tt1291652,Easy Money,Snabba cash,2010-01-15,2.6373,6.433,268,"[18, 53, 80]",sv,0,0,124,"Svenska Filminstitutet, Film i Väst, Tre Vänner, Nordisk Film Sweden, SVT, Nouvago Capital, Network Movie, ZDF/Arte",Daniel Espinosa,"Joel Kinnaman, Matias Varela, Dragomir Mrsic, Lisa Henni, Mahmut Suvakci"
50323,tt2675102,Brown Sugar,น้ำตาลแดง,2010-08-26,2.7711,4.2,8,"[18, 10749]",th,0,0,118,"Baa-Ram-Ewe, Sahamongkolfilm","Zart Tancharoen, Panumat Deesatta, Phensiri Klangsurin","Odette Henriette Jacqmin, Pitisak Yaowananon, Pasaweepitch Sornakkharapha, Prakasit Bosuwan, Yao Ayutthaya"
51736,tt1409004,Bloomington,Bloomington,2010-06-23,3.1213,6.549,173,"[10749, 18]",en,0,0,83,Frontier Studios,Fernanda Cardoso,"Allison McAtee, Sarah Stouffer, Katherine Ann McGregor, Ray Zupp, J. Blakemore"
461677,,Suryakanthi,Suryakanthi,2010-10-14,2.6002,0.0,0,"[53, 28]",kn,0,0,137,,K. M. Chaitanya,"Chetan Kumar, Regena Cassandrra, Nassar, Ganesh Yadav, Kishori Ballal"
70669,tt1617145,Dark Souls,Mørke sjeler,2010-06-18,2.4623,4.2,24,"[27, 53]",no,0,0,95,Addict Films,"Mathieu Peteul, César Ducasse","Morten Rudå, Kyrre Haugen Sydness, Ida Elise Broch, Johanna Gustavsson, Jan Hårstad"
1271276,tt4109354,Mom for Hire,Мама напрокат,2010-12-12,2.5401,7.5,2,"[35, 10749]",ru,0,0,0,Star Media,Nikolay Mikhaylov,"Ilya Shakunov, Elena Panova, Larysa Kadochnykova, Maya Kuzmishina, Polya Polyakova"
42484,tt1560164,Lennon Naked,Lennon Naked,2010-11-21,2.5159,5.5,23,"[18, 10770]",en,0,0,82,BBC,Edmund Coulthard,"Christopher Eccleston, Christopher Fairbank, Andrew Scott, Naoko Mori, Rory Kinnear"
305680,tt1711488,Mercúrio,Mercúrio,2010-01-01,2.446,4.8,5,[],pt,0,0,8,,Sandro Aguilar,
361557,tt1604940,Schurkenstück,Schurkenstück,2010-08-18,2.4953,6.0,1,[18],de,0,0,0,,Torsten C. Fischer,"Katharina Schüttler, Oliver Korittke, Franz Dinda, Sebastian Urzendowsky, Jörg Reimers"
313057,tt1728167,Mugaldekoak,Mugaldekoak,2010-04-14,2.7437,0.0,0,"[18, 10752, 10770]",eu,0,0,96,"Tentazioa Produkzioak, EiTB","Mireia Gabilondo, Fernando Bernués","Klara Badiola, Iñaki Beraetxe, Alberto Berzal, Sara Cózar, Matxalen de Pedro"
54553,tt1830633,Home Makeover,Home Makeover,2010-12-13,2.8108,6.834,202,"[16, 10751, 35]",en,0,0,5,"Illumination, Universal Pictures","Samuel Tourneux, Kyle Balda","Miranda Cosgrove, Dana Gaier Ellis, Elsie Fisher, Pierre Coffin"
266745,tt2144185,Ukrainian Literature: Guide for Assholes,Українська література: посібник для мудаків,2010-09-23,2.3545,2.0,1,"[35, 16]",uk,0,0,4,,"Dmytro Kolomoytsev, Anatolii Lavrenishyn",
701904,tt37859325,In a Distant Time 3: Neverending Destiny,遙かなる時空の中で3 終わりなき運命,2010-01-03,2.4036,8.0,1,"[28, 18, 14, 53]",ja,0,0,56,Yumeta Company,"Shigeru Kimiya, Aki Tsunaki","Tomoko Kawakami, Akira Ishida, Kazuhiko Inoue, Houko Kuwashima, Eiji Hanawa"
63700,tt1673423,My Babysitter's a Vampire,My Babysitter's a Vampire,2010-10-09,2.8753,7.071,429,"[35, 12, 14, 10770]",en,2181579,0,80,Fresh TV,Bruce McDonald,"Matthew Knight, Vanessa Morgan, Atticus Mitchell, Cameron Kennedy, Kate Todd"
1437564,,Globo Azul,Globo Azul,2010-10-10,2.3795,0.0,0,[],es,0,0,20,Centro de Capacitación Cinematográfica (CCC),Izabel Acevedo,"Llever Aíza, Maricruz Beyer, Lucila Castejón, Estefania Garcia Chagoya, Fernando Saucedo"
43609,tt1193507,My Own Love Song,My Own Love Song,2010-04-07,3.1811,6.2,62,"[35, 18]",en,1600000,300849,100,"Légende Films, Od Shots, Studio 37, Canal+, OCS",Olivier Dahan,"Renée Zellweger, Forest Whitaker, Madeline Zima, Elias Koteas, Nick Nolte"
68611,tt1712531,The Swing,Huśtawka,2010-09-17,2.6425,4.625,8,[18],pl,0,0,94,Pro Cinema,Tomasz Lewkowicz,"Wojciech Zieliński, Karolina Gorczyca, Joanna Orleańska, Maria Gładkowska, Leon Charewicz"
38033,tt1148200,Chain Letter,Chain Letter,2010-10-01,3.1108,4.404,141,"[27, 53]",en,5000000,143000,96,"Tiger Tail Entertainment, Deon Taylor Enterprises",Deon Taylor,"Nikki Reed, Keith David, Michael Bailey Smith, Brad Dourif, Betsy Russell"
45013,tt1283887,Burning Palms,Burning Palms,2010-04-23,3.0196,5.206,64,"[35, 53]",en,5800000,0,112,Films In Motion,Christopher Landon,"Zoe Saldaña, Rosamund Pike, Lake Bell, Paz Vega, Shannen Doherty"
46020,tt1619880,Sharktopus,Sharktopus,2010-09-25,2.8904,4.1,207,"[10770, 27, 878]",en,3000000,0,89,"New Horizons Picture, Syfy",Declan O'Brien,"Eric Roberts, Kerem Bürsin, Sara Malakul Lane, Liv Boughn, Héctor Jiménez"
29426,tt1134854,Survival of the Dead,Survival of the Dead,2010-05-06,3.6065,4.842,527,"[27, 35, 18, 53]",en,4000000,386078,90,"Blank of the Dead Productions, Devonshire Productions, New Romero, Sudden Storm Productions, Voltage Pictures",George A. Romero,"Alan van Sprang, Kenneth Welsh, Kathleen Munroe, Devon Bostick, Athena Karkanis"
34335,tt0959329,Nine Dead,Nine Dead,2010-03-09,2.9321,5.22,328,"[80, 27, 9648]",en,2000000,0,98,"Louisiana Media Productions, Hartbreak Films",Chris Shadley,"Melissa Joan Hart, John Terry, Chip Bent, Lawrence Turner, Edrick Browne"
49057,tt1264115,The Trial,The Trial,2010-09-10,3.0952,5.846,39,"[35, 18, 10749]",en,0,0,100,"Whitlow Films, Level Path Productions",Gary Wheeler,"Matthew Modine, Bob Gunton, Robert Forster, Larry Bagby, Randy Wayne"
60695,tt1743360,Sundays at Tiffany's,Sundays at Tiffany's,2010-12-06,2.9561,6.5,100,"[18, 10749, 10770]",en,0,0,88,"Dan Wigutow Productions, Sony Pictures Television, Lifetime",Mark Piznarski,"Alyssa Milano, Eric Winter, Kristin Booth, Emily Alyn Lind, Ivan Sergei"
82302,tt4071908,Father Frost,Морозко,2010-12-31,2.5907,9.0,1,"[35, 10402, 14, 10770, 10751]",ru,0,0,103,"RWS, Russia 1",Aleksandr Igudin,"Nikolay Baskov, Anastasiya Zadorozhnaya, Yuriy Stoyanov, Andrii Danylko, Elena Vorobey"
270413,tt7947592,One Piece: Strong World Episode 0,ワンピース ストロングワールド Episode 0,2010-04-24,3.1981,7.263,93,"[28, 16, 35]",ja,0,0,19,Toei Animation,Takashi Hashimoto,"Naoto Takenaka, Chikao Ohtsuka, Mayumi Tanaka, Akemi Okamura, Hiroshi Naka"
55962,tt1821368,Cheila,"Cheila, una casa pa’ Maíta",2010-07-16,2.4921,6.3,3,"[35, 18]",es,0,0,90,La Villa del Cine,Eduardo Barberena,"Endry Cardeño, Violeta Alemán, Aura Rivas, José Manuel Suárez, Elodie Bernardeau"
503278,tt1706684,In the Wake of the Flood,In the Wake of the Flood,2010-08-02,2.6648,0.0,0,[99],en,0,0,47,Sphinx Productions,Ron Mann,Margaret Atwood
759701,tt9539418,Tuan Papa,Tuan Papa,2010-07-01,2.3599,0.0,0,[99],nl,0,0,0,,Annegriet Wietsma,
66157,tt1320334,GravyTrain,GravyTrain,2010-01-01,2.7448,5.0,4,[35],en,0,0,0,"Way of the Tosser Inc., G-Train Productions LTD.",April Mullen,"Tim Doiron, April Mullen, Jennifer Dale, Colin Mochrie, Ryan Tilley"
1258149,tt1790665,Cinco velitas,Cinco velitas,2010-01-01,2.2883,0.0,0,[18],es,0,0,12,INCAA,"Paula Romero Levit, Michelina Oviedo","Alejandra Darín, Gerónimo Arias, Rita Cortese, Catarina Spinetta, Nahuel Mutti"
38570,tt1498870,The 41–Year–Old Virgin Who Knocked Up Sarah Marshall and Felt Superbad About It,The 41–Year–Old Virgin Who Knocked Up Sarah Marshall and Felt Superbad About It,2010-06-08,3.2993,3.968,155,[35],en,1300000,0,82,Silver Nitrate,Craig Moss,"Bryan Callen, Noureen DeWulf, Mircea Monroe, Stephen Kramer Glickman, Austin Michael Scott"
853865,,Rodaj,روداج,2010-02-02,2.2814,7.0,1,"[9648, 10749, 18]",ar,0,0,100,"ريل للأفلام, هيثم حقي",Nidal Al-Dibs,"Mohannad Qatesh, Qamar Khalaf, Salloum Haddad, Iyad Abu Al-Shamat, Doha Aldebes"
228856,tt2674496,City Monkey,City Monkey,2010-10-19,3.1043,0.0,0,[],zh,0,0,93,,Patrick Kong Ling-Chen,"Lü Liping, Guo Tao, Li Bin"
32007,tt1172998,Hurricane Season,Hurricane Season,2010-02-09,3.2119,6.563,71,[18],en,143000,1000000,103,"Dimension Films, The Story Company, IAM Entertainment",Tim Story,"Forest Whitaker, Taraji P. Henson, Bonnie Hunt, Isaiah Washington, China Anne McClain"
270818,tt1508669,Hopeful Notes,Hopeful Notes,2010-01-01,2.1,10.0,1,"[18, 10402]",en,0,0,0,,Valerio Zanoli,"Walter Nudo, Colin Ross, Ian Poland, Laural Merlington, Sharon Hayes"
1052674,tt1754499,Without Country,Sin País,2010-11-03,2.3773,0.0,0,[99],en,0,0,20,,Theo Rigby,
62489,tt1545022,Bedways,Bedways,2010-10-07,2.4796,4.557,35,"[10402, 18, 10749]",de,0,0,76,Independent Partners,Rolf Peter Kahl,"Miriam Mayet, Lana Cooper, Matthi Faust, Arno Frisch, Laura Tonke"
47909,tt1287878,Poetry,시,2010-05-13,3.4481,7.567,351,[18],ko,0,349899,139,"UniKorea Pictures, Pinehouse Film",Lee Chang-dong,"Yoon Jeong-hee, David Lee, Kim Hee-ra, Ahn Nae-sang, Kim Yong-taek"
573531,tt1480660,Halo Legends,Halo Legends,2010-02-16,2.8693,7.35,170,"[16, 10752, 28, 878]",en,0,11000000,120,"Casio Entertainment, Production I.G, Toei Animation, BONES, BeeTrain, Halo Studios, Warner Bros. Pictures, J-Spec Pictures, Seraphim Digital, Tensegrity, STUDIO4℃","Hiroshi Yamazaki, Tomoki Kyoda, Yasushi Muraki, Hiroyuki Kawasaki, Megumi Shimizu, Hideki Futamura, Koji Sawai, Takahiro Tanaka, Koichi Mashimo, Daisuke Nishio, Keiichi Sugiyama, Shinji Aramaki, Mamoru Oshii, Toshiyuki Kanno","Luci Christian, David Wald, Emily Neves, Shelley Calene-Black, Jessie James Grelle"
37659,tt1333667,When You're Strange,When You're Strange,2010-04-09,3.1581,7.3,232,"[99, 10402]",en,0,0,86,"Strange Pictures, Wolf Entertainment",Tom DiCillo,"Johnny Depp, Jim Morrison, John Densmore, Ray Manzarek, Robby Krieger"
44560,tt1393746,Aftershock,唐山大地震,2010-07-22,2.5921,7.2,204,[18],zh,25000000,100297064,135,"JCE Movies, Huayi Brothers Pictures, Media Asia Films, China Film Group Corporation",Feng Xiaogang,"Xu Fan, Zhang Jingchu, Wang Ziwen, Chen Daoming, Jerry Lee"
54551,tt1814643,Banana,Banana,2010-12-13,3.142,7.08,306,"[16, 10751, 35]",en,0,0,4,"Illumination, Universal Pictures","Kyle Balda, Samuel Tourneux",Pierre Coffin
55061,tt1221208,Frankie & Alice,Frankie & Alice,2010-12-10,2.5869,5.952,114,"[18, 53]",en,0,706546,101,"Access Motion Pictures, Reality Pictures In Motion, F & A Production Services",Geoffrey Sax,"Halle Berry, Stellan Skarsgård, Phylicia Rashād, Chandra Wilson, Adrian Holmes"
339157,,The Extraordinary Genius of Albert Einstein,The Extraordinary Genius of Albert Einstein,2010-01-01,2.3238,7.0,1,[99],en,0,0,103,,,Albert Einstein
427314,tt1912445,Mädchen Liebe,Mädchen Liebe,2010-10-08,2.413,0.0,0,[99],de,0,0,0,,Sabine Michel,
40720,tt1407084,Twelve,Twelve,2010-07-30,3.0125,5.69,258,"[53, 18, 28, 80]",en,0,2566717,93,"Artina Films, Gaumont, Hannover House, Original Media, Radar Pictures",Joel Schumacher,"Chace Crawford, Rory Culkin, 50 Cent, Emily Meade, Emma Roberts"
46562,tt1268970,The Last Rites of Ransom Pride,The Last Rites of Ransom Pride,2010-06-17,2.7338,3.912,34,"[28, 18, 37]",en,8000000,0,83,"Horsethief Pictures, Nomadic Pictures, Ransom Pride Alberta Productions",Tiller Russell,"Dwight Yoakam, Lizzy Caplan, Jon Foster, Cote De Pablo, Jason Priestley"
36950,tt1132623,You Don't Know Jack,You Don't Know Jack,2010-06-27,2.8759,7.011,452,"[18, 10770, 36]",en,0,0,134,"Bee Holder Productions, Royal Oak Films, HBO Films, Cine Mosaic",Barry Levinson,"Al Pacino, Danny Huston, Susan Sarandon, John Goodman, Brenda Vaccaro"
51256,tt1830577,Donkey's Christmas Shrektacular,Donkey's Christmas Shrektacular,2010-12-07,3.3584,5.737,192,"[14, 16, 35, 10751]",en,0,0,8,DreamWorks Animation,Walt Dohrn,"Mike Myers, Eddie Murphy, Cameron Diaz, Antonio Banderas, Walt Dohrn"
34751,tt1394329,Free Willy: Escape from Pirate's Cove,Free Willy: Escape from Pirate's Cove,2010-03-23,3.1116,6.131,194,"[10751, 12, 18]",en,0,0,101,"ApolloMovie Beteiligungs, Fiction Film & Television Limited, Film Afrika, Warner Premiere",Will Geiger,"Beau Bridges, Bindi Irwin, Matthew Dylan Roberts, Kevin Otto, Darron Meyer"
43930,tt1456941,"Tomorrow, When the War Began","Tomorrow, When the War Began",2010-08-08,2.6612,6.08,563,"[28, 12, 18]",en,27000000,16533595,103,"Omnilab Media, Ambience Entertainment",Stuart Beattie,"Caitlin Stasey, Rachel Hurd-Wood, Phoebe Tonkin, Deniz Akdeniz, Lincoln Lewis"
1015003,tt4052298,Qandil Mountains,کوێستانی قەندیل,2010-08-01,2.2864,9.0,1,[18],ku,0,0,94,,Taha Karimi,"Aynadin Mariwany, Ghotbeddin Sadeghi, Kamal Jalal Ghader, Kamaran Raoof, lamia hussain"
51200,tt1587729,71: Into the Fire,포화 속으로,2010-06-16,2.8028,7.568,219,[10752],ko,10400000,20967660,120,"Taewon Entertainment, UBU Film, H Plus Communication, Lotte Entertainment, Korean Film Council, CJ Entertainment, Finecut, M-Venture Investment",John H. Lee,"Kwon Sang-woo, Choi Seung-hyun, Kim Seung-woo, Cha Seung-won, Kim Hye-seong"
51339,,Eye Trip,Eye Trip,2010-11-28,2.5185,6.2,3,[28],en,0,0,56,Level 1 Productions,Josh Berman,
1015028,tt1785371,El inicio,El inicio,2010-12-10,2.5375,1.0,2,[],es,0,0,15,,Luis María Mercado,
50674,tt1615091,The Lost Future,The Lost Future,2010-11-13,3.3301,4.934,161,"[12, 878, 10770]",en,0,0,90,"Tandem Communications, RTL, Film Afrika",Mikael Salomon,"Sean Bean, Annabelle Wallis, Corey Sevier, Eleanor Tomlinson, Jonathan Pienaar"
63455,tt1619832,Flower & Snake 3,花と蛇 3,2010-08-28,3.0397,6.0,36,"[18, 10749, 53, 27]",ja,0,0,107,Toei Video Company,Yusuke Narita,"Minako Komukai, Yasukaze Motomiya, Shōhei Hino, Mari Komatsuzaki, Kei Mizutani"
44877,tt1514041,4.3.2.1,4.3.2.1,2010-06-02,3.6328,5.495,219,"[28, 53, 80, 10749]",en,4600000,1163967,117,"Veneration Music, Unstoppable Entertainment, Retro-juice Productions, Atlantic Swiss Productions","Noel Clarke, Mark Davis","Emma Roberts, Noel Clarke, Ophelia Lovibond, Tamsin Egerton, Shanika Warren-Markland"
389418,,Moghalede Sheytan,Moghalede Sheytan,2010-08-04,2.509,0.0,0,[18],fa,10000,10000,90,,Afshin Sadeghi,"Kambiz Dirbaz, Asghar Hemmat, Shaghayegh Farahani, Omid Zendegani"
1602398,,The Forgotten Soldier,Az elfelejtett katona,2010-05-08,2.0726,10.0,1,[99],hu,0,0,64,BlaisArts Images,Balázs Ravasz,"András Toma, Anna Gabulya"
51859,tt1703049,Trigun: Badlands Rumble,トライガン バッドランド ランブル,2010-04-24,2.666,7.507,204,"[28, 16, 878, 12]",ja,0,193458,91,"Madhouse, THE KLOCKWORX, Shonen Gahosha, FlyingDog",Satoshi Nishimura,"Masaya Onosaka, Satsuki Yukino, Hiromi Tsuru, Maaya Sakamoto, Show Hayami"
1192895,,How to Win the TV Debate,How to Win the TV Debate,2010-04-12,2.4627,0.0,0,"[99, 36, 10770]",en,0,0,60,BBC,James Giles,"Michael Cockerell, Neil Kinnock, Charles Kennedy, Michael Dobbs, Don Hewitt"
44716,tt1340107,In a Better World,Hævnen,2010-08-26,3.2898,7.153,474,[18],da,15000000,13004198,118,Zentropa Entertainments,Susanne Bier,"Mikael Persbrandt, Trine Dyrholm, Ulrich Thomsen, William Jøhnk Nielsen, Markus Rygaard"
466625,,Circuito interno,Circuito interno,2010-06-15,2.3175,0.0,0,[18],pt,0,0,0,,júlio martí,
52060,tt1699746,Christmas Cupid,Christmas Cupid,2010-12-12,2.7059,5.849,182,"[10749, 35, 14, 10770]",en,0,0,85,Crawfish Productions,Gil Junger,"Christina Milian, Ashley Benson, Chad Michael Murray, Burgess Jenkins, Ryan Sypek"
44037,tt1499249,Lake Placid 3,Lake Placid 3,2010-10-06,3.4529,5.033,272,"[27, 28, 878, 53]",en,2500000,0,93,"Curmudgeon Films, Stage 6 Films, RCR Media Group, BUFO, Sony Pictures Home Entertainment, Syfy",Griff Furst,"Colin Ferguson, Yancy Butler, Kirsty Mitchell, Kacey Barnfield, Michael Ironside"
45745,tt1727587,Sintel,Sintel,2010-09-30,2.5871,7.333,177,"[16, 14]",en,450000,0,14,Blender Foundation,Colin Levy,"Halina Reijn, Thom Hoffman"
34583,tt1390535,The Final,The Final,2010-01-28,3.1653,6.01,311,"[53, 27]",en,1000000,0,93,Agora Entertainment,Joey Stewart,"Marc Donato, Jascha Washington, Whitney Hoy, Justin Arnold, Lindsay Seidel"
56833,tt1996211,Chasing Legends,Chasing Legends,2010-05-10,2.4695,6.3,3,[99],en,0,0,95,,Jason Berry,"Mark Cavendish, Jens Voigt, Tony Martin, George Hincapie"
34640,tt0903036,Westbrick Murders,Westbrick Murders,2010-05-11,2.3213,3.2,10,"[27, 28, 53]",en,0,0,90,Revolver Films,Shaun Rana,"Daniell Edwards, Sami Darr, Anna Bård, Vernon Wells, Merete Van Kamp"
219693,tt1557786,Dopo quella notte,Dopo quella notte,2010-07-09,2.6467,8.0,1,[18],it,0,0,99,Gonella Productions,Giovanni Galletta,"Maria Grazia Cucinotta, Serena Grandi, Enrico Lo Verso, Antonella Ponziani, Francesca Ferrazzo"
651013,tt1160376,Unholy Reunion,Unholy Reunion,2010-01-01,2.7555,2.75,4,[27],en,0,0,90,Movie Freak Productions,Ric McCloud,"Ava Lange, Jarrod Crooks, Nicole Blessing, Sarah French"
125268,tt1454099,Followed Home,Followed Home,2010-03-03,2.2872,2.75,6,[27],en,0,0,74,Think Dreamer Productions,Joaquin F. Palma,"Zachary Ryan Block, Ray Rozmiarek, Balbinka Korzeniowska, Tamara de Kauwe"
45778,tt1047449,Camp Hell,Camp Hell,2010-08-13,2.481,3.669,59,"[27, 53]",en,3000000,0,99,,George VanBuskirk,"Will Denton, Bruce Davison, Christopher Denham, Connor Paolo, Valentina de Angelis"
46064,tt1376699,Den Brother,Den Brother,2010-08-13,2.5029,5.9,140,"[35, 10751, 10749, 10770]",en,0,0,89,,Mark L. Taylor,"Hutch Dano, Genevieve Hannelius, Vicki Lewis, Kelsey Asbille, David Lambert"
1415946,tt35328601,The Tell-Tale Heart,Corazón delator,2010-03-23,2.3523,8.5,2,[27],es,5000,0,22,,Claudio Ceino,"Juan Carlos Pastor Izurieta, Enrique Victoria, Ricardo Mejía, Fernando Vásquez, Bárbara Mazzochi"
337524,tt1610487,The Motionless,Inertes,2010-01-01,2.6911,3.9,4,"[18, 10749]",es,0,0,91,,Eusebio Pastrana,"Alejandro Tous, Mercedes del Castillo, María Brea, Rubén De Marina"
63077,tt1545985,The Coming Days,Die kommenden Tage,2010-11-04,2.1107,4.919,37,"[18, 878]",de,8900000,0,130,"Badlands Company, Dream Team Filmproduction, ARD",Lars Kraume,"Bernadette Heerwagen, Daniel Brühl, Johanna Wokalek, August Diehl, Susanne Lothar"
51888,tt1691338,Robot Chicken: Star Wars Episode III,Robot Chicken: Star Wars Episode III,2010-12-19,2.8183,7.452,168,"[35, 878, 16, 10770]",en,0,0,45,"Lucasfilm Ltd., Sony Pictures Digital, Stoopid Monkey, ShadowMachine",Chris McKay,"Seth Green, Abraham Benrubi, Zac Efron, Seth MacFarlane, Carrie Fisher"
301863,tt1486883,ZedCrew,ZedCrew,2010-05-20,2.4413,0.0,0,[18],en,0,0,44,I Like You Productions,Noah Pink,"Alvin Fungo, Medalia Banda, Starn Ng'andu, Dexter Siwingwa, Tasha Muziya"
43263,tt1315216,Jesse Stone: No Remorse,Jesse Stone: No Remorse,2010-05-09,2.6426,6.835,109,"[18, 53, 80, 9648, 10770]",en,0,0,87,"Sony Pictures Television, Brandman Productions, TWS Productions II",Robert Harmon,"Tom Selleck, Kathy Baker, Kohl Sudduth, Stephen McHattie, Krista Allen"
43434,tt1321865,Carlos,Carlos,2010-07-07,2.6125,6.984,247,"[80, 18, 36]",en,18000000,871279,339,"Film en Stock, Egoli Tossell Film",Olivier Assayas,"Edgar Ramírez, Alexander Scheer, Nora Waldstätten, Talal Jurdi, Christoph Bach"
68790,tt1720223,War of Love,Śluby panieńskie,2010-10-08,2.2815,4.333,12,"[35, 10749]",pl,0,0,96,"Alvernia Studios, Studio Filmowe Kalejdoskop, Kino Świat",Filip Bajon,"Anna Cieślak, Maciej Stuhr, Marta Żmuda-Trzebiatowska, Borys Szyc, Robert Więckiewicz"
45959,tt1471156,Dark Relic,Dark Relic,2010-03-27,2.5044,3.9,23,"[878, 14, 27]",en,0,0,88,"Syfy, BUFO",Lorenzo Sena,"James Frain, Clemency Burton-Hill, Tom Basden, Alyy Khan, Marija Karan"
348986,tt1703932,Chimères absentes,Chimères absentes,2010-01-01,2.483,0.0,0,[18],pt,0,0,0,"Filmmaster Productions, Dorje Film",Fanny Ardant,"Fanny Ardant, Francesco Montanari, Paolo Triestino"
815783,tt1830590,El Baleado,El Baleado,2010-12-31,2.6386,7.278,18,[28],es,0,0,93,,Enrique Murillo,"Guillermo Quintanilla, Bernabé Melendrez, Valentín Trujillo Jr., Emilio Franco, Amador Granados"
117352,tt1623674,Crayon Shin-chan: Super-Dimension! The Storm Called My Bride,クレヨンしんちゃん 超時空！嵐を呼ぶオラの花嫁,2010-04-17,2.682,7.667,69,"[16, 35, 10751]",ja,0,12876220,99,"Shin-Ei Animation, Futabasha, ADK, TV Asahi",Akira Shigino,"Akiko Yajima, Miki Narahashi, Keiji Fujiwara, Satomi Korogi, Rie Kugimiya"
789391,tt1670722,Zwischen Welten,Zwischen Welten,2010-06-29,2.2949,0.0,0,[99],de,0,0,82,WDR,Miguel Müller-Frank,
44718,tt1194263,Get Low,Get Low,2010-07-30,2.6466,6.715,351,"[18, 9648, 35]",en,700000,10522511,103,"K5 International, Zanuck Independent, David Gundlach Productions, TVN",Aaron Schneider,"Robert Duvall, Bill Murray, Sissy Spacek, Lucas Black, Bill Cobbs"
245341,tt1693105,Zoo,Zoo,2010-07-01,2.0692,3.0,1,"[35, 12]",ms,0,0,84,Metrowealth International Group (MIG),Azhari Mohd Zain,"Mazlan Pet Pet, Lisa Surihani, Bob Lokman, Azlee Senario, Angah Raja Lawak"
459596,tt1726850,Finding Fatima,Finding Fatima,2010-10-01,2.3209,0.0,0,[18],en,0,0,90,,"Dominic Higgins, Ian Higgins",
1436995,,Función Macabra,Función Macabra,2010-12-31,2.387,0.0,0,[16],es,0,0,0,,Diego Vizcarra,
149550,tt1672208,Busty Cops and the Jewel of Denial,Busty Cops and the Jewel of Denial,2010-06-19,2.7104,3.8,5,"[35, 10749]",en,0,0,75,,Jim Wynorski,"Tanya James, Amy Ried, Angelina Ash, Kaylani Lei, Tory Lane"
66195,tt1334553,The Perfect Host,The Perfect Host,2010-07-01,2.6711,6.425,479,"[35, 53, 80]",en,500000,453708,93,Splendid Film,Nicholas Tomnay,"David Hyde Pierce, Clayne Crawford, Nathaniel Parker, Megahn Perry, Helen Reddy"
582847,tt1639385,Eastern Army,Eastern Army,2010-04-09,2.4447,0.0,0,"[878, 28, 18]",en,0,0,25,Phenomena Pictures,Philip Th. Pedersen,"David Sakurai, Mia Dinitzen, Ole Kristian Thomassen, Danny Thykær, Morten Poehlsgaard"
41135,tt1268987,Operation: Endgame,Operation: Endgame,2010-07-20,2.4895,4.964,233,"[12, 28, 35, 53]",en,0,0,82,"Anchor Bay Films, Infinity Media, Darko Entertainment, Scion Films",Fouad Mikati,"Joe Anderson, Odette Annable, Zach Galifianakis, Rob Corddry, Maggie Q"
52850,tt1658851,Toast,Toast,2010-12-30,2.9322,6.606,270,"[18, 35, 36, 10751]",en,0,0,96,"Screen West Midlands, BBC Film, Ruby Films",SJ Clarkson,"Freddie Highmore, Ken Stott, Victoria Hamilton, Oscar Kennedy, Helena Bonham Carter"
41251,tt1497617,I Am,I Am,2010-10-01,2.5493,5.778,9,"[99, 18]",en,0,0,89,,John Ward,"Larsen Thompson, Tomas Boykin, Jay Hindle, John Ward, Todd Zeile"
51512,tt1371117,Dear Mr. Gacy,Dear Mr. Gacy,2010-05-10,2.7186,5.835,85,"[80, 18, 53]",en,0,0,103,"National Bank of Canada, Reel One Entertainment, Notorious Pictures, Super Écran, Movie Central, The Movie Network",Svetozar Ristovski,"William Forsythe, Jesse Moss, Emma Lahana, Cole Heppell, Belinda Metz"
41490,tt1612143,Just Another Pandora's Box,越光宝盒,2010-03-18,2.437,4.734,32,"[35, 14]",zh,0,0,86,"Beijing Bona Cultural Exchange Co., Ltd",Jeffrey Lau Chun-Wai,"Ronald Cheng Chung-Kei, Sun Li, Gigi Leung Wing-Kei, Athena Chu Yan, Eric Tsang Chi-Wai"
1054900,,Larbi,العربي، أو مصير أسطورة كرة القدم,2010-07-17,2.2902,0.0,0,"[18, 99]",ar,0,0,105,intaj.com,Driss Mrini,"Hanane Ibrahimi, Fadila Benmoussa, Bouchra Hraich, Belmjahed Abdelhak, Mohamed Khashla"
774865,tt2358712,Is It Easy...? After 20 Years,Vai viegli...?,2010-05-04,2.6188,0.0,0,[99],lv,0,0,84,Juris Podnieks Studio,Antra Cilinska-Dombrovska,
46207,tt1135952,White Material,White Material,2010-03-24,2.6413,6.71,181,[18],fr,0,0,106,"Why Not Productions, Wild Bunch, France 3 Cinéma, Les Films Terre Africaine, Cinémage 2, Sofica UGC 1",Claire Denis,"Isabelle Huppert, Christopher Lambert, Nicolas Duvauchelle, Isaach de Bankolé, William Nadylam"
69932,tt1237373,Special Ops,Special Ops,2010-11-01,2.5493,3.2,14,"[28, 53]",en,0,0,98,,Tom Shell,"A.J. Draven, Steven Bauer, Finola Hughes, Rez Cortez, Miguel Vasquez"
1278132,tt1543567,Night Blind,Night Blind,2010-01-01,2.192,10.0,1,[18],en,0,0,15,,Robert Parks,"Tony Doupe, Michael Downey, Sydney Sweeney, Lenny Von Dohlen"
40794,tt1405810,Loose Cannons,Mine vaganti,2010-03-12,3.012,7.263,817,"[35, 18, 10749]",it,7000000,8220215,108,"Fandango, Faros Film, RAI Cinema",Ferzan Özpetek,"Riccardo Scamarcio, Nicole Grimaudo, Alessandro Preziosi, Ennio Fantastichini, Lunetta Savino"
34563,tt1305583,Our Family Wedding,Our Family Wedding,2010-03-12,3.5255,5.619,143,[35],en,14000000,21409028,103,"Pointe Studios, Fox Searchlight Pictures, Sneak Preview Entertainment, Dune Entertainment",Rick Famuyiwa,"Forest Whitaker, America Ferrera, Carlos Mencia, Regina King, Lance Gross"
792991,tt1593651,Bidadari Jakarta,Bidadari Jakarta,2010-01-07,2.5469,0.0,0,[18],id,0,0,90,PT Mega Multi Media,Nanang Istiabudi,"Poppy Bunga, Fahmi Aditya, Ayang, Renny Novita, Keith Foo"
574479,tt1745816,Silent Anna,Silent Anna,2010-01-01,1.942,0.0,0,[],en,0,0,70,,Max Sokoloff,
39356,tt1560139,Boy,Boy,2010-03-25,2.2377,7.289,509,"[18, 35]",en,0,9116968,88,"New Zealand Film Commission, Unison Films, Whenua Films",Taika Waititi,"James Rolleston, Te Aho Aho Eketone-Whitu, Taika Waititi, Moerangi Tihore, Cherilee Martin"
70993,tt1701995,Man at Bath,Homme au bain,2010-09-21,2.8479,5.061,41,[18],fr,0,0,72,"Angoa-Agicoa, Les films du Bélier, Théâtre de Gennevilliers, Centre National des Arts Plastiques (CNAP), PROCIREP, CNC",Christophe Honoré,"François Sagat, Chiara Mastroianni, Omar Ben Sellem, Rabah Zahi, Dennis Cooper"
60669,tt1546649,Book Girl,劇場版“文学少女”,2010-05-01,2.1039,6.3,18,"[16, 18, 10749]",ja,0,0,102,"Production I.G, Enterbrain, Lantis, T.O. Entertainment, Pony Canyon, KADOKAWA",Shunsuke Tada,"Kana Hanazawa, Miyu Irino, Aki Toyosaki, Asami Shimoda, Aya Hirano"
37932,tt1381767,Flicka 2,Flicka 2,2010-05-04,2.8975,6.735,134,"[10751, 18]",en,0,0,96,20th Century Fox Home Entertainment,Michael Damian,"Patrick Warburton, Tammin Sursok, Emily Tennant, Reilly Dolman, Clint Black"
52333,tt1467388,Astral City: A Spiritual Journey,Nosso Lar,2010-09-03,2.6235,7.2,235,[18],pt,12000000,0,103,"Migdal Filmes, Cinética Filmes e Produções, Globo Filmes, 20th Century Fox Brazil",Wagner de Assis,"Renato Prieto, Fernando Alves Pinto, Rosanne Mulholland, Inez Viana, Rodrigo de Odé"
44862,tt1087524,Once Fallen,Once Fallen,2010-11-02,2.5346,5.2,30,"[18, 28, 80]",en,0,0,89,"Bravado Pictures, Freedom Films, Voltage Pictures, Emmett/Furla Films",Ash Adams,"Brian Presley, Ed Harris, Taraji P. Henson, Amy Madigan, Peter Weller"
75232,tt1849844,Puzzled Love,Puzzled Love,2010-06-06,2.5175,4.5,6,"[35, 10749, 18]",es,0,0,74,Escándalo Films,"Bruno Sarabia, Pau Balagué, Miriam Cañamares, Josecho de Linares, Gemma Ferraté, Alba Giralt, Alejandro Javaloyas, Marc Juvé, Carlos Pérez-Reche, Eduard Riu, Irene C. Rodríguez, Javier Sanz, Gaby Amione","Marcel Borràs, Saras Gil, Artur Busquets, Irene C. Rodríguez"
1399148,tt1773498,Inocencia,Inocencia,2010-11-18,2.6914,0.0,0,"[18, 53]",es,0,0,0,,Ignacio Rodó,"Mar Alonso, Felipe Cabezas, Sergio Bernal, Rikar Gil, Maria Vazquez Uve"
419947,tt1785338,Conversión,Conversión,2010-09-23,2.0681,0.0,0,[18],es,0,0,9,Filmes Realengos,Juan C. Dávila Santiago,"Camila Frías, Emil Soler, Keishla Ramirez, David Vega, Rubén Sallis"
1515369,tt1605716,First Love,First Love,2010-02-01,2.4398,0.0,0,[18],en,0,0,9,,John Alfred Longlott,"Sean Leonard, Jeremy Yetman, Joanh Emke, Roger Maunder, Emily Rudkin"
46812,tt1400526,Lost Boys: The Thirst,Lost Boys: The Thirst,2010-05-12,2.5771,5.1,145,"[27, 28, 35]",en,4400000,0,81,"ApolloMovie Beteiligungs, Thunder Road, Hollywood Media Bridge, Film Afrika, Warner Premiere",Dario Piana,"Corey Feldman, Jamison Newlander, Tanit Phoenix, Casey B. Dolan, Sean Cameron Michael"
1028947,tt1918783,Double Blood,Doble sangre,2010-12-10,2.0372,0.0,0,"[18, 14, 9648]",es,0,0,20,Kaliyuri Films,Alejandro López Cisneros,"Heriberto Méndez, Carmen Baqué, Stephan Brodziak, Mario González, Jéssica Lara"
528820,,La Bacchante,La Bacchante,2010-06-07,2.3717,0.0,0,[],en,0,0,2,,Friedl vom Gröller,
36939,tt1134664,Boogie Woogie,Boogie Woogie,2010-04-16,2.8379,5.056,108,"[35, 18]",en,6000000,48411,94,"IFC FIlms, Arcade Films, The Works, Constance Media, Firefly Films, Muse Productions, P&C Arcade Film Fund, Magna Films, S Films, Autonomous, Colourframe",Duncan Ward,"Gillian Anderson, Alan Cumming, Heather Graham, Danny Huston, Jack Huston"
61404,tt1545759,Point Blank,À bout portant,2010-11-08,2.4869,6.626,513,"[28, 53, 80]",fr,16000000,9487445,84,"LGM Productions, Gaumont, K.R. Productions, Nexus Factory, uFilm, TPS Star, Canal+, TF1 Films Production",Fred Cavayé,"Gilles Lellouche, Roschdy Zem, Gérard Lanvin, Elena Anaya, Mireille Perrier"
52208,tt1352388,Nude Nuns with Big Guns,Nude Nuns with Big Guns,2010-09-24,2.7347,4.35,153,"[53, 28, 35]",en,0,0,90,"Freak Show Entertainment, Camelot Entertainment Group, Darknight Pictures",Joseph Guzman,"Asun Ortega, Bill Oberst Jr., Ivet Corvea, Devanny Pinn, Tawny Amber Young"
46837,tt1523483,Kaboom,Kaboom,2010-10-06,2.8804,5.6,369,"[35, 878, 9648]",en,0,635162,86,"Super Crispy Entertainment, Desperate Pictures, Why Not Productions, The Next World, Wild Bunch",Gregg Araki,"Thomas Dekker, Haley Bennett, Chris Zylka, Roxane Mesquida, Juno Temple"
67198,tt1421048,Bloodworth,Bloodworth,2010-02-06,2.6255,6.542,36,"[18, 10749]",en,0,12971,105,Sony Pictures Home Entertainment,Shane Dax Taylor,"Kris Kristofferson, Val Kilmer, Hilary Duff, Reece Thompson, Dwight Yoakam"
53269,tt1648133,xxxHolic: Rō,×××HOLiC・籠,2010-04-23,2.9118,7.208,12,"[16, 9648]",ja,0,0,45,Production I.G,Tsutomu Mizushima,"Jun Fukuyama, Sayaka Ohara, Kazuya Nakai, Rina Hidaka, Hisayo Mochizuki"
232888,tt1740762,House Swap,House Swap,2010-11-16,2.3497,4.174,23,"[27, 53]",en,0,0,84,Accent Films,Mark Ezra,"Nathan Nolan, Evie Brodie, Simon Dutton, Louise Houghton, Seth Sinclair"
44944,tt1405500,For Colored Girls,For Colored Girls,2010-11-05,2.773,6.8,86,[18],en,21000000,38000000,134,"Tyler Perry Studios, 34th Street Films, Lionsgate",Tyler Perry,"Kimberly Elise, Janet Jackson, Loretta Devine, Thandiwe Newton, Anika Noni Rose"
371414,tt1743272,Ámár,Ámár,2010-01-01,2.1331,4.0,1,[16],es,0,0,8,,Isabel Herguera,
32916,tt1599351,Scooby-Doo! Abracadabra-Doo,Scooby-Doo! Abracadabra-Doo,2010-02-16,2.8059,7.654,272,"[16, 35, 10751, 9648, 14]",en,0,0,75,"Warner Bros. Animation, Hanna-Barbera Cartoons","Spike Brandt, Tony Cervone","Frank Welker, Matthew Lillard, Mindy Cohn, Grey DeLisle, Danica McKellar"
103510,tt1682376,Ultraman Zero: The Revenge of Belial,ウルトラマンゼロ THE MOVIE 超決戦！ベリアル銀河帝国,2010-12-23,3.0709,7.333,18,"[28, 12, 10751, 878]",ja,0,0,99,"Tsuburaya Productions, FIELDS, Bandai, Bandai Visual, Bandai Namco Games, Banpresto, Bandai Namco Entertainment, dentsu, Dentsu Tec, Shogakukan, Dwango User Entertainment, Shochiku",Yūichi Abe,"Mamoru Miyano, Tatsuomi Hamada, Yu Koyanagi, Tao Tsuchiya, Tamotsu Ishibashi"
661053,tt1734492,Reverse,Unazad,2010-07-25,2.2948,6.0,1,[18],bs,0,0,18,Sarajevo City of Film,Georgis Grigorakis,"Mirvad Kurić, Irfan Drumić, Emir Drnda, Vedrana Božinović"
556274,tt1754304,OK Buckaroos,OK Buckaroos,2010-11-16,2.5114,0.0,0,[99],en,0,0,81,,,"Jerry Jeff Walker, Susan Walker, Ray Wylie Hubbard, Todd Snider, Bruce Robison"
122398,tt2098723,Jakhalsdans,Jakkalsdans,2010-02-27,2.361,6.3,7,[],af,0,0,93,,Darrell James Roodt,"Theuns Jordaan, Elizma Theron, Neil Sandilands, Christina Storm, Janke Bruwer"
419236,tt2034717,Les Oubliés de l'histoire,Al Mansiyoun,2010-03-03,2.556,6.0,1,[18],ar,0,0,105,,Hassan Benjelloun,"Meriem Ajadou, Claire Cahen, Abdellah Chakiri, Amine Ennaji, David Jalil"
306949,tt2113763,Shadow Cuts,Shadow Cuts,2010-09-01,2.0513,0.0,0,[],en,0,0,5,,Martin Arnold,
369446,tt1728122,El Premio,El Premio,2010-09-01,2.4635,6.0,2,[18],es,0,0,16,"Kowalski Films, Common Films",León Siminiani,"Pilar Castro, Luis Zahera, David Bendito, Daniel Luque"
56701,tt1601944,The Experience,The Experience,2010-01-01,2.2768,6.0,1,"[99, 28, 18]",en,60000,0,97,,Addison Henderson,Addison Henderson
706877,tt1861440,The Furfangs,The Furfangs,2010-01-20,2.4371,0.0,0,[878],en,0,0,5,Dream Up Movie Production,Andrea Ricca,"Michele Di Mauro, Andrea Ricca"
816010,tt1815936,¿Somos Pobres?,¿Somos Pobres?,2010-12-31,2.2473,5.0,1,[],es,0,0,0,,,"Emilio Montiel, Elias Hernandez, Jesus Heredia El Gatillo, Luis Huizar, Alicia Hernández"
1124926,,Jinni,Jinni,2010-01-28,2.228,0.0,0,"[27, 10749]",dv,0,0,180,,Abdul Faththaah,"Ali Cezan, Amira Ismail, Mariyam Afeefa, Aminath Rasheedha, Mohamed Rasheed"
37905,tt1183276,The Horde,La Horde,2010-02-10,2.8556,6.006,535,"[28, 27, 53]",fr,3100000,2943372,98,"Le Pacte, Capture The Flag Films, Coficup, Canal+, CinéCinéma","Yannick Dahan, Benjamin Rocher","Claude Perron, Jean-Pierre Martins, Ériq Ebouaney, Aurélien Recoing, Doudou Masta"
54469,tt1365483,Main Street,Main Street,2010-10-21,2.8811,4.57,79,"[18, 10749]",en,10000000,0,92,"1984 Private Defense Contractors, Annapurna Pictures",John Doyle,"Colin Firth, Ellen Burstyn, Patricia Clarkson, Orlando Bloom, Amber Tamblyn"
481342,tt1957952,The Mysterious Presages of León Prozak,Los Extraños Presagios De León Prozak,2010-11-21,2.5746,0.0,0,[16],es,0,0,65,,Carlos Santa,"Omaira Alvarado, Simón Arrieta"
1258139,tt1790631,Alicia,Alicia,2010-01-01,2.1522,0.0,0,[18],es,0,0,14,INCAA,Tamara Viñes,"Maite Velo, Julián Smud, Jorge Torres, Celeste Liss"
779915,tt2137374,Der kleine und das biest,Der kleine und das biest,2010-04-30,2.3289,7.0,1,[16],de,0,0,0,"Studio Soi, ZDF","Uwe Heidschötter, Johannes Weiland",Ruben Schaller
346272,tt1821520,Call me Parker,Llámame Parker,2010-12-27,2.4403,5.5,2,"[18, 99]",es,0,0,4,,Peris Romano,Gorka Otxoa
46332,tt1588337,Of Gods and Men,Des hommes et des dieux,2010-09-08,2.8573,6.662,424,"[18, 36]",fr,4000000,41424067,120,"Why Not Productions, Armada Films, France 3 Cinéma",Xavier Beauvois,"Lambert Wilson, Michael Lonsdale, Olivier Rabourdin, Philippe Laudenbach, Jacques Herlin"
266751,tt2144015,Grandma,Бабуся,2010-01-02,2.0634,0.0,0,[18],uk,0,0,8,,Yuliya Shashkova,"Vira Klymkovetsks, Olha Artemenko"
36696,tt1272051,Space Dogs,Белка и Стрелка. Звёздные собаки,2010-03-18,2.2162,5.2,57,"[10751, 16]",ru,25000000,8553835,85,"CN Film, KinoAtis","Inna Evlannikova, Svyatoslav Ushakov","Anna Bolshova, Evgeny Mironov, Sergey Garmash, Aleksandr Bashirov, Elena Yakovleva"
25540,tt1425624,Therapy,Parterapi,2010-02-24,2.3039,5.125,20,[35],da,0,0,99,"TV 2, Nordisk Film Denmark",Kenneth Kainz,"Nikolaj Lie Kaas, Sidse Babett Knudsen, Søren Pilmark, Rasmus Bjerg, Ditte Hansen"
62049,tt1148779,Cuckoo,Cuckoo,2010-12-17,2.2184,4.7,7,"[18, 53]",en,0,0,89,"Punk Cinema, Papillon Pictures",Richard Bracewell,"Laura Fraser, Richard E. Grant, Tamsin Greig, Adam F., Antonia Bernath"
216662,tt1870467,Hungarian Retro,Magyar retró,2010-01-01,2.2711,7.2,6,[99],hu,0,0,82,Bologna Film,Gábor Zsigmond Papp,"Gábor Máté, Péter Vallai"
688854,tt1611913,Minus One,Minus One,2010-05-16,2.5611,6.5,3,"[18, 10752]",en,0,0,82,,"Jon Osbeck, Marc Wiskemann","Jon Osbeck, Amanda Howell, Roger Bailey, Remy Brommer"
38166,tt1407078,The Stranger,The Stranger,2010-06-01,2.7049,4.482,82,"[28, 53, 9648, 80]",en,0,0,91,"Intruder Films, NGN Productions, Nasser Entertainment Group",Rob Lieberman,"Steve Austin, Erica Cerra, Calista Bashuk, Karly Warkentin, Dalila Bela"
1636078,tt1703930,Article 12,Article 12,2010-08-10,2.2133,0.0,0,[99],en,0,0,76,,Juan Manuel Biaiñ,"Juan Manuel Biaiñ, Noam Chomsky, Whitfield Diffie, Simon Davies, Kristel Elling"
50105,tt1242777,Coopers' Camera,Coopers' Camera,2010-11-16,2.3514,4.4,15,[35],en,0,0,95,"Darius Films, Buck Productions, Téléfilm Canada",Warren P. Sonoda,"Jason Jones, Dave Foley, Samantha Bee, Jayne Eastwood, Mike Beaver"
37048,tt1726286,Mobile Suit Gundam 00 The Movie: -A Wakening of the Trailblazer-,劇場版 機動戦士ガンダム00 -A wakening of the Trailblazer-,2010-09-18,3.025,6.395,38,"[28, 16, 18, 878, 10752]",ja,0,0,123,"SUNRISE, Bandai Visual, Sotsu, MBS",Seiji Mizushima,"Mamoru Miyano, Shin-ichiro Miki, Hiroyuki Yoshino, Hiroshi Kamiya, Ryo Katsuji"
64246,tt1677561,Colorful,カラフル,2010-08-21,2.5324,7.213,324,"[16, 18, 10751]",ja,0,0,127,"SUNRISE, Ascension",Keiichi Hara,"Kazato Tomizawa, Akina Minami, Aoi Miyazaki, Jingi Irie, Akiyoshi Nakao"
176723,tt1954339,Comando,Comando,2010-03-01,2.1747,5.0,1,[10752],pt,30,0,10,New Light Pictures,"Patrício Faísca, Sonat Duyar",Nuno Custódio
48392,tt1278449,Sound of Noise,Sound of Noise,2010-12-25,2.7144,7.185,186,"[35, 80]",sv,4466000,0,102,"Bliss, Nordisk Film Sweden, Film i Skåne, Wild Bunch, Canal+, Cinémage 3, Det Danske Filminstitut, Film i Väst, The Swedish Arts Grants Committee, Kostr-Film, MEDIA Programme of the European Union, Nordisk Film & TV Fond, Svenska Filminstitutet, SVT, Touscoprod, dfm Fiktion","Johannes Stjärne Nilsson, Ola Simonsson","Bengt Nilsson, Sanna Persson, Magnus Börjeson, Marcus Haraldsson Boij, Johannes Björk"
45662,tt1537481,Space Chimps 2: Zartog Strikes Back,Space Chimps 2: Zartog Strikes Back,2010-05-26,2.6951,4.35,117,"[16, 10751]",en,0,0,76,"Wonderworld Studios, Prana Studios, Studiopolis, Vanguard Animation",John H. Williams,"Tom Kenny, Zack Shada, Patrick Warburton, Cheryl Hines, Carlos Alazraqui"
57011,tt1592503,Alien vs. Ninja,エイリアンVSニンジャ,2010-07-03,2.2514,4.6,80,"[27, 28, 53, 878]",ja,600000,0,81,"North CKY, Nikkatsu Corporation, Sushi Typhoon",Seiji Chiba,"Masanori Mimoto, Shuji Kashiwabara, Donpei Tsuchihira, Mika Hijii, Ben Hiura"
100278,tt1754163,Madame X,Madame X,2010-10-07,2.4521,7.0,3,"[28, 12, 35, 14, 878]",id,0,0,101,"Kalyana Shira Films, Ezy Productions, Indika Pictures, Happy Ending Pictures",Lucky Kuswandi,"Aming, Ria Irawan, Shanty, Joko Anwar, Sarah Sechan"
1594576,,Lost Crusaders,Lost Crusaders,2010-12-15,2.5616,9.0,1,[10402],ja,0,0,150,DefSTAR Records,,"Toru Hidaka, Taro Kato, Masahiko Kubota, Keita Tanabe, Hirofumi Yamashita"
445057,tt2913398,Entre piernas,Entre piernas,2010-03-04,2.1717,4.5,6,[18],es,0,0,90,,Bertha Gazga,"Plutarco Haza, Elba Jiménez, Julián Gil, Alejandra Toussaint, Rossana San Juan"
1438174,,Section Chief Aoshima Shunsuke THE MOBILE: Cases happening in the Interrogation Room!,係長 青島俊作 THE MOBILE 事件は取調室で起きている!,2010-08-07,2.9067,0.0,0,"[18, 80, 35]",ja,0,0,73,,Kunihiro Nagase,"Yuji Oda, Yuki Uchida, Yasuhi Nakamura, Takashi Sasano, Soichiro Kitamura"
1010995,,Young Love,Young Love,2010-03-15,2.5532,5.0,1,[10749],tl,0,0,0,Queeriosity Video Project,Bong Lozano,"Charles Delgado, Siegfried Riosa, Leandro, Ivan Maxwell, Rusty Adonis"
60534,tt1361835,The Silence,Das letzte Schweigen,2010-08-19,2.7224,6.573,158,"[80, 53, 18]",de,0,416675,118,"Lüthje & Schneider Filmproduktion, Cine Plus Filmproduktion, ZDF",Baran bo Odar,"Ulrich Thomsen, Wotan Wilke Möhring, Katrin Sass, Sebastian Blomberg, Burghart Klaußner"
411525,tt1636818,Dolls,Muñecas,2010-03-05,2.4929,2.0,2,[18],es,0,0,25,Centro de Capacitación Cinematográfica (CCC),Miguel Salgado,"Mariana Beyer, Sophie Gómez, Guillermo Larrea, Meraquí Rodríguez"
135621,tt2458032,Little Quentin,Little Quentin,2010-06-03,2.2219,7.2,7,[16],en,0,0,9,Il Luster,"Albert 't Hooft, Paco Vink",
547392,tt1735417,Dead Island,Dead Island,2010-10-31,2.3714,6.5,4,[27],en,0,0,70,,Josh Davidson,"Richard Blake, Richard Cutting, Charlie Dreizen, Jim Krut"
609197,tt6163022,"Naruto OVA 7: Naruto, the Genie, and the Three Wishes, Believe It!",劇場版 NARUTO -ナルト- そよ風伝 ナルトと魔神と3つのお願いだってばよ！！,2010-07-31,3.2908,7.405,58,"[16, 28, 35]",ja,0,0,14,Pierrot,Takashi Ikehata,"Junko Takeuchi, Noriaki Sugiyama, Chie Nakamura, Kazuhiko Inoue, Showtaro Morikubo"
597453,tt1624415,Beverly Lane,Beverly Lane,2010-10-29,2.1437,0.0,0,"[35, 27]",en,0,0,69,,Joshua Hull,"Jim O'Rear, Noah East, Raymond Kester, Steven Durgarn, Mark A. Nash"
61722,tt1296077,Sennentuntschi: Curse of the Alps,Sennentuntschi,2010-09-23,2.3066,6.331,89,"[53, 27, 9648]",de,0,0,110,"Kontraproduktion AG, Superfilm",Michael Steiner,"Roxane Mesquida, Nicholas Ofczarek, Andrea Zogg, Carlos Leal, Joel Basman"
1517184,tt1674238,Bats,Bats,2010-06-15,1.6,0.0,0,[],en,0,0,22,,,
67193,tt1876357,Kubilay,Kubilay,2010-01-01,2.1956,3.0,2,[36],tr,0,0,97,,Ahmet Akıncı,"Arda Kural, Özcan Varaylı, Yalçın Mıhçı, Ünsal Emre, Selahattin Taşdöğen"
587271,tt9060372,The Missing,Wenda,2010-02-10,2.0313,0.0,0,[18],tr,0,0,85,,Ali Kemal Çınar,"Yavuz Akkuzu, Saadettin Çelik"
131199,tt1254724,Czukor Show,Czukor Show,2010-04-01,2.5308,0.0,0,[],en,0,0,80,,Tamás Dömötör,"Attila Árpa, Zsolt Anger, Balázs Czukor, Horváth Ákos, Krisztián Endrődy"
45272,tt1555064,Country Strong,Country Strong,2010-12-22,2.7374,6.1,269,"[18, 10749, 10402]",en,15000000,20601987,117,"Maguire Entertainment, Screen Gems, Sony Pictures Home Entertainment, Material Pictures, TVM Studios",Shana Feste,"Gwyneth Paltrow, Garrett Hedlund, Tim McGraw, Leighton Meester, Marshall Chapman"
50542,tt1554523,Under the Hawthorn Tree,山楂树之恋,2010-09-16,2.5505,7.781,163,"[18, 10749]",zh,0,0,113,Beijing New Picture Film Co. Ltd.,Zhang Yimou,"Zhou Dongyu, Shawn Dou, Xi Meijuan, Li Xuejian, Cheng Taishen"
46660,tt1376709,I Love You Too,I Love You Too,2010-05-06,2.9393,5.553,38,"[35, 18, 10749]",en,3846807,1980411,107,"Film Victoria, Screen Australia, Princess Pictures",Daina Reid,"Brendan Cowell, Pete Helliar, Peter Dinklage, Travis McMahon, Yvonne Strahovski"
1524429,,Lies,Les Mensonges,2010-03-10,2.5216,0.0,0,"[10770, 18]",fr,0,0,95,"Télé Images Productions, France 2, France Télévisions",Fabrice Cazeneuve,"Marilyne Canto, Hippolyte Girardot, Scali Delpeyrat, Marie Payen, Nicolas Giraud"
44282,tt1408972,Plan B,Plan B,2010-01-12,2.3419,6.981,106,"[35, 18, 10749]",es,0,0,103,"Brainjaus Producciones, Universidad del Cine, Oh My Gomez! Films",Marco Berger,"Manuel Vignau, Damián Canduci, Ariel Nuñez Di Croce, Mercedes Quinteros, Ana Lucia Antony"
348797,tt1655603,Evil Intent,Evil Intent,2010-12-01,2.2573,10.0,1,[53],en,2000,10454,74,Driving With Our Eyes Shut,Glenn Berggoetz,"Giovanna Leah, Libby Baker, Andrea Rabold, Jason W. Griffith, Glenn Berggoetz"
1096322,tt2257797,The Swiss Machine,The Swiss Machine,2010-09-01,2.1322,10.0,1,"[99, 12]",en,0,0,19,Sender Films,Peter Mortimer,"Ueli Steck, Alex Honnold, Simone Moro, Volker Leuschner, Freddie Wilkinson"
1453624,,Virus,Virus,2010-01-01,2.1434,0.0,0,[27],es,0,0,0,,Martín Masse,"Maximiliano Massé, Marcelo Benítez, Diego Paskal"
1289518,tt1662534,MegaMan,MegaMan,2010-05-15,2.1275,6.0,1,"[878, 18, 28]",en,0,0,93,"Sollar Systems Studios, Blue Core Studios",Eddie Lebron,"Jun Naito, Jenny Tse, Edward X. Young, Dave Maulbeck, Jo Sung"
1553813,,Tottori Dynasty,Tottori Dynasty,2010-08-08,2.0909,0.0,0,"[28, 18]",en,0,0,9,Nebulus Visions Multimedia,Bradley Haag,Adam Smith
700439,tt1293088,Chicago Heights,Chicago Heights,2010-12-13,2.3167,2.667,3,[18],en,0,0,67,"923 Films, Rogue Arts",Daniel Nearing,"James Barbee, Jay DeVon Johnson, Jason Coleman, Andre Truss, Brian James Harris"
278461,tt1708133,García,García,2010-08-01,2.1227,7.088,17,"[18, 35]",es,0,0,97,,José Luis Rugeles,"Damián Alcázar, Margarita Rosa de Francisco, Fabio Restrepo, Victor Hugo Morant, Giulio Lopes"
1425076,tt29457435,Dada,Dada,2010-06-09,2.4987,7.5,1,[],en,0,0,106,,Abduvohid Ganiev,"Ulugbek Qodirov, Nigora Karimboyeva"
1611032,tt39309922,Farmer Assembly,Seljački plenum,2010-01-01,1.9687,0.0,0,[99],hr,0,0,6,,Igor Bezinović,
1522845,tt13730178,School Master,School Master,2010-01-22,2.6821,0.0,0,"[18, 10751]",kn,0,0,143,Golden Lion Films,Dinesh Baboo,"Vishnuvardhan, Suhasini Maniratnam, Devaraj, Avinash, Mukesh Rishi"
34182,tt1397498,Confucius,孔子,2010-02-11,2.3347,6.0,115,"[18, 36]",zh,22000000,0,125,Beijing Film Studio,Hu Mei,"Chow Yun-Fat, Zhou Xun, Wang Ban, Chen Jianbin, Ren Quan"
448777,tt8404128,The King and the Beaver,Le Royaume,2010-01-08,2.333,5.9,5,"[35, 16]",xx,0,0,4,"L'école de l'image, Gobelins","Sébastien Hary, Nuno Alves Rodrigues, Franck Monier, Aymeric Kevin, Ulysse Malassagne, Oussama Bouacheria, Julien Chheng",
65617,tt1886511,Dead Past,Dead Past,2010-11-02,2.4262,4.5,2,"[27, 9648, 53]",de,0,0,0,,Daniel Flügger,"Dennis Klose, Heidi Jürgens, Oliver Piper, Simon Gosejohann, Daniel Flügger"
917791,,GeishaCop: Fearsome Geisha Corps - Go to Hell,GEISHA COP/恐怖 芸者軍団 地獄へおいでやす,2010-11-16,2.0751,0.0,0,"[28, 35, 878, 27]",ja,0,0,15,"Studio Buckhorn, Nishi-zo",Noboru Iguchi,"Yui Murata, Masaki Suzumura, Naoi Nagano, Yememi Kato, Rie Hayasaka"
340526,tt21053316,Confessions: The Secrets of Machiko Matsuoka,懺悔~松岡真知子の秘密~,2010-06-18,2.1877,5.0,4,[18],ja,0,0,73,GP Museum Soft,Hideo Jojo,"Hiromi Matsuura, Saori Hara, Ryo Ishii, Mutsuo Yoshioka, Fukuten"
633250,tt5749784,Between Friends,Entre amigos,2010-05-20,2.0801,4.0,5,"[35, 10749]",es,0,0,4,,Martín Bautista,"Shaanty González, Víctor Rodríguez"
1258175,tt1790758,La última,La última,2010-01-01,2.6689,0.0,0,[18],es,0,0,10,INCAA,Tian Cartier,"Horacio Marassi, Darío Levy"
56812,tt1572491,The Last Circus,Balada triste de trompeta,2010-12-17,2.8313,6.7,458,"[12, 35, 18, 27, 53]",es,7000000,3604598,106,"uMedia, Tornasol Media, La Fabrique 2, uFilm, Castafiore Films, Mikado Film, Playtime",Álex de la Iglesia,"Carlos Areces, Carolina Bang, Antonio de la Torre, Manuel Tallafé, Enrique Villén"
602462,tt14343002,No Problem,No Problem,2010-09-15,1.8994,0.0,0,[18],ru,0,0,31,VGIK,Mariya Agranovich,"Grigory Gandlevsky, Tatyana Kosmacheva, Mariya Agranovich, Svetozar Golovlev, Zaven Martirosyan"
51241,tt1600524,Heartbeats,Les amours imaginaires,2010-06-11,2.2915,7.1,1073,"[18, 10749]",fr,464229,62985,97,Mifilifilms,Xavier Dolan,"Monia Chokri, Niels Schneider, Xavier Dolan, Anne Dorval, Anne-Élisabeth Bossé"
1524141,,Tasmanian Splintering,Tasmanian Splintering,2010-01-01,1.9259,0.0,0,[],en,0,0,15,,Richard Tuohy,
70626,tt1661219,HalbZeit - Vom Traum ins Leben,HalbZeit - Vom Traum ins Leben,2010-05-27,1.962,0.0,0,[99],de,0,0,0,,Christoph Hübner,"Mohammed Abdulai, Claudio Chavarria, Florian Kringe, Francis Bugri, Heiko Hesse"
713325,tt3700414,Romance Edmottês,Romance Edmottês,2010-02-03,2.0199,0.0,0,"[10749, 35]",pt,0,0,0,O Quadro,Wellington Sari,"Arno Pruner, Viviane Oliveira, Sabine Villatore, Daniele Dorte, Wellington Sari"
651947,tt1361299,24h Marrakech,24h Marrakech,2010-10-27,2.1904,5.0,1,[99],ar,0,0,100,,"Daniel Gräbner, Christian Mrasek, Munir Abbar, Franz Müller, Mohamed Oumai, Narjisse Tahiri",
47763,tt1341710,The Shrine,The Shrine,2010-10-14,2.0686,5.51,251,[27],en,1500000,0,85,"Wesley Clover Media, Brookstreet Pictures",Jon Knautz,"Aaron Ashmore, Cindy Sampson, Meghan Heffern, Ben Lewis, Trevor Matthews"
792616,,Arrieros,Arrieros,2010-02-02,2.4598,0.0,0,[99],es,0,0,84,,Juan Baldana,
148608,tt1788785,Moon Mater,Moon Mater,2010-11-02,2.5817,6.368,102,"[16, 35]",en,0,0,4,Pixar,Rob Gibbs,"Larry the Cable Guy, Keith Ferguson, Josh Cooley, Elissa Knight, Lindsey Collins"
36736,tt1546036,The Drawn Together Movie: The Movie!,The Drawn Together Movie: The Movie!,2010-03-18,2.7439,6.422,225,"[16, 35, 9648]",en,0,0,71,"Comedy Central, Six Point Harness, Paramount Pictures, Double Hemm, Comedy Central Films, Mondo Media",Greg Franklin,"Adam Carolla, Abbey DiGregorio, Jess Harnell, Seth MacFarlane, Jack Plotnick"
1451291,,Airmen,Airmen,2010-09-18,2.3082,0.0,0,[],en,0,0,61,Fall Films,Mickey Reece,"Richard W. Botchlet, Graham Lee Brewer, Mason Giles, Jean Keef, Brook Lynn Olsen"
777713,tt1688676,Waking Up,Waking Up,2010-10-16,2.083,3.333,3,"[18, 10749, 878]",en,27000,0,103,Bare Bear Productions,Jørgen Pedersen,"Jeremy Curran, Amy Burke, John Wood, Jørgen Pedersen, Robert Alan Mitchell"
537969,tt2064765,El Ejecutor,El Ejecutor,2010-03-01,2.4004,6.0,3,"[28, 80]",es,0,0,101,,Alonso O. Lara,"Alfredo Rios El Komander, Emilio Franco, Margarito Barajas, Amador Granados, Max Hernandez Jr"
1425823,tt1767386,TUNAHAKI,TUNAHAKI,2010-03-09,2.1942,0.0,0,[99],en,150000,0,83,MEGAMACE Fitness Productions,Mason Bendewald,"Abdul Hamza, Scott Fifer, David Rytula, Anna Hamza"
179719,tt1684917,Noreen,Noreen,2010-06-24,2.1441,6.833,3,"[18, 35]",en,56900,0,18,"Film Offaly, El Zorrero Films",Domhnall Gleeson,"Brian Gleeson, Brendan Gleeson, Gerard Byrne, Sean McCarthy"
91950,tt1550481,Flamenco Flamenco,Flamenco Flamenco,2010-11-19,2.416,7.036,28,"[10402, 99]",es,0,0,97,,Carlos Saura,"Paco de Lucía, Niña Pastori, Miguel Poveda, Arcángel, Eva la Yerbabuena"
50652,tt1572008,A Nanny for Christmas,A Nanny for Christmas,2010-11-23,2.7479,5.577,71,"[35, 10751, 10770]",en,2000000,0,88,"Hybrid, ARO Entertainment, Barnholtz Entertainment, Feifer Worldwide",Michael Feifer,"Emmanuelle Vaugier, Sierra McCormick, Jared Gilmore, Cynthia Gibb, Richard Ruccolo"
49706,tt1407972,Dream Home,維多利亞壹號,2010-04-25,2.4558,6.379,189,[27],cn,0,378600,96,"852 Films, Making Film Productions Ltd",Edmond Pang Ho-Cheung,"Josie Ho, Eason Chan Yik-Shun, Lawrence Chou Chun-Wai, Derek Tsang Kwok-Cheung, Juno Mak"
723342,tt1537280,Forge,Forge,2010-09-09,2.3724,10.0,2,[878],en,0,0,87,,Jason Windsor,"Luke Clements, Alexander Mendeluk, Jeffree Newman, Robert Blanche, Jana Lee Hamblin"
471173,tt2018109,Polyamory,Poliamor,2010-08-20,2.3549,0.0,0,[99],pt,0,0,14,,José Agripino,"Bruna Guerin, Haroldo Miklos, Tamayo Nazarian"
44549,tt1447508,Peepli Live,PEEPLI [Live],2010-08-13,2.1419,7.278,79,"[18, 35]",hi,2270000,6900000,110,Aamir Khan Productions,Anusha Rizvi,"Omkar Das Manikpuri, Raghubir Yadav, Malaika Shenoy, Nawazuddin Siddiqui, Sitaram Panchal"
75170,tt1510906,Third Star,Third Star,2010-06-01,2.3774,7.014,146,[18],en,0,14586,92,"Western Edge Pictures, Matador Pictures, Cinema One, Regent Capital",Hattie Dalton,"Tom Burke, Benedict Cumberbatch, JJ Feild, Hugh Bonneville, Eros Vlahos"
72186,tt1611180,Thunder Soul,Thunder Soul,2010-03-13,2.0923,6.722,9,"[99, 10402]",en,0,0,83,Snoot Entertainment,Mark Landsman,"Craig Baldwin, Craig Green, Conrad O. Johnson Sr., Bruce Middleton, Gaila Mitchell"
513365,,Twins,Blizanci,2010-07-09,2.2442,0.0,0,[16],sk,0,0,5,VŠMU Bratislava,Peter Budinský,
69738,tt1484065,AAA - The Movie,AAA: la película,2010-02-16,2.3259,6.438,56,"[16, 28]",es,3200000,0,78,Ánima Estudios,Alberto Rodríguez,"Andrés Gutierrez, Sergio Coto, César Arias, Bruno Coronel, Rolando de Castro"
59254,tt1671462,HIM: Beyond the Light,Him: Más allá de la luz,2010-06-04,2.4411,6.8,12,[18],es,2500000,0,0,"Origine Cell Production, Cinema 305, EL Syndikato Producciones",Frank Darier-Baziere,"Guillermo Larrea, Marcela Ruiz Esparza, Nando Estevane, Montserrat de León, Eugenio Castillo"
35074,tt1545986,Dinoshark,Dinoshark,2010-03-13,2.4748,4.192,73,"[27, 878, 35, 10770]",en,0,0,92,New Horizons Picture,Kevin O'Neill,"Eric Balfour, Aarón Díaz, Iva Hasperger, Humberto Busto, Liv Boughn"
107565,tt1636842,Virsa,Virsa,2010-05-07,2.4535,8.0,2,"[18, 10749]",pa,580000,1600000,133,"Wize Mindz Entertainment Production, B4U Television Network, One World Entertainment Productions",Pankaj Batra,"Arya Babbar, Gulshan Grover, Noman Ijaz, Mehreen Raheel, Kanwaljit Singh"
294907,tt1818396,Mak,Mak,2010-08-01,2.247,1.0,1,[],en,0,0,18,,Géraldine Zosso,Nora Seiwerth
1292534,tt1541011,Techno Prisoners,Techno Prisoners,2010-02-05,2.1335,0.0,0,"[35, 18]",en,0,0,36,,"Jimmy Barker, Micah Kemplin, Sean Cruser","Jimmy Barker, Micah Kemplin, Roger Barker, Bowen Patterson, Claire Cross"
395651,,Los Indios de mi pueblo,Los Indios de mi pueblo,2010-08-14,2.2926,0.0,0,[99],es,0,0,60,Cinemovida Entertainment Inc.,Emmanuel Díaz,"Roberto Mercado, Mambo de León"
247139,,Dirty Secret,Dirty Secret,2010-01-01,2.1124,0.0,0,[],en,0,0,131,Divine Touch Productions Ltd.,Theodore Anyanji,"Tonto Dikeh, Muna Obiekwe, Jibola Dabo, Maryann Apollo, Pope Stan"
1014713,tt1704727,Somos pareja,Somos pareja,2010-05-25,1.8878,2.0,2,[],es,0,0,12,,Martín Bautista,
1680107,tt2076339,Solitary,Solitær,2010-09-30,2.2724,0.0,0,"[18, 10749, 35, 9648]",no,0,0,58,Roaas produksjoner,Christian Thomas Roaas,"Silje Mognes, Teodor Ande Elstad, Einar Kyvik Bauge, Pål Fredrik Gundersen, Tor Itai Keilen"
57627,tt1859438,A Little Thing Called Love,สิ่งเล็กเล็กที่เรียกว่า...รัก,2010-08-12,2.5433,7.8,138,"[35, 10749]",th,0,0,118,"Workpoint Entertainment, Sahamongkolfilm, Chez Klurr-5","Wasin Pokpong, Puttipong Promsaka Na Sakolnakorn","Mario Maurer, Pimchanok Luevisadpaibul, Sudarat Butrprom, Pijittra Siriwetchapan, Peerawat Herabat"
44809,tt1453409,Dinocroc vs. Supergator,Dinocroc vs. Supergator,2010-06-26,2.1348,4.367,75,"[27, 878, 35]",en,500000,0,80,"New Horizons Picture, Syfy, Roger Corman Productions",Jim Wynorski,"David Carradine, Rib Hillis, Amy Holt, John Callahan, Corey Landis"
765257,,En attendant,En attendant,2010-09-08,2.4774,0.0,0,[],en,0,0,81,,Anne Teresa De Keersmaeker,
49958,tt1438534,Primal,Primal,2010-09-22,2.1926,5.18,119,"[53, 27]",en,0,0,80,Primal Films,Josh Reed,"Zoe Tuckwell-Smith, Krew Boylan, Will Travel, Damien Freeleagus, Rebekah Foord"
293125,tt2363124,No Pressure,No Pressure,2010-09-01,2.1118,7.0,2,"[35, 27]",en,0,0,4,,Dougal Wilson,"Gillian Anderson, Peter Crouch, David Ginola, Lyndsey Marshal, Paul Ritter"
41273,tt1451762,On Tour,Tournée,2010-06-30,2.451,6.345,74,"[35, 18]",fr,0,0,111,Les Films du Poisson,Mathieu Amalric,"Miranda Colclasure, Suzanne Ramsey, Dirty Martini, Julie Atlas Muz, Angela de Lorenzo"
127724,tt1754945,The Secret,El secreto,2010-12-03,2.8307,6.7,11,"[9648, 14, 27]",es,0,0,90,,Gilberto de Anda,"Christian Bach, Juan Ferrara, Mauricio Islas, Ana Belen Lander, Rafael Leon"
1222411,,Nuit blanche,Nuit blanche,2010-01-01,2.271,0.0,0,[18],fr,0,0,20,Eklektik Productions,Samuel Tilman,"Myriem Akheddiou, Alain Eloy, Corentin Lobet"
216424,tt1735350,Empty Rooms,Empty Rooms,2010-05-19,2.194,4.444,9,"[18, 27]",en,0,0,92,"Riddle in the Dark Productions, Accio Cine",Adam Lamas,"Ramlah Frediani, Charlie Koudsi, Tegan Ashton Cohan, Adam Jones, Sterling Fitzgerald"
75172,tt1657885,First Love,First Love,2010-04-04,2.293,7.3,2,[99],en,0,0,58,,Claire Gorman,"Jess Laing, Nikki van Dijk, India Payne, Cahill Bell-Warren, Stephanie Gilmore"
56928,tt1291549,Meet Monica Velour,Meet Monica Velour,2010-06-04,2.7349,5.822,59,"[35, 18, 10749]",en,5000000,33042,98,,Keith Bearden,"Kim Cattrall, Dustin Ingram, Brian Dennehy, Jee Young Han, Daniel Yelsky"
510346,tt1754120,Lethal Obsession,Lethal Obsession,2010-07-05,2.1818,0.0,0,[27],en,0,0,69,Darkrider Studios,Jason Hignite,"Memphis Monroe, Marv Blauvelt, Kitsie Duncan, Austin Dossey, Brad Mills"
46873,tt1534089,The Royal Siren,Die Wanderhure,2010-10-05,2.4809,6.1,53,"[18, 36]",de,0,0,120,Sat.1,Hansjörg Thurn,"Alexandra Neldel, Alexander Beyer, Bert Tischendorf, Lili Gesler, Julian Weigend"
520619,tt1730712,Restos,Restos,2010-08-01,2.4411,4.125,8,[],es,0,0,10,,Albertina Carri,"Esteban Lamothe, Analía Couceyro, Marta Dillon"
678537,tt1785554,Señora Maestra,Señora Maestra,2010-01-01,2.3344,5.0,2,[],es,0,0,90,,Ricardo Pérez Roulet,
52587,tt1692504,We Are the Night,Wir sind die Nacht,2010-10-28,2.6292,6.03,317,"[14, 18, 27, 10749]",de,0,2405336,100,"Celluloid Dreams, Constantin Film, Rat Pack Filmproduktion",Dennis Gansel,"Karoline Herfurth, Nina Hoss, Jennifer Ulrich, Anna Fischer, Max Riemelt"
56743,tt1575539,Elena Undone,Elena Undone,2010-06-25,2.3611,6.872,184,"[18, 10749]",en,0,0,111,"FilmMcQueen, Soul Kiss Films",Nicole Conn,"Necar Zadegan, Thunderbird Dinwiddie, Gary Weeks, Sam Harris, Connor Kramme"
40247,tt0878835,Please Give,Please Give,2010-04-30,2.2514,6.211,166,"[35, 18]",en,3000000,4313829,90,Likely Story,Nicole Holofcener,"Catherine Keener, Amanda Peet, Oliver Platt, Rebecca Hall, Ann Morgan Guilbert"
204344,tt1679215,Internet Story,Internet Story,2010-07-31,2.1965,8.1,14,"[16, 18, 9648]",en,0,0,10,,Adam Butcher,"Shaun French, Duncan Wigman"
218847,,TeleVision,TeleVision,2010-09-29,2.0201,6.2,3,[99],en,0,0,58,Powderwhore Productions,,"Noah Howell, Andy Jacobsen, Nick Devore, Will Cardamone, Chris Erickson"
80837,tt1650516,Dead Genesis,Dead Genesis,2010-08-10,2.2158,3.958,12,"[18, 27, 53]",en,15000,0,98,Black Fawn Films,Reese Eveneshen,"Emily Alatalo, Lionel Boodlal, Colin Paradine, Erin Stuart, Alex Mallari Jr."
118645,tt1578135,Sinestesia,Sinestesia,2010-03-17,2.3056,8.0,1,[18],it,0,0,91,Imago Film Lugano,Erik Bernasconi,"Alessio Boni, Giorgia Würth, Melanie Winiger, Leonardo Nigro"
1094789,,Imagine Peace,Imagine Peace,2010-10-08,2.4041,0.0,0,[99],is,0,0,40,,Ari Alexander Ergis Magnússon,
45371,tt1117646,The Special Relationship,The Special Relationship,2010-05-29,2.5176,6.453,75,"[10770, 18, 36]",en,0,0,93,"BBC Film, HBO Films, Rainmark Films",Richard Loncraine,"Michael Sheen, Demetri Goritsas, Adam Godley, Marc Rioufol, Mark Bazeley"
46713,tt1563719,Hunt to Kill,Hunt to Kill,2010-10-11,3.0472,5.553,152,"[28, 12, 53]",en,2300000,0,98,"NGN Productions, Nasser Entertainment Group",Keoni Waxman,"Steve Austin, Eric Roberts, Emilie Ullerup, Marie Avgeropoulos, Gil Bellows"
49347,tt1545315,Needle,Needle,2010-06-04,2.3931,5.0,63,"[27, 53, 9648]",en,3500000,0,90,Filmscope Entertainment,John V. Soto,"Travis Fimmel, Ben Mendelsohn, Murray Bartlett, Michael Dorman, Jane Badler"
55617,tt1548899,Babylon Central,Babylon Central,2010-07-27,1.8329,0.0,0,"[18, 10749]",en,100,0,101,,Eric Hilton,"Joe Steger, W. Ellington Felton, Neda Zahraie, David Covington, Reid Hill"
40048,tt0326965,In My Sleep,In My Sleep,2010-04-23,2.3061,5.2,42,"[53, 9648, 18]",en,0,0,90,,Allen Wolf,"Philip Winchester, Tim Draxl, Lacey Chabert, Abigail Spencer, Kelly Overton"
313058,tt1987041,¿Dónde se nacionaliza la marea?,¿Dónde se nacionaliza la marea?,2010-06-18,2.181,0.0,0,[],es,0,0,0,,Carlos Benpar,"Esther Bové, Carlos Civis, Jairo Cruz, Lilibeth Echeverry, Oscar Mario Estrada"
668829,tt2699212,Have You Forgotten What We Used to Play?,"Ты забыл, во что мы играли",2010-09-24,1.9594,2.0,3,[18],ru,0,0,32,"Kinoshkola ""Artkino""",Dmitriy Mayorov,"Anvar Khalilulaev, Vladimir Balashov, Arseny Perov, Konstantin Nikitin, Anna Levina"
63555,tt1537401,Leap Year,Año bisiesto,2010-05-17,2.4409,6.379,265,"[18, 10749]",es,0,0,94,,Michael Rowe,"Mónica del Carmen, Gustavo Sánchez Parra, Marco Zapata, Dagoberto Gama, Diego Chaz"
342778,,Electrodomésticos: El frío misterio,Electrodomésticos: El frío misterio,2010-09-22,2.0309,0.0,0,[99],es,0,0,120,,Sergio Castro San Martín,"Carlos Cabezas, Silvio Paredes"
641762,tt1700484,Come Closer,Kom närmare,2010-03-19,2.4492,0.0,0,[18],sv,0,0,6,,Maria Eriksson-Hecht,"Linnea Cart-Lamy, Niclas Larsson"
1123469,,"Oh, Paris!","О, Париж!",2010-01-01,2.0962,6.0,1,[16],uk,0,0,9,Ukranimafilm,Oleksandr Shmyhun,
780992,tt1524108,Carpe Millennium,Carpe Millennium,2010-04-08,2.2212,2.0,1,"[35, 28]",en,0,0,18,,Eric McCoy,"Steven Yeun, Angela Sprinkle, Max Lesser, Colleen McGovern, Amanda Tanguay"
626429,tt2316096,Wohti Le Kay Jani Aay,ووہٹی لے کے جانی ے,2010-11-11,2.0861,10.0,1,"[35, 10749]",pa,0,0,158,,Syed Noor,"Shaan Shahid, Saima Noor, Haya Ali, Iftikhar Thakur, Raheela Agha"
417397,,Today,Hoy,2010-01-02,2.1315,0.0,0,[18],es,0,0,4,,Kisha Tikina Burgos,"Eva Colón Colón, Kisha Tikina Burgos"
46636,tt1361349,Nanga Parbat,Nanga Parbat,2010-01-14,2.5818,6.613,62,"[12, 18]",de,7000000,0,103,Perathon Film-und Fernsehproduktions,Joseph Vilsmaier,"Florian Stetter, Andreas Tobias, Karl Markovics, Volker Bruch, Sebastian Bezzel"
622912,tt1638321,Ocio,Ocio,2010-11-18,2.1717,2.0,1,[],es,0,0,0,,"Juan Villegas, Alejandro Lingenti","Nahuel Viale, Germán de Silva, Francisco Grassi, Lucas Oliveira, Santiago Motorizado"
278215,tt1773026,Ring Tone,റിങ്ങ്  Tone,2010-06-04,2.1178,4.7,3,"[28, 80]",ml,0,0,117,,Ajmal,"Suresh Gopi, Bala, Saikumar, Megha Nair, Ashish Vidhyarthi"
695342,,Nos Quedamos,Nos Quedamos,2010-01-01,1.9864,0.0,0,[],en,0,0,14,,Armando Capó,
45715,tt1457766,The Kings of Mykonos,The Kings of Mykonos,2010-05-20,2.4057,4.8,29,[35],en,0,0,97,,Peter Andrikidis,"Nick Giannopoulos, Vince Colosimo, Zeta Makrypoulia, Alex Dimitriades, Kevin Sorbo"
43418,tt1418646,Beneath Hill 60,Beneath Hill 60,2010-04-15,2.3379,6.837,169,"[18, 36, 10752]",en,7347125,0,122,"The Silence Productions, Lucky Country Productions, Screen Australia, Pacific Film and Television Commission, Screen NSW, Screen Queensland",Jeremy Sims,"Brendan Cowell, Harrison Gilbertson, Steve Le Marquand, Gyton Grantley, Alan Dukes"
188301,tt1567735,Samurai Sentai Shinkenger vs. Go-Onger: GinmakuBang!!,侍戦隊シンケンジャーVSゴーオンジャー銀幕BANG!!,2010-01-30,2.7877,4.6,8,"[28, 12, 878]",ja,0,0,64,Toei Company,Shojiro Nakazawa,"Tori Matsuzaka, Hiroki Aiba, Rin Takanashi, Shôgo Suzuki, Suzuka Morita"
1121457,tt1796557,Memory Lane,Memory Lane,2010-12-12,2.1087,0.0,0,[10402],xx,0,0,0,"KeyFilm, NTR","Menno de Nooijer, Paul de Nooijer","Maité Guerin, Emma Jongejan, Gerrit Jongejan, Joost Vrouenraets"
295533,tt1478320,Fasten à la Carte,Fasten à la Carte,2010-10-22,2.1693,5.0,3,"[10751, 35, 10770]",de,0,0,90,NDR,Hans-Erich Viet,"Dietmar Bär, Maxim Mehmet, Inka Friedrich, Martin Brambach, Hannes Hellmann"
88009,tt1589511,TuTuMuch,TuTuMuch,2010-10-10,2.2679,6.0,1,[99],en,0,0,83,,Elise Swerhone,
278704,,Kindless Villain,Kindless Villain,2010-01-01,2.1861,0.0,0,[],en,0,0,5,,Janie Geiser,
58602,tt1270766,Henri 4,Henri 4,2010-03-04,2.3837,5.645,38,"[36, 18]",fr,0,0,155,"Ziegler Film, GéTéVé Productions, FICC, Wega Film, ARD",Jo Baier,"Julien Boisselier, Joachim Król, Andreas Schmidt, Roger Casamajor, Armelle Deutsch"
65766,tt1259520,Bon Appétit,Bon appétit,2010-11-12,2.3302,5.6,29,"[18, 10749]",es,0,1358896,91,"Morena Films, ARRI Film & TV Services, Egoli Tossell Film, Eurimages, MEDIA Programme of the European Union, Orio Produkzioak, S.A., Pixstar, RTI - Reti Televisive Italiane, Schweizer Fernsehen (FS), EiTB, Zodiac Pictures",David Pinillos,"Nora Tschirner, Unax Ugalde, Giulio Berruti, Herbert Knaup, Xenia Tostado"
35402,tt1261862,Icarus,Icarus,2010-02-09,2.3506,4.909,110,"[28, 18, 53]",en,0,0,88,"CineTel Films, Icarus BC Productions, Insight Film Studios",Dolph Lundgren,"Dolph Lundgren, Samantha Ferris, David James Lewis, Bo Svenson, Katelyn Mager"
47088,tt1361313,The Extra Man,The Extra Man,2010-08-01,2.8681,5.79,107,[35],en,7000000,453079,108,"Wild Bunch, Likely Story, 3 Arts Entertainment","Robert Pulcini, Shari Springer Berman","Kevin Kline, Paul Dano, Katie Holmes, John C. Reilly, Dan Hedaya"
188288,tt1663920,Kamen Rider W Forever: A to Z/The Gaia Memories of Fate,仮面ライダーW FOREVER AtoZ／運命のガイアメモリ,2010-08-07,2.411,6.75,18,"[28, 12, 878]",ja,0,0,66,"Ishimori Production, Toei Company, Toei TV Production, TV Asahi, Toei Animation, ADK, Bandai, Toei Advertising",Koichi Sakamoto,"Renn Kiriyama, Masaki Suda, Mitsuru Matsuoka, Minehiro Kinomoto, Shu Watanabe"
438398,tt1625075,Danny Boy,Danny Boy,2010-01-22,2.2797,6.6,16,"[14, 16]",xx,0,0,11,"Archangel SA, Se-Ma-For",Marek Skrobecki,
46953,tt1510918,Behind Blue Skies,Himlen är oskyldigt blå,2010-09-10,2.5974,6.519,53,[18],sv,0,2921178,110,"Film Capital Stockholm, Fladen Film, SVT, Nordisk Film Sweden, Europa Sound Production, Kameraten, Ljud & Bildmedia, Filmgate Films",Hannes Holm,"Bill Skarsgård, Peter Dalle, Björn Kjellman, Josefin Ljungman, Amanda Ooms"
470062,,Gastón,Gastón,2010-01-01,2.0191,10.0,1,"[878, 9648]",pt,0,0,13,,Tiago Belotti,"Maíra Santiago, Ale Alberto, Michael Taylor, Angélica Ribeiro, Joëlle Perricaut"
836330,tt1658497,Thermes,Thermes,2010-10-05,2.3317,2.0,2,[18],fr,0,0,25,"Frakas Productions, Anonymes Films, Premium Films",Banu Akseki,"Sophia Leboutte, Tom Boccara, Julie Neenemagi, Alexia Depicker, Rudy Gobbin"
153139,tt1592744,Kinshasa Symphony,Kinshasa Symphony,2010-09-23,2.259,7.0,1,"[99, 10402]",de,0,0,95,,"Martin Baer, Claus Wischmann",
564252,tt1756388,Action Painting,Action Painting,2010-05-10,1.522,0.0,0,[],en,0,0,8,,OIivier Heitz,"Adrien Guitton, Valentin Hosansky"
1633455,tt14962284,Cirkus Röd,Cirkus Röd,2010-04-05,2.133,0.0,0,"[10402, 99]",sv,0,0,59,Kultfilm,Per Anders Rudelius,"Caj Karlsson, Stefan Sundström, Anders F. Rönnblom, Lasse Tennander, Staffan Hellstrand"
50005,tt1810858,Wind Blast,西风烈,2010-10-28,2.3546,5.533,15,"[28, 53, 37]",zh,0,0,118,,Gao Qunshu,"Duan Yihong, Ni Dahong, Wu Jing, Zhang Li, Francis Ng Chun-Yu"
62381,tt1891825,Human Resources,Human Resources,2010-11-26,2.0592,8.1,5,[99],en,0,0,119,Metanoia Films,Scott Noble,"Mikela Jay, Noam Chomsky, Howard Zinn, George Ritzer, Morris Berman"
288210,tt1591608,Burlesque Undressed,Burlesque Undressed,2010-09-18,2.1851,6.0,2,[99],en,0,0,88,,Alison Grist,"Immodesty Blaize, Dixie Evans, Satan's Angel, Marc Almond"
44992,tt1433813,IMAX Hubble,IMAX Hubble,2010-03-19,2.4237,7.103,117,[99],en,0,0,44,"Warner Bros. Pictures, IMAX, NASA",Toni Myers,Leonardo DiCaprio
1471313,tt4978954,Ultimo carico,Ultimo carico,2010-12-01,2.2684,0.0,0,"[35, 18]",it,0,0,0,,Giuseppe Ferlito,"Giorgio de Giorgi, Fabio Baronti, Lorenzo Andreaggi, Alessandro Baccini, Daniele Di Stefano"
478809,tt1615040,Madcap Mabel,Madcap Mabel,2010-02-02,1.8845,7.0,1,[18],en,25000,0,35,Riddle Me This Productions,Dena Schumacher,"Penelope Lagos, Rudy Cecera, Katie Maguire, Ron Nummi, Ian Blackman"
1276702,tt1655569,Beat,Beat,2010-07-15,2.1895,0.0,0,"[10402, 18]",en,0,0,14,"Mediarena, University of Waikato, Pitts Productions",Virginia Pitts,"Reiki Ruawai, Whetu Silver, Karere Henare, Alex Hitchmough, Claire Gray Wilson"
188282,tt1788390,Kamen Rider × Kamen Rider OOO & W Featuring Skull: Movie Wars Core,仮面ライダー×仮面ライダー オーズ&ダブル feat.スカル MOVIE大戦CORE,2010-12-18,1.9423,5.962,13,"[28, 12, 878, 35, 18]",ja,0,0,90,"Ishimori Production, Toei Company, ADK, TV Asahi, Toei Video Company, Kinoshita Group",Ryuta Tasaki,"Renn Kiriyama, Masaki Suda, Minehiro Kinomoto, Koji Kikkawa, Fumihiko Tachiki"
149657,tt1986914,Dad,Oča,2010-10-25,1.8454,5.8,8,[18],sl,0,0,71,"Propeler, 100 doo, MB Grip",Vlado Škafar,"Miki Ros, Sandi Salamon"
49787,tt1320291,The Reef,The Reef,2010-05-15,2.358,5.637,613,"[18, 27, 53]",en,0,0,88,"Lightning Entertainment, Screen Australia, Screen NSW, ProdigyMovies, Mysterious Light",Andrew Traucki,"Damian Walshe-Howling, Zoe Naylor, Adrienne Pickering, Gyton Grantley, Kieran Darcy-Smith"
451718,tt1805384,Stay With Me,Quédate conmigo,2010-10-09,2.1718,5.0,1,[27],es,0,0,21,la bestia produce,Zoe Berriatúa,"Ona Casamiquela, Macarena Gómez, Pablo Turégano"
54441,tt1571402,Angel of Evil,Vallanzasca - Gli angeli del male,2010-09-06,2.0835,6.753,302,"[80, 18]",it,10000000,0,102,"Babe Films, Cosmo Productions, Canal+, Fox International Productions Italy",Michele Placido,"Kim Rossi Stuart, Filippo Timi, Valeria Solarino, Moritz Bleibtreu, Paz Vega"
59811,tt1783423,Dance with the Jackals,Çakallarla Dans,2010-12-17,2.4492,5.441,59,[35],tr,0,1343905,102,SugarWorkz,Murat Şeker,"Şevket Çoruh, İlker Ayrık, Timur Acar, Murat Akkoyunlu, Tuba Ünsal"
253427,,HiT Favorites: Animal Tails,HiT Favorites: Animal Tails,2010-11-23,2.064,0.0,0,[16],en,0,0,53,,"Steve Asquith, Mark Stuart, Gilly Fogg, Jerry Hibbert, Jim Rowley, Liz Whitaker","William Dufris, Lorelei King, Alan Marriott, Maria Darling, Lachele Carl"
160334,tt1697643,Momentos,Momentos,2010-03-13,2.1465,6.4,5,[],pt,0,0,7,,Nuno Rocha,"Valdemar Santos, Rui Pena, Ana Ferreira, Débora Ribeiro"
62321,tt1691323,Attenberg,Attenberg,2010-12-09,2.4723,6.116,164,[18],el,0,69961,97,"Haos Film, Faliro House Productions, Stefi Productions, Greek Film Centre",Athina Rachel Tsangari,"Ariane Labed, Evangelia Randou, Vangelis Mourikis, Yorgos Lanthimos, Kostas Berikopoulos"
1433692,tt1872033,Deep Purple,Deep Purple,2010-08-18,2.2785,2.0,1,[27],en,500,0,8,Red Army Films,John Johnson,"BeBe Bellamont, Terry Chandeline Nicole Westfall, Megan Braithwaite, Joni Lee See, Izzi Moore-Stall"
79073,tt1072754,Messages Deleted,Messages Deleted,2010-02-05,2.5702,5.319,58,"[27, 53, 9648]",en,0,0,92,,Rob Cowan,"Matthew Lillard, Deborah Kara Unger, Gina Holden, Serge Houde, Chiara Zanni"
576836,tt4143862,Miljön,Miljön,2010-08-30,2.0427,6.0,3,[35],sv,0,0,5,Crazy Pictures,Victor Danell,"Christoffer Nordenrot, Magnus Sundberg"
63484,tt1586753,The Incite Mill,インシテミル 7日間のデス・ゲーム,2010-10-16,2.0401,5.6,74,"[18, 27, 53, 9648]",ja,0,0,107,"Warner Bros. Pictures, Horipro, Nippon Television Network Corporation, Yomiuri Telecasting Corporation, Sumitomo Corporation, Twins Japan",Hideo Nakata,"Tatsuya Fujiwara, Haruka Ayase, Satomi Ishihara, Tsuyoshi Abe, Aya Hirayama"
321218,tt1433857,Life with Closed Eyes,زندگی با چشمان بسته,2010-01-01,2.2007,7.5,2,[],fa,0,0,0,,Rasoul Sadrameli,"Farhad Aeish, Anahita Afshar, Taraneh Alidoosti, Hamed Behdad, Andisheh Fouladvand"
63369,tt1810618,Marriage With a Liar,婚前試愛,2010-12-23,1.8911,4.6,7,[10749],cn,283096,1029455,86,Mega-Vision Pictures (MVP),Patrick Kong Pak-Leung,"Chrissie Chau Sau-Na, Lo Chung-Him, Jacqueline Chong Si-Man, Charmaine Fong Ho-Man, Timmy Hung Tin-Ming"
78083,tt1493798,Boggy Creek,Boggy Creek,2010-07-01,1.9952,3.607,28,"[27, 53]",en,0,0,87,"Boggy Creek Productions, Inkbug Entertainment",Brian T. Jaynes,"Texas Battle, Melissa Carnell, Stephanie Honoré, Damon Lipari, Shavon Kirksey"
674066,,Vampire Island,Vampire Island,2010-01-01,1.9247,6.0,1,"[99, 36, 9648]",en,0,0,0,"History, Electric Sky Productions, A+E Global Media",Julian Thomas,Gary Turner
939182,,Monday,Lunes,2010-01-01,2.1119,0.0,0,[18],es,0,0,9,"Persona Cine, BOGOSHORTS Film Agency",Luis Fernando Villa,Javier Idarraga
74658,tt1618450,Winx Club - Magic Adventure,Winx Club - Magica avventura,2010-10-29,2.3719,7.2,130,"[16, 10751]",it,0,11583758,87,"Medusa Film, Nickelodeon Animation Studio, Paramount Pictures, Rainbow",Iginio Straffi,"Letizia Ciampa, Perla Liberatori, Ilaria Latini, Gemma Donati, Emiliano Coltorti"
135594,tt1217060,Paradise East,Paradise East,2010-12-12,2.1291,1.0,2,[35],en,0,0,107,,Nick Taylor,"Bruce Barton, Walker Hare, Seth Abrams, John Borras, James Kissane"
995554,tt1846716,Rehenes,Rehenes,2010-01-01,2.1393,0.0,0,[18],es,0,0,0,Brugas Producciones,Bruno Ortiz Leon,"Havier Arboleda, Nidia Bermejo, Analí Cabrera, Flor Castillo, Jorge Daffieno"
37638,tt1318037,The Whistler,Le Siffleur,2010-01-06,2.3902,4.864,81,[35],fr,0,0,88,"M6 Films, Les Productions du Trésor, EuropaCorp",Philippe Lefebvre,"François Berléand, Thierry Lhermitte, Virginie Efira, Alain Chabat, Sami Bouajila"
80188,tt1456060,Boy Wonder,Boy Wonder,2010-08-11,2.4502,6.28,150,"[28, 80, 18, 53]",en,0,0,93,Boy Wonder Films,Michael Morrissey,"James Russo, Tracy Middendorf, Zulay Henao, Bill Sage, Roberta Wallach"
468612,tt1826749,Matter Fisher,Matter Fisher,2010-07-18,1.8613,6.0,1,"[16, 18]",en,0,0,7,"Studio AKA, Royal College of Art",Dave Prosser,
508379,tt1524105,Butterfly Rising,Butterfly Rising,2010-01-28,2.189,1.0,2,[18],en,0,0,94,W Movies,Tanya Wright,"Tanya Wright, McGhee Monteith, Jemal McNeil, John Malloy, Adam Clark"
1459669,tt1527784,The Unreturned,The Unreturned,2010-05-07,2.1893,0.0,0,"[99, 10752, 36]",en,0,0,75,Sideways Film,"Nathan Fisher, Kays Mejri, Matthew Bowlby",
72236,tt1084717,Mexican Bloodbath,Mexican Bloodbath,2010-02-21,2.4199,3.8,4,"[28, 53]",en,50000,750000,100,,Robert Arevalo,"Robert Arevalo, Gerardo Albarrán, Luis Gatica, Paco Ibáñez, Claudia Godínez"
12685,tt1153546,BloodRayne: The Third Reich,BloodRayne: The Third Reich,2010-06-10,2.4548,3.788,250,"[28, 12, 14, 27]",en,10000000,0,79,"Boll Kino Beteiligungs GmbH & Co. KG, Brightlight Pictures",Uwe Boll,"Natassia Malthe, Brendan Fletcher, Michael Paré, Clint Howard, Annett Culp"
78369,tt1568332,Grey Skies,Grey Skies,2010-12-01,2.3746,3.857,14,"[53, 878]",en,1500000,0,0,,Kai Blackwood,"Michael Cornacchia, Thela Brown, Marie Del Marco, Shelley Dennis, Anne Griffin"
49679,tt1396208,Action Replayy,Action Replayy,2010-11-05,2.4814,5.189,90,"[35, 10749, 878]",hi,10000000,5000000,129,"Hari Om Entertainment, Blockbuster Movie Entertainers, PVR Inox Pictures",Vipul Amrutlal Shah,"Akshay Kumar, Aishwarya Rai Bachchan, Aditya Roy Kapur, Neha Dhupia, Randhir Kapoor"
114164,tt1535080,Savage County,Savage County,2010-01-01,1.9011,3.7,3,"[27, 10770, 53]",en,0,0,79,BR2 Productions,Jude Harris,"Ana Ayora, Sinqua Walls, Ivy Mclemore, Rebekah Graf, Ken Luckey"
291418,tt1754935,Zombie Allegiance,Zombie Allegiance,2010-10-17,1.8448,5.0,1,[27],en,0,0,92,,Tony Nunes,
72721,tt1556190,Nostalgia for the Light,Nostalgia de la luz,2010-10-27,1.7379,7.391,175,[99],es,0,0,93,"Blinker Filmproduktion, Atacama Productions, Cronomedia, WDR",Patricio Guzmán,"Gaspar Galaz, Lautaro Núñez, Luís Henríquez, Miguel, Victor Gonzalez"
44263,tt1691832,City Under Siege,全城戒備,2010-08-11,2.3606,5.1,67,"[878, 28, 53]",cn,17000000,13851432,110,"Shanxi Film Studio, Enlight Pictures, Guangzhou Ying Ming Media Co.",Benny Chan,"Aaron Kwok Fu-Shing, Shu Qi, Wu Jing, Zhang Jingchu, Yuen Wah"
52010,tt1679332,"Ultramarines: A Warhammer 40,000 Movie","Ultramarines: A Warhammer 40,000 Movie",2010-12-10,2.2317,5.85,170,"[16, 878]",en,0,0,76,"POP6, Good Story Productions, Codex Pictures",Martyn Pick,"Terence Stamp, John Hurt, Sean Pertwee, Steven Waddington, Donald Sumpter"
360259,,A Língua das Coisas,A Língua das Coisas,2010-01-02,2.2489,0.0,0,[],pt,0,0,0,,Alan Minas,
102639,tt1440379,Virginia,Virginia,2010-05-18,2.5458,5.219,57,[18],en,0,6915,111,"Killer Films, TicTock Studios",Dustin Lance Black,"Jennifer Connelly, Emma Roberts, Toby Jones, Ed Harris, Carrie Preston"
508364,tt1670621,Adrian's Dream,Adrians Traum,2010-06-27,2.0055,0.0,0,[99],de,0,0,90,,Manuel Fenn,
59835,tt1417582,Among Wolves,Entrelobos,2010-11-26,2.5102,6.198,53,[18],es,8000000,0,116,"Canal Sur, Arakao Films, ICO, Roundabout Entertainment, TVE, Wanda Visión",Gerardo Olivares,"Juan José Ballesta, Manuel Camacho, Sancho Gracia, Carlos Bardem, Eduardo Gómez"
57500,tt1606636,Moomins and the Comet Chase,Muumi ja punainen pyrstötähti,2010-08-06,2.3907,5.6,17,"[16, 12, 10751, 14]",fi,0,0,77,"Jupiter-Film, Filmkompaniet, Se-Ma-For",Maria Lindberg,"Outi Alanen, Vuokko Hovatta, Jarmo Koski, Taneli Mäkelä, Ilpo Mikkonen"
402954,,Raymond,Raymond,2010-06-20,1.969,0.0,0,[16],en,0,0,6,The Mill,"Jules Januad, Fabrice Le Nezet, bif, Francois Rozin",
315620,tt1672218,Doctor Who: A Christmas Carol,Doctor Who: A Christmas Carol,2010-12-25,2.7555,7.96,250,"[878, 18]",en,0,0,62,BBC Cymru Wales,Toby Haynes,"Matt Smith, Karen Gillan, Arthur Darvill, Michael Gambon, Katherine Jenkins"
118301,tt1794796,"Inazuma Eleven the Movie: The Ultimate Force, Team Ogre, Attacks!",劇場版 イナズマイレブン 最強軍団オーガ襲来,2010-12-23,2.4888,7.6,130,"[14, 16]",ja,0,7243674,90,"TOHO, OLM, LEVEL5",Yoshikazu Miyao,"Junko Takeuchi, Hirofumi Nojima, Hiroyuki Yoshino, Fumiko Orikasa, Sanae Kobayashi"
1657928,tt5097004,Chain of Flesh,Veriga mesa,2010-01-01,1.8258,0.0,0,[27],sl,0,0,14,"666 Productions, Strup Produkcija",Tomaž Gorkič,"Anton Antolek, Andreja Vezovnik, Luka Alič, Maša Ceglar"
507899,tt1785548,Salaam Isfahan,Salaam Isfahan,2010-11-13,2.4202,0.0,0,[99],fa,0,0,59,,Sanaz Azari,
51875,tt1129427,Miss Nobody,Miss Nobody,2010-06-10,2.4208,5.23,61,"[80, 35]",en,0,90647,86,"Double Dutch Films, Miss Nobody Productions",Abram Cox,"Leslie Bibb, Kathy Baker, Missi Pyle, Vivica A. Fox, Paula Marshall"
270050,tt1340791,Regresa,Regresa,2010-05-18,2.2433,7.417,36,"[10749, 35]",es,0,0,99,,Alejandro González Padilla,"Jaime Camil, Blanca Soto, Javier Tolosa, Daniela Schmidt, Mariana Peñalva"
42950,tt1468387,What if...,What if...,2010-08-20,2.3514,6.9,86,"[10749, 10751, 14, 18]",en,0,814906,111,"10 West Studios, Jenkins Entertainment, Pure Flix Entertainment",Dallas Jenkins,"Kevin Sorbo, Kristy Swanson, John Ratzenberger, Debby Ryan, Kristin Minter"
618651,tt1703918,Prud'Hommes,Prud'Hommes,2010-08-04,2.0819,0.0,0,[99],fr,0,0,85,"Climage, RTS",Stéphane Goël,
228316,tt1754077,Lancaster Square,Lancaster Square,2010-09-28,2.1153,4.0,1,"[27, 18]",en,0,0,6,Dreamland Studios,Eric Norcross,Jenny Savage
49350,tt1545097,Harriet the Spy: Blog Wars,Harriet the Spy: Blog Wars,2010-03-26,2.2234,5.111,216,"[10751, 35, 18, 10770]",en,0,0,87,9 Story Media Group,Ron Oliver,"Jennifer Stone, Vanessa Morgan, Wesley Morgan, Kiana Madeira, Kristin Booth"
765863,,Detroit Lives,Detroit Lives,2010-08-30,1.9791,7.0,1,[99],en,0,0,30,,Thalia Mavros,"Johnny Knoxville, Toby Barlow, Philip Cooley, Carl Craig, Wayne Kramer"
77098,tt1726640,Ganqing shenghuo,Ganqing shenghuo,2010-05-15,2.3326,0.0,0,"[18, 10749]",zh,0,0,0,,Yang Jing-Ze,"Yao Xingtong, Xia Yu, Ming Dao, Queenie Tai, Jia Yuanyuan"
482805,,Colombe,Colombe,2010-02-05,2.2218,0.0,0,[],fr,0,0,0,,,"Anny Duperey, Sara Giraudeau, Rufus, Grégori Baquet, Benjamin Bellecour"
45822,tt1617178,Little Rose,Różyczka,2010-03-12,2.1657,6.896,48,"[36, 18, 10749]",pl,0,0,118,"Wytwórnia Filmów Dokumentalnych i Fabularnych, Telekomunikacja Polska, Monolith Films",Jan Kidawa-Błoński,"Andrzej Seweryn, Magdalena Boczarska, Robert Więckiewicz, Jacek Braciak, Grażyna Szapołowska"
538315,tt2476484,Leopard Queen,Leopard Queen,2010-06-01,2.0625,9.0,2,[],es,0,0,0,,John Varty,
73529,tt1754177,Mardock Scramble: The First Compression,マルドゥック・スクランブル 圧縮,2010-11-06,2.2832,6.865,126,"[53, 16, 28, 18]",ja,0,0,69,"GoHands, BROSTA TV, Aniplex",Susumu Kudo,"Megumi Hayashibara, Norito Yashima, Hiroki Touchi, Kazuya Nakai, Tsutomu Isobe"
1194386,tt2535642,Bloody Apocalypsis 鮮血の黙示録,Bloody Apocalypsis 鮮血の黙示録,2010-11-19,1.9048,0.0,0,"[27, 9648]",ja,0,0,90,,Tsutomu Koreeda,"Ai Aoyama, Yuria Fukatsuki"
1424238,,Light-Bodies,Cuerpos-luz,2010-01-01,1.7192,0.0,0,[],xx,0,0,3,,Lois Patiño,
65841,tt1212453,Bayside Shakedown 3: Set the Guys Loose,踊る大捜査線 THE MOVIE 3 ヤツらを解放せよ！,2010-07-03,2.7902,4.958,12,"[28, 18, 35, 80]",ja,0,72500000,141,"Fuji Television Network, Robot Communications, INP",Katsuyuki Motohiro,"Yuji Oda, Eri Fukatsu, Yusuke Santamaria, Atsushi Ito, Yuki Uchida"
44594,tt0482461,Barry Munday,Barry Munday,2010-03-13,1.8975,5.7,97,"[35, 18, 10749]",en,0,0,95,"Prospect Pictures, Stick 'N' Stone Productions, Corner Store Entertainment, Far Hills Pictures",Chris D'Arienzo,"Patrick Wilson, Malcolm McDowell, Judy Greer, Chloë Sevigny, Missi Pyle"
37828,tt1640680,Armadillo,Armadillo,2010-05-27,1.9912,7.037,134,"[99, 10752]",da,1500000,0,105,Fridthjof Film,Janus Metz,"Rasmus, Mads 'Mini', Daniel 'Olby', Kim 'Birkerod'"
573169,tt1591029,Matadors,Matadors,2010-01-01,2.0373,4.667,3,"[18, 10770]",en,0,0,0,,Yves Simoneau,"Michelle Borth, Zach Gilford, David Strathairn, Stephen Lang, Jason Behr"
552428,tt2012022,Sophie Lavoie,Sophie Lavoie,2010-09-10,2.2246,7.0,2,[18],fr,0,0,9,Les Films Laissés En Plans,Anne Émond,"Catherine de Léan, Émile Proulx-Cloutier"
61410,tt1059969,Spud,Spud,2010-12-03,2.3359,7.0,56,"[35, 18]",en,4000000,2415999,107,"Rogue Star Films, BLM Productions (ZA), The National Film and Video Foundation of South Africa, The Little Film Company",Donovan Marsh,"John Cleese, Troye Sivan, Jamie Royal, Sven Ruygrok, Blessing Xaba"
81622,tt1686660,Cinema Komunisto,Cinema Komunisto,2010-01-29,2.1038,7.143,14,[99],sr,0,0,100,Dribbling Pictures,Mila Turajlić,"Josip Broz Tito, Velimir 'Bata' Živojinović, Veljko Bulajić, Stevan Petrović, Veljko Despotović"
34777,tt1465499,Bad Blood,滅門,2010-01-21,2.245,5.328,29,"[28, 53]",zh,0,0,91,"China Star Entertainment, Point of View Movie Productions",Dennis Law Sau-Yiu,"Simon Yam, Andy On Chi-Kit, Bernice Liu Bik-Yee, Chris Lai Lok-Yi, Ken Lo Wai-Kwong"
48763,tt1594918,Eyyvah Eyvah,Eyyvah Eyvah,2010-02-26,2.0343,6.47,135,[35],tr,0,0,99,"BKM Film, BKM",Hakan Algül,"Demet Akbağ, Ata Demirer, Özge Borak, Salih Kalyon, Tanju Tuncel"
48417,tt1535492,The Stool Pigeon,綫人,2010-08-26,2.4362,5.9,58,"[80, 18, 53]",cn,10000000,0,113,"JCE Movies, Huayi Brothers Pictures, Sil-Metropole Organisation, Visual Capture, Emperor Motion Pictures",Dante Lam Chiu-yin,"Nicholas Tse Ting-Fung, Nick Cheung Ka-Fai, Gwei Lun-Mei, Miao Pu, Liu Kai-Chi"
825316,,Quanta,Quanta,2010-01-01,2.28,0.0,0,[],en,0,0,10,,Dan Browne,
171769,tt1426328,Leonie,Leonie,2010-11-20,2.3857,5.889,18,[18],en,0,0,132,"Hyde Park Entertainment, Essen Communications",Hisako Matsui,"Emily Mortimer, Shido Nakamura, Christina Hendricks, Mieko Harada, Jan Milligan"
478429,tt4767640,Policromía,Policromía,2010-09-04,1.9362,10.0,1,"[18, 14, 9648, 53]",es,0,0,45,,Pere Koniec,"Laia Masó, Paky López, Rufino Camacho, Rubén Lardín, Gustavo Rubio"
85071,tt1588395,Silent Things,Silent Things,2010-10-02,2.6364,7.5,8,[18],en,0,0,13,White Lantern Film,Rob Brown,"Antonia Campbell-Hughes, Georgia Groome, Andrew Scott, David Kayser, Leigh Haywood"
52128,tt1589424,Dersimiz: Atatürk,Dersimiz: Atatürk,2010-03-17,1.8976,5.4,14,"[36, 18]",tr,0,0,92,MinT Production,Hamdi Alkan,"Halit Ergenç, Çetin Tekindor, Batuhan Karacakaya, Canan Hoşgör, Tolga Savacı"
39952,tt1577867,Lupin the Third: The Last Job,ルパン三世 the Last Job,2010-02-12,2.7517,6.3,26,"[28, 16, 35, 10770, 80]",ja,0,0,92,TMS Entertainment,Tetsuro Amino,"Kanichi Kurita, Kiyoshi Kobayashi, Eiko Masuyama, Makio Inoue, Gorō Naya"
626435,,Taxi 707,Taxi 707,2010-09-11,1.8819,10.0,1,[10749],pa,0,0,0,,Waseem Hassan,"Ahmed Butt, Nida Chaudhry, Amna, Mah Zeb, Hanan"
105182,tt1594450,Breaking News,Breaking News,2010-02-01,1.6366,0.0,0,[18],en,0,0,75,,Chandler Landon,"Gerry Fall, Joe Gehl, Jeff Goodvin, Lauren Gilmore, Carlos Marquez"
523135,tt1584701,Guido Superstar: The Rise of Guido,Guido Superstar: The Rise of Guido,2010-10-07,2.3416,1.0,1,[35],en,0,0,88,,Silvio Pollio,"Silvio Pollio, John Cassini, Nicholas Lea, Terry Chen, Daniella Evangelista"
204242,tt1693032,Mantra,Mantra,2010-07-14,1.8478,6.0,2,"[27, 53]",ms,0,0,86,Metrowealth International Group (MIG),Azhari Mohd Zain,"Zul Handyblack, Bob Lokman, Mariani, Mas Muharni, Ruzaidi Abdul Rahman"
40080,tt1600058,The Cutting Edge: Fire & Ice,The Cutting Edge: Fire & Ice,2010-03-14,2.3175,6.535,170,"[10749, 18]",en,0,0,90,MGM Television,Stephen Herek,"Francia Raísa, Brendan Fehr, Russell Yuen, Zhenhu Han, Stephen Amell"
716859,tt1684629,Claudia,Claudia,2010-05-06,2.1459,0.0,0,[],en,0,0,0,,Marcel Gonnet Wainmayer,
65163,tt1606710,Bloodwood Cannibals,Bloodwood Cannibals,2010-12-12,2.1429,2.167,9,"[28, 53, 27]",en,0,0,0,,Joshua A. Siegel,"Nathan Anthony Carter, Kate Corey, Darren Courtney, Cori Jenab, Joshua A. Siegel"
47518,tt1017464,The Tortured,The Tortured,2010-06-15,2.1419,5.304,181,"[27, 53]",en,0,319421,78,"Twisted Pictures, LightTower Entertainment, MP Productions",Rob Lieberman,"Erika Christensen, Jesse Metcalfe, Bill Moseley, Chelah Horsdal, Fulvio Cecere"
1215577,,Museo,Museo,2010-05-01,2.1418,0.0,0,[],es,0,0,0,,Chus Domínguez,
587741,,Ennio Morricone: Music in His Blood,Ennio Morricone: La Musique au corps,2010-06-16,2.1415,0.0,0,[99],fr,0,0,19,"Allerton Films, Carlotta Films",Nicolas Ripoche,"Ennio Morricone, Fabio Ferzetti"
162982,tt1646982,The Tiger Factory,虎廠,2010-05-21,2.1412,5.8,6,[18],zh,0,0,84,"Greenlight Pictures, Ando Laboratory, Waseda University Ando Laboratory",Woo Ming Jin,"Fooi Mun Lai, Pearlly Chua, Susan Lee Fong Zhi, Bok Lai Loh, Lesly Leon Lee"
1477971,,HYPNODEUM,HYPNODEUM,2010-01-01,2.141,0.0,0,[16],en,0,0,4,School of the Art Institute of Chicago,Lale Westvind,
886913,tt2121809,Sexy Mortal,Sexy Mortal,2010-06-12,2.141,0.0,0,[28],en,500,0,9,AMS Art Films Inc.,Ángel M. Sanjurjo,"Jowi López, Mónica López Aleman, Lorenzo Orozco, Anibal Rosado, Norman Santiago"
809829,tt1677637,The Auctioneers,The Auctioneers,2010-06-09,2.1407,0.0,0,"[80, 53]",en,0,0,89,Romero Pictures,"George Cameron Romero, Ford Austin","Tom Sizemore, Ezra Buzzington, B.J. Hendricks, Darren Dalton, Eli Jane"
45756,tt1167675,Saint,Sint,2010-10-31,2.1406,4.919,161,"[27, 35]",nl,4000000,4000000,85,"Parachute Pictures, Tom de Mol Productions",Dick Maas,"Huub Stapel, Egbert Jan Weeber, Caro Lenssen, Bert Luppes, Escha Tanihatu"
293763,tt1787959,American Serengeti,American Serengeti,2010-04-21,2.1403,0.0,0,[99],en,0,0,50,National Geographic,Andy Mitchell,Tom Selleck
51250,tt1560954,Gun,Gun,2010-07-30,2.1396,5.2,109,"[28, 80]",en,10000000,0,81,"Cheetah Vision, Hannibal Pictures, Image Entertainment, Emmett/Furla Films",Jessy Terrero,"50 Cent, Val Kilmer, AnnaLynne McCord, James Remar, Hassan Johnson"
44811,tt1504443,Mongolian Death Worm,Mongolian Death Worm,2010-05-08,2.1389,4.821,78,"[27, 878, 10770]",en,0,0,90,"Black Chrome Productions, CineTel Films",Steven R. Monroe,"Sean Patrick Flanery, Victoria Pratt, George Cheung, Drew Waters, Matthew Tompkins"
360277,tt1727308,Inhalation,都是正常的,2010-09-18,2.1385,5.222,9,[18],zh,0,0,18,"Greenlight Pictures, Ando Laboratory",Edmund Yeo,"Susan Lee Fong Zhi, Shun Yuan Chong"
40900,tt1492820,Elevator Girl,Elevator Girl,2010-02-13,2.1346,6.0,55,"[10770, 35, 10751, 10749]",en,0,0,90,Larry Levinson Productions,Bradford May,"Lacey Chabert, Ryan Merriman, Hedy Burress, Jonathan Bennett, Patty McCormack"
295472,,"Bull's eye, un peintre à l'affût","Bull's eye, un peintre à l'affût",2010-09-17,2.1342,0.0,0,[99],fr,0,0,75,Pimiento,Bruno Boulianne,Marc Séguin
708718,tt1642281,Sábado uno,Sábado uno,2010-01-01,2.1337,0.0,0,[18],es,0,0,20,,Ignacio Rogers,"Esteban Lamothe, Lucila Mangone, Laura Paredes, Matías Umpierrez, Maitina de Marco"
1423737,,宇宙で1番ワガママな星,宇宙で1番ワガママな星,2010-08-01,2.1332,7.0,1,[],ja,0,0,100,"Robot Communications, Yoshimoto Kogyo, TV Asahi",伊東寛晃,"Koji Ohkura, Kitaro, Michael Tomioka, Gori, Kazuma Sano"
578138,,Maritime Kvinner,Maritime Kvinner,2010-01-01,2.1329,0.0,0,"[99, 36]",no,0,0,49,Sjøfartsfilm AS,Eilert Munch Lund,"Hanne Krogh, Totto Osvold, Hanne Krogh, Eilert Munch Lund"
404220,tt1814920,Two Painters,Two Painters,2010-11-01,2.1278,1.0,1,[35],en,0,0,3,Funny or Die,David Mamet,"Arianna Huffington, Rebecca Pidgeon, John Pirruccello"
66849,tt1683413,Tacho,Tacho,2010-12-01,2.1276,5.1,5,"[35, 28, 18]",cs,0,0,0,,Mirjam Landa,"Daniel Landa, Olga Lounová, Rudolf Hrušínský"
33570,tt1411276,Ice Castles,Ice Castles,2010-02-09,2.1275,6.319,83,[18],en,0,0,95,"RCR Media Group, Stage 6 Films, Jaffe/Braunstein Films, Howard Braunstein Films",Donald Wrye,"Taylor Firth, Rob Mayes, Henry Czerny, Morgan Kelly, Tattiawna Jones"
55934,tt1497874,Cold Weather,Cold Weather,2010-03-13,2.1274,6.181,47,"[9648, 18, 35, 53]",en,0,0,96,"Parts & Labor, Parts and Weather",Aaron Katz,"Cris Lankenau, Trieste Kelly Dunn, Raúl Castillo, Robyn Rikoon, Jeb Pearson"
35716,tt1328913,Preacher's Kid,Preacher's Kid,2010-01-29,2.1265,6.359,46,"[18, 10751, 10402]",en,7000000,515065,110,"Epidemic Pictures, Genera8Xion Entertainment, Crown of Life Ministries",Stan Foster,"LeToya Luckett, Tank, Clifton Powell, Gregory Alan Williams, Sharif Atkins"
275058,tt11459610,Obsession,Obsession,2010-10-27,2.1257,0.0,0,[18],en,0,0,16,"Stratus Films, Ministère Tunisien de la Culture, Agence Intergouvernementale de la Francophonie (AIF-CIREF)",Amine Chiboub,Mohamed Ali Nahdi
50461,tt1423953,Liar Game: The Final Stage,ライアーゲーム　ザ・ファイナルステージ,2010-03-06,2.1254,7.55,50,"[53, 18, 10770, 9648]",ja,0,24658706,133,"TOHO, FILM, Fuji Television Network, Shueisha, Hokkaido Cultural Broadcasting, Iwate Menkoi Television, Sendai Television, Akita Television, Sakuranbo Television Broadcasting Corporation, Fukushima Television Broadcasting, Niigata Sogo Television, Nagano Broadcasting System, Shizuoka Telecasting, Toyama Television, Ishikawa Television Broadcasting, Fukui Television Broadcasting, Tokai Television Broadcasting, San-in Chuo Television Broadcasting, Okayama Broadcasting, Television Shin-Hiroshima System, Ehime Broadcasting, Kochi Sun Sun Broadcasting, Television Nishinippon Corporation, Saga Television Station, Television Nagasaki, Kumamoto Kenmin Televisions, Television Oita System, Miyazaki Telecasting, Kagoshima Television Station, Okinawa Television Broadcasting",Hiroaki Matsuyama,"Erika Toda, Shota Matsuda, Megumi Seki, Michiko Kichise, Seiichi Tanabe"
38614,tt1587263,A Romantic Comedy,Romantik Komedi,2010-02-05,2.1253,4.713,54,"[10749, 35]",tr,0,0,110,"Boyut Film, Pinema",Ketche,"Sinem Kobal, Burcu Kara, Sedef Avci, Cemal Hünal, Engin Altan Düzyatan"
39413,tt1455151,My Afternoons with Margueritte,La Tête en friche,2010-06-02,2.1243,6.961,256,"[18, 35]",fr,0,0,82,"ICE3, KJB Production, StudioCanal, France 3 Cinéma, DD Productions",Jean Becker,"Gérard Depardieu, Maurane, Gisèle Casadesus, Jean-François Stévenin, Patrick Bouchitey"
111788,tt4317586,Pollachi Mappiley,பொள்ளாச்சி மாப்ளே,2010-07-16,2.1236,2.0,1,"[35, 18]",ta,0,0,145,Priyanka Films,R. Lakshmanan,"Sathyaraj, Goundamani, Manivannan, Vinu Chakravarthy, Alex"
32926,tt1577061,Recep Ivedik 3,Recep İvedik 3,2010-02-12,2.1226,4.644,149,[35],tr,0,22588876,95,"Aksoy Film Production, Özen Film",Togan Gökbakar,"Şahan Gökbakar, Zeynep Çamcı, Vahdet Çakar, Ayhan Işık, Cihan Culfa"
41009,tt1003034,Perrier's Bounty,Perrier's Bounty,2010-03-18,2.1205,5.777,121,"[28, 35, 80, 18]",en,0,0,88,"Premiere Picture, Parallel Films, Fís Éireann/Screen Ireland",Ian Fitzgibbon,"Cillian Murphy, Brendan Gleeson, Jim Broadbent, Jodie Whittaker, Gabriel Byrne"
315180,,Unsubscribe No. 2: All Eyes on the Silver Screen,Unsubscribe No. 2: All Eyes on the Silver Screen,2010-11-26,2.1202,0.0,0,[],en,0,0,3,,Jodie Mack,
43727,tt0867334,Jolene,Jolene,2010-10-29,2.12,6.232,125,[18],en,0,0,121,Next Turn Productions,Dan Ireland,"Jessica Chastain, Frances Fisher, Rupert Friend, Dermot Mulroney, Zeberiah Newman"
582851,tt16624414,Max Fury,Max Fury,2010-10-19,2.1196,0.0,0,"[878, 28]",en,0,0,9,Corny Group,Jack Hansen,"Jack Hansen, Dennis Haladyn, Nina Bendixen, Philip Th. Pedersen, Peter Jespergaard"
936514,tt3574310,Something Understood,Something Understood,2010-10-01,2.1168,8.0,1,[99],en,12000,0,23,,Chris Newby,
76413,tt1693793,No Deal,No Deal,2010-07-06,2.116,8.0,2,"[35, 10749]",en,0,0,9,,Joe Burke,"Michael Stahl-David, Ari Graynor, Keir O'Donnell"
11761,tt1188113,Peacock,Peacock,2010-04-20,2.1157,6.122,263,"[9648, 53, 18]",en,0,0,90,"Lionsgate, Mandate Pictures, Lionsgate Premiere, Mandate International",Michael Lander,"Cillian Murphy, Elliot Page, Susan Sarandon, Jaimi Paige, Josh Lucas"
294528,tt1754290,Nuit Bleue,Nuit Bleue,2010-08-04,2.1154,5.0,3,[18],fr,0,0,86,"Camera Lucida, Ciné-@, Collectivité Territoriale de la Corse",Ange Leccia,"Cécile Cassel, François Vincentelli, Alexandre Leccia"
56004,tt1869597,Ocean Odyssey,Ocean Odyssey,2010-11-02,2.1143,6.0,6,[99],en,0,0,60,,"Laura Orthwein Vagnone, Feodor Pitcairn","Kaura Vagnone, Feodor Pitcairn, Bob Cranston"
711886,tt6199204,Comercial,Comercial,2010-01-01,2.1115,0.0,0,[99],pt,0,0,110,Trator Filmes,Alex Miranda,"Washington Olivetto, Clovis Mello, Marcello Serpa, Fernando Meirelles"
1445244,,vampiro carioca,vampiro carioca,2010-10-16,1.9363,0.0,0,"[35, 18]",pt,0,0,0,,Marcelo Santiago,"Fausto Fawcett, Veronica Basile"
36147,tt1082577,Deadly Impact,Deadly Impact,2010-04-20,2.2362,4.927,48,"[18, 28, 53]",en,6000000,0,96,Metro-Goldwyn-Mayer,Robert Kurtzman,"Sean Patrick Flanery, Joe Pantoliano, Carmen Serano, Amanda Wyss, Greg Serano"
446797,,O Bolo,O Bolo,2010-09-01,2.1522,9.2,2,[35],pt,0,0,12,Pop Art Produções,Robert Guimarães,"Fabiula Nascimento, Eriberto Leão, Flávio Bauraqui, Catarina Abdala, Kiko Mascarenhas"
43642,tt1470171,Abandoned,Abandoned,2010-08-24,2.1676,5.066,174,"[18, 9648, 53]",en,0,0,88,Renegade Pictures,Michael Feifer,"Brittany Murphy, Dean Cain, Mimi Rogers, Peter Bogdanovich, Jay Pickett"
825140,,Passengers,Passengers,2010-01-01,1.923,0.0,0,[],fr,0,0,0,,Marc Plas,
88212,tt1754374,Prep & Landing Stocking Stuffer: Operation: Secret Santa,Prep & Landing Stocking Stuffer: Operation: Secret Santa,2010-12-07,2.4966,6.612,134,"[16, 10751, 14]",en,0,0,7,Walt Disney Animation Studios,"Kevin Deters, Stevie Wermers-Skelton","Sarah Chalke, Dave Foley, Derek Richardson, William Morgan Sheppard, Betty White"
57521,tt1454523,Black Bread,Pa Negre,2010-10-10,2.4427,6.661,127,"[80, 18]",ca,6000000,3770657,108,"Massa d'Or Produccions, TV3",Agustí Villaronga,"Francesc Colomer, Marina Comas, Nora Navas, Roger Casamajor, Lluïsa Castell"
26018,tt1528734,Food Matters,Food Matters,2010-10-08,2.2628,6.765,51,[99],en,0,0,74,Permacology Productions,James Colquhoun,"Andrew Saul, Charlotte Gerson, Dan Rogers, David Wolfe, Ian Brighthope"
52454,tt1705773,Mega Shark vs. Crocosaurus,Mega Shark vs. Crocosaurus,2010-12-21,2.4366,3.894,179,"[28, 27, 878]",en,100000,0,90,The Asylum,Christopher Ray,"Jaleel White, Sarah Lieving, Gary Stretch, Robert Picardo, Gerald Webb"
61948,tt1496884,Spiderhole,Spiderhole,2010-10-29,1.9547,3.818,22,[27],en,0,0,82,Spiderhole Productions,Daniel Simpson,"Amy Noble, Emma Griffiths Malin, George Maguire, John E. Regan, Reuben-Henry Biggs"
731040,tt3446122,Dementia: Alone,Dementia: Alone,2010-01-01,2.2778,0.0,0,[],en,0,0,0,,Carla Saunders,"Wardell Richardson, Don Cano, Jassa Deen"
330272,tt1784636,Traces to Nowhere: The Conductor Carlos Kleiber,Spuren ins Nichts: Der Dirigent Carlos Kleiber,2010-07-25,2.1015,0.0,0,"[99, 10402]",de,0,0,72,"ServusTV, Arthaus Musik, Centaurifilm",Eric Schulz,"Carlos Kleiber, Brigitte Fassbaender, Otto Schenk, Plácido Domingo, Michael Gielen"
1233290,,Vasvaas,Vasvaas,2010-01-01,2.0191,0.0,0,"[27, 35]",dv,0,0,0,Eupe Productions,Yoosuf Shafeeu,"Abdulla Muaz, Yoosuf Shafeeu, Hussain Munawwar, Ahmed Ziya, Shiuna"
62728,tt1233192,Brighton Rock,Brighton Rock,2010-09-13,2.1158,5.69,117,"[18, 53, 80]",en,0,0,111,"UK Film Council, BBC Film, Kudos, StudioCanal",Rowan Joffé,"Sam Riley, Andrea Riseborough, Andy Serkis, Helen Mirren, John Hurt"
1508753,,The Flying Girl,Uchar qiz,2010-01-01,2.0471,0.0,0,"[18, 35, 14]",uz,0,0,96,,Yalkin Tuychiev,"Adiz Rajabov, Saida Rametova, Asal Shodiyeva, Farhod Abdullaev, Muhammadiso Abdulxairov"
260653,tt1774451,The Assembly,La asamlea,2010-11-20,2.3329,0.0,0,[],en,0,0,10,"Voladero Films, TR3SK Films, Consejo Para la Cultura y las Artes de Nuevo Leon (Conarte), Fondo de Promocion al Cine de Nuevo Leon (Promocine)",Gil Morales,"Carlos Mendez, Geyma de Cobos, Mauricio Guadiana"
471221,tt1594556,Faith,Suwi,2010-01-29,1.9338,0.0,0,[18],sw,0,0,90,"Soundsgood Productions, Vilole Images Productions",Musola Cathrine Kaseketi,"Catherine Soko, Chantel Mwabi, Owas Ray Mwape, Jacob Chirwa, Charity Chanda Mwamba"
46523,tt1648112,New Kids Turbo,New Kids Turbo,2010-12-09,2.1052,6.353,351,"[28, 35]",nl,1500000,8786756,84,"Comedy Central, Eyeworks Film & TV Drama, 100% Halal, Dutch Media Pictures, 100% Film & Photography","Steffen Haars, Flip van der Kuil","Tim Haars, Huub Smit, Wesley van Gaalen, Flip van der Kuil, Steffen Haars"
66111,tt1351186,Luster,Luster,2010-12-12,2.1178,4.5,14,"[53, 27]",en,0,0,81,"Epic Pictures Group, Azurelite Pictures",Adam Mason,"Andrew Howard, Tess Panzer, Matthew Rhys, Ian Duncan, Xander Berkeley"
69771,tt1520956,Iron Doors,Iron Doors,2010-03-17,2.4115,4.596,57,"[53, 9648]",en,0,0,80,,Stephen Manuel,"Axel Wedekind, Rungano Nyoni"
63415,tt1778258,Revenge: A Love Story,復仇者之死,2010-12-02,2.4962,6.58,44,"[53, 80, 9648]",cn,0,0,90,852 Films,Wong Ching-Po,"Juno Mak, Sora Aoi, Tony Liu Tian-jue, Chin Siu-Ho, Wong Shu-Tong"
39681,tt0445054,Seven Days,Les 7 jours du talion,2010-06-22,2.934,6.287,249,"[18, 27, 53]",fr,0,0,105,GO Films,Daniel Grou,"Claude Legault, Rémy Girard, Martin Dubreuil, Fanny Mallette, Rose-Marie Coallier"
49830,tt1189374,Bio Slime,Contagion,2010-03-29,2.3535,3.7,17,"[27, 53, 878]",en,50000,0,87,8 Ball Stunts of Hollywood,John Lechago,"Vinnie Bilancio, Victoria De Mare, Kelli Kaye, Ronnie Lewis, Gia Paloma"
141893,tt1805334,Distant Thunder,迷城,2010-10-22,2.8379,5.7,3,[18],zh,0,0,97,,Zhang Jiarui,"Huo Siyan, Guo Xiaoran, Siran Ge, Tang Yinuo"
1258170,tt1790757,La araña,La araña,2010-01-01,2.3969,0.0,0,"[18, 10749]",es,0,0,15,INCAA,Sihuén Vizcaino,"César Bordón, Víctor Hugo Carrizo, Nestor Caniglia"
35221,tt1381505,Father of Invention,Father of Invention,2010-02-14,2.3109,5.4,183,"[35, 18]",en,0,0,93,"Pangea Media Group, Kjam Media, Bridgegate FIlms, Horizon Entertainment",Trent Cooper,"Kevin Spacey, Camilla Belle, Heather Graham, Virginia Madsen, John Stamos"
56405,tt1401643,Black Venus,Vénus noire,2010-10-27,2.1148,6.5,126,"[36, 18]",fr,0,0,159,"France 2 Cinéma, MK2 Productions, CinéCinéma",Abdellatif Kechiche,"Yahima Torres, André Jacobs, Olivier Gourmet, Elina Löwensohn, François Marthouret"
57399,tt1620975,Dancing Dreams,Tanzträume,2010-10-07,2.2392,6.6,16,[99],de,0,0,92,TAG/TRAUM Filmproduktion,"Anne Linsel, Rainer Hoffmann","Pina Bausch, Jo-Ann Endicott, Bénédicte Billiet"
46788,tt1488163,Trash Humpers,Trash Humpers,2010-05-07,1.9751,5.1,143,"[35, 27]",en,0,24998,77,"Alcove Entertainment, Warp Films, O' Salvation",Harmony Korine,"Rachel Anna Simon, Brian Kotzur, Travis Nicholson, Harmony Korine, Seth Petterson"
331711,tt1773409,Evan Straw,Evan Straw,2010-08-20,1.7291,4.0,1,[10402],en,0,0,90,,Michael Legge,"Lorna Nogueira, Michael Legge"
66193,tt1130969,Sinners and Saints,Sinners and Saints,2010-06-30,2.0577,5.617,111,"[28, 80, 53]",en,0,0,104,"Carolina Film Works, Throttle Films, Noir Blanc Films",William Kaufman,"Johnny Strong, Kevin Phillips, Costas Mandylor, Sean Patrick Flanery, Tom Berenger"
160745,tt1075642,Beyond the Grave,Porto dos Mortos,2010-09-09,2.0911,5.0,10,"[27, 28, 80]",pt,0,0,89,Lockheart Filmes,Davi de Oliveira Pinheiro,"Rafael Tombini, Álvaro Rosacosta, Ricardo Seffner, Amanda Lerias, Luciana Verch"
377198,tt1597423,Vampire Forensics,Vampire Forensics,2010-01-12,1.9519,6.8,2,"[9648, 99]",el,0,0,0,,Klaus Steindl,"Salvatore Vecchio, Peter Coyote, Lisa Ling"
396020,tt1745935,Lily,Lily,2010-08-01,2.1293,0.0,0,[18],en,0,0,15,,Kasimir Burgess,"Eloise Raits, Richard Taylor Stables"
35458,tt1196134,Crazy on the Outside,Crazy on the Outside,2010-01-08,2.4551,5.3,151,"[35, 10749, 80]",en,0,88335,96,,Tim Allen,"Tim Allen, Sigourney Weaver, Ray Liotta, J.K. Simmons, Julie Bowen"
810151,tt1833051,Last Train,Ostatni pociąg,2010-12-31,1.8901,0.0,0,[18],pl,0,0,14,,Weronika Tofilska,"Wioleta Bartosiewicz, Grażyna Bułka, Maria Ciunelis, Maja Cyrwus, Wojciech Kordeusz"
79140,tt1764754,Ζήσε Σαν Μπάτσος Ψόφα Σαν Σκύλος,Ζήσε Σαν Μπάτσος Ψόφα Σαν Σκύλος,2010-09-27,2.0873,6.0,1,"[28, 35]",el,0,0,40,,Thanos Kermitsis,"Aris Kaplanidis, Thanos Kermitsis, Thanos Liakos, Nikos Papaevangeliou, Manolis Kermitsis"
399897,tt1760446,Siren XXX: Magical Pleasure,妖女伝説セイレーンXXX～魔性の悦楽～,2010-08-13,2.5351,6.308,26,"[53, 18, 27]",ja,0,0,71,Takeshobo,Shintarô Ashizuka,"Marica Hase, Yuko Sakurai, Ryuki Nishimoto, Nao Okabe"
1052690,,Bye,Bye,2010-11-11,2.0719,0.0,0,[99],en,0,0,9,,Anthony Morrison,
153779,tt1706450,The Kingdom of Solomon,ملک سلیمان,2010-10-08,2.0113,6.3,20,"[28, 18, 36, 10752]",fa,5000000,0,110,Farabi Cinema,Shahriar Bahrani,"Amin Zendegani, Mahmoud Pakniat, Elham Hamidi, Hossein Mahjoub, Alireza Kamali"
153779,tt1706450,The Kingdom of Solomon,ملک سلیمان,2010-10-08,2.0113,6.3,20,"[28, 18, 36, 10752]",fa,5000000,0,110,Farabi Cinema,Shahriar Bahrani,"Amin Zendegani, Mahmoud Pakniat, Elham Hamidi, Hossein Mahjoub, Alireza Kamali"
32845,tt1431191,Wrong Side of Town,Wrong Side of Town,2010-02-23,2.0987,5.315,89,"[28, 80, 18, 53]",en,870000,0,88,Films In Motion,David DeFalco,"Rob Szatkowski, Dave Bautista, Lara Grice, Randal Reeder, Ja Rule"
37737,tt1198101,Kites,Kites,2010-05-21,2.2773,7.197,228,"[18, 28, 10749]",hi,0,0,123,"Bollywood Hollywood Production, Reliance Entertainment, Film Kraft, Bollywood Hollywood Production",Anurag Basu,"Hrithik Roshan, Bárbara Mori, Kabir Bedi, Kangana Ranaut, Nicholas Brown"
49426,tt2720566,The Fog,Туман,2010-05-09,1.7049,5.1,14,"[18, 10752, 878]",ru,0,0,151,Alliance Film Company,"Ivan Shurhovetsky, Artyom Aksenenko","Igor Shmakov, Vasily Raksha, Artyom Krestnikov, Ilya Glinnikov"
54083,tt1438535,Film Socialisme,Film Socialisme,2010-05-19,2.2339,5.9,60,[18],fr,0,0,102,Vega Film,Jean-Luc Godard,"Catherine Tanvier, Christian Sinniger, Jean-Marc Stehlé, Patti Smith, Robert Maloubier"
92613,tt1520451,Tub,Tub,2010-01-22,1.6967,4.4,6,"[27, 35]",en,0,0,12,,Bobby Miller,"Eric M. Levy, Megan Raye Manzi"
51072,tt1529569,Beautiful Lies,De vrais mensonges,2010-12-08,2.2388,6.071,163,"[35, 10749]",fr,0,0,105,"Trinity Filmed Entertainment, Les Films Pelléas, TF1 Films Production, Tovo Films",Pierre Salvadori,"Audrey Tautou, Sami Bouajila, Nathalie Baye, Stéphanie Lagarde, Judith Chemla"
1763827,tt5597074,Sky Email,Sky Email,2010-01-01,2.6198,0.0,0,"[28, 35]",es,239000,0,0,,Tito Nekerman,"Johanny Sosa, Sergio Acosta"
1035233,tt1806779,Andy,Andy,2010-11-01,2.1556,0.0,0,[18],en,0,0,7,,Andrew Ahn,"Ryan Ko, Chris Yejin, Il Ahn"
131880,tt1562450,Stonewall Uprising,Stonewall Uprising,2010-06-16,2.0927,5.972,18,[99],en,0,0,80,,"Kate Davis, David Heilbroner","Paul Bosche, Alfredo del Rio, John DiGiacomo, Dana Gaiser, Noah Goldman"
631241,tt1542483,Impulse,Impulse,2010-07-29,1.9051,6.0,1,"[12, 53]",en,0,0,20,Bluebox Limited Films,"Scott Beck, Bryan Woods",Christopher Masterson
53389,tt1135083,Trader Games,Krach,2010-09-01,2.223,4.3,20,"[18, 53]",fr,0,0,85,"Cine Nomine, Versus Production, Caramel Films, RTBF",Fabrice Genestal,"Gilles Lellouche, Vahina Giocante, Charles Berling, Michael Madsen, Lisa Ray"
52935,tt1814903,The Wedding,The Wedding,2010-01-01,2.1291,0.0,0,[28],en,5000,2000,25,Digital Shadow Films,Robert Carrera,"James E. Meyer, Jessica Buchleitner, Jack Topalian"
863017,tt1588385,Projeto Silêncio,Projeto Silêncio,2010-06-09,2.3199,0.0,0,"[878, 35]",pt,0,0,14,,Bruno Caticha,Tomás Rezende
150280,tt1590037,Grise Mine,Grise Mine,2010-01-28,2.1021,7.0,1,[16],nl,0,0,0,"Société des Auteurs et Compositeurs Dramatiques (SACD), Communautée Française de Belgique, Atelier de Production de la Cambre",Rémi Vandenitte,
77235,tt1464606,You're So Cupid,You're So Cupid,2010-11-06,2.3529,6.2,93,"[14, 18, 878, 10749, 10751]",en,0,0,93,"Mainstay Productions, Poppy Productions",John Lyde,"Lauren Holly, Brian Krause, Jeremy Sumpter, Caitlin E.J. Meyer, Danielle Chuchran"
353660,tt1642609,Badass Thieves,Badass Thieves,2010-09-10,1.89,7.0,1,"[35, 80]",en,60000,0,23,,Mike George,"Tyler Labine, Brendan Fletcher, Pascale Hutton, Seth Isaac Johnson, Thomas Orr-Loney"
1027540,,Cliché !,Cliché !,2010-09-21,2.0249,5.0,1,"[35, 16]",fr,0,0,0,,Cédric Villani,
692881,tt11754144,The Stadium,The Stadium,2010-10-26,2.0529,0.0,0,[18],ar,0,0,24,,Ala Eddine Slim,Fethi Akkari
235706,tt3339650,Ciudadano Negrín,Ciudadano Negrín,2010-01-01,1.9687,7.0,2,[99],es,0,0,83,,"Imanol Uribe, Carlos Álvarez, Sigfrid Monleón",
23738,tt0312305,Quantum Quest: A Cassini Space Odyssey,Quantum Quest: A Cassini Space Odyssey,2010-09-17,2.5193,6.05,20,"[10751, 16, 878]",en,0,0,45,,"Harry 'Doc' Kloor, Dan St. Pierre","Chris Pine, Amanda Peet, Samuel L. Jackson, Hayden Christensen, Sandra Oh"
1656477,tt1764287,El Recluta,El Recluta,2010-01-01,2.0576,0.0,0,[],es,0,0,75,DRS Producciones,Diego Shaalo,"Diego Shaalo, Romina Buján, Pancho Dotto, Raúl Schurlein, Hilario Quinteros"
59490,tt1664894,Cave of Forgotten Dreams,Cave of Forgotten Dreams,2010-11-03,2.4296,7.081,369,[99],en,0,6467348,90,"creative differences, History films, Werner Herzog Filmproduktion, ARTE",Werner Herzog,"Werner Herzog, Dominique Baffier, Jean Clottes, Jean-Michel Geneste, Michel Philippe"
810814,tt1756633,My Father Evgeni,Мой отец Евгений,2010-11-23,2.0039,0.0,0,[99],ru,0,0,77,,Andriy Zahdanskyi,
508678,tt1838485,The Old House,Casa Vieja,2010-12-02,1.994,10.0,1,[],es,0,0,0,,Lester Hamlet,"Yadier Fernández, Manuel Porto, Alberto Pujol, Daisy Quintana, Adria Santana"
38568,tt1049402,Howl,Howl,2010-08-26,2.7188,6.46,200,[18],en,5000000,1183258,84,"Rabbit Bandini Productions, Werc Werk Works, Oscilloscope","Rob Epstein, Jeffrey Friedman","James Franco, Todd Rotondi, Jon Prescott, Aaron Tveit, David Strathairn"
59505,tt1418760,Tirza,Tirza,2010-09-30,1.8293,5.087,23,[18],nl,0,0,100,Cadenza Films,Rudolf van den Berg,"Gijs Scholten van Aschat, Sylvia Hoeks, Johanna ter Steege, Keitumetse Matlabo, Abbey Hoes"
277183,tt1565000,Snow White,Blanche Neige,2010-01-13,1.8227,5.5,4,[10402],fr,0,0,90,,Angelin Preljocaj,"Nagisa Shirai, Sergio Díaz, Céline Galli"
1406255,tt7374884,Campania Burning,Campania Burning,2010-01-07,1.7948,0.0,0,[99],it,0,0,0,Gruppo Ambra,"Andrea D'Ambrosio, Maurizio Cartolano",
73085,tt0884214,Wreckage,Wreckage,2010-11-04,2.3106,4.0,25,"[27, 53]",en,0,0,87,Xanthus Pictures,John Asher,"Aaron Paul, Justin Allen, Mike Erwin, Jake Frigerio, Ruthanne Gibson"
46368,tt1093906,The Rig,The Rig,2010-10-05,2.3636,3.29,81,"[28, 27, 878, 53]",en,3000000,0,90,"OffSpring Productions, Workshop Films 2",Peter Atencio,"William Forsythe, Stacey Hinnen, Serah D'Laine, Marcus T. Paulk, Carmen Gloria Pérez"
1507936,tt2171871,Still Happy,Encore heureux,2010-05-01,2.0981,0.0,0,[35],fr,0,0,7,,Ivan Calbérac,"Camille Bardery, Bastien Bouillon"
1755454,tt1079959,The Color of Magic 2in1,The Color of Magic 2in1,2010-06-01,2.1593,0.0,0,"[28, 12, 14, 35]",cs,0,0,0,,Vadim Jean,"David Jason, Sean Astin, Marnix Van Den Broeke, Tim Curry, Jeremy Irons"
539115,tt1693811,Castaways,Náufragos,2010-05-31,1.7867,5.0,1,[18],pt,0,0,15,Acere Produções,"Matheus da Rocha Pereira, Gabriela Amaral Almeida","Haydil Linhares, Athanel de Carvalho, Patricia Rammos"
56440,tt1477171,Amador,Amador,2010-10-08,2.028,5.7,28,[18],es,0,0,112,"Reposado Producciones, Mediapro, TVE, TV3",Fernando León de Aranoa,"Magaly Solier, Celso Bugallo, Pietro Sibille, Sonia Almarcha, Fanny de Castro"
933713,,Reset,Reset,2010-07-01,2.0315,0.0,0,"[35, 10749]",he,0,0,13,Independent,Yair Peri,"Assaf Averbuch, Gil Weiss, Einat Shahak"
52776,tt1602474,72 Tenants of Prosperity,72家租客,2010-02-11,2.2791,5.4,30,[35],cn,0,0,99,"TVB, Shaw Brothers, Sil-Metropole Organisation, United Filmmakers Organisation (UFO)","Eric Tsang Chi-Wai, Chung Shu-Kai, Patrick Kong Pak-Leung","Jacky Cheung Hok-Yau, Eric Tsang Chi-Wai, Anita Yuen Wing-Yee, Bosco Wong Chung-Chak, Linda Chung Ka-Yan"
72678,tt1570594,Henry,Henry,2010-03-31,1.9866,5.0,3,"[35, 10402]",fr,0,0,86,Les Films en Hiver,"Pascal Rémy, Kafka","Elise Larnicol, Bruno Ricci, Manuelle Haeringer, Bruno Lochet, Camille Saféris"
452243,,Los materiales,Los materiales,2010-07-09,1.8052,0.0,0,"[9648, 99]",es,0,0,72,,"Colectivo Los Hijos, Luis López Carrasco, Natalia Marín, Javier Fernández Vázquez",
1685216,tt27431108,Muutto,Muutto,2010-03-02,2.0115,0.0,0,"[99, 10770]",fi,0,0,28,Mouka Filmi,Jukka Kärkkäinen,"Erkki Kärkkäinen, Ritva Kärkkäinen"
433296,tt1778836,Loyal Enemies,Loyal Enemies,2010-01-01,2.0477,0.0,0,[],en,0,0,0,Divine Touch Productions Ltd.,Ikechukwu Onyeka,"Chinedu Ikedieze, Osita Iheme, Halimar Abubakar, Moses Efret, Biola Ige"
409560,tt1700415,Angry,Angry,2010-12-01,2.0456,0.0,0,"[27, 28, 18]",en,750000,0,85,,"Yohanna Idha, Christopher Schönning","Yohanna Idha, Christopher Schönning, Bo Svenson"
75910,tt1492959,Lifted,Lifted,2010-08-13,2.0434,7.056,36,"[18, 10751, 10402]",en,0,0,108,"Tactical Media Productions, Listed Picture, Hunter Films, Picrow, Coronet Films",Lexi Alexander,"Nicki Aycox, Uriah Shelton, Dash Mihok, Thad Mickler, Ruben Studdard"
128822,,Empire,Empire,2010-06-18,2.0428,6.0,1,[],en,100,0,55,Empire,"Crihs Thormann, Luke Stiles","Dan Craig, Kai, Crihs, Yatika, Dwain Thomas Walters"
222891,tt2321342,Des/Esperando,Des/Esperando,2010-10-05,2.0424,3.667,6,[18],es,0,0,70,Ariztical Entertainment,Erick Salas Kirchhausen,"Tomas Colvin, Verónica Moraga, Fernando Quintana"
274036,tt1792803,Ground Zero,Ground Zero,2010-10-01,2.0417,4.0,3,"[27, 35]",en,0,0,87,,Channing Lowe,"Mike Langer, Sahna Foley, D.L. Walker, Chris Harvey, David Candland"
1364521,,Systema,סיסטמה,2010-05-06,2.0415,0.0,0,[99],he,0,0,44,,Ohad Milstein,
302948,tt2835610,Onde Nostre,Onde Nostre,2010-09-17,2.0405,0.0,0,[99],en,0,0,32,,,"Lorenzo Castagna, Thomas Cravarezza, Pierpaolo Pito Giachero, Thomas Cravarezza, Lorenzo Castagna"
1514975,tt1666601,Contracts,Contracts,2010-01-01,2.0394,0.0,0,"[35, 18, 53]",en,0,0,13,,Blair Downey,"Ruth Lawrence, Kevin Lewis, Stephen Lush, Pete Soucy"
44678,tt1407049,Altitude,Altitude,2010-10-10,2.0385,4.686,255,"[27, 9648, 53]",en,0,0,90,Darclight Films,Kaare Andrews,"Jessica Lowndes, Julianna Guill, Ryan Donowho, Michelle Harrison, Ian Robison"
1577641,tt2179254,Actividad Subnormal,Actividad Subnormal,2010-11-24,2.0381,0.0,0,[],es,100,0,0,,Germán Magariños,"Vic Cicuta, Elvira Serio, Ramón Caribe, Alma, Paul Divano"
188428,tt1648092,Civil War,Guerra Civil,2010-04-27,2.0357,7.0,5,[18],pt,0,0,90,Blackmaria,Pedro Caldas,"Francisco Belard, Maria Leite, Nuno Romano, Catarina Wall, Pedro M. Ruivo"
73111,tt2124189,The Revelation of the Pyramids,La Révélation des Pyramides,2010-02-10,2.0357,6.563,40,"[99, 36, 9648]",fr,0,0,102,Wild Bunch,Patrice Pooyard,"Alika Del Sol, Jean-Pierre Adam, Joseph Davidovits, Guillemette Andreu, Guillemette Andreu"
32612,tt1533084,The Traveler,The Traveler,2010-11-15,2.0357,5.329,120,"[27, 53]",en,0,0,96,"Hollywood Media Bridge, Front Street Pictures, Voltage Pictures",Michael Oblowitz,"John Cassini, Val Kilmer, Camille Sullivan, Dylan Neal, Paul McGillion"
325036,tt1732140,Nueva Argirópolis,Nueva Argirópolis,2010-08-01,2.0353,3.2,5,[],es,0,0,8,,Lucrecia Martel,
1654896,tt1627034,Cavalier Seul,Cavalier Seul,2010-01-31,2.035,0.0,0,[18],fr,0,0,0,"La Fémis, fémis",Vincent Mariette,
523854,tt1865448,My Fear,Meu Medo,2010-01-01,2.0348,0.0,0,[16],pt,0,0,11,,Murilo Hauser,
1084947,,The Stray Cat,Kötturinn Njáll,2010-06-12,2.0344,0.0,0,[18],is,0,0,15,Hersing,Grímur Örn Þórðarson,"Sandra Þórðardóttir, Guðrún Bjarnadóttir, Grímur Örn Þórðarson"
465103,tt1744617,Kleinstatthelden,Kleinstatthelden,2010-10-21,2.0344,0.0,0,"[18, 35]",de,1800000,0,0,,Marc Schaumburg,"Jonas Baeck, Nadine Salomon, Marvin Gronen, Waldemar Hooge, Svenja Ingwersen"
463921,,Ringo Starr and His All Starr Band Live at the Greek Theater,Ringo Starr and His All Starr Band Live at the Greek Theater,2010-07-27,2.0341,0.0,0,[10402],en,0,0,128,,,"Ringo Starr, Gary Wright, Hamish Stuart, Colin Hay, Edgar Winter"
