id,imdb_id,title,original_title,release_date,popularity,vote_average,vote_count,genre_ids,original_language,budget,revenue,runtime,production_companies,director,cast
138843,tt1457767,The Conjuring,The Conjuring,2013-07-18,37.0839,7.542,13060,"[27, 53]",en,13000000,321293998,112,"Evergreen Media Group, The Safran Company, New Line Cinema",James Wan,"Vera Farmiga, Patrick Wilson, Lili Taylor, Ron Livingston, Hayley McFarland"
106646,tt0993846,The Wolf of Wall Street,The Wolf of Wall Street,2013-12-25,34.3381,8.027,26528,"[80, 18, 35]",en,100000000,407039432,180,"Red Granite Pictures, Appian Way, Sikelia Productions, EMJAG Productions",Martin Scorsese,"Leonardo DiCaprio, Jonah Hill, Margot Robbie, Matthew McConaughey, Kyle Chandler"
109418,tt2191701,Grown Ups 2,Grown Ups 2,2013-07-11,29.1277,6.193,4816,[35],en,80000000,247022278,101,"Columbia Pictures, Happy Madison Productions",Dennis Dugan,"Adam Sandler, Kevin James, Chris Rock, David Spade, Salma Hayek Pinault"
68721,tt1300854,Iron Man 3,Iron Man 3,2013-04-18,30.6831,6.932,23877,"[28, 12, 878]",en,200000000,1215577205,130,Marvel Studios,Shane Black,"Robert Downey Jr., Gwyneth Paltrow, Don Cheadle, Guy Pearce, Rebecca Hall"
49521,tt0770828,Man of Steel,Man of Steel,2013-06-12,26.0818,6.66,16597,"[28, 12, 878]",en,225000000,668045518,143,"Syncopy, Peters Entertainment, Warner Bros. Pictures, DC",Zack Snyder,"Henry Cavill, Amy Adams, Michael Shannon, Diane Lane, Russell Crowe"
109445,tt2294629,Frozen,Frozen,2013-11-20,29.9353,7.249,17887,"[16, 10751, 12, 14]",en,150000000,1274219009,102,Walt Disney Animation Studios,"Chris Buck, Jennifer Lee","Kristen Bell, Idina Menzel, Jonathan Groff, Josh Gad, Santino Fontana"
101299,tt1951264,The Hunger Games: Catching Fire,The Hunger Games: Catching Fire,2013-11-15,25.6219,7.424,18776,"[12, 28, 878]",en,130000000,865011746,146,"Lionsgate, Color Force",Francis Lawrence,"Jennifer Lawrence, Josh Hutcherson, Liam Hemsworth, Woody Harrelson, Elizabeth Banks"
146233,tt1392214,Prisoners,Prisoners,2013-09-19,23.5167,8.1,13495,"[18, 53, 80]",en,46000000,122127446,153,"Alcon Entertainment, 8:38 Productions, Madhouse Entertainment",Denis Villeneuve,"Hugh Jackman, Jake Gyllenhaal, Viola Davis, Maria Bello, Terrence Howard"
76338,tt1981115,Thor: The Dark World,Thor: The Dark World,2013-10-30,26.2101,6.508,18726,"[28, 12, 14]",en,170000000,644783140,112,Marvel Studios,Alan Taylor,"Chris Hemsworth, Natalie Portman, Tom Hiddleston, Christopher Eccleston, Anthony Hopkins"
72190,tt0816711,World War Z,World War Z,2013-06-19,25.6225,6.851,17040,"[28, 27, 878]",en,200000000,531865000,116,"GK Films, Paramount Pictures, Hemisphere Media Capital, 2DUX², Skydance Media, Plan B Entertainment",Marc Forster,"Brad Pitt, Mireille Enos, Daniella Kertesz, James Badge Dale, Ludi Boeken"
57158,tt1170358,The Hobbit: The Desolation of Smaug,The Hobbit: The Desolation of Smaug,2013-12-11,23.9459,7.58,14576,"[14, 12, 28]",en,250000000,958400000,161,"New Line Cinema, Metro-Goldwyn-Mayer, WingNut Films",Peter Jackson,"Ian McKellen, Martin Freeman, Richard Armitage, Benedict Cumberbatch, Orlando Bloom"
49519,tt0481499,The Croods,The Croods,2013-03-15,23.0715,6.946,7703,"[16, 12, 10751, 35]",en,135000000,587204668,99,DreamWorks Animation,"Kirk DeMicco, Chris Sanders","Nicolas Cage, Emma Stone, Ryan Reynolds, Catherine Keener, Cloris Leachman"
93456,tt1690953,Despicable Me 2,Despicable Me 2,2013-06-26,22.0355,6.949,12227,"[16, 35, 10751, 878]",en,76000000,970766005,98,"Illumination, Universal Pictures","Chris Renaud, Pierre Coffin","Steve Carell, Kristen Wiig, Benjamin Bratt, Miranda Cosgrove, Dana Gaier Ellis"
68726,tt1663662,Pacific Rim,Pacific Rim,2013-07-11,24.608,6.948,13803,"[28, 878, 12]",en,180000000,411000000,131,"Double Dare You, Legendary Pictures",Guillermo del Toro,"Charlie Hunnam, Rinko Kikuchi, Idris Elba, Max Martini, Clifton Collins Jr."
75656,tt1670345,Now You See Me,Now You See Me,2013-05-29,23.9809,7.325,17120,"[53, 80]",en,75000000,351723989,116,"Summit Entertainment, K/O Paper Products",Louis Leterrier,"Jesse Eisenberg, Woody Harrelson, Isla Fisher, Dave Franco, Mark Ruffalo"
91586,tt2226417,Insidious: Chapter 2,Insidious: Chapter 2,2013-09-12,18.8369,6.703,4752,"[27, 53]",en,5000000,161921515,106,"Blumhouse Productions, Stage 6 Films, Entertainment One, FilmDistrict",James Wan,"Patrick Wilson, Rose Byrne, Lin Shaye, Ty Simpkins, Barbara Hershey"
122906,tt2194499,About Time,About Time,2013-09-04,20.1153,7.903,9499,"[18, 10749, 14]",en,12000000,87100449,123,"Universal Pictures, Relativity Media, Working Title",Richard Curtis,"Domhnall Gleeson, Rachel McAdams, Bill Nighy, Tom Hollander, Margot Robbie"
116745,tt0359950,The Secret Life of Walter Mitty,The Secret Life of Walter Mitty,2013-12-18,17.8326,7.23,8477,"[12, 35, 18, 14]",en,90000000,188133322,114,"Samuel Goldwyn Films, Red Hour, New Line Cinema, Big Screen Productions, Down Productions, Ingenious Media, 20th Century Fox, TSG Entertainment",Ben Stiller,"Ben Stiller, Kristen Wiig, Sean Penn, Shirley MacLaine, Adam Scott"
152601,tt1798709,Her,Her,2013-12-18,18.4538,7.8,15627,"[10749, 878, 18]",en,23000000,47351251,126,Annapurna Pictures,Spike Jonze,"Joaquin Phoenix, Scarlett Johansson, Lynn Adrianna, Lisa Renee Pitts, Gabe Gomez"
62211,tt1453405,Monsters University,Monsters University,2013-06-19,18.3231,7.058,11541,"[16, 10751, 35, 14]",en,200000000,743559465,104,Pixar,Dan Scanlon,"Billy Crystal, John Goodman, Steve Buscemi, Helen Mirren, Peter Sohn"
96721,tt1979320,Rush,Rush,2013-09-02,19.4277,7.744,8036,"[18, 28]",en,38000000,90200000,123,"Revolution Films, Working Title, Imagine Entertainment",Ron Howard,"Chris Hemsworth, Daniel Brühl, Olivia Wilde, Alexandra Maria Lara, Pierfrancesco Favino"
286687,tt3985604,Love Lesson,화려한 외출,2013-12-05,14.7915,6.8,43,"[10749, 18, 35]",ko,0,0,80,Shakabuku Films,Ko Kyeong-Ah,"Kim Sun-young, Byun Jun-suk, Oh Cho-hee, Kim Ji-hoon, Heo Jung-min"
109439,tt1951261,The Hangover Part III,The Hangover Part III,2013-05-23,16.555,6.212,9434,[35],en,103000000,362000072,100,"Green Hat Films, Legendary Pictures, BenderSpink",Todd Phillips,"Bradley Cooper, Ed Helms, Zach Galifianakis, Justin Bartha, Ken Jeong"
138832,tt1723121,We're the Millers,We're the Millers,2013-08-07,16.2227,6.839,9660,"[35, 80]",en,37000000,270000000,110,"New Line Cinema, Newman/Tooley Films, Bad Version, Slap Happy Productions, Heyday Films, BenderSpink",Rawson Marshall Thurber,"Jennifer Aniston, Jason Sudeikis, Emma Roberts, Will Poulter, Ed Helms"
109428,tt1288558,Evil Dead,Evil Dead,2013-04-05,16.0745,6.7,5351,[27],en,17000000,99010045,91,"TriStar Pictures, FilmDistrict, Ghost House Pictures",Fede Álvarez,"Jane Levy, Shiloh Fernandez, Lou Taylor Pucci, Jessica Lucas, Elizabeth Blackmore"
64682,tt1343092,The Great Gatsby,The Great Gatsby,2013-05-09,16.494,7.346,13162,"[18, 10749]",en,105000000,351040419,143,"Warner Bros. Pictures, Village Roadshow Pictures, Bazmark, Red Wagon Entertainment, A+E Global Media",Baz Luhrmann,"Leonardo DiCaprio, Tobey Maguire, Carey Mulligan, Joel Edgerton, Elizabeth Debicki"
49047,tt1454468,Gravity,Gravity,2013-10-03,15.3851,7.172,16663,"[878, 53, 18]",en,105000000,723192705,91,"Esperanto Filmoj, Warner Bros. Pictures, Heyday Films",Alfonso Cuarón,"Sandra Bullock, George Clooney, Ed Harris, Orto Ignatiussen, Phaldut Sharma"
54138,tt1408101,Star Trek Into Darkness,Star Trek Into Darkness,2013-05-05,15.6121,7.32,9867,"[28, 12, 878]",en,190000000,467381584,132,"Bad Robot, Paramount Pictures, Skydance Media",J.J. Abrams,"Chris Pine, Zachary Quinto, Zoe Saldaña, Benedict Cumberbatch, Karl Urban"
109091,tt2193215,The Counselor,The Counselor,2013-10-25,13.399,5.291,2035,"[53, 80, 18]",en,25000000,71009334,117,"Fox 2000 Pictures, Nick Wechsler Productions, Chockstone Pictures, TSG Entertainment, Scott Free Productions",Ridley Scott,"Michael Fassbender, Penélope Cruz, Cameron Diaz, Javier Bardem, Brad Pitt"
81005,tt1351685,Jack the Giant Slayer,Jack the Giant Slayer,2013-02-27,15.2975,5.911,5351,"[14, 28, 12]",en,195000000,197700000,114,"New Line Cinema, Legendary Pictures, Original Film, Big Kid Pictures, Bad Hat Harry Productions, Warner Bros. Pictures",Bryan Singer,"Nicholas Hoult, Eleanor Tomlinson, Ewan McGregor, Stanley Tucci, Ian McShane"
75612,tt1483013,Oblivion,Oblivion,2013-04-10,13.7892,6.691,11821,"[28, 878, 12, 9648]",en,120000000,286168572,124,"Universal Pictures, Relativity Media, Monolith Pictures, Chernin Entertainment, Radical Studios, Anonymous Content",Joseph Kosinski,"Tom Cruise, Morgan Freeman, Olga Kurylenko, Andrea Riseborough, Nikolaj Coster-Waldau"
255709,tt3153634,Hope,소원,2013-10-02,12.9355,8.395,918,[18],ko,0,0,122,"Lotte Entertainment, Film Momentum, Michigan Venture Capital",Lee Joon-ik,"Sul Kyung-gu, Uhm Ji-won, Lee Re, Kim Sang-ho, Kim Hae-sook"
110415,tt1706620,Snowpiercer,설국열차,2013-08-01,13.0715,6.909,10674,"[28, 878, 18]",ko,39200000,86758912,127,"Opus Pictures, Moho Film, CJ Entertainment, Union Investment Partners",Bong Joon Ho,"Chris Evans, Song Kang-ho, Ed Harris, John Hurt, Tilda Swinton"
193756,tt1091191,Lone Survivor,Lone Survivor,2013-12-24,13.0182,7.43,4868,"[10752, 28, 18]",en,40000000,149295601,121,"EFO Films, Envision Entertainment, Film 44, Herrick Entertainment, Leverage Entertainment, Spikings Entertainment, Single Berry, Closest to the Hole Productions",Peter Berg,"Mark Wahlberg, Taylor Kitsch, Emile Hirsch, Ben Foster, Eric Bana"
116711,tt0848537,Epic,Epic,2013-05-15,12.7163,6.6,3009,"[16, 12, 10751, 14]",en,100000000,268426634,102,"Blue Sky Studios, 20th Century Fox Animation",Chris Wedge,"Colin Farrell, Amanda Seyfried, Christoph Waltz, Josh Hutcherson, Jason Sudeikis"
49524,tt0790736,R.I.P.D.,R.I.P.D.,2013-07-18,13.2315,5.864,4395,"[14, 28, 35]",en,130000000,61600000,96,"Universal Pictures, Dark Horse Entertainment, Original Film",Robert Schwentke,"Jeff Bridges, Ryan Reynolds, Kevin Bacon, Mary-Louise Parker, Stephanie Szostak"
249397,tt2382009,Nymphomaniac: Vol. II,Nymphomaniac: Vol. II,2013-12-25,12.7416,6.7,3265,"[18, 9648]",en,2350000,4934725,124,"Zentropa Entertainments, Zentropa International Köln, Zentropa International France, Zentropa International Sweden, Slot Machine, Caviar, Zenbelgie BVBA, ARTE France Cinéma, Film i Väst, Groupe Grand Accord",Lars von Trier,"Charlotte Gainsbourg, Stellan Skarsgård, Stacy Martin, Shia LaBeouf, Willem Dafoe"
204082,tt2312718,Homefront,Homefront,2013-11-12,12.8367,6.951,3957,"[28, 53]",en,22000000,51695362,100,"Open Road Films, Millennium Media, Universal Pictures",Gary Fleder,"Jason Statham, James Franco, Izabela Vidovic, Kate Bosworth, Marcus Hester"
64686,tt1335975,47 Ronin,47 Ronin,2013-12-06,13.3279,6.213,4253,"[18, 28, 14]",en,175000000,151783839,119,"Mid Atlantic Films, Stuber Pictures, Moving Picture Company, H2F Entertainment, Universal Pictures, Relativity Media",Carl Rinsch,"Keanu Reeves, Hiroyuki Sanada, Ko Shibasaki, Tadanobu Asano, Min Tanaka"
158015,tt2184339,The Purge,The Purge,2013-05-31,13.0421,6.246,9006,"[878, 27, 53]",en,3000000,91266581,85,"Universal Pictures, Why Not Productions, Platinum Dunes, Blumhouse Productions",James DeMonaco,"Ethan Hawke, Lena Headey, Max Burkholder, Adelaide Kane, Edwin Hodge"
77931,tt2017020,The Smurfs 2,The Smurfs 2,2013-07-30,13.6334,5.744,2414,"[14, 10751, 35, 16]",en,105000000,347434178,105,"NeoReel, Columbia Pictures, Sony Pictures Animation, Hemisphere Media Capital, The Kerner Entertainment Company",Raja Gosnell,"Katy Perry, Hank Azaria, Neil Patrick Harris, Jayma Mays, Brendan Gleeson"
76203,tt2024544,12 Years a Slave,12 Years a Slave,2013-10-18,15.2538,7.927,12212,"[18, 36]",en,20000000,187000000,134,"New Regency Pictures, Plan B Entertainment, River Road Entertainment, Regency Enterprises, Film4 Productions",Steve McQueen,"Chiwetel Ejiofor, Michael Fassbender, Lupita Nyong'o, Benedict Cumberbatch, Paul Dano"
107846,tt1211956,Escape Plan,Escape Plan,2013-10-09,13.714,6.718,5735,"[28, 53]",en,50000000,137328301,115,"Knightsbridge Entertainment, Summit Entertainment, Atmosphere Entertainment MM, Envision Entertainment, Boies/Schiller Film Group, Lionsgate, Emmett/Furla Films",Mikael Håfström,"Sylvester Stallone, Arnold Schwarzenegger, Jim Caviezel, 50 Cent, Sam Neill"
68724,tt1535108,Elysium,Elysium,2013-08-07,12.5765,6.525,9812,"[878, 28, 18, 53]",en,115000000,286140700,109,"TriStar Pictures, MRC, QED International, Alphacore, Genre Films",Neill Blomkamp,"Matt Damon, Jodie Foster, Sharlto Copley, Diego Luna, Wagner Moura"
4258,tt0795461,Scary Movie 5,Scary Movie 5,2013-04-11,13.1978,4.779,3165,[35],en,20000000,78613981,86,"Dimension Films, Brad Grey Pictures",Malcolm D. Lee,"Ashley French, Simon Rex, Gracie Whitton, Ava Kolker, Dylan Morris"
60304,tt1428538,Hansel & Gretel: Witch Hunters,Hansel & Gretel: Witch Hunters,2013-01-17,11.7716,6.1,7224,"[14, 27, 28]",en,50000000,226349749,88,"Paramount Pictures, MTV Films, Gary Sanchez Productions, Studio Babelsberg, Metro-Goldwyn-Mayer",Tommy Wirkola,"Jeremy Renner, Gemma Arterton, Famke Janssen, Pihla Viitala, Derek Mears"
109414,tt1245492,This Is the End,This Is the End,2013-06-12,12.033,6.233,7019,"[28, 35]",en,32000000,126041322,106,"Columbia Pictures, Mandate Pictures, Point Grey Pictures","Seth Rogen, Evan Goldberg","James Franco, Jonah Hill, Seth Rogen, Jay Baruchel, Danny McBride"
132232,tt2023587,Mama,Mama,2013-01-17,11.1174,6.293,4508,[27],en,15000000,146428180,100,"Toma 78, Demilo Films",Andy Muschietti,"Jessica Chastain, Nikolaj Coster-Waldau, Megan Charpentier, Isabelle Nélisse, Daniel Kash"
117263,tt2302755,Olympus Has Fallen,Olympus Has Fallen,2013-03-20,13.009,6.416,7205,"[28, 53]",en,70000000,170270201,120,"Millennium Media, G-BASE, Nu Image",Antoine Fuqua,"Gerard Butler, Aaron Eckhart, Finley Jacobsen, Dylan McDermott, Rick Yune"
109451,tt1985966,Cloudy with a Chance of Meatballs 2,Cloudy with a Chance of Meatballs 2,2013-09-26,12.822,6.458,3576,"[16, 10751, 35]",en,78000000,248384621,95,"Columbia Pictures, Sony Pictures Animation","Kris Pearn, Cody Cameron","Bill Hader, Anna Faris, James Caan, Will Forte, Andy Samberg"
146216,tt1821694,RED 2,RED 2,2013-07-18,11.6656,6.53,4424,"[28, 12, 35, 80, 53]",en,84000000,148075565,116,"di Bonaventura Pictures, DC",Dean Parisot,"Bruce Willis, John Malkovich, Mary-Louise Parker, Dan Jeannotte, Anthony Hopkins"
107985,tt1213663,The World's End,The World's End,2013-07-18,11.4233,6.81,6065,"[35, 28, 878]",en,20000000,46100000,109,"Big Talk Studios, Working Title, Relativity Media, Working Title Films",Edgar Wright,"Simon Pegg, Nick Frost, Paddy Considine, Martin Freeman, Eddie Marsan"
80274,tt1731141,Ender's Game,Ender's Game,2013-10-24,10.6065,6.594,6413,"[878, 28, 12]",en,110000000,125537191,114,"Digital Domain, Chartoff Productions, Taleswapper, K/O Paper Products, OddLot Entertainment",Gavin Hood,"Asa Butterfield, Hailee Steinfeld, Harrison Ford, Viola Davis, Ben Kingsley"
271165,tt2195922,My Other Me: A Film About Cosplayers,My Other Me: A Film About Cosplayers,2013-01-01,8.2806,4.167,6,[99],en,0,0,85,,Josh Laner,
87516,tt1321511,Oldboy,Oldboy,2013-11-14,11.4719,5.923,2188,"[53, 9648]",en,30000000,5200000,104,"40 Acres and a Mule Filmworks, Vertigo Entertainment, Good Universe, FilmDistrict",Spike Lee,"Josh Brolin, Elizabeth Olsen, Sharlto Copley, Samuel L. Jackson, Michael Imperioli"
168672,tt1800241,American Hustle,American Hustle,2013-12-12,11.6956,6.851,7904,"[18, 80]",en,40000000,251171807,138,"Annapurna Pictures, Atlas Entertainment",David O. Russell,"Christian Bale, Bradley Cooper, Amy Adams, Jeremy Renner, Jennifer Lawrence"
77950,tt1860353,Turbo,Turbo,2013-07-11,12.1008,6.3,3787,"[16, 10751]",en,135000000,282570682,96,DreamWorks Animation,David Soren,"Ryan Reynolds, Paul Giamatti, Michael Peña, Samuel L. Jackson, Luis Guzmán"
133805,tt1939659,Carrie,Carrie,2013-10-16,11.2709,6.1,4824,"[18, 27]",en,30000000,84790678,101,"Misher Films, Screen Gems, Metro-Goldwyn-Mayer",Kimberly Peirce,"Chloë Grace Moretz, Julianne Moore, Gabriella Wilde, Ansel Elgort, Alex Russell"
136795,tt2404463,The Heat,The Heat,2013-06-27,10.8438,6.6,4272,"[28, 35, 80]",en,43000000,229930771,117,"Chernin Entertainment, TSG Entertainment, Ingenious Media, Big Screen Productions, 20th Century Fox",Paul Feig,"Sandra Bullock, Melissa McCarthy, Demián Bichir, Marlon Wayans, Michael Rapaport"
76640,tt1549920,The Last Stand,The Last Stand,2013-01-12,10.6869,6.097,3068,"[28, 80, 53]",en,30000000,0,107,"di Bonaventura Pictures, CJ Entertainment, Lionsgate",Kim Jee-woon,"Arnold Schwarzenegger, Johnny Knoxville, Jaimie Alexander, Zach Gilford, Kristen DeVore Rakes"
149870,tt2013293,The Wind Rises,風立ちぬ,2013-07-20,10.3037,7.785,3480,"[16, 18, 36, 10749]",ja,30000000,117932401,126,"Studio Ghibli, Nippon Television Network Corporation, dentsu, Hakuhodo DY Media Partners, d-rights, TOHO, Walt Disney Japan, KDDI",Hayao Miyazaki,"Hideaki Anno, Hidetoshi Nishijima, Miori Takimoto, Masahiko Nishimura, Stephen Alpert"
257874,tt2991296,Beneath,Beneath,2013-10-08,8.2573,5.4,178,[27],en,89,0,89,"Revolver Picture Company, Elevative Entertainment",Ben Ketai,"Brent Briscoe, Kurt Caceres, Eric Etebari, Jeff Fahey, Joey Kern"
109424,tt1535109,Captain Phillips,Captain Phillips,2013-10-10,11.8962,7.537,7678,"[28, 18, 53]",en,55000000,218791811,134,"Columbia Pictures, Michael De Luca Productions, Scott Rudin Productions, Trigger Street Productions",Paul Greengrass,"Tom Hanks, Barkhad Abdi, Barkhad Abdirahman, Faysal  Ahmed, Mahat M. Ali"
59859,tt1650554,Kick-Ass 2,Kick-Ass 2,2013-07-17,10.2799,6.405,6717,"[28, 12, 80]",en,28000000,60795985,103,"Marv, Universal Pictures",Jeff Wadlow,"Aaron Taylor-Johnson, Chloë Grace Moretz, Christopher Mintz-Plasse, Lyndsy Fonseca, Jim Carrey"
138697,tt2229499,Don Jon,Don Jon,2013-09-12,10.9866,6.019,4678,"[10749, 35, 18]",en,3000000,0,90,"Ram Bergman Productions, HitRecord Films, Voltage Pictures",Joseph Gordon-Levitt,"Joseph Gordon-Levitt, Scarlett Johansson, Julianne Moore, Tony Danza, Glenne Headly"
151960,tt1691917,Planes,Planes,2013-08-09,11.6614,5.936,1877,"[16, 10751, 12, 35]",en,50000000,219788712,91,DisneyToon Studios,Klay Hall,"Dane Cook, Carlos Alazraqui, Val Kilmer, Julia Louis-Dreyfus, Brad Garrett"
72559,tt1583421,G.I. Joe: Retaliation,G.I. Joe: Retaliation,2013-03-27,12.306,5.664,5877,"[28, 878, 12, 53]",en,130000000,371900000,110,"Paramount Pictures, Hasbro, di Bonaventura Pictures, Saints LA, Metro-Goldwyn-Mayer, Skydance Media",Jon M. Chu,"Dwayne Johnson, Bruce Willis, Jonathan Pryce, Adrianne Palicki, Ray Park"
117251,tt2334879,White House Down,White House Down,2013-06-27,11.4597,6.467,5222,"[28, 18, 53]",en,150000000,205366737,131,"Columbia Pictures, Mythology Entertainment, Centropolis Entertainment, Iron Horse Entertainment, Street Entertainment",Roland Emmerich,"Channing Tatum, Jamie Foxx, Maggie Gyllenhaal, Jason Clarke, Richard Jenkins"
152532,tt0790636,Dallas Buyers Club,Dallas Buyers Club,2013-11-01,10.6851,7.905,9274,"[18, 36]",en,5000000,55736588,117,"Truth Entertainment, Voltage Pictures, CE, Evolution Independent, R² Films, Rainmaker Films",Jean-Marc Vallée,"Matthew McConaughey, Jennifer Garner, Jared Leto, Denis O'Hare, Steve Zahn"
203833,tt0816442,The Book Thief,The Book Thief,2013-11-08,10.4084,7.491,4582,[18],en,19000000,76586316,131,"Studio Babelsberg, Fox 2000 Pictures, Sunswept Entertainment",Brian Percival,"Geoffrey Rush, Emily Watson, Sophie Nélisse, Ben Schnetzer, Nico Liersch"
136400,tt1272878,2 Guns,2 Guns,2013-08-02,10.8182,6.537,4613,"[28, 35, 80]",en,61000000,131940411,109,"Universal Pictures, Marc Platt Productions, EFO Films, Envision Entertainment, Foresight Unlimited, Oasis Entertainment, Herrick Entertainment, BOOM! Studios, Empyre Media Capital",Baltasar Kormákur,"Denzel Washington, Mark Wahlberg, Paula Patton, Edward James Olmos, Bill Paxton"
130150,tt1967545,Labor Day,Labor Day,2013-12-27,9.0953,7.062,1387,"[18, 10749, 53]",en,18000000,20275812,111,"Mr. Mudd, Indian Paintbrush, Paramount Pictures, Right of Way Films",Jason Reitman,"Kate Winslet, Josh Brolin, Gattlin Griffith, Tobey Maguire, Tom Lipinski"
68728,tt1623205,Oz the Great and Powerful,Oz the Great and Powerful,2013-03-07,10.9042,5.94,6909,"[14, 12, 10751]",en,200000000,491868548,130,"Roth Films, Curtis-Donen Productions, Walt Disney Pictures",Sam Raimi,"James Franco, Mila Kunis, Rachel Weisz, Michelle Williams, Zach Braff"
216919,tt1236434,Deseo,Deseo,2013-09-13,8.6175,6.536,274,[18],es,0,0,97,"JADE FILMS, Grupo AZTECA, Eficine 226, Instituto Mexicano de Cinematografía",Antonio Zavala Kugler,"Edith González, Christian Bach, Paola Nuñez, Paulina Gaitán, Leonor Varela"
112205,tt2404311,The Family,The Family,2013-09-13,9.7365,6.362,3170,"[80, 35, 28]",en,30000000,36894225,111,"EuropaCorp, Relativity Media, Grive Productions, TF1 Films Production",Luc Besson,"Robert De Niro, Michelle Pfeiffer, Tommy Lee Jones, Dianna Agron, John D'Leo"
109431,tt2024432,Identity Thief,Identity Thief,2013-02-07,9.9098,5.852,3571,"[35, 80]",en,35000000,173965010,111,"Stuber Pictures, Aggregate Films, DumbDumb, Universal Pictures, Bluegrass Films",Seth Gordon,"Jason Bateman, Melissa McCarthy, Jon Favreau, Amanda Peet, T.I."
134374,tt1980209,Pain & Gain,Pain & Gain,2013-04-18,9.8557,6.296,4907,"[35, 80, 28]",en,25000000,87305549,130,"Paramount Pictures, De Line Pictures, Bay Films",Michael Bay,"Mark Wahlberg, Dwayne Johnson, Anthony Mackie, Tony Shalhoub, Ed Harris"
175574,tt1621039,Free Birds,Free Birds,2013-10-30,9.2132,5.888,880,"[16, 35, 10751]",en,55000000,110000000,91,"Reel FX Creative Studios, Relativity Media",Jimmy Hayward,"Owen Wilson, Woody Harrelson, Amy Poehler, George Takei, Colm Meaney"
57201,tt1210819,The Lone Ranger,The Lone Ranger,2013-07-03,9.4679,6.132,6272,"[28, 12, 37]",en,215000000,260502115,149,"Walt Disney Pictures, Jerry Bruckheimer Films, Infinitum Nihil, Blind Wink",Gore Verbinski,"Johnny Depp, Armie Hammer, Tom Wilkinson, William Fichtner, Helena Bonham Carter"
136418,tt1893256,Hummingbird,Hummingbird,2013-05-07,9.9433,6.176,1925,"[28, 53]",en,20000000,8352885,100,"Shoebox Films, IM Global",Steven Knight,"Jason Statham, Agata Buzek, Vicky McClure, Benedict Wong, Ger Ryan"
126963,tt2263944,Dragon Ball Z: Battle of Gods,ドラゴンボールZ 神と神,2013-03-30,10.1765,6.851,1688,"[16, 28, 878]",ja,0,50461371,85,"Bandai Namco Games, Toei Animation, Fuji Television Network, Shueisha, Toei Company, Fox International Productions Japan, Bandai",Masahiro Hosoda,"Masako Nozawa, Koichi Yamadera, Masakazu Morita, Ryo Horikawa, Hiromi Tsuru"
173185,tt2186812,It Boy,20 Ans d'écart,2013-03-06,8.1599,6.535,1628,[35],fr,0,0,92,"EuropaCorp, TF1 Films Production, Echo Film",David Moreau,"Virginie Efira, Pierre Niney, Gilles Cohen, Amélie Glenn, Charles Berling"
211024,tt3091552,At Berkeley,At Berkeley,2013-11-08,7.1578,6.724,29,[99],en,0,0,244,"Ford Foundation / JustFilms, ITVS, Corporation for Public Broadcasting, Sundance Institute, Pershing Square Foundation",Frederick Wiseman,"Anahid Modrek, Sharon Inkelas, George Lakoff"
72710,tt1517260,The Host,The Host,2013-03-22,8.881,6.3,4131,"[28, 12, 878]",en,44000000,63300000,126,"Open Road Films, Nick Wechsler Productions, Silver Reel, Chockstone Pictures",Andrew Niccol,"Saoirse Ronan, Diane Kruger, Max Irons, Jake Abel, William Hurt"
123553,tt1538403,The Mortal Instruments: City of Bones,The Mortal Instruments: City of Bones,2013-08-21,8.9707,6.4,4698,"[14, 28, 9648]",en,60000000,95396573,130,"Screen Gems, Unique Features, Mister Smith Entertainment, Don Carmody Productions, Constantin Film",Harald Zwart,"Lily Collins, Jamie Campbell Bower, Robert Sheehan, Kevin Zegers, Jemima West"
169881,tt2101473,The Physician,The Physician,2013-12-25,9.0749,7.341,1218,"[12, 18, 36]",en,36000000,57284237,155,"Pixomondo, CinePostproduction, Cine Mobil, ARD, ARD Degeto, UFA",Philipp Stölzl,"Tom Payne, Stellan Skarsgård, Olivier Martinez, Emma Rigby, Ben Kingsley"
97367,tt1817273,The Place Beyond the Pines,The Place Beyond the Pines,2013-03-20,9.2928,6.98,5318,"[18, 80]",en,15000000,47135966,140,"Sidney Kimmel Entertainment, Electric City Entertainment, Verisimilitude, Hunting Lane Films, Silverwood Films, Sierra/Affinity",Derek Cianfrance,"Ryan Gosling, Bradley Cooper, Eva Mendes, Rose Byrne, Ray Liotta"
166666,tt1667355,3096 Days,3096 Tage,2013-02-21,9.5223,7.399,1023,[18],de,0,6677474,111,"Constantin Film, NDR, BR, ARD Degeto",Sherry Hormann,"Antonia Campbell-Hughes, Thure Lindhardt, Trine Dyrholm, Amelia Pidgeon, Dearbhla Molloy"
87818,tt1333125,Movie 43,Movie 43,2013-01-24,7.0239,4.661,2575,[35],en,6000000,32443111,98,"Witness Protection Films, Relativity Media, Virgin Produced, GreeneStreet Films, Wessler Entertainment","Steve Carr, Elizabeth Banks, Patrik Forsberg, James Duffy, Peter Farrelly, Brett Ratner, Griffin Dunne, Steven Brill, James Gunn, Will Graham, Jonathan van Tulleken, Rusty Cundieff","Dennis Quaid, Greg Kinnear, Hugh Jackman, Kate Winslet, Jeremy Allen White"
82682,tt1321870,Gangster Squad,Gangster Squad,2013-01-09,8.5083,6.378,4329,"[80, 18, 28, 53]",en,60000000,105200000,113,"Village Roadshow Pictures, Lin Pictures, Langley Park Production, Warner Bros. Pictures",Ruben Fleischer,"Josh Brolin, Ryan Gosling, Sean Penn, Nick Nolte, Emma Stone"
132344,tt2209418,Before Midnight,Before Midnight,2013-04-05,8.7638,7.496,2790,"[10749, 18]",en,3000000,11176469,109,"Castle Rock Entertainment, Detour Filmproduction, Faliro House Productions, Venture Forth, IM Global",Richard Linklater,"Ethan Hawke, Julie Delpy, Seamus Davey-Fitzpatrick, Jennifer Prior, Charlotte Prior"
87421,tt1411250,Riddick,Riddick,2013-09-02,8.4254,6.345,4525,"[878, 28, 53]",en,38000000,98337295,119,"One Race, Riddick Canada Productions, Radar Pictures, Universal Pictures",David Twohy,"Vin Diesel, Nolan Gerard Funk, Matt Nable, Katee Sackhoff, Jordi Mollà"
152603,tt1714915,Only Lovers Left Alive,Only Lovers Left Alive,2013-12-12,8.2198,7.201,2455,"[18, 10749, 14]",en,7000000,8213623,123,"Recorded Picture Company, Pandora Film, Snow Wolf Produktion, Faliro House Productions, HanWay Films, Le Pacte, ARD Degeto, Lago Film, Road Movies",Jim Jarmusch,"Tilda Swinton, Tom Hiddleston, Anton Yelchin, Mia Wasikowska, Jeffrey Wright"
167032,tt2230358,Curse of Chucky,Curse of Chucky,2013-10-08,9.1876,6.0,1747,"[27, 53]",en,5000000,3876587,97,Universal 1440 Entertainment,Don Mancini,"Fiona Dourif, Brad Dourif, Danielle Bisutti, Summer H. Howell, Brennan Elliott"
198277,tt1980929,Begin Again,Begin Again,2013-09-07,9.0811,7.2,4076,"[35, 10402, 10749, 18]",en,8000000,63500000,104,"Likely Story, Exclusive Media, Sycamore Pictures, Apatow Productions, Black Label Media",John Carney,"Mark Ruffalo, Keira Knightley, Adam Levine, Hailee Steinfeld, Catherine Keener"
83899,tt1853739,You're Next,You're Next,2013-08-22,8.3891,6.597,2759,"[27, 53, 9648]",en,1000000,14347000,94,"Snoot Entertainment, HanWay Films",Adam Wingard,"Sharni Vinson, Nicholas Tucci, Wendy Glenn, AJ Bowen, Joe Swanberg"
250902,tt2294916,The Image Revolution,The Image Revolution,2013-11-21,5.1787,7.056,18,[99],en,50000,0,81,"Respect Films, Sequart",Patrick Meaney,"Todd McFarlane, Rob Liefeld, Jim Lee, Marc Silvestri, Erik Larsen"
112949,tt1702439,Safe Haven,Safe Haven,2013-02-07,9.2556,7.234,2464,"[10749, 53]",en,28000000,97600000,115,"Relativity Media, Temple Hill Entertainment",Lasse Hallström,"Julianne Hough, Josh Duhamel, Cobie Smulders, David Lyons, Mimi Kirkland"
207768,tt2537176,I Spit on Your Grave 2,I Spit on Your Grave 2,2013-08-25,7.8693,6.293,1465,"[53, 27, 80]",en,0,678604,106,CineTel Films,Steven R. Monroe,"Jemma Dallender, Joe Absolom, Aleksandar Aleksiev, Yavor Baharov, Mary Stockley"
102362,tt2101341,Dead Man Down,Dead Man Down,2013-03-08,8.1824,6.167,1601,"[53, 28, 80, 18]",en,30000000,19600000,118,"WWE Studios, Original Film, Frequency Films, IM Global",Niels Arden Oplev,"Colin Farrell, Noomi Rapace, Terrence Howard, Dominic Cooper, Isabelle Huppert"
47964,tt1606378,A Good Day to Die Hard,A Good Day to Die Hard,2013-02-06,9.6386,5.326,6870,"[28, 53]",en,92000000,304654182,98,"Mid Atlantic Films, Ingenious Media, Dune Entertainment, Big Screen Productions, Temple Hill Entertainment, TSG Entertainment, Giant Pictures, Origo Film Group, 20th Century Fox",John Moore,"Bruce Willis, Jai Courtney, Sebastian Koch, Yuliya Snigir, Radivoje Bukvić"
139038,tt2243537,A Haunted House,A Haunted House,2013-01-11,7.5944,5.956,2110,"[35, 27]",en,2500000,60141683,86,"Open Road Films, Endgame Entertainment, Wayans Bros. Entertainment, IM Global",Michael Tiddes,"Marlon Wayans, Essence Atkins, Nick Swardson, Cedric the Entertainer, David Koechner"
77805,tt1426329,Lovelace,Lovelace,2013-08-08,7.4334,6.019,795,[18],en,10000000,1585582,92,"Helios-Filmproduktion, Animus Films, Millennium Media","Jeffrey Friedman, Rob Epstein","Amanda Seyfried, Sharon Stone, Robert Patrick, Peter Sarsgaard, Hank Azaria"
149871,tt2576852,The Tale of The Princess Kaguya,かぐや姫の物語,2013-11-23,8.5665,8.086,2044,"[16, 18, 14]",ja,49300000,24366656,137,"Studio Ghibli, Hakuhodo DY Media Partners, KDDI, Nippon Television Network Corporation, TOHO, Mitsubishi, dentsu, Walt Disney Japan, d-rights",Isao Takahata,"Aki Asakura, Takeo Chii, Nobuko Miyamoto, Kengo Kora, Atsuko Takahata"
98357,tt1235522,Broken City,Broken City,2013-01-18,7.8561,5.954,1610,"[53, 80, 18]",en,56000000,34737199,109,"1984 Private Defense Contractors, Inferno International, Regency Enterprises, Black Bear Pictures, New Regency Pictures, Closest to the Hole Productions, Envision Entertainment, Leverage Entertainment, Emmett/Furla Films",Allen Hughes,"Mark Wahlberg, Russell Crowe, Catherine Zeta-Jones, Jeffrey Wright, Barry Pepper"
198287,tt1928340,After the Dark,After the Dark,2013-07-06,6.2325,6.011,749,"[18, 14, 878, 53]",en,0,1770376,107,SCTV,John Huddles,"James D'Arcy, Sophie Lowe, Rhys Wakefield, Bonnie Wright, Daryl Sabara"
82654,tt1588173,Warm Bodies,Warm Bodies,2013-01-31,7.5332,6.475,6488,"[27, 35, 10749, 28, 878]",en,35000000,117000000,98,"Summit Entertainment, Mandeville Films",Jonathan Levine,"Nicholas Hoult, Teresa Palmer, Lio Tipton, John Malkovich, Dave Franco"
76617,tt1572315,Texas Chainsaw 3D,Texas Chainsaw 3D,2013-01-03,8.5749,5.5,1861,"[27, 53]",en,20000000,47340586,92,"Lionsgate, Millennium Media, Mainline Pictures, Leatherface Productions",John Luessenhop,"Alexandra Daddario, Dan Yeager, Trey Songz, Tania Raymonde, Paul Rae"
233063,tt2987732,Suck Me Shakespeer,Fack ju Göhte,2013-11-07,7.1773,6.999,1789,[35],de,0,77676735,117,"Rat Pack Filmproduktion, Constantin Film",Bora Dağtekin,"Elyas M'Barek, Karoline Herfurth, Katja Riemann, Jana Pallaske, Alwara Höfels"
109491,tt1559547,Beautiful Creatures,Beautiful Creatures,2013-02-13,7.2725,6.05,2977,"[14, 18, 10749]",en,60000000,60052138,124,"Alcon Entertainment, Belle Pictures, 3 Arts Entertainment",Richard LaGravenese,"Alden Ehrenreich, Alice Englert, Jeremy Irons, Viola Davis, Emmy Rossum"
134411,tt0882977,Snitch,Snitch,2013-02-21,7.2598,6.1,2532,"[28, 18, 53]",en,35000000,42930462,112,"Exclusive Media, Participant, Image Nation Studios, Front Street Productions, Spitfire Pictures, Summit Entertainment",Ric Roman Waugh,"Dwayne Johnson, Barry Pepper, Susan Sarandon, Benjamin Bratt, Michael Kenneth Williams"
248087,tt2404217,The Eternal Zero,永遠の0,2013-12-20,7.3873,7.0,76,"[10752, 18, 28, 9648]",ja,0,84500000,144,"Amuse Soft Entertainment, TOHO, Shirogumi, Robot Communications, AMUSE, dentsu, Shuji Abe Office, J Storm, Ohta Publishing, Kodansha, Futabasha, The Asahi Shimbun, NIKKEI, KDDI, Tokyo FM, Nippan Group Holdings, GYAO, Chunichi Shimbun, THE NISHINIPPON SHIMBUN",Takashi Yamazaki,"Junichi Okada, Haruma Miura, Mao Inoue, Isao Natsuyagi, Jun Fubuki"
160588,tt2334873,Blue Jasmine,Blue Jasmine,2013-08-01,8.5262,6.981,3729,[18],en,18000000,99104804,99,"Gravier Productions, Perdido Productions",Woody Allen,"Cate Blanchett, Sally Hawkins, Alec Baldwin, Peter Sarsgaard, Bobby Cannavale"
239529,tt3335192,Lupin the Third vs. Detective Conan: The Movie,ルパン三世VS名探偵コナン THE MOVIE,2013-12-07,7.4566,6.881,185,"[16, 28, 53]",ja,0,41397727,106,"Double Eagle, Nippon Television Network Corporation, Shogakukan, Yomiuri Telecasting Corporation, TMS Entertainment, TOHO, Shogakukan-Shueisha Productions, VAP, Sapporo Television Broadcasting Company, Miyagi Television Broadcasting, Shizuoka Daiichi Television, Hiroshima Telecasting, Fukuoka Broadcasting System, Chukyo TV Broadcasting Company",Hajime Kamegaki,"Kanichi Kurita, Minami Takayama, Kappei Yamaguchi, Wakana Yamazaki, Kiyoshi Kobayashi"
152584,tt2278871,Blue Is the Warmest Color,La Vie d'Adèle - Chapitres 1 et 2,2013-10-09,7.4173,7.076,4939,"[10749, 18]",fr,4300000,19796489,180,"Wild Bunch, SCOPE Pictures, Quat'sous Films, France 2 Cinéma, RTBF, Alcatraz Films, Vértigo Films",Abdellatif Kechiche,"Léa Seydoux, Adèle Exarchopoulos, Salim Kéchiouche, Aurélien Recoing, Catherine Salée"
82700,tt1815862,After Earth,After Earth,2013-05-30,7.8977,5.178,6973,"[878, 28, 12]",en,130000000,243843127,100,"Columbia Pictures, Overbrook Entertainment, Blinding Edge Pictures",M. Night Shyamalan,"Jaden Smith, Will Smith, Sophie Okonedo, Zoë Kravitz, Glenn Morshower"
140823,tt2140373,Saving Mr. Banks,Saving Mr. Banks,2013-11-29,7.1322,7.336,3566,"[35, 18, 36]",en,35000000,112544580,126,"Hopscotch Features, Walt Disney Pictures, Ruby Films, Essential Media and Entertainment, BBC Film",John Lee Hancock,"Emma Thompson, Tom Hanks, Colin Farrell, Paul Giamatti, Ruth Wilson"
156717,tt1988591,Death Race: Inferno,Death Race: Inferno,2013-01-04,6.1883,5.871,852,"[28, 878, 53]",en,6500000,0,104,"Moonlighting Films, CC Capital Arts Entertainment SRL",Roel Reiné,"Luke Goss, Ving Rhames, Danny Trejo, Tanit Phoenix, Dougray Scott"
227700,tt1715336,Anna,Anna,2013-10-13,6.9062,6.464,738,"[53, 18]",en,4357373,1200000,99,"StudioCanal, The Safran Company, Ombra Films, Roxbury, Anton Capital Entertainment, Canal+, TV3, ICO, Vision Globale, Atresmedia Cine",Jorge Dorado,"Mark Strong, Taissa Farmiga, Brian Cox, Saskia Reeves, Richard Dillane"
111190,tt2103267,Adoration,Adoration,2013-04-03,7.0313,6.099,1052,[18],en,16000000,1600000,100,"Gaumont, Screen Australia, Ciné-@, Hopscotch Features, Mon Voisin Productions, Screen NSW, Canal+, France 2 Cinéma, France Télévisions",Anne Fontaine,"Naomi Watts, Robin Wright, Xavier Samuel, James Frecheville, Ben Mendelsohn"
85889,tt1450321,Filth,Filth,2013-09-27,7.5943,6.825,1971,"[80, 18, 35]",en,5000000,9114264,97,"Egoli Tossell Film, Steel Mill Pictures, Filmgate Films, Logie Pictures, Altitude Film Entertainment, Film House Germany, Maven Screen Media, Entre Chien et Loup, Mollywood, Creative Scotland, Film i Väst, Lionsgate UK, Studio Mao",Jon S. Baird,"James McAvoy, Jamie Bell, Eddie Marsan, Imogen Poots, Brian McCardie"
64807,tt1661382,Grudge Match,Grudge Match,2013-12-25,7.7797,6.104,1399,[35],en,40000000,44907260,113,"Gerber Pictures, Warner Bros. Pictures, Callahan Filmworks",Peter Segal,"Robert De Niro, Sylvester Stallone, Alan Arkin, Jon Bernthal, Kevin Hart"
146238,tt2364841,Runner Runner,Runner Runner,2013-09-24,7.9404,5.634,1339,"[80, 53, 18]",en,30000000,62600000,91,"Regency Enterprises, Double Feature Films, Appian Way, Stone Village Pictures, New Regency Pictures, 20th Century Fox",Brad Furman,"Justin Timberlake, Ben Affleck, Gemma Arterton, Anthony Mackie, Michael Esper"
109421,tt2053463,Side Effects,Side Effects,2013-02-07,8.5358,6.616,3391,"[53, 80, 18]",en,30000000,63414135,106,"di Bonaventura Pictures, Endgame Entertainment",Steven Soderbergh,"Rooney Mara, Jude Law, Catherine Zeta-Jones, Channing Tatum, Vinessa Shaw"
158011,tt1911644,The Call,The Call,2013-03-14,8.4639,6.787,3130,"[80, 53]",en,13000000,68572378,96,"TriStar Pictures, WWE Studios, Troika Pictures, Stage 6 Films, Amasia Entertainment",Brad Anderson,"Halle Berry, Abigail Breslin, Morris Chestnut, Michael Eklund, David Otunga"
132363,tt1327773,The Butler,The Butler,2013-08-16,7.4466,7.314,3078,[18],en,25000000,177313795,132,"Follow Through Productions, Salamander Pictures, Laura Ziskin Productions, Lee Daniels Entertainment, Pam Williams Productions, Windy Hill Pictures",Lee Daniels,"Forest Whitaker, Oprah Winfrey, David Oyelowo, John Cusack, Jane Fonda"
296149,tt2341971,55 & Older,55 & Older,2013-08-08,5.8528,4.154,13,[35],en,0,0,98,Armstrong Filmworks,Kevin Armstrong,"Jeffrey Klein, Erin Cosgrove, Allen Reynolds, Mike Rodriguez, Armand Alvarez"
106747,tt2002718,Machete Kills,Machete Kills,2013-09-12,7.2763,5.621,2094,"[28, 80, 53]",en,20000000,17537186,108,"Open Road Films, Overnight Films, AR Films, Aldamisa Entertainment, Demarest Films, 1821 Pictures, Quick Draw Productions, Universal Pictures",Robert Rodriguez,"Danny Trejo, Mel Gibson, Demián Bichir, Amber Heard, Michelle Rodriguez"
119283,tt1904996,Parker,Parker,2013-01-23,7.7867,6.101,3353,"[28, 80]",en,35000000,46216641,118,"Incentive Filmed Entertainment, Sierra/Affinity, Alexander/Mitchell Productions, Current Entertainment, Sidney Kimmel Entertainment, Anvil Films, FilmDistrict",Taylor Hackford,"Jason Statham, Jennifer Lopez, Michael Chiklis, Wendell Pierce, Clifton Collins Jr."
129139,tt1758795,The To Do List,The To Do List,2013-07-24,7.7447,5.765,1116,"[35, 10749]",en,1500000,3566225,104,"3 Arts Entertainment, The Mark Gordon Company, Varsity Pictures",Maggie Carey,"Aubrey Plaza, Johnny Simmons, Bill Hader, Alia Shawkat, Sarah Steele"
44865,tt1462900,The Grandmaster,一代宗師,2013-01-10,6.9641,6.624,1011,"[28, 18, 36]",zh,38600000,64076736,130,"Sil-Metropole Organisation, Annapurna Pictures, Block 2 Pictures, Jet Tone Production",Wong Kar-Wai,"Tony Leung Chiu-wai, Zhang Ziyi, Chang Chen, Zhao Benshan, Xiao Shenyang"
109443,tt1229340,Anchorman 2: The Legend Continues,Anchorman 2: The Legend Continues,2013-12-18,7.3143,6.1,2900,[35],en,50000000,173700000,119,"Gary Sanchez Productions, Paramount Pictures, Apatow Productions",Adam McKay,"Will Ferrell, Steve Carell, Paul Rudd, David Koechner, Christina Applegate"
167064,tt2633172,The City Lights,Svjetla grada,2013-02-12,5.6054,9.5,1,[18],bs,0,0,60,Udruženje Mladih Umjetnika Sarajeva,Kenan Musić,"Lana Stanišić, Albert Michael Ramirez, Edin Ličina, Adnan Novo, Muhamed Dupovac"
291881,tt3889320,BoOzy’ OS and the Cristal Gem,BoOzy’ OS et la Gemme de Cristal,2013-04-15,8.9463,7.9,31,"[16, 12, 35]",fr,0,0,5,"Synthesis Animation Studio, RED ƎYE Productions, CreaSyn Studio",J.K. Arsyn,"J.K. Arsyn, Georges Colazzo"
485409,,Triple Exposure,Triple Exposición,2013-01-01,6.2094,0.0,0,[],es,0,0,10,,Albert Alcoz,
259207,tt2904646,The President,Le président,2013-10-09,5.1741,7.0,1,"[18, 36]",fr,0,0,64,,Jean-Pierre Bekolo,"Gérard Essomba, Valery Ndongo"
146239,tt2387559,Delivery Man,Delivery Man,2013-10-10,6.725,6.253,1616,[35],en,26000000,51164106,105,"DreamWorks Pictures, Reliance Entertainment, André Rouleau Productions",Ken Scott,"Vince Vaughn, Cobie Smulders, Chris Pratt, Britt Robertson, Jack Reynor"
109410,tt0453562,42,42,2013-04-12,7.0287,7.2,2008,[18],en,40000000,95020213,128,Legendary Pictures,Brian Helgeland,"Chadwick Boseman, Harrison Ford, Nicole Beharie, Christopher Meloni, Ryan Merriman"
208134,tt3063516,Jackass Presents: Bad Grandpa,Jackass Presents: Bad Grandpa,2013-10-22,6.3672,6.188,1749,[35],en,15000000,151831537,92,"Paramount Pictures, MTV Films, Dickhouse Productions",Jeff Tremaine,"Johnny Knoxville, Jackson Nicoll, Georgina Cates, Catherine Keener, Spike Jonze"
165140,tt2670226,Jîn,Jîn,2013-02-09,5.6361,5.923,26,"[18, 10752]",tr,0,0,122,"Atlantik Film, Mars Entertainment Group, Imaj Film",Reha Erdem,"Deniz Hasgüler, Onur Ünsal, Sabahattin Yakut, Yıldırım Şimşek, Sema Kuray"
198892,tt2207730,Ingénue,Ingénue,2013-06-02,6.2892,0.0,0,[878],en,0,0,80,,Kate Chaplin,"Sarah Moore, Melissa Chapman, Raymond Kester, Kami Leach, Jamie Angel"
209189,tt1663207,Life of Crime,Life of Crime,2013-09-14,6.2327,5.737,438,"[35, 80]",en,12000000,265452,100,"Abbolita Productions, The Gotham Group, Starstream Entertainment",Daniel Schechter,"Jennifer Aniston, John Hawkes, Yasiin Bey, Isla Fisher, Will Forte"
86829,tt2042568,Inside Llewyn Davis,Inside Llewyn Davis,2013-10-18,6.2253,7.181,3004,"[18, 10402]",en,11000000,32935319,105,"StudioCanal, Anton Capital Entertainment, Mike Zoss Productions","Joel Coen, Ethan Coen","Oscar Isaac, Carey Mulligan, Justin Timberlake, Ethan Phillips, Robin Bartlett"
76285,tt1854564,Percy Jackson: Sea of Monsters,Percy Jackson: Sea of Monsters,2013-08-07,6.2173,6.029,5457,"[12, 10751, 14]",en,90000000,199850315,106,"Fox 2000 Pictures, Sunswept Entertainment, 1492 Pictures, TSG Entertainment",Thor Freudenthal,"Logan Lerman, Brandon T. Jackson, Alexandra Daddario, Douglas Smith, Leven Rambin"
199373,tt2005374,The Frozen Ground,The Frozen Ground,2013-07-11,6.2091,6.263,1627,"[53, 80]",en,27220000,5496951,105,"Picture Perfect Corporation, Grindstone Entertainment Group, Cheetah Vision, Court Five, Valentina Films, K5 International, Paradox Entertainment, Envision Entertainment, Lionsgate, Voltage Pictures, Knightsbridge Entertainment, Emmett/Furla Films",Scott Walker,"Nicolas Cage, Vanessa Hudgens, John Cusack, Radha Mitchell, Jodi Lyn O'Keefe"
87567,tt1931435,The Big Wedding,The Big Wedding,2013-04-25,6.1678,5.838,1235,[35],en,35000000,21800000,90,"Millennium Media, Two Ton Films",Justin Zackham,"Robert De Niro, Diane Keaton, Ben Barnes, Amanda Seyfried, Susan Sarandon"
115782,tt2357129,Jobs,Jobs,2013-08-15,6.1201,6.127,2658,"[18, 36]",en,12000000,42100000,129,"Open Road Films, Dillywood, Five Star Institute, Silver Reel",Joshua Michael Stern,"Ashton Kutcher, Josh Gad, Lukas Haas, Victor Rasuk, Eddie Hassell"
200279,tt2959860,Déchirés / Graves,Déchirés / Graves,2013-06-12,6.0923,0.0,0,[99],fr,0,0,82,,Vincent Dieutre,"Nathan Bernat, Romain Brosseau, Marina Keltchewsky, Yann Lefeivre"
219318,tt2207072,The Volcano,Eyjafjallajökull,2013-10-02,6.0555,5.585,689,[35],fr,0,0,92,"TF1 Films Production, SCOPE Invest, Quad Productions, SCOPE Pictures",Alexandre Coffre,"Valérie Bonneton, Dany Boon, Denis Ménochet, Bérangère McNeese, Albert Delpy"
202575,tt3148834,The House of Magic,The House of Magic,2013-12-24,6.0498,6.301,386,"[10751, 14, 16, 12]",en,34000000,64197205,85,"nWave Pictures, StudioCanal, uMedia, Anton Capital Entertainment","Ben Stassen, Jérémie Degruson","Brianne Siddall, Robin Atkin Downes, Cinda Adams, Sage Sommer, Shanelle Gray"
145135,tt2387433,Dark Skies,Dark Skies,2013-02-21,5.994,6.376,2029,"[878, 53, 27]",en,3500000,27858103,97,"Cinema Vehicle Services, Alliance Films, Automatik Entertainment, Blumhouse Productions",Scott Stewart,"Keri Russell, Josh Hamilton, Dakota Goyo, J.K. Simmons, Trevor St. John"
448312,tt3658102,Másik Magyarország,Másik Magyarország,2013-11-07,5.9939,7.0,3,[99],hu,0,0,0,,Dénes Nagy,
103731,tt1935179,Mud,Mud,2013-04-26,5.979,7.059,3147,[18],en,10000000,32613173,130,"Everest Entertainment, FilmNation Entertainment, Brace Cove Productions",Jeff Nichols,"Matthew McConaughey, Reese Witherspoon, Tye Sheridan, Jacob Lofland, Sam Shepard"
122081,tt2101441,Spring Breakers,Spring Breakers,2013-03-06,5.942,5.3,4085,"[18, 80]",en,5000000,32016127,94,"Iconoclast, Rabbit Bandini Productions, Division Films, Muse Productions, O' Salvation, MJZ, Pop Films, Radar Pictures",Harmony Korine,"James Franco, Selena Gomez, Vanessa Hudgens, Ashley Benson, Rachel Anna Simon"
218746,tt7315746,Young Mother,젊은 엄마,2013-07-31,5.9345,5.0,20,"[35, 10749]",ko,0,0,83,,Kong Ja-kwan,"Joo In-cheol, Lee Eun-mi, Yeon Hee, Kim Min-jeong, Jae Hoon Jeong"
86825,tt1682180,Stoker,Stoker,2013-02-28,5.8983,6.639,2489,"[18, 27, 53]",en,12000000,12077441,99,"Fox Searchlight Pictures, Indian Paintbrush, Dune Entertainment, Scott Free Productions",Park Chan-wook,"Mia Wasikowska, Nicole Kidman, Matthew Goode, Dermot Mulroney, Jacki Weaver"
929130,,Heroine in Peril Omnibus - Fighter of the Sun Leona V,ヒロインピンチオムニバス04　太陽の戦士レオーナV,2013-08-23,5.8562,0.0,0,[28],ja,0,0,60,Zen Pictures,Kanzo Matsuura,Narumi Okawa
177945,tt2331143,"Like Father, Like Son",そして父になる,2013-09-24,5.8483,7.7,819,[18],ja,0,19978961,120,"Fuji Television Network, BUN-BUKU, AMUSE, GAGA Corporation",Hirokazu Kore-eda,"Masaharu Fukuyama, Machiko Ono, Yoko Maki, Lily Franky, Jun Fubuki"
142061,tt2166834,"Batman: The Dark Knight Returns, Part 2","Batman: The Dark Knight Returns, Part 2",2013-01-03,5.8181,7.922,1631,"[878, 28, 16, 9648]",en,3500000,0,78,"Warner Premiere, Warner Bros. Animation, DC",Jay Oliva,"Peter Weller, Ariel Winter, David Selby, Michael Emerson, Mark Valley"
800622,tt5735632,Shikhandi Kotha,Shikhandi Kotha,2013-04-19,5.7853,0.0,0,"[18, 10751]",bn,0,0,103,Impress Telefilm,Mohammad Hannan,"Rokeya Prachy, Jayanto Chattopadhyay, Rakhal Sobuj, Mirana Zaman, Mohammad Hannan"
137093,tt1204975,Last Vegas,Last Vegas,2013-10-31,5.784,6.398,2319,[35],en,28000000,134400000,105,"Gidden Media, CBS Films, Good Universe, Laurence Mark Productions, Outlaw Sinema, Mandate International",Jon Turteltaub,"Robert De Niro, Morgan Freeman, Michael Douglas, Kevin Kline, Mary Steenburgen"
458169,tt3355308,Être vivant,Être vivant,2013-12-01,5.7691,6.5,2,[99],fr,0,0,0,Bathysphere Productions,Emmanuel Gras,Bernard Blancan
191728,tt2871222,Ain't Misbehavin,Un voyageur,2013-05-16,5.7239,6.2,4,[99],en,0,0,106,"The Factory, ARTE, INA, Inthemood, RTS",Marcel Ophüls,"Marcel Ophüls, Jeanne Moreau, Costa-Gavras, Hamilton Fish, Woody Allen"
198375,tt2591814,The Garden of Words,言の葉の庭,2013-05-31,5.6971,7.6,2293,"[16, 18, 10749]",ja,0,820165,46,CoMix Wave Films,Makoto Shinkai,"Miyu Irino, Kana Hanazawa, Fumi Hirano, Takeshi Maeda, Yuka Terasaki"
211387,tt3067038,Marvel One-Shot: Agent Carter,Marvel One-Shot: Agent Carter,2013-10-04,5.684,7.254,945,"[12, 28, 878]",en,0,0,15,Marvel Studios,Louis D'Esposito,"Hayley Atwell, Bradley Whitford, Dominic Cooper, Neal McDonough, Chris Evans"
197621,tt2922096,Ocean,Océan,2013-05-19,5.6797,4.0,2,"[18, 35]",fr,0,0,31,Takami Productions,Emmanuel Laborie,"Adam Lenglen, Michaël Abiteboul, Cyrius Rosset, Stéphane Blancafort, Julia Faure"
157386,tt1714206,The Spectacular Now,The Spectacular Now,2013-08-02,5.6636,6.685,3076,"[35, 18, 10749]",en,2500000,6854611,95,"Global Produce, 21 Laps Entertainment, Andrew Lauren Productions",James Ponsoldt,"Miles Teller, Shailene Woodley, Masam Holden, Kaitlyn Dever, Brie Larson"
180853,tt2229848,Chashme Baddoor,Chashme Baddoor,2013-04-05,5.6011,4.69,29,"[35, 18]",hi,37000000,5500000,120,Viacom18 Studios,David Dhawan,"Ali Zafar, Taapsee Pannu, Siddharth, Divyendu Sharma, Rishi Kapoor"
209263,tt2390361,Enough Said,Enough Said,2013-09-18,5.595,6.734,942,"[35, 18, 10749]",en,0,25288872,93,"Fox Searchlight Pictures, Likely Story, TSG Entertainment, Ingenious Media, Big Screen Productions",Nicole Holofcener,"Julia Louis-Dreyfus, James Gandolfini, Catherine Keener, Toni Collette, Tavi Gevinson"
178809,tt1160996,The Colony,The Colony,2013-04-12,5.5895,5.5,1282,"[28, 878, 53]",en,16000000,0,95,"RLJ Entertainment, Alcina Pictures, 120dB Films, Item 7, Mad Samurai Productions",Jeff Renfroe,"Kevin Zegers, Laurence Fishburne, Bill Paxton, Charlotte Sullivan, John Tench"
169209,tt2171867,Empire State,Empire State,2013-09-03,5.5703,5.407,749,"[28, 18]",en,11000000,3639345,94,"Knightsbridge Entertainment, Grindstone Entertainment Group, Kind Hearts Entertainment, Emmett/Furla Films",Dito Montiel,"Liam Hemsworth, Dwayne Johnson, Emma Roberts, Nikki Reed, Michael Angarano"
179826,tt1767354,Odd Thomas,Odd Thomas,2013-01-29,5.567,6.947,1515,"[9648, 53]",en,27000000,1149267,97,"Future Films, Fusion Films, The Sommers Company",Stephen Sommers,"Anton Yelchin, Addison Timlin, Willem Dafoe, Gugu Mbatha-Raw, Nico Tortorella"
77951,tt1762399,Walking with Dinosaurs,Walking with Dinosaurs,2013-12-18,5.5602,6.2,534,"[16, 10751, 12]",en,80000000,126500000,87,"Animal Logic, Evergreen Films, Reliance Entertainment, IM Global, BBC Earth","Neil Nightingale, Barry Cook","Karl Urban, Charlie Rowe, Angourie Rice, Justin Long, John Leguizamo"
169813,tt2370248,Short Term 12,Short Term 12,2013-08-23,5.5585,7.741,1455,[18],en,1000000,1645164,96,"Traction Media, Animal Kingdom",Destin Daniel Cretton,"Brie Larson, John Gallagher Jr., Kaitlyn Dever, Rami Malek, LaKeith Stanfield"
162903,tt1837703,The Fifth Estate,The Fifth Estate,2013-10-11,5.5573,6.012,1124,"[18, 53]",en,28000000,8555008,128,"Participant, Reliance Entertainment, Anonymous Content, DreamWorks Pictures",Bill Condon,"Benedict Cumberbatch, Daniel Brühl, Anthony Mackie, David Thewlis, Alicia Vikander"
152737,tt1322269,August: Osage County,August: Osage County,2013-12-26,6.5242,6.862,1619,"[35, 18]",en,25000000,74188937,121,"Jean Doumanian Productions, Smokehouse Pictures, Battle Mountain Films, Yucaipa Films, The Weinstein Company",John Wells,"Meryl Streep, Julia Roberts, Julianne Nicholson, Juliette Lewis, Ewan McGregor"
373854,,Présence,Présence,2013-07-17,5.5271,0.0,0,[],en,0,0,13,,Xavier Baert,Julien Touati
212716,tt1486834,What If,What If,2013-09-07,5.5141,6.745,2114,"[18, 35, 10749]",en,11000000,8500000,98,"Fastnet Films, No Trace Camping, Caramel Films, Entertainment One",Michael Dowse,"Daniel Radcliffe, Zoe Kazan, Megan Park, Adam Driver, Mackenzie Davis"
152599,tt1951181,The Immigrant,The Immigrant,2013-11-27,5.5051,6.327,896,"[18, 10749]",en,16000000,5867686,117,"Worldview Entertainment, Keep Your Head Productions, Kingsgate Films, Wild Bunch",James Gray,"Marion Cotillard, Joaquin Phoenix, Jeremy Renner, Dagmara Dominczyk, Yelena Solovey"
157354,tt2334649,Fruitvale Station,Fruitvale Station,2013-07-26,5.4887,7.37,1483,[18],en,900000,17600000,85,"Significant Productions, OG Project",Ryan Coogler,"Michael B. Jordan, Melonie Díaz, Octavia Spencer, Kevin Durand, Chad Michael Murray"
165213,tt2625030,New World,신세계,2013-02-21,5.4403,7.435,566,"[53, 80, 18, 28]",ko,0,0,134,"Sanai Pictures, Peppermint & Company, Daemyung Culture Factory, Next Entertainment World, kth, Finecut",Park Hoon-jung,"Lee Jung-jae, Choi Min-sik, Hwang Jung-min, Park Sung-woong, Song Ji-hyo"
152747,tt2017038,All Is Lost,All Is Lost,2013-08-23,5.572,6.647,1812,"[28, 12, 18]",en,9000000,6108720,106,"Black Bear Pictures, Treehouse Pictures, FilmNation Entertainment, Sudden Storm Productions, Before the Door Pictures, Washington Square Films, Roadside Attractions, Lionsgate",J.C. Chandor,Robert Redford
157834,tt2333804,The Zero Theorem,The Zero Theorem,2013-09-20,5.4127,6.09,1385,"[18, 14, 878]",en,8500000,770706,107,"Zanuck Independent, MediaPro Pictures, Zephyr Films, Picture Perfect Corporation, Voltage Pictures, Asia & Europe Productions",Terry Gilliam,"Christoph Waltz, David Thewlis, Mélanie Thierry, Lucas Hedges, Matt Damon"
111969,tt2205697,Stuck in Love,Stuck in Love,2013-06-14,5.4038,7.377,2045,"[18, 35, 10749]",en,0,977671,97,"MICA Entertainment, The Solution, Informant Films",Josh Boone,"Greg Kinnear, Jennifer Connelly, Lily Collins, Nat Wolff, Liana Liberato"
68179,tt0765446,Escape from Planet Earth,Escape from Planet Earth,2013-02-14,5.3983,5.794,844,"[16, 35, 12, 10751, 878]",en,40000000,74597643,89,"The Weinstein Company, Kaleidoscope TWC, Rainmaker Entertainment, GRF Productions",Cal Brunker,"Rob Corddry, Brendan Fraser, Jessica Alba, Steve Zahn, Sarah Jessica Parker"
209361,tt1196956,One Chance,One Chance,2013-09-09,5.3681,6.656,324,"[18, 35, 10402]",en,0,10900434,103,"Relevant Entertainment, Syco Television, Weston Pictures, The Weinstein Company",David Frankel,"James Corden, Alexandra Roach, Julie Walters, Colm Meaney, Jemima Rooper"
199534,tt2004432,Wolf Creek 2,Wolf Creek 2,2013-08-30,5.358,6.38,733,"[27, 53]",en,8000000,9630444,106,"True Crime Australia, Emu Creek Pictures, Duo Art Productions, Screen Australia, South Australian Film Corporation",Greg McLean,"John Jarratt, Ryan Corr, Ben Gerrard, Shane Connor, Shannon Ashlyn"
76544,tt2016940,Man of Tai Chi,Man of Tai Chi,2013-07-04,5.3524,6.108,1017,"[28, 18]",en,25000000,2054941,105,"Universal Pictures, Dalian Wanda Group, Company Films, Village Roadshow Pictures Asia, China Film Group Corporation",Keanu Reeves,"Tiger Chen Hu, Keanu Reeves, Karen Mok Man-Wai, Yu Hai, Julia Ye"
255397,tt2693394,Eating Lunch,Äta lunch,2013-01-23,5.3406,5.7,3,[18],sv,0,0,13,Story AB,Sanna Lenken,"Elina Sandberg, Jonas Blom, Sara Runsten, Julia Sporre, Anna-Carin Henricsson"
77663,tt1480295,Killing Season,Killing Season,2013-07-12,5.3336,5.532,1052,"[28, 53]",en,0,39881,91,"Promised Land Productions, Nu Image, Corsan, Millennium Media, Corsan Productions",Mark Steven Johnson,"Robert De Niro, John Travolta, Milo Ventimiglia, Liz Olin, Diana Lyubenova"
179144,tt2358891,The Great Beauty,La grande bellezza,2013-05-21,5.3246,7.506,3359,[18],it,9200000,24930592,142,"France 2 Cinéma, Indigo Film, Babe Films, Pathé",Paolo Sorrentino,"Toni Servillo, Carlo Verdone, Sabrina Ferilli, Carlo Buccirosso, Iaia Forte"
170657,tt2017561,Journey to the West: Conquering the Demons,西游·降魔篇,2013-02-07,5.2816,6.958,463,"[28, 14, 12, 35]",zh,0,215637183,110,"Huayi Brothers Pictures, Bingo Movie Development, Village Roadshow Pictures Asia, Chinavision Media Group, China Film Group Corporation, Edko Films",Stephen Chow,"Shu Qi, Wen Zhang, Huang Bo, Show Lo, Chrissie Chau Sau-Na"
180894,tt2458106,Ninja: Shadow of a Tear,Ninja: Shadow of a Tear,2013-12-27,5.2755,6.714,442,"[28, 80, 53]",en,0,82000100,95,"Swingin' Productions, Millennium Media",Isaac Florentine,"Scott Adkins, Kane Kosugi, Mika Hijii, Shun Sugata, Vithaya Pansringarm"
427215,tt2517192,The Mountain,La Montaña,2013-10-24,5.189,0.0,0,[99],es,0,0,88,Aguaviva Films,"Iván Herrera, Tabaré Blanchard","Karim Mella, Ivan Gomez Carrasco, Federico Jovine, Claudio Encarnación, Luis Alfredo Féliz"
246286,tt3313396,Emergency Calls,Hätäkutsu,2013-11-15,5.1295,6.3,3,[99],en,0,0,15,,"Pekka Veikkolainen, Hannes Vartiainen",
96936,tt2132285,The Bling Ring,The Bling Ring,2013-06-12,5.1273,5.431,3189,"[18, 80]",en,15000000,19145732,90,"American Zoetrope, NALA Films, Pathé",Sofia Coppola,"Katie Chang, Emma Watson, Taissa Farmiga, Claire Julien, Israel Broussard"
153158,tt1634003,Underdogs,Metegol,2013-07-18,5.1228,7.1,583,"[16, 12, 10749]",es,21000000,32768940,107,"100 Bares, Ministerio de Cultura, 369 Productions, Catmandu Branded Entertainment, JEMPSA, Plural - Jempsa, Prana Animation Studios, Telefe",Juan José Campanella,"David Masajnik, Juan José Campanella, Diego Ramos, Pablo Rago, Gabriel Almirón"
174772,tt2051879,Europa Report,Europa Report,2013-06-27,5.1214,6.299,1613,"[878, 53, 18]",en,0,125687,90,"Wayfare Entertainment, Misher Films, Start Motion Pictures",Sebastián Cordero,"Anamaria Marinca, Michael Nyqvist, Sharlto Copley, Daniel Wu, Karolina Wydra"
123109,tt1763264,No One Lives,No One Lives,2013-03-09,5.1056,6.0,712,"[27, 53]",en,2900000,74918,87,"Pathe, WWE Studios, Milk & Media, Constance Media",Ryuhei Kitamura,"Luke Evans, Adelaide Clemens, Laura Ramsey, Lee Tergesen, Derek Magyar"
284062,tt3256668,Freedom Station,Estação Liberdade,2013-06-04,5.0759,5.5,2,[18],pt,0,0,88,Pródigo Filmes,Caito Ortiz,"Cauê Ito, Fabiula Nascimento, Renata Sayuri, Eduardo Chagas, Kentaro Inoue"
306798,tt3166568,Frühzug,Frühzug,2013-08-14,4.7183,0.0,0,[],en,0,0,5,Hochschule Luzern (HSLU),Delia Hess,
398329,tt3497246,El maletín,El maletín,2013-07-24,4.2121,0.0,0,"[53, 9648]",es,0,0,15,La Perla Films,Jorge Vidal,"Leonardo Castro Sitiriche, Cristian Miranda Vélez, Gabriel Miranda, Alexandra Martínez Solá"
442630,tt4159788,"Asesinos, ¿dígame?","Asesinos, ¿dígame?",2013-06-19,5.1094,4.0,1,[18],en,0,0,15,Rachel Dreams,Raquel Polo,"Isaak Gracia, Pedro Grande, Luis Fernández de Eribe, Soraya Peña, Ibán Malo"
257943,tt2937682,Quiéreme más,Quiéreme más,2013-05-30,4.024,0.0,0,[],es,0,0,0,,Juanmi Díez,"Mireia Murguiondo, Román Reyes"
659175,tt4276832,Ghost Hour,Spoku stunda,2013-05-04,4.2925,5.7,5,"[16, 10751, 14]",xx,0,0,7,"Locomotive Productions, Jarve Studio",Nils Skapāns,
231164,tt2474906,Sweet Whip,甘い鞭,2013-09-21,5.6273,5.9,31,"[18, 80]",ja,0,0,144,"KADOKAWA, Femme Fatale Pictures, Sweet Whip Production Committee, KADOKAWA Shoten",Takashi Ishii,"Mitsu Dan, Yuki Mamiya, Naoto Takenaka, Hiroko Nakajima, Tsuyoshi Nakano"
173914,tt2651774,Mushroomers,Sēņotāji,2013-03-07,4.4812,4.1,7,[35],lv,0,0,77,Locomotive Productions,Ivars Tontegode,"Andrejs Možeiko, Sandra Kļaviņa, Dace Eversa, Anete Saulīte, Mareks Balmans"
224598,tt3006576,Simple Agi Ondh Love Story,ಸಿಂಪಲ್ ಆಗ್ ಒಂದ್ Love Story,2013-09-28,4.7581,6.5,9,"[35, 10749]",kn,0,1410278,130,,Suni,"Rakshit Shetty, Shwetha Srivatsav, Srinagar Kitty, RJ Rachana"
203878,tt5786872,Señoritas,Señoritas,2013-02-25,4.8067,5.3,6,[18],es,0,0,87,"Rayon Verde, Nausíka Audiovisual",Lina Rodríguez,"María Serrano, Clara Monroy, Angela Katherine Laverde, Sebastián Cuevas Iriarte, Juan Miguel Santana"
124459,tt0790628,The Incredible Burt Wonderstone,The Incredible Burt Wonderstone,2013-03-14,5.319,5.757,1576,[35],en,30000000,27437881,100,"New Line Cinema, Carousel, BenderSpink",Don Scardino,"Steve Carell, Steve Buscemi, Olivia Wilde, Jim Carrey, James Gandolfini"
146223,tt2218003,Closed Circuit,Closed Circuit,2013-08-28,5.125,5.92,506,"[9648, 18, 80, 53]",en,0,5750401,96,"Focus Features, Working Title",John Crowley,"Eric Bana, Rebecca Hall, Ciarán Hinds, Jim Broadbent, Kenneth Cranham"
259511,tt4444858,Jerusalem,Jerusalén,2013-03-01,4.2723,0.0,0,[18],es,0,0,15,Centro Universitario de Estudios Cinematográficos (CUEC),Alicia Segovia Juárez,"Carmina Corredor, Shanka Villanueva, Sonia Couoh, José Carriedo"
115348,tt1413495,Paranoia,Paranoia,2013-08-14,5.5677,5.7,928,"[18, 53]",en,35000000,17056265,106,"Relativity Media, Kintop Pictures, Reliance Entertainment, IM Global, Demarest Films, EMJAG Productions, Film 360",Robert Luketic,"Liam Hemsworth, Harrison Ford, Gary Oldman, Amber Heard, Josh Holloway"
239124,tt3337858,Investigación policial,Investigación policial,2013-11-14,4.2722,5.9,7,"[35, 28]",es,0,0,85,sietetresochotres,Daniel Aguirre Lainez,"Sergio Cortina, Daniel Aguirre Lainez, Antonio Resines, Belén López-Valcárcel, Ingrid García Jonsson"
183011,tt2820466,Justice League: The Flashpoint Paradox,Justice League: The Flashpoint Paradox,2013-07-30,5.6304,7.882,2018,"[16, 28, 878]",en,3500000,0,81,"Warner Bros. Animation, DC, Warner Premiere",Jay Oliva,"Justin Chambers, C. Thomas Howell, Michael B. Jordan, Kevin McKidd, Dee Bradley Baker"
1036864,,JK Slayer Yaksa,J・Kスレイヤー　夜叉編,2013-07-26,4.6566,3.0,1,"[28, 14]",ja,0,0,60,Zen Pictures,Kanzo Matsuura,Nozomi Fujimori
283630,tt3592810,Foreign Bodies,Corps étrangers,2013-10-04,3.9173,3.0,2,[16],fr,0,0,5,,Nicolas Brault,
211954,tt2378281,Instructions Not Included,No se aceptan devoluciones,2013-07-20,4.7025,7.742,976,"[35, 18]",es,5500000,99067206,122,"Pantelion Films, Filmax, Televisa, Videocine, Pinema",Eugenio Derbez,"Eugenio Derbez, Loreto Peralta, Jessica Lindsey, Daniel Raymont, Hugo Stiglitz"
157772,tt1728236,31 Days,31 Días,2013-01-11,4.5175,4.8,11,"[35, 10749]",en,0,0,92,goliat films,Erika Grediaga,"Irán Castillo, Lorenzo Balducci, Consuelo Duval, Karla Souza, Alberto Agnesi"
110552,tt1925518,The Protector 2,ต้มยำกุ้ง 2,2013-10-23,4.4448,6.216,320,[28],th,0,3302463,104,"Sahamongkolfilm, Baa-Ram-Ewe",Prachya Pinkaew,"Tony Jaa, RZA, Petchtai Wongkamlao, JeeJa Yanin, Marrese Crump"
200085,tt2351310,The Flu,감기,2013-08-14,4.8279,7.518,1299,"[28, 878, 53]",ko,0,19775853,122,"iLoveCinema, iFilm, Sidus, CJ Entertainment",Kim Sung-soo,"Jang Hyuk, Soo Ae, Park Min-ha, Yoo Hai-jin, Don Lee"
463598,tt3759104,La bête,La bête,2013-01-31,4.8072,5.0,4,[16],fr,0,0,8,Caïmans Productions,Vladimir Mavounia-Kouka,"Céline Caron, Nicolas Maloufi"
168903,tt2630134,Barbie in the Pink Shoes,Barbie in the Pink Shoes,2013-02-14,4.8025,6.9,404,"[16, 10751]",en,0,0,75,"Technicolor Animation, Mattel Studios",Owen Hurley,"Kelly Sheridan, Katie Crown, Ali Liebert, Brett Dier, Tabitha St. Germain"
369942,,Maresía,Maresía,2013-11-25,4.7911,0.0,0,[18],es,0,0,0,,Eduardo Martinón,"Roberto Kuzmanich, Guacimara Correa, Mingo Ruano, José Manuel Trujillo Salas"
212162,tt2457282,Puella Magi Madoka Magica the Movie Part III: Rebellion,劇場版 魔法少女まどか☆マギカ[新編]叛逆の物語,2013-10-26,4.7861,7.746,209,"[9648, 16, 14]",ja,0,12947880,117,SHAFT,Yukihiro Miyamoto,"Aoi Yuuki, Chiwa Saito, Eri Kitamura, Kaori Mizuhashi, Ai Nonaka"
572726,tt9544078,La Jétee,La Jétee,2013-12-13,4.7711,6.0,1,[18],en,0,0,13,"Stink Berlin, Dazed",Matt Lambert,"Yoyo Röhm, Hanka Zeneli, David Metcalfe, Richard Kranzin, Nicolas Maxim Endlicher"
152792,tt0804463,Devil's Knot,Devil's Knot,2013-05-09,4.7694,6.179,728,"[80, 18, 53]",en,15000000,0,114,Worldview Entertainment,Atom Egoyan,"Colin Firth, Reese Witherspoon, Dane DeHaan, Mireille Enos, Bruce Greenwood"
332062,tt3845976,Light Years,Años luz,2013-01-01,4.7685,10.0,1,[],es,0,0,19,,Paula Hopf,"Andrea Newton, José Rafael Flores, Johanna Murillo, Víctor Mario Bedolla, Daniela Newton"
152742,tt1924396,The Best Offer,La migliore offerta,2013-01-01,5.383,7.8,3145,"[18, 10749, 80]",it,13500000,19255873,131,"PACO Cinematografica, Business Location Sudtirol Alto Adige, Friuli Venezia Giulia Film Commission, UniCredit Group, Warner Bros Pictures Italia, IDM Südtirol - Alto Adige Film Fund, Regione Lazio",Giuseppe Tornatore,"Geoffrey Rush, Jim Sturgess, Sylvia Hoeks, Donald Sutherland, Maximilian Dirr"
78383,tt1913166,Nurse 3-D,Nurse 3-D,2013-09-28,4.7626,5.334,526,"[27, 53]",en,10000000,0,84,Lionsgate,Douglas Aarniokoski,"Paz de la Huerta, Katrina Bowden, Judd Nelson, Corbin Bleu, Boris Kodjoe"
77234,tt1659338,The Numbers Station,The Numbers Station,2013-04-18,4.7571,5.5,604,"[28, 53]",en,10000000,3107646,90,"ContentFilm, Piccadilly Pictures, Atlantic Swiss Productions, Blue Lake Media Fund, Furst Films, Matador Pictures, uFilm, Echo Lake Entertainment",Kasper Barfoed,"John Cusack, Malin Akerman, Hannah Murray, Liam Cunningham, Lucy Griffiths"
60281,tt1595656,To the Wonder,To the Wonder,2013-02-22,4.7551,5.812,553,"[18, 10749]",en,0,2801166,112,"Brothers K Productions, Redbud Pictures, FilmNation Entertainment",Terrence Malick,"Ben Affleck, Olga Kurylenko, Rachel McAdams, Javier Bardem, Tatiana Chiline"
301251,tt2930710,The Heart That Told Too Much,O Coração que Falava Demais,2013-09-03,4.7293,0.0,0,[],pt,0,0,37,Vigor Mortis,Paulo Biscaia Filho,"Cleydson Nascimento, Fátima Ortiz, Patrícia Cipriano, Viviane Gazotto, Luiz Bertazzo"
121677,tt2032557,The Reluctant Fundamentalist,The Reluctant Fundamentalist,2013-04-24,4.7131,6.584,250,[53],en,15000000,2200000,130,"Cine Mosaic, Mirabai Films, DFI",Mira Nair,"Riz Ahmed, Kate Hudson, Liev Schreiber, Kiefer Sutherland, Om Puri"
147773,tt1727388,The Way Way Back,The Way Way Back,2013-06-06,4.6807,7.13,2004,"[35, 18]",en,4600000,23198652,103,"Sycamore Pictures, OddLot Entertainment, The Walsh Company","Jim Rash, Nat Faxon","Liam James, Steve Carell, Toni Collette, AnnaSophia Robb, Sam Rockwell"
102780,tt1531901,Byzantium,Byzantium,2013-04-11,4.68,6.291,992,"[18, 14, 53]",en,10000000,89237,118,"WestEnd Films, Demarest Films, Lipsync Productions, Number 9 Films, Parallel Films, Fís Éireann/Screen Ireland",Neil Jordan,"Gemma Arterton, Saoirse Ronan, Sam Riley, Jonny Lee Miller, Caleb Landry Jones"
1753593,,Bay Vào Cõi Mộng,Bay Vào Cõi Mộng,2013-02-02,4.6795,0.0,0,[],vi,0,0,0,"HKFilm, HK Film",Nguyễn Phương Điền,"Vĩnh Thuyên Kim, Lương Thế Thành, Kiều Oanh, Lê Huỳnh, Tommy Ngo"
286159,tt3145464,Arkadaşlar Arasında,Arkadaşlar Arasında,2013-12-20,4.6755,7.5,2,"[35, 18]",tr,0,0,0,Altıüstü Film,Gökhan Horzum,"Fırat Albayram, Salih Bademci, İbrahim Kendirci, Sertan Erkaçan, Deniz Alan"
212161,tt3354254,Code Geass: Akito the Exiled 2: The Wyvern Divided,コードギアス 亡国のアキト 第2章「引き裂かれし翼竜」,2013-09-14,4.6703,6.301,73,"[28, 16, 878]",ja,0,0,60,SUNRISE,Kazuki Akane,"Miyu Irino, Maaya Sakamoto, Satoshi Hino, Yoshitsugu Matsuoka, Yoko Hikasa"
157841,tt1981107,The Young and Prodigious T.S. Spivet,The Young and Prodigious T.S. Spivet,2013-10-16,4.6498,6.878,908,"[12, 18, 10751]",en,33000000,9494789,105,"Epithète Films, Tapioca Films, Filmarto, Gaumont, France 2 Cinéma",Jean-Pierre Jeunet,"Kyle Catlett, Helena Bonham Carter, Judy Davis, Callum Keith Rennie, Niamh Wilson"
146203,tt2034139,The Last Exorcism Part II,The Last Exorcism Part II,2013-02-28,4.6489,4.7,613,"[27, 53]",en,5000000,15200000,88,"CBS Films, StudioCanal, Arcade Pictures, Strike Entertainment",Ed Gass-Donnelly,"Ashley Bell, Julia Garner, Andrew Sensenig, Spencer Treat Clark, Judd Lormand"
603075,tt3209272,Göl Zamanı,Göl Zamanı,2013-05-09,4.641,6.0,1,[],tr,0,0,0,,Cafer Özgül,"Emre Canpolat, Begüm Birgören, Cemil Büyükdöğerli, Didem Balçın, Mehmet Atay"
832936,,The Walkers,Yürümek,2013-01-01,4.6252,10.0,1,[99],tr,0,0,0,ret film,Deniz Şengenç,"Halil Savda, Serap Halvaşı, İlkay Akkaya, İbrahim Yaylalı, Esin Evindar Tayfur"
453101,tt3070600,Remains,Hisha'arut,2013-07-20,4.6198,3.333,3,[18],he,0,0,30,Minshar School of Art,Yotam Ben-David,"Yotam Ben-David, Ariel Olmert"
205321,tt2724064,Sharknado,Sharknado,2013-07-11,4.6152,3.924,1740,"[28, 35, 27, 878, 10770]",en,1000000,0,87,"Syfy, The Asylum, Southward Films",Anthony C. Ferrante,"Ian Ziering, Tara Reid, John Heard, Cassie Scerbo, Jaason Simmons"
347981,tt1774674,Winds,Rüzgarlar,2013-06-21,4.6138,4.9,6,[18],tr,0,0,0,,Selim Evci,"Yusuf Nejat Buluz, Mediha Didem Türemen, Rüçhan Çalışkur, Zeynep Gülmez, Suat Usta"
174675,tt2317225,The Machine,The Machine,2013-04-25,4.3034,5.889,894,"[878, 53]",en,1500000,314131,92,Red & Black Films,Caradog W. James,"Caity Lotz, Toby Stephens, Denis Lawson, Sam Hazeldine, Pooneh Hajimohammadi"
159117,tt2450186,V/H/S/2,V/H/S/2,2013-06-06,4.6093,6.215,1230,"[27, 53]",en,0,21833,96,"The Collective, Bloody Disgusting, 8383 Productions, Snoot Entertainment, Haxan Films, Yer Dead, CTC Unika, Studio71","Eduardo Sánchez, Timo Tjahjanto, Gareth Evans, Gregg Hale, Simon Barrett, Jason Eisener, Adam Wingard","Lawrence Michael Levine, Kelsy Abbott, L.C. Holt, Simon Barrett, Mindy Robinson"
150117,tt2244901,I Give It a Year,I Give It a Year,2013-02-08,4.6055,5.508,811,"[35, 10749]",en,13000000,29200000,97,"Paradis Films, StudioCanal, Working Title, Anton Capital Entertainment, LOVEFiLM International, Starcrossed Films, TF1 Films Production",Dan Mazer,"Rose Byrne, Rafe Spall, Simon Baker, Anna Faris, Stephen Merchant"
944878,tt3126188,Kongomüller,Kongomüller,2013-10-22,4.6032,0.0,0,"[18, 36]",de,0,0,29,"Übermut tut gut!, Digital Cinema Mastering","Olaf Rauschenbach, Fabian F.W. Exter","Olaf Rauschenbach, Ninon Hensel, Harry Schiller, Dieter Ziegler"
196254,tt2946582,Barbie Mariposa & the Fairy Princess,Barbie Mariposa & the Fairy Princess,2013-08-25,4.6,6.925,342,"[16, 10751, 14]",en,0,0,75,"Mattel, Rainmaker Entertainment",William Lau,"Kelly Sheridan, Maryke Hendrikse, Tabitha St. Germain, Kathleen Barr, Mariee Devereux"
162215,tt1894476,How I Live Now,How I Live Now,2013-09-10,4.5853,6.627,969,"[18, 10749, 878]",en,0,0,101,"Passion Pictures, Cowboy Films, BFI, Film4 Productions, Entertainment One, Protagonist Pictures, Prospect Entertainment",Kevin Macdonald,"Saoirse Ronan, George MacKay, Tom Holland, Harley Bird, Danny McEvoy"
230222,tt1705952,Tarzan,Tarzan,2013-10-17,4.5642,5.682,632,"[16, 28, 12, 10751]",en,0,44095996,94,"Ambient Entertainment, Constantin Film, Summit Entertainment",Reinhard Klooss,"Kellan Lutz, Spencer Locke, Les Bubb, Joe Cappelletti, Brian Huskey"
1076027,tt3364036,The Holiday Gift,Bayram Harçlığı,2013-11-28,4.5359,0.0,0,[18],tr,0,0,11,Serpil Altın Film,Serpil Altın,"Berke Can Akkaya, Barış Kıralioğlu, Duygu Serin, Mehmet Ali İşgüder, Nükhet Akkaya"
190955,tt1747958,Blood Ties,Blood Ties,2013-08-22,4.5207,6.129,521,"[53, 80, 18]",en,25500000,2415472,128,"Les Productions du Trésor, Worldview Entertainment, Caneo Films, Mars Films, Wild Bunch, Le Grisbi Productions, France 2 Cinéma, Chi-Fou-Mi Productions, LGM Cinéma, Treasure Company",Guillaume Canet,"Clive Owen, Billy Crudup, Marion Cotillard, Mila Kunis, Zoe Saldaña"
239523,tt3198698,Hunter x Hunter: The Last Mission,劇場版 HUNTER×HUNTER -The LAST MISSION-,2013-12-27,4.5163,6.938,227,"[12, 16, 28, 14]",ja,0,7449778,97,Madhouse,Keiichiro Kawaguchi,"Megumi Han, Ichiro Nagai, Mariya Ise, Miyuki Sawashiro, Keiji Fujiwara"
603077,tt6683632,The Wool Doll,Yün Bebek,2013-05-09,4.4834,4.0,1,[18],tr,0,0,73,,Ümmiye Koçak,"Ümmiye Koçak, Seher Çuhadar"
251783,tt2091327,Pleasure or Pain,Pleasure or Pain,2013-09-05,4.4815,4.816,95,"[18, 53]",en,0,0,102,"Visual Arts Entertainment, Last Night Productions, The Zalman King Company",Zalman King,"Malena Morgan, Christos Vasilopoulos, Daniel Sobieray, Kayla Jane, Elle Alexandra"
166089,tt2378079,Scorpion in Love,Alacrán enamorado,2013-04-12,4.475,6.25,32,"[10749, 53, 18]",es,0,0,100,,Santiago A. Zannou,"Álex González, Miguel Ángel Silvestre, Carlos Bardem, Judith Diakhate, Hovik Keuchkerian"
259268,,Cat Girl,고양이 소녀,2013-11-28,4.4744,6.0,1,"[18, 10749]",ko,0,0,85,,Choi Kyeong-jin,"Lee Soo-wan, Sow Hirosawa, Shin Yu-ju, Kim Jae-rok, Lee Kyoo-hyung"
342173,tt2823784,Spain Today,España today,2013-03-19,4.4723,6.0,1,[35],es,0,0,3,,Javier Ruiz,"Raquel Guerrero, Rodrigo Sáenz de Heredia"
68727,tt1924429,Trance,Trance,2013-03-27,4.4675,6.613,2418,"[53, 80, 9648]",en,20000000,24300000,101,"Pathe, Film4 Productions, Cloud Eight Films, Decibel Films, TSG Entertainment, Ingenious Media, Indian Paintbrush, Big Screen Productions, Down Productions, Ingenious Film Partners, Fox Searchlight Pictures",Danny Boyle,"James McAvoy, Vincent Cassel, Rosario Dawson, Danny Sapani, Matt Cross"
209153,tt2980658,Igloo,Iglú,2013-07-20,4.4625,4.0,6,[18],es,0,0,85,"Storyboard Media, Creative Content",Diego Ruiz,"Diego Ruiz, Camila Hirane, Alessandra Guerzoni, Alejandro Goic, María Soledad Cabrol"
287722,tt2891030,Los Exóticos,Los Exóticos,2013-06-02,4.4517,5.0,3,[99],es,0,0,83,"Ñaña Films, Sapeurs MX",Michael Ramos Araizaga,Saúl Armendáriz
76170,tt1430132,The Wolverine,The Wolverine,2013-07-21,4.4489,6.436,10562,"[28, 878, 12]",en,120000000,415440673,126,"The Donners' Company, 20th Century Fox, Marvel Entertainment",James Mangold,"Hugh Jackman, Hiroyuki Sanada, Tao Okamoto, Rila Fukushima, Famke Janssen"
200403,,I Am Mexico,Soy México,2013-06-06,4.4302,0.0,0,[99],es,0,0,60,,"Christian von Borries, José Elguezabal",
186445,tt2542842,Ilusión,Ilusión,2013-06-28,4.4109,5.0,3,[],es,0,0,65,,Daniel Castro,"Bárbara Santa-Cruz, Miguel Rellán, David Trueba, Félix Viscarret, Víctor García León"
203696,tt3025994,Scooby-Doo! Stage Fright,Scooby-Doo! Stage Fright,2013-08-10,4.4,7.5,244,"[10751, 12, 16, 35, 9648]",en,0,0,75,Warner Bros. Animation,Victor Cook,"Frank Welker, Mindy Cohn, Grey DeLisle, Matthew Lillard, Isabella Acres"
1556816,,姚莉玫瑰传奇经典演唱会,姚莉玫瑰传奇经典演唱会,2013-03-23,4.3902,0.0,0,[10402],zh,0,0,0,,,Poon Sow Keng
77987,tt1602613,Only God Forgives,Only God Forgives,2013-05-30,4.3783,5.8,2632,"[18, 53, 80]",en,4800000,10300000,89,"Wild Bunch, Gaumont, Space Rocket Nation, Motel Movies, Bold Films, Film i Väst, DR, Nordisk Film",Nicolas Winding Refn,"Ryan Gosling, Kristin Scott Thomas, Vithaya Pansringarm, Rhatha Phongam, Gordon Brown"
190502,,Bank Løs,Bank Løs,2013-01-12,4.371,6.5,1,[35],en,0,0,1,,Jamie Turville,"Thomas Anthony Goodwin, Joackim Bjørkmann"
121986,tt2347569,Frances Ha,Frances Ha,2013-05-17,4.3682,7.331,1865,"[35, 18]",en,0,8986144,86,"Scott Rudin Productions, RT Features, Pine District Pictures",Noah Baumbach,"Greta Gerwig, Mickey Sumner, Michael Zegen, Adam Driver, Charlotte d'Amboise"
256730,tt2718504,La fotógrafa,La fotógrafa,2013-05-17,4.3651,7.5,1,[18],es,0,0,80,,Fernando Baños Fidalgo,"Zay Nuba, Susi Sánchez, Héctor Molnar, Manuel Campodónico, Francisco Olmo"
284019,tt33336639,Phineas and Ferb: Mission Marvel,Phineas and Ferb: Mission Marvel,2013-08-16,4.3619,6.564,202,"[16, 10751, 35, 10770, 28, 12, 878]",en,0,0,45,Disney Television Animation,"Robert Hughes, Sue Perrotto","Vincent Martella, Thomas Brodie-Sangster, Ashley French, Dee Bradley Baker, Dan Povenmire"
209262,tt2345112,Parkland,Parkland,2013-10-02,4.3588,6.243,399,"[36, 18]",en,10000000,1412181,94,"Exclusive Media, Playtone, Film4 Productions, The American Film Company",Peter Landesman,"Zac Efron, Marcia Gay Harden, Paul Giamatti, Billy Bob Thornton, Jacki Weaver"
286413,tt3012834,Velvet Terrorists,Zamatoví teroristi,2013-10-04,4.3526,6.5,4,[99],sk,0,0,87,"Peter Kerekes, Nukleus film, Hypermarket Film, RTVS, Sentimentalfilm, Partizanfilm, Česká televize","Peter Kerekeš, Ivan Ostrochovský, Pavol Pekarčík",
1767080,,Flamor,Flamor,2013-08-17,4.3494,0.0,0,[18],pt,0,0,0,,Leandro Alves,"Fabrícia Avelino, Waneska Pimentel, Bruno Aragão, Carlos Henrique, Nilton Resende"
172391,tt1487931,Khumba,Khumba,2013-07-18,4.3464,6.022,278,"[16, 12, 10751]",en,20000000,27187385,85,Triggerfish,Anthony Silverston,"Jake T. Austin, Liam Neeson, Steve Buscemi, AnnaSophia Robb, Laurence Fishburne"
146381,tt1639826,Justin and the Knights of Valour,Justin and the Knights of Valour,2013-08-09,4.3368,5.911,338,"[16, 12]",en,22000000,19799759,90,"Audiovisual Aval SGR, Atresmedia, Aliwood Mediterráneo Producciones, Gobierno de Cantabria, Consejería de Cultura, Turismo y Deporte, Kandor Graphics, ICO, Out Of The Box Features, Timeless Films",Manuel Sicilia,"Saoirse Ronan, Freddie Highmore, Antonio Banderas, Mark Strong, Julie Walters"
152795,tt1821641,The Congress,The Congress,2013-07-03,4.3362,6.397,599,"[18, 878, 16]",en,0,455815,123,"Entre Chien et Loup, Opus Film, Paul Thiltges Distributions, Pandora Film, France 2 Cinéma, Śląski Fundusz Filmowy, CANAL+ Polska",Ari Folman,"Robin Wright, Harvey Keitel, Jon Hamm, Kodi Smit-McPhee, Danny Huston"
231001,tt2900624,All Hallows' Eve,All Hallows' Eve,2013-10-29,4.3197,5.655,670,[27],en,0,0,82,Ruthless Pictures,Damien Leone,"Katie Maguire, Catherine A. Callahan, Marie Maser, Kayla Lian, Mike Giannelli"
434552,tt4097826,The Firefly,La luciérnaga,2013-11-10,4.2809,6.9,122,"[18, 14, 10749]",es,0,0,88,iAMredHam,Ana Maria Hermida,"Carolina Guerra, Olga Segura-Gall, Manuel José Chaves, María Helena Doehring, Pedro Falla"
107811,tt1711425,21 & Over,21 & Over,2013-03-01,4.2521,5.8,1637,[35],en,13000000,48065672,93,"Mandeville Films, Relativity Media, SkyLand Entertainment, Virgin Produced","Jon Lucas, Scott Moore","Miles Teller, Skylar Astin, Justin Chon, Sarah Wright, François Chau"
127517,tt1433811,Disconnect,Disconnect,2013-04-12,4.2474,7.075,1249,"[18, 53]",en,10000000,3428048,116,"Lionsgate, Exclusive Media, Wonderful Films PLC, LD Entertainment",Henry Alex Rubin,"Jason Bateman, Hope Davis, Frank Grillo, Michael Nyqvist, Paula Patton"
458524,tt2509980,Bué Sabi,Bué Sabi,2013-07-01,4.2464,0.0,0,[18],pt,0,0,20,Uma Pedra no Sapato,Patrícia Vidal Delgado,"Catarina Cruz, Djamila Semedo, Elizabete Mascarenhas, Inês Worm-Tirone, Lúcio Andrade"
524652,tt2786328,The Circle,L'anneau,2013-04-28,4.2427,0.0,0,[99],en,0,0,48,A Team Productions,Bram Conjaerts,
256522,tt2604704,Rape Zombie: Lust of the Dead 2,レイプゾンビ2 LUST OF THE DEAD アキバ帝国の逆襲,2013-03-23,4.2384,6.2,116,"[27, 35]",ja,0,0,67,,Naoyuki Tomomatsu,"Alice Ozawa, Asami, Saya Kobayashi, Yui Aikawa, Ayumi Kuroki"
210911,tt2771800,Rigor Mortis,殭屍,2013-10-23,4.2192,6.118,212,"[27, 28, 18]",cn,0,7865,105,Kudos Films,Juno Mak,"Chin Siu-Ho, Anthony Chan Yau, Kara Wai Ying-Hung, Nina Paw Hei-Ching, Lo Hoi-Pang"
97051,tt1999995,Would You Rather,Would You Rather,2013-02-08,4.2121,5.965,1051,"[53, 27]",en,0,0,93,"Periscope Entertainment, Social Construct, Dreamher Productions, Lambrick Foundation, The",David Guy Levy,"Brittany Snow, Jeffrey Combs, Jonny Coyne, Lawrence Gilliard Jr., Enver Gjokaj"
185567,tt2249221,Zulu,Zulu,2013-12-04,4.1919,6.68,528,"[80, 18, 53]",en,16000000,0,110,"Eskwad, M6 Films, Pathé, Lobster Tree, W9, Canal+, Ciné+",Jérôme Salle,"Orlando Bloom, Forest Whitaker, Conrad Kemp, Inge Beckmann, Tinarie Van Wyk-Loots"
192577,tt2668134,Space Pirate Captain Harlock,キャプテンハーロック,2013-09-07,4.1747,6.628,1112,"[16, 878]",ja,30000000,18010317,115,"Toei Animation, Marza Animation Planet",Shinji Aramaki,"Shun Oguri, Haruma Miura, Yu Aoi, Arata Furuta, Ayano Fukuda"
277648,tt4142572,After You,Efter dig,2013-01-30,4.1275,0.0,0,[99],sv,0,0,75,Story AB,Marius Dybwad Brandrud,
312165,tt6102616,Sanã,Sanã,2013-04-04,4.1261,6.0,1,[99],pt,0,0,18,Tempero Filmes,Marcos Pimentel,Sanã
257200,tt3115242,The Conquerors,Les conquérants,2013-09-25,4.1239,4.8,7,[35],fr,0,0,96,"Moteur s'il vous plaît, Iota Production, Canal+",Xabi Molia,"Mathieu Demy, Denis Podalydès, Christian Crahay, Michel Dubois, Julie Kapour"
109099,tt1829012,Passion,Passion,2013-02-13,4.1047,5.2,464,"[53, 18, 80, 9648]",en,20000000,713616,101,"Integral Film, France 2 Cinéma, SBS Productions",Brian De Palma,"Rachel McAdams, Noomi Rapace, Karoline Herfurth, Paul Anderson, Dominic Raacke"
196024,tt2438644,The Keeper of Lost Causes,Kvinden i buret,2013-10-03,4.0995,7.038,851,"[53, 9648, 80]",da,5650000,13700000,93,"Zentropa Entertainments, Film i Väst, TV 2, ZDF, TV 2, ZDF Enterprises, TrustNordisk",Mikkel Nørgaard,"Nikolaj Lie Kaas, Fares Fares, Sonja Richter, Mikkel Boe Følsgaard, Søren Pilmark"
856102,tt3441162,Blowout,Blowout,2013-12-12,4.0867,0.0,0,"[28, 35]",en,0,0,7,,Mark Falls,"Kerri J. Baldwin, Chris Burns, Jason Louder, Melissa Lowe, Ryan Walden"
266775,tt3259912,Sofia the First: The Floating Palace,Sofia the First: The Floating Palace,2013-11-24,4.0778,7.175,97,"[16, 10770, 12]",en,0,0,30,,"Larry Leichliter, Jamie Mitchell","Ariel Winter, Travis Willingham, Sara Ramirez, Darcy Rose Byrnes, Zach Callison"
230686,tt11663976,Kerasukan,Kerasukan,2013-04-25,4.0767,5.2,2,[27],id,0,0,83,"Mitra Pictures, BIC Pictures",Chiska Doppert,"Kimmy Geovanni, Angelica Simperler, Arumi Bachsin, Jessica Marlene, Yati Surachman"
661417,,Neverland,Neverland,2013-03-29,4.0731,0.0,0,"[18, 10749]",zh,0,0,0,,王鸣飞,"Zhang Dianfei, Sihan Li, Ming Xiao, Ziru Chen"
661417,,Neverland,Neverland,2013-03-29,3.6044,0.0,0,"[18, 10749]",zh,0,0,0,,王鸣飞,"Zhang Dianfei, Sihan Li, Ming Xiao, Ziru Chen"
169219,tt1905040,The Dyatlov Pass Incident,The Dyatlov Pass Incident,2013-02-27,5.1421,6.0,761,"[53, 9648]",en,0,5217347,100,"Non-Stop Productions, Future Films, Midnight Sun Pictures, Aldamisa Entertainment, Kjam Media",Renny Harlin,"Holly Goss, Matt Stokoe, Luke Albright, Ryan Hawley, Gemma Atkinson"
87499,tt1869716,The East,The East,2013-05-31,4.702,6.552,889,"[18, 53]",en,6500000,2401510,116,"TSG Entertainment, Scott Free Productions",Zal Batmanglij,"Brit Marling, Alexander Skarsgård, Elliot Page, Toby Kebbell, Shiloh Fernandez"
177888,tt2325989,Teen Beach Movie,Teen Beach Movie,2013-08-07,4.3226,6.913,971,"[10751, 10402, 10770, 35, 14]",en,8000000,0,95,Rainforest Productions,Jeffrey Hornaday,"Ross Lynch, Maia Mitchell, Gracie Gillam, Garrett Clayton, John DeLuca"
228805,tt3303446,Detective Conan: Private Eye in the Distant Sea,名探偵コナン・絶海の探偵,2013-04-20,4.3499,6.6,135,"[16, 28, 18]",ja,0,36324232,110,"TMS Entertainment, TOHO, Yomiuri Telecasting Corporation, Shogakukan, Nippon Television Network Corporation, Shogakukan-Shueisha Productions, V1 studio",Kobun Shizuno,"Minami Takayama, Kappei Yamaguchi, Wakana Yamazaki, Rikiya Koyama, Megumi Hayashibara"
225745,tt2967286,Steins;Gate: The Movie - Load Region of Déjà Vu,劇場版 STEINS;GATE 負荷領域のデジャヴ,2013-04-20,4.4008,7.564,412,"[878, 16, 18]",ja,0,4843719,90,"Cinema Sunshine, Frontier Works, Media Factory, movic, White Fox, KADOKAWA, AT-X, MAGES.","Takuya Sato, Hiroshi Hamasaki, Kanji Wakabayashi","Mamoru Miyano, Asami Imai, Tomokazu Seki, Kana Hanazawa, Yukari Tamura"
235452,tt3152736,Solidões,Solidões,2013-11-01,4.0088,3.667,3,"[18, 10402, 28, 35, 99]",pt,0,0,94,,Oswaldo Montenegro,"Vanessa Giácomo, Pedro Nercessian, Renato Luciano, Oswaldo Montenegro, Eduardo Canto"
91745,tt1645131,Romeo & Juliet,Romeo & Juliet,2013-09-12,4.7226,6.71,590,"[10749, 18]",en,0,3000000,118,"Amber Entertainment, Echo Lake Entertainment, Swarovski Entertainment, Relativity Media",Carlo Carlei,"Hailee Steinfeld, Douglas Booth, Tomas Arana, Christian Cooke, Damian Lewis"
209244,tt1545754,Are You Here,Are You Here,2013-09-07,4.8685,5.1,305,[35],en,0,0,114,"Gilbert Films, Weiner Brothers, Millennium Media",Matthew Weiner,"Owen Wilson, Zach Galifianakis, Amy Poehler, Laura Ramsey, Lauren Lapkus"
149509,tt1528071,Horns,Horns,2013-09-06,4.8891,6.302,2498,"[18, 14, 53]",en,0,3900000,120,"Mandalay Pictures, Red Granite Pictures",Alexandre Aja,"Daniel Radcliffe, Juno Temple, Max Minghella, Joe Anderson, Kelli Garner"
346094,tt2828124,Anything Else,Algo más,2013-04-24,3.4546,4.0,1,[35],es,0,0,9,,"Martina López Robol, Madeleine Emery","Paula Grinszpan, Ignacio Sánchez Mestre"
220286,tt2039345,Grand Piano,Grand Piano,2013-10-11,4.194,5.957,553,"[53, 9648]",en,0,0,90,"Nostromo Pictures, Telefónica Studios, The Solution, Atresmedia Cine",Eugenio Mira,"Elijah Wood, John Cusack, Tamsin Egerton, Allen Leech, Kerry Bishé"
1121910,tt3022046,Dinosaur,Dinosaurio,2013-07-15,3.4433,7.0,1,[],es,0,0,12,,Miguel Sánchez Marín,"Yeray del Cerro, David Ramírez, Cristina Rodríguez"
149910,tt2999390,Super Buddies,Super Buddies,2013-08-07,4.4931,6.0,155,"[10751, 35]",en,0,0,81,"Key Pix Productions, Walt Disney Studios Home Entertainment, Air Bud Entertainment",Robert Vince,"Michael Teigen, Tim Conway, Kimberley Sustad, Maulik Pancholy, Genevieve Hannelius"
339541,tt3006476,Topiwaala,Topiwaala,2013-03-15,3.6673,7.0,1,[],kn,0,0,0,,M.G. Srinivas,"Upendra, Bhavana"
158445,tt2659414,Miracle in Cell No. 7,7번방의 선물,2013-01-23,4.5307,7.885,508,"[18, 35]",ko,0,80300000,128,"Next Entertainment World, Fineworks",Lee Hwan-kyung,"Ryu Seung-ryong, Park Shin-hye, Kal So-won, Jung Jin-young, Oh Dal-su"
898739,tt2145980,El Tiple,El Tiple,2013-02-25,3.5785,8.0,1,"[18, 10751]",es,0,0,17,La Banda del Carro Rojo Producciones,Iván Gaona,"Pastor Moncada, Gladys Sofía Garzón, Luz Marina Moncada, Verónica Romero"
186395,tt2664766,Lukas the Strange,Lukas Niño,2013-01-25,3.8511,5.8,6,[18],en,0,0,85,Los Otros Films,John Torres,"Cheeno Dalog Ladera, Edilberto Marcelino"
169934,tt2654124,Iron Man: Rise of Technovore,アイアンマン：ライズ・オブ・テクノヴォア,2013-04-24,3.7296,6.165,236,"[878, 16, 28]",ja,0,0,88,"Sony Pictures, Madhouse",Hiroshi Hamasaki,"Tessyo Genda, Keiji Fujiwara, Miyu Irino, Hiroe Oka, Hiroki Yasumoto"
270531,tt2304310,Príncipe azul,Príncipe azul,2013-09-26,3.4262,0.0,0,[],es,0,0,64,,Jorge Polaco,"Ariel Bonomi, Harry Havilio, Pola Borja, Daniel Kargieman, Lidia Mancini"
212470,tt3159812,Monster High: 13 Wishes,Monster High: 13 Wishes,2013-10-08,3.9416,7.806,209,"[10751, 14, 16]",en,0,0,73,"Nerd Corps Entertainment, Mattel Studios",Steve Sacks,"America Young, Jonquil Goode, Salli Saffioti, Kate Higgins, Debi Derryberry"
215935,tt2915160,Bethlehem,בית לחם,2013-09-26,3.9364,6.236,36,"[18, 53]",he,0,0,99,"Pie Films, Entre Chien et Loup, Gringo Films",Yuval Adler,"Tsahi Halevi, Shadi Mar'i, Hitham Omari, Tarik Kopty, George Iskandar"
205724,tt2193265,Welcome to the Jungle,Welcome to the Jungle,2013-04-27,3.9263,5.036,466,[35],en,3500000,0,95,"Private Island Trax, The Salt Company International, Pimienta, 120dB Films, Stun Creative",Rob Meltzer,"Jean-Claude Van Damme, Adam Brody, Rob Huebel, Kristen Schaal, Megan Boone"
341661,tt2902768,Stoplight,Semáforo,2013-05-24,3.9098,3.5,2,"[10752, 16, 10402]",es,0,0,4,,Simón Wilches,
268421,tt3194376,Dédalo,Dédalo,2013-09-11,3.9045,6.5,11,"[27, 878]",en,0,0,11,Take it Easy,Jerónimo Rocha,"Sofia Helena, Frederico Amaral, Cesário Monteiro"
339121,,Ramón Ayala,Ramón Ayala,2013-04-05,3.9016,9.0,1,[99],en,0,0,66,Leningrado Films,Marcos Lopez,"Ramon Ayala, Juan Falú"
209403,tt2170299,Bad Words,Bad Words,2013-09-06,3.9014,6.413,922,[35],en,9500000,7800000,89,"Darko Entertainment, Aggregate Films, MXN Entertainment, Focus Features",Jason Bateman,"Jason Bateman, Kathryn Hahn, Rohan Chand, Philip Baker Hall, Allison Janney"
174316,tt1817081,A Case of You,A Case of You,2013-11-06,3.8908,5.5,326,"[35, 10749]",en,0,4187,91,"Lagniappe Films, I'm So Sorry Productions",Kat Coiro,"Justin Long, Evan Rachel Wood, Keir O'Donnell, Busy Philipps, Sienna Miller"
93828,tt1684233,Welcome to the Punch,Welcome to the Punch,2013-03-15,3.8717,5.883,722,"[28, 12, 80]",en,8500000,3900000,99,"Worldview Entertainment, Between The Eyes, Automatik Entertainment, IM Global, Scott Free Productions, Alliance Films, BFI, Quickfire Films, Reliance Entertainment",Eran Creevy,"James McAvoy, Mark Strong, David Morrissey, Peter Mullan, Daniel Mays"
402440,tt2734744,Blåtur,Blåtur,2013-12-04,3.8687,6.0,2,"[27, 53]",no,0,0,75,Piggsvin Film,Ivar Aase,"Vegar Hoel, Berte Rommetveit, Julie Rusti, Dan Skjæveland, Marit Sanden"
191714,tt2350496,The Lunchbox,The Lunchbox,2013-09-20,3.848,7.4,846,"[18, 10749]",hi,3400000,17240000,104,"DAR Motion Pictures, A.S.A.P. Films, Sikhya Entertainment, National Film Development Corporation of India, Rohfilm, Cine Mosaic, ARTE France Cinéma, Nittin Keni Creations",Ritesh Batra,"Irrfan Khan, Nimrat Kaur, Nawazuddin Siddiqui, Lillete Dubey, Nasir Khan"
307108,tt3059888,The Heat,Żar,2013-07-30,3.8467,2.0,2,"[18, 27]",pl,0,0,23,Lodz Film School,Bartosz Kruhlik,"Sara Bartkowska, Rafał Fudalej, Aleksander Sosiński"
442541,tt2886578,L'héritage,L'héritage,2013-04-27,3.8415,0.0,0,[],fr,0,0,23,Black Rabbit Film,Michael Terraz,"Jeanne Dauny, Sarah-Laure Estragnat, Axel Kiener, Charlie Loiselier"
820375,tt2787476,Condom Lead,Condom Lead,2013-05-25,3.8398,4.7,3,[18],ar,0,0,15,,"Arab Nasser, Tarzan Nasser","Rashid Abdelhamid, Maria Mohammedi, Eloise van van Vollenstein"
172533,tt2265398,Drinking Buddies,Drinking Buddies,2013-08-23,3.8369,5.962,893,"[10749, 18, 35]",en,0,343341,90,"Burn Later Productions, MJW Films",Joe Swanberg,"Olivia Wilde, Jake Johnson, Anna Kendrick, Ron Livingston, Ti West"
238628,tt2991224,Tangerines,Mandariinid,2013-10-17,3.8351,7.681,620,"[18, 10752]",et,0,0,87,"Allfilm, Georgianfilm",Zaza Urushadze,"Lembit Ulfsak, Giorgi Nakashidze, Elmo Nüganen, Misha Meskhi, Raivo Trass"
129670,tt1821549,Nebraska,Nebraska,2013-09-21,3.8315,7.446,1974,"[18, 12]",en,12000000,27700000,115,"Echo Lake Entertainment, Bona Fide Productions",Alexander Payne,"Bruce Dern, Will Forte, June Squibb, Bob Odenkirk, Stacy Keach"
448768,tt2319618,Pandemonia,Pandemônia,2013-09-14,3.8286,10.0,2,[],pt,0,0,82,Terranova Filmes,Daniel Moreno,"Jessica Drago, Natalia Vidal, Tame Louise, Scheila Foltran, Mila Tiso"
166076,tt2617456,Superman: Unbound,Superman: Unbound,2013-04-23,3.8257,6.598,473,"[16, 28, 12, 878]",en,0,2915767,75,"Warner Premiere, Warner Bros. Animation, DC",James Tucker,"Matt Bomer, John Noble, Stana Katic, Molly C. Quinn, Diedrich Bader"
314860,tt1828163,Desire for Beauty,Pragnienie piękna,2013-03-22,3.8206,0.0,0,"[99, 18]",pl,0,0,90,"Green Box, Strefa Ciało",Miguel Gaudêncio,"Agata Kulesza, Maria Czubaszek, Maja Frykowska, Elżbieta Jodłowska, Mikołaj Komar"
127373,tt1932767,What Maisie Knew,What Maisie Knew,2013-05-02,3.5206,7.118,458,[18],en,6000000,2711379,99,"Red Crown Productions, Weinstock Productions, 10th Hole Productions, KODA Entertainment, 120dB Films, Dreambridge Films, Image Entertainment","David Siegel, Scott McGehee","Julianne Moore, Steve Coogan, Alexander Skarsgård, Joanna Vanderham, Onata Aprile"
181142,tt2190344,Lieve Céline,Lieve Céline,2013-03-26,3.7837,7.6,5,[18],nl,0,0,85,,Thomas Korthals Altes,"Esmée van Kampen, Gijs Naber, Carolien Spoor, Ellen Pieters, Loes Haverkort"
167683,tt2217458,Reaching for the Moon,Flores Raras,2013-02-09,4.2906,6.6,103,"[18, 10749]",pt,0,0,118,"TeleImage, LC Barreto, Imagem Filmes, Globo Filmes, Telecine",Bruno Barreto,"Miranda Otto, Glória Pires, Tracy Middendorf, Treat Williams, Marcello Airoldi"
214561,tt3025958,The Disquiet,L'intranquille,2013-09-09,3.0118,0.0,0,"[99, 36]",en,0,0,20,,Ali Cherri,
672713,tt3003802,The Balkan Spring,Balkansko proljeće,2013-10-23,3.3522,0.0,0,[18],bs,0,0,64,"Balkan Union Production, BDC Televizija","Mirza Dervišević, Damir Glibanović","Mirza Dervišević, Denis Dafinić, Almir Turšić, Danijela Krndija, Aldin Medilović"
127560,tt2058107,The Railway Man,The Railway Man,2013-12-02,4.5988,6.828,795,"[18, 36]",en,18000000,24174885,116,"Archer Street Productions, Pictures in Paradise, Latitude Media, Thai Occidental Productions, Silver Reel, Lionsgate, Screen Australia, Screen Queensland, Transmission Films, Davis Films",Jonathan Teplitzky,"Colin Firth, Nicole Kidman, Stellan Skarsgård, Jeremy Irvine, Hiroyuki Sanada"
135309,tt2117905,Lake Placid: The Final Chapter,Lake Placid: The Final Chapter,2013-07-30,3.7024,5.207,215,"[27, 878]",en,5000000,0,86,"Unified Film Organization, Sony Pictures Home Entertainment, Syfy",Don Michael Paul,"Yancy Butler, Robert Englund, Daniel Black, Elisabeth Röhm, Caroline Ford"
260953,tt3231500,Minutos Atrás,Minutos Atrás,2013-03-20,3.6125,6.2,3,"[18, 35, 14]",pt,0,0,99,Maria Farinha Filmes,Caio Sóh,"Vladimir Brichta, Paulo Moska, Otávio Müller"
1567393,tt3082888,Grand Tour,Grand Tour,2013-08-16,3.3092,0.0,0,[35],fr,0,0,16,Senso Films,Marie-Ève de Grave,"Fabrice Adde, Jean-François Stévenin"
157370,tt1311071,Kill Your Darlings,Kill Your Darlings,2013-10-16,4.3181,7.0,1435,"[18, 10749, 53]",en,5600000,1600000,103,"Killer Films, Sunny Field Entertainment",John Krokidas,"Daniel Radcliffe, Dane DeHaan, Michael C. Hall, Jack Huston, Ben Foster"
789394,tt3000928,Wahrer Anfang,Wahrer Anfang,2013-07-13,2.9217,0.0,0,[99],de,0,0,82,"Miguel Müller-Frank Produktion, WDR, IFS Internationale Filmschule Köln gGmbH",Miguel Müller-Frank,
255946,tt2915016,Émilie,Émilie,2013-04-19,3.3158,6.5,2,"[35, 10749]",fr,0,0,86,,Guillaume Lonergan,"Émilie Bibeau, Pascale Bussières, Josée Deschênes, Patrick Drolet, Maude Guérin"
186992,tt2852458,Stranger by the Lake,L'Inconnu du lac,2013-06-12,3.8044,6.3,477,"[18, 53]",fr,1400000,1200000,100,"Les films du Worso, ARTE France Cinéma, Films de Force Majeure, M141",Alain Guiraudie,"Pierre Deladonchamps, Christophe Paou, Patrick d'Assumçao, Jérôme Chappatte, Mathieu Vervisch"
220709,tt3064438,Venice 70: Future Reloaded,Venezia 70: Future Reloaded,2013-08-28,3.364,5.048,21,"[18, 99]",it,0,0,120,"IbiscusMedia, Avventurosa, Dream Film","Júlio Bressane, Antonio Capuano, Claire Denis, Peter Chan Ho-Sun, John Akomfrah, Jan Cvitkovič, Rama Burshtein, Catherine Breillat, Isabel Coixet, Amit Dutta, Atom Egoyan, Lav Diaz, Karim Aïnouz, Amiel Courtin-Wilson, Hong Sang-soo, James Franco, Tobias Lindholm, Brillante Ma Mendoza, Amir Naderi, Edgar Reitz, Amos Gitai, Benoît Jacquot, Shekhar Kapur, Pablo Larraín, Kim Ki-duk, Lluís Galter, Semih Kaplanoğlu, Abbas Kiarostami, Shirin Neshat, Yorgos Lanthimos, Pietro Marcello, Celina Murga, Franco Piavoli, Nicolás Pereda, Giuseppe Piccioni, Guido Lombardi, Jia Zhangke, Krzysztof Zanussi, Pablo Trapero, Shinya Tsukamoto, Ermanno Olmi, Paul Schrader, Monte Hellman, Luca Severi, Marlen Khutsiyev, Franco Maresco, Michele Placido, Apichatpong Weerasethakul, Yonfan, Davide Ferrario, Tariq Teguia, Walter Salles, Athina Rachel Tsangari, Ulrich Seidl, Sion Sono, Salvatore Mereu, Teresa Villaverde, Todd Solondz, João Pedro Rodrigues, Jean-Marie Straub, Tusi Tamasese, Wang Bing, Bernardo Bertolucci, Frédéric Fonteyne, Jazmín López, Aleksei German Jr., Haile Gerima, Samuel Maoz, Aleksey Fedorchenko, Hala Alabdalla, Milcho Manchevski","Bernardo Bertolucci, Haile Gerima, Jessica Alexander, Lola Créton, Shota Sometani"
216156,tt2395417,Still Life,Still Life,2013-11-28,3.8666,7.459,415,[18],en,0,0,92,"Redwave Films, Embargo Films, RAI, Istituto Luce Cinecittà, Beta Film, RAI Cinema",Uberto Pasolini,"Eddie Marsan, Joanne Froggatt, Karen Drury, Andrew Buchan, Neil D'Souza"
609786,,If,Se,2013-10-29,3.3752,10.0,1,"[99, 18]",pt,0,0,21,Filmes Fantasma,Ian Capillé,
109729,tt2292959,The Canyons,The Canyons,2013-08-02,4.0419,4.413,286,"[53, 18]",en,250000,270185,99,"Filmworks/FX, Post Empire Films, Sodium Fox Productions, Prettybird",Paul Schrader,"Nolan Gerard Funk, Lindsay Lohan, James Deen, Amanda Brooks, Tenille Houston"
260766,tt3211306,Elhallgatott gyalázat,Elhallgatott gyalázat,2013-10-17,3.323,5.0,1,"[99, 36, 10752]",hu,0,0,0,Omega - Kreatív Bt.,Fruzsina Skrabski,Sándor Kiss
199753,tt3108584,Tom and Jerry's Giant Adventure,Tom and Jerry's Giant Adventure,2013-08-04,3.7825,5.885,87,"[16, 35, 10751, 14]",en,0,0,57,Warner Bros. Animation,"Spike Brandt, Tony Cervone","Garrison Keillor, Paul Reubens, Grey DeLisle, Jacob Bertrand, Thomas F. Wilson"
271895,,Four Years of Night,ארבע שנים של לילה,2013-08-09,3.3236,0.0,0,[99],he,0,0,53,Claudius Films,Itamar Alcalay,Esaias Baitel
186210,tt3526144,Scale 6,Stärke 6,2013-03-03,3.6934,4.1,5,"[18, 53]",de,0,0,100,"T&C Film, SWR",Sabine Boss,"Pasquale Aleardi, Claudia Michelsen, Lorenz Nufer, Andreas Matti, Jessy Moravec"
578820,tt2991218,Underwater,De Agua,2013-09-04,3.6928,0.0,0,"[18, 10749]",es,4000,0,15,,"Israel León Fájer, Ilana Coleman","Alfonso Dosal, Hernán Garza"
394264,tt3375524,Outro Sertão,Outro Sertão,2013-09-18,3.6899,5.5,4,[99],pt,0,0,73,,"Adriana Jacobsen, Soraia Vilela",Guimarães Rosa
164457,tt1206543,Out of the Furnace,Out of the Furnace,2013-11-12,3.6849,6.559,2176,"[53, 18, 80]",en,22000000,15400000,116,"Energy Entertainment, Appian Way, Relativity Media, Red Granite Pictures, Scott Free Productions",Scott Cooper,"Christian Bale, Zoe Saldaña, Woody Harrelson, Sam Shepard, Willem Dafoe"
484002,tt24507648,Diagnóstico esperanza,Diagnóstico esperanza,2013-10-29,3.6776,7.0,1,[18],es,0,0,86,Todo Piola Producciones,César González,"Nazarena Moreno, Alan Garvey, Mariano Alarcón, Esteban El As, Javier Omezzoli"
41602,tt1196948,Charlie Countryman,Charlie Countryman,2013-02-09,3.6648,6.371,667,"[28, 35, 18, 10749, 53]",en,0,11650,108,"Voltage Pictures, Bona Fide Productions",Fredrik Bond,"Shia LaBeouf, Evan Rachel Wood, Mads Mikkelsen, Til Schweiger, Rupert Grint"
347779,tt2845124,Lo sé,Lo sé,2013-05-21,3.6634,0.0,0,[],es,0,0,0,Momento Film,Manuela Moreno,"Rafael Ordorika, Olga Alamán, Olga Alamán"
192134,tt2402105,Dom Hemingway,Dom Hemingway,2013-11-14,3.663,5.817,556,"[35, 80, 18]",en,7000000,1300000,93,"Pinewood Studios, Recorded Picture Company, BBC Film, Isle of Man Film Commission",Richard Shepard,"Jude Law, Demián Bichir, Richard E. Grant, Matthew C. Martino, Emilia Clarke"
230896,tt3221698,Iron Man & Hulk: Heroes United,Iron Man & Hulk: Heroes United,2013-12-03,3.6535,5.9,222,"[28, 12, 16, 10751, 878]",en,0,0,71,Marvel Animation,"Leo Riley, Eric Radomski","Adrian Pasdar, Fred Tatasciore, Dee Bradley Baker, Robin Atkin Downes, David Kaye"
287264,,Jurk!: Glitterjurk,Jurk!: Glitterjurk,2013-10-04,3.6529,0.0,0,[35],nl,0,0,0,Tribe,,"Jeroen van Koningsbrugge, Dennis van de Ven"
209247,tt2172985,The Art of the Steal,The Art of the Steal,2013-09-20,3.6527,6.17,629,"[35, 80]",en,0,64065,90,"Darius Films, Entertainment One, Téléfilm Canada, Astral Media, The Weinstein Company, Stage 6 Films",Jonathan Sobol,"Kurt Russell, Matt Dillon, Jay Baruchel, Kenneth Welsh, Chris Diamantopoulos"
1765699,,Poyga,Poyga,2013-10-25,3.6492,0.0,0,"[18, 28, 80]",uz,0,0,0,,Abduvohid Ganiev,"Йигитали Мамаджанов, Asal Shodiyeva, Matyoqub Matchonov, Shohida Ismoilova, Sobirjon Otajonov"
182912,tt2192794,Best Before,Bäst före,2013-03-22,3.6464,4.393,14,"[18, 35]",sv,0,0,101,"SF Studios, Eyeworks Sweden",Mats Arehn,"Brasse Brännström, Kjell Bergqvist, Göran Ragnerstam, Ewa Fröling, Meta Velander"
1082301,tt2007513,Vidas Desenrascadas,Vidas Desenrascadas,2013-08-17,3.6431,0.0,0,"[18, 35, 10770]",pt,0,0,0,"TVI - Televisão Independente, Plural Entertainment",Ricardo Inácio,"Patrícia Tavares, Luís Esparteiro, Mafalda Teixeira, Maria d'Aires, Nuno Pardal"
393401,tt3614946,The Wonderful,The Wonderful,2013-11-19,3.6393,0.0,0,"[18, 10751]",en,0,0,9,,Erin Good,
211755,tt2918988,Hunter x Hunter: Phantom Rouge,劇場版 HUNTER×HUNTER 緋色の幻影,2013-01-12,3.638,7.056,233,"[16, 12, 14, 28]",ja,0,12705094,97,Madhouse,Yuzo Sato,"Megumi Han, Mariya Ise, Miyuki Sawashiro, Keiji Fujiwara, Mamoru Miyano"
980401,,The Great Bear,Grande Ourse,2013-05-12,3.6376,6.0,1,[18],fr,0,0,11,,Lola Quivoron,"Marc-Antoine Vaugeois, Thibault Sauvaige, Camille Rutherford"
210408,tt2586682,Aşk Kırmızı,Aşk Kırmızı,2013-03-15,3.6339,3.706,17,"[18, 10749]",tr,0,0,114,"Sinegraf, Dreamlife Studios",Osman Sınav,"Nurgül Yeşilçay, Tayanç Ayaydın, Ezgi Asaroğlu, Teoman Kumbaracıbaşı, Sait Genay"
1762259,tt3112498,Au monde,Au monde,2013-07-02,3.6327,0.0,0,[],fr,0,0,0,,Christophe Bisson,Joël Perrotte
174862,,"Dormíamos, Despertamos","Dormíamos, Despertamos",2013-03-11,3.618,0.0,0,[],en,0,0,90,,"Alfonso Domingo, Dani Quiñones, Andrés Linares",
174862,,"Dormíamos, Despertamos","Dormíamos, Despertamos",2013-03-11,3.3263,0.0,0,[],en,0,0,90,,"Alfonso Domingo, Dani Quiñones, Andrés Linares",
225655,,Apart,Lejanía,2013-10-21,3.1339,0.0,0,[99],es,0,0,69,Centro de Capacitación Cinematográfica (CCC),Pablo Taméz Sierra,"Lupita Sierra Chávez, Esther Sierra Chávez, Felipe González Sierra, Carlos González García, Jorge González Sierra"
109417,tt1532958,Battle of the Year,Battle of the Year,2013-09-21,4.265,6.8,364,"[10402, 18]",en,20000000,16549477,110,Screen Gems,Benson Lee,"Josh Holloway, Laz Alonso, Josh Peck, Caity Lotz, Chris Brown"
238302,tt2204315,Saving Santa,Saving Santa,2013-11-05,3.8151,5.188,109,"[16, 35, 10751]",en,7500000,0,83,"Prana Studios, Prana Animation Studios, Gateway Films","Aaron Seelman, Leon Joosen","Martin Freeman, Tim Curry, Tim Conway, Pam Ferris, Ashley French"
852775,tt13828708,Angry Tears,Angry Tears,2013-12-12,3.4293,0.0,0,[18],en,0,0,60,,Earlina Gilford,
308419,tt3624446,The Spanish Chainsaw Massacre,Carnívoros,2013-09-15,3.3511,1.5,2,[27],es,3000,0,51,,Manolito Motosierra,"Hilario Blas, Pedro García Oliva, Óscar Gisbert, Miriam Larragay, Nereida López"
396164,tt2979928,Dyonélio,Dyonélio,2013-05-05,3.2106,0.0,0,[18],pt,0,0,0,Visom Digital,Jaime Lerner,"Clemente Viscaíno, Carlos Cunha, Deborah Finocchiaro, Leonardo Machado"
104755,tt1731697,The Lords of Salem,The Lords of Salem,2013-04-18,4.2052,5.438,937,"[27, 53]",en,1500000,1165882,101,"IM Global, Alliance Films, Haunted Movies",Rob Zombie,"Sheri Moon Zombie, Bruce Davison, Jeff Daniel Phillips, Judy Geeson, Meg Foster"
234701,tt2779932,Princess Sakura,桜姫,2013-06-29,3.8182,4.771,24,[10749],ja,0,0,95,"CAL, Stardust Pictures",Hajime Hashimoto,"Kyoko Hinami, Munetaka Aoki, Yuma Asami, Masashi Goda, Denden"
397099,tt4126248,A tartótiszt,A tartótiszt,2013-04-22,3.3603,0.0,0,[99],hu,0,0,0,Filmira Bt,Ágota Varga,"Balás, Béla, Reisz, Péter Pál, Vincze, József, Bara Erdélyi, Oszkár, Bende, irén"
822734,tt2911398,The Developer,A hívó,2013-05-11,3.7556,0.0,0,[878],en,0,0,17,,Róbert Odegnál,"Iván Kamarás, Tamás Mohai, Szabolcs Jager, Timea Saghy, Richy Romwalter"
220212,tt2418298,Océane,Océane,2013-09-11,3.2554,4.6,5,[35],fr,0,0,103,,"Philippe Appietto, Nathalie Sauvegrain","Lou Lesage, Olivier Clastre, Kevyn Diana, Diana Laszlo"
868832,tt14564750,3G Love,3G Love,2013-03-15,3.5255,7.0,2,"[18, 10749]",te,0,0,155,,"Govardhan Krishna, Venkata Pati","Siddharth Varma, Rao Ramesh, Neelima, Sravani, Joshi Ram"
205022,tt2112124,Chennai Express,Chennai Express,2013-08-08,4.163,6.515,404,"[10749, 35, 28]",hi,18000000,62000000,141,"Red Chillies Entertainment, UTV Motion Pictures, Reliance MediaWorks",Rohit Shetty,"Shah Rukh Khan, Deepika Padukone, Nikitin Dheer, Sathyaraj, Mukesh Tiwari"
217008,tt2516864,Madly in Love,Smoorverliefd,2013-09-12,3.3405,4.846,26,"[35, 10749]",nl,0,0,95,"Mountain Road Entertainment, Caviar, Incredible Film, Dutch Filmworks, RTL Entertainment",Hilde Van Mieghem,"Susan Visser, Anna Drijver, Manuel Broekman, Anna Raadsveld, Johnny de Mol"
227679,tt3257582,Pokémon the Movie: Genesect and the Legend Awakened,劇場版ポケットモンスター ベストウイッシュ 神速のゲノセクト ミュウツー覚醒,2013-07-13,4.026,6.374,175,"[28, 12, 16, 10751, 14]",ja,0,32293377,96,"The Pokémon Company, OLM, Shogakukan, TV Tokyo, TakaraTomy, jeki, Shogakukan-Shueisha Productions, Pikachu Project",Kunihiko Yuyama,"Rica Matsumoto, Ikue Otani, Aoi Yuuki, Minami Tsuda, Mamoru Miyano"
190847,tt1709143,The Last Days on Mars,The Last Days on Mars,2013-08-11,4.3595,5.51,949,"[878, 53, 27]",en,10600000,24084,98,"BFI, Qwerty Films, Fantastic Films, Fís Éireann/Screen Ireland, Focus Features, MEDIA Programme of the European Union, Prescience Film Fund, Universal Pictures",Ruairi Robinson,"Liev Schreiber, Elias Koteas, Romola Garai, Olivia Williams, Johnny Harris"
544181,tt3176070,Eve,Eve,2013-05-16,3.5744,0.0,0,[18],en,0,0,17,London Film Academy,Leonardo Machado,"O'ar Pali, Richard Winsor, Patrick Baladi, Alexander Nathan"
158999,tt2545118,Blackfish,Blackfish,2013-06-07,3.6292,7.852,1214,[99],en,0,2063312,83,Manny O Productions,Gabriela Cowperthwaite,"Dean Gomersall, Samantha Berg, John Jett, John Hargrove, Carol Ray"
160139,tt1654523,Night Train to Lisbon,Night Train to Lisbon,2013-03-07,4.024,6.494,442,"[9648, 10749, 53]",en,7700000,0,111,"Studio Hamburg Filmproduktion, C-Films, PalmStar Media, Efish Entertainment, Cinemate, K5 International, K5 Film, Tele München",Bille August,"Jeremy Irons, Mélanie Laurent, Jack Huston, Martina Gedeck, Tom Courtenay"
196843,tt2629290,Occamova břitva,Occamova břitva,2013-01-12,3.3081,3.333,3,[53],cs,0,0,0,Česká televize,Dan Svátek,"Ondřej Sokol, Zuzana Stivínová, Hynek Čermák, Norbert Lichý, Ivan Franěk"
178682,tt2448374,The Wizards Return: Alex vs. Alex,The Wizards Return: Alex vs. Alex,2013-06-01,3.7933,7.8,1092,"[10751, 35, 10770, 14]",en,0,0,60,"It's a Laugh Productions, Disney Channel",Victor Gonzalez,"Selena Gomez, Jake T. Austin, Jennifer Stone, Gregg Sulkin, Beau Mirchoff"
206284,tt2349460,Grace Unplugged,Grace Unplugged,2013-10-04,3.5574,6.008,64,"[18, 10402]",en,1700000,2500000,102,"Coram Deo Studios, Birchwood Pictures, Mark Burg Productions",Brad J. Silverman,"AJ Michalka, James Denton, Kevin Pollak, Shawnee Smith, Michael Welch"
454908,tt3145374,Battlecock!,Battlecock!,2013-10-13,3.5157,5.333,6,[],en,0,0,9,,Ben Mallaby,"Nat Luurtsema, Rebecca Shorrocks, Paul F. Taylor, Toby Williams"
435620,tt3685376,La laguna,La laguna,2013-05-17,3.1658,5.0,1,[],es,0,0,77,,"Gastón Bottaro, Luciano Juncos","Gustavo Almada, Germán de Silva"
218726,tt2768084,Doraemon: Nobita's Secret Gadget Museum,映画ドラえもん のび太のひみつ道具博物館,2013-03-09,4.0212,6.462,52,"[12, 10751, 16, 35, 14, 878]",ja,0,42770271,104,"ADK Marketing Solutions, Shin-Ei Animation, Fujiko Productions, Shogakukan, TV Asahi",Yukiyo Teramoto,"Wasabi Mizuta, Megumi Oohara, Yumi Kakazu, Subaru Kimura, Tomokazu Seki"
342326,,Légionnaires du Christ: Scandale au Vatican,Légionnaires du Christ: Scandale au Vatican,2013-05-01,3.097,0.0,0,[99],fr,0,0,0,"Planète+, Canal+","Bernard Nicolas, Linda Salas Vega",
514735,tt31259265,Mr. Bean,Mr. ബീൻ,2013-07-21,3.5536,4.0,2,[35],ml,0,0,138,Euro Star Cinema,Reji Paul,"Divyadarshan R Engoor, Avanthika Mohan, Bijukuttan, Kochu Preman, Pritam Kagne"
217923,tt2992146,Young Detective Dee: Rise of the Sea Dragon,狄仁杰之神都龙王,2013-09-27,3.4026,6.286,304,"[28, 80, 14, 12]",zh,0,98774891,134,"Huayi Brothers Pictures, China Film Co-Production",Tsui Hark,"Mark Chao, AngelaBaby, William Feng, Kim Bum, Carina Lau"
1735601,,¿Qué democracia?,¿Qué democracia?,2013-02-13,2.8587,0.0,0,[99],es,0,0,0,Artó Cine,Patricio Escobar,
1230657,,Století rádia,Století rádia,2013-01-01,2.971,0.0,0,[99],cs,0,0,0,Česká televize,Roman Vávra,
232078,tt3083006,Triple Crossed,Triple Crossed,2013-11-12,3.2252,4.226,31,[9648],en,41000,0,99,"Babaloo Studios, Lime Street Entertainment",Brent Corrigan,"Jack Brockett, Brent Corrigan, Laura Reilly, Tellier Killaby, Addison Graham"
180147,tt2222394,We Are the Nobles,Nosotros los nobles,2013-03-28,3.5094,7.989,555,[35],es,2000000,26433651,108,"Alazraki Entertainment, Máquina Vega, Alazraki Entertainment",Gary Alazraki,"Gonzalo Vega, Luis Gerardo Méndez, Karla Souza, Juan Pablo Gil, Ianis Guerrero"
145247,tt2113681,The 100 Year-Old Man Who Climbed Out the Window and Disappeared,Hundraåringen som klev ut genom fönstret och försvann,2013-12-25,4.1848,6.809,1038,"[12, 35, 18]",sv,9250000,51167572,115,"FLX, Nice Drama, Nice FLX Pictures, Film i Väst, TV4, Svenska Filminstitutet, Buena Vista International, Elmalma Marka Iletisim, Embassy Films Associates, Film i Västerbotten, Nordisk Film & TV Fond, Wild Bunch, Creative Europe Media, StudioCanal, MEDIA Programme of the European Union",Felix Herngren,"Robert Gustafsson, Iwar Wiklander, David Wiberg, Mia Skäringer, Jens Hultén"
184125,tt2368553,Assault on Wall Street,Assault on Wall Street,2013-06-30,4.0315,5.902,515,"[18, 53, 28]",en,0,0,99,"Lynn Peak Productions, Studio West Productions(VCC)",Uwe Boll,"Dominic Purcell, Erin Karpluk, Edward Furlong, John Heard, Keith David"
286387,tt3328418,Scooby-Doo! and the Spooky Scarecrow,Scooby-Doo! and the Spooky Scarecrow,2013-09-10,3.755,8.133,98,"[16, 10751, 9648, 35]",en,0,0,23,Warner Bros. Animation,Michael Goguen,"Frank Welker, Matthew Lillard, Mindy Cohn, Grey DeLisle, Josh Keaton"
156711,tt1985019,Austenland,Austenland,2013-08-15,4.3206,6.352,489,"[35, 10749]",en,4900000,2159041,97,"Fickle Fish Films, Moxie Pictures",Jerusha Hess,"Keri Russell, JJ Feild, Bret McKenzie, Jennifer Coolidge, James Callis"
873835,tt2711842,Tumbling Birds,Stürzende Tauben,2013-01-23,2.9426,0.0,0,[18],de,0,0,20,Hamburg Media School,Esther Bialas,"Anouk Bödeker, Eva Nürnberg, Joan Pascu, Charlotte Crome, Louis Nitsche"
464702,tt3421632,Cadrage/débordement,Cadrage/débordement,2013-12-09,2.8795,0.0,0,[],fr,0,0,20,"Ciclic - Région Centre, Sésame Films",,"Kacey Mottet Klein, Franck Gourlat, Lysiane Meis"
166271,tt2345567,Haunter,Haunter,2013-10-17,3.8555,6.125,666,"[27, 9648, 53]",en,0,0,97,"Wild Bunch, Copperheart Entertainment",Vincenzo Natali,"Abigail Breslin, Stephen McHattie, David Hewlett, David Knoll, Peter Outerbridge"
581364,,Corpornô,Corpornô,2013-09-30,3.1389,0.0,0,[10402],pt,0,0,90,Girândola Comunicação e Arte,Fauller Freitas,"Patrícia Crespí, Luiz Otávio Queiroz, Bruno Gomes, Wilemara Barros, John Pessoa"
192136,tt2304771,Mandela: Long Walk to Freedom,Mandela: Long Walk to Freedom,2013-11-28,4.3574,6.9,590,"[18, 36]",en,35000000,27985788,141,"Videovision Entertainment, Film Afrika, Distant Horizon, National Empowerment Fund, Origin Pictures, Pathé, Revolt Films, The Weinstein Company, Yucaipa Films",Justin Chadwick,"Idris Elba, Naomie Harris, Tony Kgoroge, Riaad Moosa, Fana Mokoena"
246196,tt2769158,Rape Zombie: Lust of the Dead 3,レイプゾンビ3 LUST OF THE DEAD,2013-06-23,3.7778,6.1,107,"[27, 35]",ja,0,0,68,"Outside, Gensou haikyuu-sha Ltd., Laughter, New Select",Naoyuki Tomomatsu,"Alice Ozawa, Asami, Saya Kobayashi, Yui Aikawa, Ayumi Kuroki"
1661100,tt6801164,Diritti migranti,Diritti migranti,2013-05-01,3.4292,0.0,0,[99],it,0,0,0,,"Diego Fiori, Olga Pohankova",
133790,tt2279864,Clear History,Clear History,2013-08-10,3.9463,6.106,371,"[35, 10770]",en,0,0,100,"HBO Films, Fox Searchlight Pictures",Greg Mottola,"Larry David, Jon Hamm, Kate Hudson, Eva Mendes, Danny McBride"
263451,tt2161938,Insônia,Insônia,2013-06-01,2.9116,0.0,0,"[35, 18, 10749]",pt,0,0,84,Panda Filmes,Beto Souza,"Daniel Kuzniecka, Luana Piovani, Leonardo Machado, Miguel Gonçalves Carvalho, Lara Rodrigues"
219572,tt2599716,Police Story: Lockdown,警察故事2013,2013-12-24,3.6632,6.2,435,"[28, 80, 18]",zh,35000000,94249025,110,"Jackie & JJ Productions, Starlit HK Int'l Media Company Limited, China Film Co-Production, China Movie Channel, Xi'An Dragon Film and TV Culture Co., Ltd, Wanda Pictures, China Film Group Corporation",Ding Sheng,"Jackie Chan, Liu Ye, Jing Tian, Yu Rongguang, Yin Tao"
446225,tt2920704,Desagradável,Desagradável,2013-05-11,3.1581,5.0,1,"[10402, 99]",pt,0,0,120,"Locomotiva Filmes, Black Vomit Filmes",Fernando Rick,"Angelo Arede, Marcelo D2, Bnegão, Dado Villa-Lobos, João Gordo"
1246844,,The Delay,The Delay,2013-01-01,3.1719,0.0,0,[99],es,0,0,15,,Daniel Paz Mireles,
313106,tt2779318,Doctor Who: The Day of the Doctor,Doctor Who: The Day of the Doctor,2013-11-23,4.0946,8.184,789,"[878, 12]",en,0,10000000,77,BBC Cymru Wales,Nick Hurran,"Matt Smith, David Tennant, John Hurt, Jenna Coleman, Billie Piper"
370196,tt2907124,Soft Rain,Lágy eső,2013-03-28,3.24,0.0,0,[],hu,0,0,28,,Dénes Nagy,
206375,tt3012818,Miracle,Zázrak,2013-09-05,3.1422,5.3,3,[18],sk,0,0,78,"Negativ, Artileria, Česká televize",Juraj Lehotský,"Michaela Bendulová, Robert Roth, Katarína Feldeková, Ela Lehotská, Venuša Kalejová"
326792,tt4353380,Narnia's Lost Poet: The Secret Lives and Loves of C.S. Lewis,Narnia's Lost Poet: The Secret Lives and Loves of C.S. Lewis,2013-11-27,2.7817,6.9,5,[99],en,0,0,60,What Larks! Productions,Ian Denyer,"A.N. Wilson, Robert Hardy"
251641,tt2728314,The Lizards,Les lézards,2013-02-02,2.5542,3.0,5,[35],fr,0,0,14,,Vincent Mariette,"Benoît Forgeard, Ginger Romàn, Vincent Macaigne, Estéban"
777202,tt4571230,Tropically Yours,Tropically Yours,2013-07-01,2.9171,0.0,0,"[12, 99]",en,0,0,42,Transworld Productions,,"Brendon Gibbens, Matt Meola, Dave Wassel, Dylan Graves, Oliver Kurtz"
342461,tt2724938,Däumelinchen,Däumelinchen,2013-04-26,3.2926,0.0,0,"[35, 10751]",de,0,0,15,Theresa Braun Produktion,Theresa Braun,"Martha Maria Thieme, Katharina Spiering, Björn von der Wellen, Johanna Geißler, Enricia Marie Schmidt"
235704,tt3144098,Commitment,동창생,2013-11-05,3.5874,7.232,142,"[28, 53, 18]",ko,0,0,113,"Golden Fish Pictures, The LAMP",Park Hong-soo,"Choi Seung-hyun, Han Ye-ri, Yoon Je-moon, Cho Seong-ha, Kim You-jung"
276832,tt7237928,Ski Lessons,Lição de Esqui,2013-08-01,3.0059,0.0,0,[18],pt,0,0,24,Praia à Noite,"Leonardo Mouramateus, Samuel Brasileiro","Carlos Victor, Sandio Marçal, Leonardo Mouramateus, Bruna Estrela"
196750,tt2636124,Ghost in the Shell: Arise - Border 1: Ghost Pain,攻殻機動隊ARISE border:1 Ghost Pain,2013-06-22,3.8531,7.013,240,"[28, 16, 80, 878]",ja,0,0,58,"Bandai Visual, TOHO, Production I.G, Kodansha, FlyingDog, dentsu","Kazuchika Kise, Masahiko Murata","Maaya Sakamoto, Ikkyu Juku, Kenichirou Matsuda, Kazuya Nakai, Shunsuke Sakuya"
140870,tt2368672,Minuscule: Valley of the Lost Ants,Minuscule - La Vallée des fourmis perdues,2013-11-17,3.6443,6.984,489,"[16, 12, 10751]",fr,19700000,30000000,89,"Nozon, Futurikon, Entre Chien et Loup, Futurikon Production II, Mollywood","Hélène Giraud, Thomas Szabo","Sarah Cohen-Hadria, Jean-Paul Guyon"
87436,tt1935896,The ABCs of Death,The ABCs of Death,2013-03-08,3.8059,4.944,642,[27],en,0,23589,129,"Drafthouse Films, Timpson Films, Magnet Pictures","Angela Bettis, Hélène Cattet, Ernesto Díaz Espinoza, Jason Eisener, Bruno Forzani, Adrián García Bogliano, Xavier Gens, Noboru Iguchi, Thomas Cappelen Malling, Jorge Michel Grau, Yoshihiro Nishimura, Banjong Pisanthanakun, Simon Rumley, Marcel Sarmiento, Jon Schnepp, Srđan Spasojević, Timo Tjahjanto, Andrew Traucki, Nacho Vigalondo, Jake West, Ti West, Ben Wheatley, Adam Wingard, Yudai Yamaguchi, Lee Hardcastle, Kaare Andrews, Anders Morgenthaler","Ingrid Bolsø Berdal, Erik Audé, Iván González, Kyra Zagorsky, Peter Pedrero"
232351,tt3213062,Two Raging Grannies,Opprørske Oldemødre,2013-11-13,3.6611,7.0,2,[99],nb,0,0,78,"N-7411 Trondheim, Faction Film, Kjøpmannsgata 40",Håvard Bustnes,"Hinda Kipnis, Shirley Morrison"
236330,tt2172085,Broken Hill Blues,Ömheten,2013-12-06,3.3501,5.6,9,[18],sv,0,0,80,"DFM AB, Filmpool Nord, Telia Sonera Sverige",Sofia Norlin,"Sebastian Hiort af Ornäs, Lina Leandersson, Alfred Juntti, Ella Nordin, Jenny Sandberg"
205601,tt2404181,Belle,Belle,2013-05-01,4.1014,7.1,740,[18],en,10900000,16500000,105,"Pinewood Studios, DJ Films, Isle of Man Film, BFI, Metrol Technology",Amma Asante,"Gugu Mbatha-Raw, Tom Wilkinson, Sam Reid, Sarah Gadon, Emily Watson"
212168,tt3017864,Ghost in the Shell: Arise - Border 2: Ghost Whispers,攻殻機動隊ARISE border:2 Ghost Whispers,2013-11-29,3.9183,7.021,163,"[28, 16, 878, 53]",ja,0,0,57,"Bandai Visual, TOHO, Production I.G, dentsu, Kodansha, FlyingDog","Kazuchika Kise, Atsushi Takeuchi","Maaya Sakamoto, Ikkyu Juku, Kenichirou Matsuda, Tomoyuki Dan, Takuro Nakakuni"
217381,tt3053424,Potosí,Potosí,2013-07-21,3.128,5.125,8,"[80, 18]",en,0,0,120,,Alfredo Castruita,"Arcelia Ramírez, Luisa Huertas, Fernando Becerril, Aldo Verástegui, José Sefami"
150202,tt1457765,The Haunting in Connecticut 2: Ghosts of Georgia,The Haunting in Connecticut 2: Ghosts of Georgia,2013-02-01,3.5062,5.8,573,"[27, 18, 53]",en,8000000,5127434,101,Gold Circle Films,Tom Elkins,"Chad Michael Murray, Katee Sackhoff, Abigail Spencer, Cicely Tyson, Emily Alyn Lind"
367412,tt2654430,Whiplash,Whiplash,2013-01-18,3.4723,7.778,432,"[18, 10402]",en,0,0,18,"Whiplash Productions, Right of Way Films, Blumhouse Productions",Damien Chazelle,"Johnny Simmons, J.K. Simmons, Nate Lang, C.J. Vana, Honora Javier"
144288,tt2358913,Berserk: The Golden Age Arc III - The Advent,ベルセルク 黄金時代篇Ⅲ 降臨,2013-02-01,3.7988,7.663,421,"[16, 28, 12, 18, 14]",ja,0,399445,110,"Beyond C., Warner Bros. Pictures, STUDIO4℃",Toshiyuki Kubooka,"Hiroaki Iwanaga, Toa Yukinari, Takahiro Sakurai, Takahiro Fujiwara, Minako Kotobuki"
215939,tt3069670,The Chaperone,The Chaperone,2013-09-11,2.8067,6.8,4,"[16, 99]",en,0,0,12,Thoroughbread Pictures,Fraser Munden,"Ralph Whims, Stefan Czernatowicz, Fraser Munden, Chris McMahon, Fred Nguyen Khan"
91739,tt2094064,Much Ado About Nothing,Much Ado About Nothing,2013-05-28,3.9017,6.764,294,[35],en,0,4327764,109,Bellwether Pictures,Joss Whedon,"Amy Acker, Alexis Denisof, Nathan Fillion, Clark Gregg, Reed Diamond"
156700,tt2179116,The Kings of Summer,The Kings of Summer,2013-01-19,3.7488,6.955,1267,"[35, 18]",en,1500000,1400000,95,"Low Spark Films, Big Beach",Jordan Vogt-Roberts,"Nick Robinson, Gabriel Basso, Moisés Arias, Nick Offerman, Erin Moriarty"
188204,tt2095836,Zoológico,Zoológico,2013-01-25,3.497,6.0,1,[18],es,0,0,70,,Rodrigo Marín,"Santiago de Aguirre, Alicia Rodríguez, Héctor Morales, Paulina Moreno, Luis Balmaceda"
214597,tt2486630,Fright Night 2: New Blood,Fright Night 2: New Blood,2013-08-31,3.9591,5.0,339,"[27, 35]",en,8000000,0,100,Gaeta / Rosenzweig Films,Eduardo Rodríguez,"Will Payne, Sean Power, Sacha Parkinson, Chris Waller, Jaime Murray"
287094,tt2671988,Eye Am,Gözümün Nûru,2013-10-18,3.5494,5.8,5,"[10751, 35, 18]",tr,0,0,78,ikifilm,"Melik Saraçoğlu, Hakkı Kurtuluş","Melik Saraçoğlu, Bilgin Saraçoğlu, İsmail Saraçoğlu, Öykü Altuntaş, Hakkı Kurtuluş"
175291,tt2389182,Cheap Thrills,Cheap Thrills,2013-03-08,3.5389,6.387,465,"[35, 80, 53]",en,200000,0,88,"Snowfort Pictures, New Artists Alliance",E.L. Katz,"Pat Healy, Ethan Embry, Sara Paxton, David Koechner, Amanda Fuller"
204456,tt2363115,Bula Quo!,Bula Quo!,2013-07-05,2.575,4.077,13,"[35, 12, 28]",en,0,0,87,,Stuart St. Paul,"Jon Lovitz, Craig Fairbrass, Laura Aikman, Francis Rossi, Rick Parfitt"
345793,tt2796758,Tran & fløtekarameller,Tran & fløtekarameller,2013-06-22,2.9723,0.0,0,[],no,0,0,10,,Guro Saniola Bjerk,
913651,tt2692680,Sexo explícito,Sexo explícito,2013-06-13,3.2944,6.0,2,[18],es,0,0,0,Malvalanda,José Manuel Carrasco,"Javier Pereira, Marina Salas"
187022,tt2852400,A Touch of Sin,天注定,2013-10-04,3.8085,7.226,394,"[80, 18]",zh,4000000,154120,131,"Office Kitano, Xstream Pictures, Shanghai Film Group, Shanxi Film & Television Group, Bandai Visual, Bitters End",Jia Zhangke,"Jiang Wu, Wang Baoqiang, Zhao Tao, Li Meng, Zhang Jiayi"
180948,tt1911662,Vehicle 19,Vehicle 19,2013-03-07,3.0136,5.357,543,"[53, 28]",en,0,0,85,"Forefront Media Group, The Safran Company, K5 International, Skyline Motion Picture Fund, Efish Entertainment, Picture Tree",Mukunda Michael Dewil,"Paul Walker, Naima McLean, Gys de Villiers, Leyla Haidarian, Tshepo Maseko"
248535,tt2943952,Vicente Ferrer,Vicente Ferrer,2013-09-26,2.9965,4.3,8,[18],es,0,0,106,Grupo Ganga Producciones,Agustín Crespi,"Imanol Arias, Jaskaran Brady, Carles Canut, Alba Flores, Aida Folch"
345620,tt2963484,Dating Fever,Dating Fever,2013-11-01,3.219,0.0,0,"[35, 10749]",en,0,0,0,,,"Cecilia Han, Du Haitao, Li Jiahang, Xie Yi-lin, Feng Mingchao"
201676,tt2908228,My Little Pony: Equestria Girls,My Little Pony: Equestria Girls,2013-06-16,3.6325,7.524,314,"[16, 35, 10751, 14, 10402]",en,0,485232,72,"DHX Media, Hasbro Studios",Jayson Thiessen,"Tara Strong, Ashleigh Ball, Andrea Libman, Tabitha St. Germain, Cathy Weseluck"
209274,tt2718492,Ida,Ida,2013-10-25,3.4782,7.209,1095,[18],pl,1000000,15298355,82,"Opus Film, Phoenix Film Investments, CANAL+ Polska, Phoenix Film Poland, Portobello Pictures",Paweł Pawlikowski,"Agata Trzebuchowska, Agata Kulesza, Dawid Ogrodnik, Jerzy Trela, Adam Szyszkowski"
667996,tt3257102,Death Muffins,Death Muffins,2013-11-13,3.1359,0.0,0,"[27, 35]",en,300,0,7,Video Business Media,Jeff Frumess,"Zack Spicehandler, Michael Fiscella"
430167,,Cocoon,Golem,2013-07-04,3.139,6.0,1,"[9648, 18]",he,0,0,20,,Peleg Levi,"Shai Avivi, Maor Furman, Hila Ofer, Rinat Abushaev"
255413,tt2323836,anohana: The Flower We Saw That Day - The Movie,劇場版 あの日見た花の名前を僕達はまだ知らない。,2013-08-31,3.5025,7.495,197,"[16, 18]",ja,0,109630,99,A-1 Pictures,Tatsuyuki Nagai,"Miyu Irino, Ai Kayano, Haruka Tomatsu, Takahiro Sakurai, Saori Hayami"
204553,tt2969656,Cold Eyes,감시자들,2013-07-03,3.4888,7.5,386,"[80, 28, 53]",ko,0,37795598,119,"Next Entertainment World, Zip Cinema, Opus Pictures, Union Investment Partners, Sundream Motion Pictures, Seoul Film Commission, United Pictures, Korean Film Council, CJ Investment","Kim Byung-seo, Cho Ui-seok","Sul Kyung-gu, Jung Woo-sung, Han Hyo-joo, Kim Byeong-ok, Jin Kyung"
168055,tt2298384,Love Is in the Air,Amour & turbulences,2013-04-02,2.9059,5.955,442,"[35, 10749]",fr,0,7636,96,Universal Pictures International,Alexandre Castagnetti,"Ludivine Sagnier, Nicolas Bedos, Jonathan Cohen, Arnaud Ducret, Brigitte Catillon"
226074,tt2706400,Pleasure Spa,Pleasure Spa,2013-02-01,3.1878,4.7,16,"[35, 18, 10749]",en,0,0,75,,Jim Wynorski,"Cindy Lucas, Brandin Rackley, Frankie Cullen, Heather Vandeven, Billy Chappell"
171581,tt2334841,The Marine 3: Homefront,The Marine 3: Homefront,2013-03-05,3.3433,6.144,225,[28],en,0,0,86,WWE Studios,Scott Wiper,"Mike Mizanin, Neal McDonough, Ashley Bell, Camille Sullivan, Jessica Harmon"
240206,tt2508332,Touchless,Bez doteku,2013-03-28,2.9324,3.882,17,[18],cs,0,7755,72,"Barletta, Česká televize, Report Screen",Matěj Chlupáček,"Tereza Vítů, Adrian Jastraban, Marian Roden, Petra Lustigová, Kryštof Hádek"
1246792,,"Profession, domestique","Profession, domestique",2013-01-01,2.6718,7.0,1,[99],fr,0,0,18,,Julien Brygo,
233639,tt2356464,Windstorm,Ostwind,2013-03-21,3.6559,7.4,303,"[12, 10751]",de,0,0,105,"Constantin Film, SamFilm",Katja von Garnier,"Hanna Binke, Marvin Linke, Cornelia Froboess, Tilo Prückner, Nina Kronjäger"
328278,tt3366710,Amazon Unknown,Amazônia Desconhecida,2013-10-18,3.0651,7.5,2,[99],pt,0,0,75,,"Daniel Augusto, Eduardo Rajabally","James Cameron, Al Gore"
272103,tt2705368,Second Chances,Second Chances,2013-01-01,3.1525,0.0,0,"[18, 14]",en,2500,0,10,LJR Productions,Jon Ray,"Scarlett O'Neil, Ed Gary, Jim Coates, Vi Knight"
190880,tt2315200,"Me, Myself and Mum","Les Garçons et Guillaume, à table !",2013-11-20,4.1857,6.629,711,[35],fr,10735974,0,85,"LGM Productions, Rectangle Productions, Gaumont, Gaumont Distribution, France 3 Cinéma",Guillaume Gallienne,"Guillaume Gallienne, Françoise Fabian, André Marcon, Diane Kruger, Nanou Garcia"
165739,tt1551630,Pawn,Pawn,2013-04-23,3.3293,5.538,199,"[80, 53]",en,83000000,0,88,"Imprint Entertainment, Most Films, Extravaganza Entertainment, 42 Films",David A. Armstrong,"Sean Faris, Forest Whitaker, Nikki Reed, Ray Liotta, Michael Chiklis"
715783,tt2586134,Blind Puppet,Marioneta ciega,2013-11-17,2.9513,8.0,1,"[18, 14]",en,0,0,19,,Jaime Fidalgo,"Tomás Pozzi, Javier Botet, Deborah Deneo, Javier Espada, Fernando Tielve"
227953,tt5642552,Vazio Coração,Vazio Coração,2013-11-01,3.0646,0.0,0,[],pt,0,0,80,,Alberto Araújo,"Murilo Rosa, Othon Bastos, Bete Mendes, Lima Duarte, Patrícia Naves"
172828,tt2274570,Bad Milo!,Bad Milo!,2013-08-28,3.0783,5.739,262,"[35, 27]",en,0,19613,84,"New Artists Alliance, Floren Shieh Productions, Duplass Brothers Productions",Jacob Vaughan,"Ken Marino, Gillian Jacobs, Peter Stormare, Stephen Root, Patrick Warburton"
1030104,,Nix,Nix,2013-02-26,2.6841,0.0,0,[16],en,0,0,0,,Martin Arnold,
174321,tt2055765,The English Teacher,The English Teacher,2013-05-16,3.3277,5.561,379,"[35, 18, 10749]",en,0,104810,92,"Mirabelle Pictures Productions, Artina Films, Procinvest Sas",Craig Zisk,"Julianne Moore, Michael Angarano, Greg Kinnear, Lily Collins, Fiona Shaw"
161143,tt2702348,Madly Madagascar,Madly Madagascar,2013-01-29,3.3336,6.608,274,"[16, 35, 10751]",en,0,0,21,DreamWorks Animation,David Soren,"Ben Stiller, Chris Rock, David Schwimmer, Jada Pinkett Smith, Cedric the Entertainer"
214030,tt2258345,Fading Gigolo,Fading Gigolo,2013-09-07,3.6027,5.806,625,[35],en,0,2681345,90,Antidote Films,John Turturro,"John Turturro, Woody Allen, Vanessa Paradis, Liev Schreiber, Sharon Stone"
202220,tt2644714,Badges of Fury,不二神探,2013-06-18,3.2754,5.4,157,"[35, 28, 80]",zh,0,46495296,98,"Enlight Pictures, Hong Kong Pictures International",Wong Tsz-Ming,"Wen Zhang, Jet Li, Liu Shishi, Michelle Chen, Liu Yan"
226654,tt2776882,The Mysterious Boy,Zagonetni dječak,2013-02-27,2.9441,7.0,7,"[12, 10751]",hr,0,0,85,"Hrvatska Radiotelevizija, Kinorama",Dražen Žarković,"Antonio Parač, Karlo Maloča, Vanja Markovinović, Toma Budanko, Kristian Bonačić"
296989,tt2668158,The Other Side of The SEX,セックスの向こう側 ~AV男優という生き方,2013-02-23,3.224,7.2,4,[99],ja,0,0,86,Maxam,"Yujiro Enoki, Hidekazu Takahara","Tatsurō Hibino, Kenji Hayami, Yuto Kuroda, Taka Katou, Ryuji Yamamoto"
537667,,Aula Magna,Aula Magna,2013-01-01,2.6223,0.0,0,[],en,0,0,7,,Andrés Denegri,
234567,tt2980764,Get a Horse!,Get a Horse!,2013-11-27,3.6594,7.581,285,"[16, 10751, 35]",en,0,0,8,Walt Disney Animation Studios,Lauren MacMullan,"Walt Disney, Marcellite Garner, Russi Taylor, Billy Bletcher, Will Ryan"
871919,tt8170614,Hug,Обійми,2013-07-18,2.9696,0.0,0,[18],uk,0,0,31,"Kyiv National I. K. Karpenko-Karyi Theatre, Cinema and Television University",Philip Sotnychenko,"Serhiy Gornyi, Dmytro Vivchariuk, Kostyantyn Nagornyi, Olga Vinichenko"
258456,tt2768444,Nobody's Home,Köksüz,2013-04-10,2.9935,6.2,12,[18],tr,0,0,81,"Kırmızı Panjur, Mars Production, Re Prodüksiyon, Zoe Film",Deniz Akçay,"Ahu Türkpençe, Lale Başar, Savaş Alp Başar, Sekvan Serinkaya, Mihriban Er"
1743279,tt38893247,Jinke Mari,Jinke Mari,2013-05-24,2.69,0.0,0,[],kn,0,0,0,,K.R. Naveen Kumar,"Yogesh, Shobhraj, Achyuth Kumar, Jai Jagadish, Ramesh Bhat"
240185,tt3155132,Reflections,Reflections,2013-01-01,3.0089,6.4,5,[16],xx,0,0,5,Bezalel Academy of Arts and Design,"Bosmat Agayoff, Alon Ziv",
214910,tt2972362,Hwayi: A Monster Boy,화이: 괴물을 삼킨 아이,2013-10-09,3.0437,7.408,261,"[28, 53, 80]",ko,16400000,16400000,125,"Showbox, Pinehouse Film, NOWFILM",Jang Joon-hwan,"Kim Yoon-seok, Yeo Jin-goo, Cho Jin-woong, Jang Hyun-sung, Kim Sung-kyun"
248682,tt2888480,Hidden Hills,Hidden Hills,2013-07-01,2.8054,2.333,3,"[35, 10751, 10749]",en,0,0,73,,Dan Steadman,"Tim O'Leary, Ted Trent, Jane Wiedlin, Karen Forman, Richy Cumba"
184967,tt2800318,In Here,Acá adentro,2013-04-13,2.8765,7.0,1,[18],es,0,0,68,,Mateo Bendesky,"Iair Said, Katia Szechtman, Martín Shanly, Cecilia Pertusi, Vladimir Durán"
335682,tt3461578,Birds of September,Touyour ayloul,2013-12-07,2.7536,7.0,1,[99],ar,0,0,99,,Sarah Francis,
237614,tt2085752,Autumn Blood,Autumn Blood,2013-09-10,3.12,4.852,44,"[18, 53]",en,0,0,100,"Mountain Film, Dreamrunner Pictures",Markus Blunder,"Sophie Lowe, Maximilian Harnisch, Gustaf Skarsgård, Peter Stormare, Tim Morten Uhlenbrock"
676992,tt7550270,Maldita sucia,Maldita sucia,2013-01-01,2.7065,5.0,3,[18],es,0,0,92,,Alonso O. Lara,"Cristy Mendivil, Max Hernandez Jr, Julio Chavez, Amador Granados, Marta Leticia Rodríguez"
163431,tt2287715,Ego,Ego,2013-01-24,2.8076,6.3,38,"[18, 10749, 35]",sv,0,0,105,Filmlance International,Lisa James Larsson,"Martin Wallström, Mylaine Hedreul, Sissela Kyle, Peter Andersson, Emil Johnsen"
255882,tt5337374,Wish Taxi,소원택시,2013-10-11,3.0431,4.1,10,[18],ko,0,0,117,,Park Chang-Jin,"Jang Seong-won, Oh In-hye, Han So-yeong, Kim Sun-young, Jang Hee-woong"
182936,,Leipäjuustohuijaus,Leipäjuustohuijaus,2013-04-01,2.5664,0.0,0,[],fi,0,0,7,OneFX,Miika Ullakko,"Henrik Anttonen, Miika Ullakko, Krisu Antonio, Junnu Riihimäki, Tomi Tuominen"
225747,tt2572632,Vendetta,Vendetta,2013-11-08,2.8171,5.753,83,"[28, 53]",en,0,0,102,"Hereford Films, Richwater Films",Stephen Reynolds,"Danny Dyer, Roxanne McKee, Vincent Regan, Josef Altin, Bruce Payne"
1087111,tt4105470,Résistance,Résistance,2013-10-23,2.5709,0.0,0,[18],ar,0,0,9,Atlas Vision,Amine Chiboub,
235512,tt2607316,My Guide,Újratervezés,2013-11-10,2.635,7.8,6,[],hu,0,0,12,,Barnabás Tóth,"Judit Pogány, Zsolt Kovács"
140818,tt2363213,Ragnarok,Gåten Ragnarok,2013-10-04,3.1435,5.664,245,"[28, 12]",no,6500000,3721345,93,"Ghost VFX, Fantefilm, Film i Väst",Mikkel Brænne Sandemose,"Pål Sverre Hagen, Nicolai Cleve Broch, Sofia Helin, Bjørn Sundquist, Maria Annette Tanderød Berglyd"
227707,tt1376213,The Adventurer: The Curse of the Midas Box,The Adventurer: The Curse of the Midas Box,2013-12-05,3.8967,5.741,255,"[14, 12, 10751]",en,25000000,6399,99,"uMedia, Matador Pictures, Arcadia Motion Pictures, Telefónica Studios, Entertainment Motion Pictures, Nix Films, International Pictures Two, Cronos Entertainment AIE, Cinema One, Afrodita Audiovisual, A.I.E., uFilm",Jonathan Newman,"Aneurin Barnard, Michael Sheen, Lena Headey, Sam Neill, Ioan Gruffudd"
140222,tt1976989,Love and Honor,Love and Honor,2013-03-22,3.2793,6.014,362,"[18, 10749]",en,0,19684,92,"Deep Blue Pictures, Red 56, Lightning Entertainment",Danny Mooney,"Liam Hemsworth, Austin Stowell, Teresa Palmer, Aimee Teegarden, Chris Lowell"
248503,tt2569772,The Girl in the Sun,陽だまりの彼女,2013-10-11,2.5142,6.6,33,"[18, 10749, 14]",ja,0,0,128,"Asmik Ace, TOHO, J Storm, AMUSE",Takahiro Miki,"Juri Ueno, Jun Matsumoto, Tetsuji Tamayama, Masaki Suda, Koji Ohkura"
1501535,,Dear Jiz,Dear Jiz,2013-01-01,2.42,0.0,0,[],en,0,0,9,,Ms. Naughty,Jiz Lee
244088,tt2465578,Human Capital,Il capitale umano,2013-12-03,3.0141,7.448,959,[18],it,6000000,5809330,111,"Motorino Amaranto, Indiana Production, Manny Films, RAI Cinema, MiC, Lombardia Film Commission, Eurimages, Backup Media",Paolo Virzì,"Valeria Bruni Tedeschi, Fabrizio Bentivoglio, Valeria Golino, Fabrizio Gifuni, Luigi Lo Cascio"
75761,tt1783732,John Dies at the End,John Dies at the End,2013-01-25,3.1644,6.264,746,"[27, 35]",en,1000000,142000,99,"M3 Alliance, M3 Creative, Midnight Alliance, Silver Sphere Corporation, Syndrome Studio, Touchy Feely Films",Don Coscarelli,"Chase Williamson, Rob Mayes, Paul Giamatti, Clancy Brown, Glynn Turman"
282616,tt3175464,Masks: Sentient,Masks: Sentient,2013-10-05,3.1231,6.8,3,"[53, 27, 18]",en,5000,0,20,Back2ninety9 Productions,Charles A. Christman III,"Roberto Lombardi, Walter DeShields, Anthony Horton"
119675,tt1291580,Behind the Candelabra,Behind the Candelabra,2013-05-26,3.5476,6.592,849,"[18, 10749]",en,23000000,15600000,118,"Jerry Weintraub Productions, HBO Films",Steven Soderbergh,"Michael Douglas, Matt Damon, Dan Aykroyd, Scott Bakula, Rob Lowe"
666567,tt2597670,Ulay,Ulay,2013-09-12,3.1047,7.4,4,[99],en,0,0,91,Vertigo,Damjan Kozole,"Ulay, Marina Abramović, Chrissie Iles, RoseLee Goldberg, Saskia Boedt"
175528,tt1171222,Baggage Claim,Baggage Claim,2013-09-27,4.3845,5.283,221,"[10749, 35]",en,8500000,22456509,96,"Sneak Preview Productions, 20th Century Fox, TSG Entertainment, Big Screen Productions, Fox Searchlight Pictures",David E. Talbert,"Paula Patton, Derek Luke, Jill Scott, Adam Brody, Jenifer Lewis"
172803,tt2094018,Hours,Hours,2013-12-04,3.2364,6.597,805,"[18, 53]",en,4000000,0,97,"Hours Capital, The Safran Company, PalmStar Media, Voltage Pictures",Eric Heisserer,"Paul Walker, Natalia Safran, Christopher Matthew Cook, Nancy Nave, Kerry Cahill"
199687,tt2510874,Yamla Pagla Deewana 2,Yamla Pagla Deewana 2,2013-06-07,2.8269,3.472,18,"[28, 35]",hi,6800000,0,154,,Sangeeth Sivan,"Dharmendra, Sunny Deol, Bobby Deol, Anupam Kher, Johny Lever"
126277,tt1959332,American Mary,American Mary,2013-01-11,3.6197,6.263,612,"[27, 53]",en,0,0,102,"IndustryWorks Pictures, 430 Productions, Twisted Twins Productions, Evolution Pictures","Jen Soska, Sylvia Soska","Katharine Isabelle, Antonio Cupo, Tristan Risk, David Lovgren, Paula Lindberg"
175774,tt2418558,Ruby Red,Rubinrot,2013-03-14,3.1701,6.93,1161,"[14, 18, 10749]",de,0,5524381,122,"Bayerischer Banken-Fonds, Lieblingsfilm, mem-film, Geißendörfer Film-und Fernsehproduktion, RTL, Tele München",Felix Fuchssteiner,"Maria Ehrich, Jannis Niewöhner, Laura Berlin, Uwe Kockisch, Josefine Preuß"
233198,tt2573414,Dangerous Dreams,Farliga drömmar,2013-11-06,3.3143,6.0,15,[80],sv,0,0,92,Pampas Produktion,Molly Hartleb,"Tuva Novotny, Ola Rapace, Linus Wahlgren, Vera Vitali, Simon J. Berger"
588716,tt3831420,Still Life,Still Life,2013-01-01,2.9245,0.0,0,[99],en,0,0,12,,"Johannes Krell, Florian Fischer",
257944,tt2564354,Fatal Sin,Pecado Fatal,2013-10-26,2.8735,5.5,4,"[18, 10749]",pt,0,0,90,Filmógrafo,Luís Diogo,"Sara Barros Leitão, Miguel Meira, João Guimarães, Ângela Marques, Marta Correia"
164558,tt2515086,One Direction: This Is Us,One Direction: This Is Us,2013-08-20,3.5781,8.212,1080,"[99, 10402]",en,10000000,68500000,92,"TriStar Pictures, Syco Entertainment, Modest! Management, Warrior Poets, Fulwell 73 Productions",Morgan Spurlock,"Harry Styles, Zayn Malik, Niall Horan, Louis Tomlinson, Liam Payne"
696328,tt19725198,Short Film,Kurte Fîlm,2013-01-01,2.7624,3.0,1,[],tr,0,0,62,,Ali Kemal Çınar,
215830,tt2071550,Open Grave,Open Grave,2013-08-13,3.1485,5.987,795,"[27, 53, 9648]",en,0,0,102,"Atlas Independent, Speranza Film, 852 Films",Gonzalo López-Gallego,"Sharlto Copley, Joseph Morgan, Thomas Kretschmann, Erin Richards, Josie Ho"
158938,tt2274358,The Meteor,Le météore,2013-01-16,2.5691,6.2,5,[18],fr,0,0,85,Films 53/12,François Delisle,"Noémie Godin-Vigneau, François Delisle, Laurent Lucas, Brigitte Pogonat, Andrée Lachapelle"
189715,tt2670454,Jan Dara: The Finale,จันดารา ปัจฉิมบท,2013-02-07,2.8381,5.654,26,"[18, 10749]",th,0,0,143,Sahamongkolfilm,Pundhevanop Dhewakul,"Mario Maurer, Chaiyapol Poupart, Sakrat Ruekthamrong, Bongkoj Khongmalai, Rhatha Phongam"
1679794,tt1536439,Broken Blood,Broken Blood,2013-03-01,3.1328,0.0,0,"[18, 80, 53]",en,0,0,82,,Derek Wayne Johnson,"Derek Wayne Johnson, Marc Macaulay, Richmond Arquette, Ali Costello, Pruitt Taylor Vince"
222216,tt2118775,Special ID,特殊身份,2013-10-17,3.0053,6.0,185,"[18, 28, 80]",cn,0,12666,98,Beijing Starlit Movie and TV Culture,Clarence Ford,"Donnie Yen, Jing Tian, Andy On Chi-Kit, Ronald Cheng Chung-Kei, Nina Paw Hei-Ching"
224244,tt2677894,Discopath,Discopathe,2013-08-03,3.0573,4.313,40,"[80, 27]",en,0,0,81,"Durango, Voyous Films",Renaud Gauthier,"Jérémie Earp, Sandrine Bisson, Ingrid Falaise, Christian Paul, Katherine Cleland"
483622,tt4933732,Sueño Down,Sueño Down,2013-04-02,2.6345,0.0,0,[],es,0,0,15,,Ignacio Márquez,
298088,tt3356176,Sürgün,Sürgün,2013-12-20,2.4604,2.8,4,"[10749, 18, 36]",tr,0,0,120,,Erol Özlevi,"Saadet Işıl Aksoy, Tolgahan Sayışman, Mahir Günşiray, Ruhsar Öcal, Macit Sonkan"
158967,tt1608368,House Hunting,House Hunting,2013-03-05,3.2564,5.161,56,"[9648, 53]",en,0,0,102,Pillage and Plunder Pictures,Eric Hurt,"Marc Singer, Art LaFleur, Hayley DuMond, Janey Gioiosa, Rebekah Kennedy"
144340,tt1814621,Admission,Admission,2013-03-21,3.4942,5.602,660,"[35, 18, 10749]",en,13000000,18637201,107,"Focus Features, Depth of Field",Paul Weitz,"Tina Fey, Paul Rudd, Nat Wolff, Michael Sheen, Lily Tomlin"
144789,tt2243389,I'm So Excited!,Los amantes pasajeros,2013-03-08,2.8685,5.687,734,[35],es,5000000,11724119,90,El Deseo,Pedro Almodóvar,"Antonio Banderas, Penélope Cruz, Coté Soler, Antonio de la Torre, Hugo Silva"
158907,tt1999987,Breathe In,Breathe In,2013-01-18,3.4853,5.909,339,[18],en,0,89661,98,"Indian Paintbrush, Super Crispy Entertainment",Drake Doremus,"Guy Pearce, Felicity Jones, Amy Ryan, Mackenzie Davis, Kyle MacLachlan"
687385,tt2181166,The Essentials,The Essentials,2013-01-01,2.6574,0.0,0,[],en,0,0,83,Bearcat Productions,Brendan Nagle,"Jim Toepper, Chris Barbis, Jeff Moon, Anton Zane, Meredith Powell"
858753,,La Défense,La Défense,2013-01-01,2.6238,0.0,0,[],en,0,0,3,,Nicky Hamlyn,
235959,tt5146016,Zonenmädchen,Zonenmädchen,2013-11-14,2.8493,3.5,2,[99],de,0,0,75,"MDR, ARTE, It Works!",Sabine Michel,Winnie Böwe
442403,tt3389438,"Pídemela, amor","Pídemela, amor",2013-09-26,2.8054,8.0,2,"[10749, 35]",en,0,0,5,OCTV,Luis Sánchez-Polack,"Mariam Torres, Jesús Granda, José Navar, Elena de Frutos, Nacho López"
264213,tt2550728,Todas mías,Todas mías,2013-11-15,3.1574,5.0,4,[35],es,0,0,96,,Joaquín Bissner,"Verónica Jaspeado, Bruno Bichir, Sherlyn, Rodrigo Murray, Luz María Jerez"
249963,tt3138076,Perfect Garden,Perfect Garden,2013-03-15,2.5851,0.0,0,[],de,0,0,80,,"Chris Haring, Mara Mattuschka","Stephanie Cumming, Anna Nowak, Luke Baio, Alexander E. Fennon"
354299,tt3797998,Autofocus,Autofokus,2013-08-13,3.187,0.0,0,[99],hr,0,0,26,Milva Film i Video,Boris Poljak,
218329,tt2314886,Breakout,Breakout,2013-09-04,3.0254,4.324,85,"[28, 53]",en,0,0,89,"Vortex Words + Pictures, Rollercoaster Entertainment",Damian Lee,"Brendan Fraser, Dominic Purcell, Ethan Suplee, Lara Daans, Naomi Andrews"
214553,tt3203996,"Love, Chunibyo & Other Delusions! Rikka Version",小鳥遊六花・改 ～劇場版 中二病でも恋がしたい！～,2013-09-14,3.0543,7.2,91,"[35, 16, 18, 10749]",ja,0,0,97,"TBS, Chunibyo Demo Production Committee, Kyoto Animation, Lantis, Pony Canyon",Tatsuya Ishihara,"Soichiro Hoshi, Chinatsu Akasaki, Maaya Uchida, Jun Fukuyama, Sumire Uesaka"
201550,tt2708254,Life of a King,Life of a King,2013-06-22,3.5554,7.238,214,[18],en,0,0,101,,Jake Goldberger,"Cuba Gooding Jr., Malcolm M. Mays, Kevin Hendricks, Alani iLongwe, LisaGay Hamilton"
172631,tt1821426,Family Weekend,Family Weekend,2013-03-28,3.405,6.333,231,"[35, 18]",en,0,0,105,"Footprint Features, Bedford Falls Productions",Benjamin Epps,"Olesya Rulin, Kristin Chenoweth, Matthew Modine, Joey King, Shirley Jones"
200112,tt2311526,Puppylove,Puppylove,2013-06-29,3.273,5.6,54,"[10749, 18]",fr,0,0,90,"Bac Cinema, Box Productions, Entre Chien et Loup",Delphine Lehericey,"Solène Rigot, Audrey Bastien, Vincent Perez, Vadim Goldberg, Thomas Coumans"
112200,tt1932718,Thanks for Sharing,Thanks for Sharing,2013-09-19,3.5992,5.964,605,"[35, 18]",en,0,3499442,112,"Olympus Pictures, Class 5 Films, Voltage Pictures",Stuart Blumberg,"Mark Ruffalo, Gwyneth Paltrow, Tim Robbins, Josh Gad, P!nk"
245917,tt2374144,Gintama: The Final Chapter - Be Forever Yorozuya,劇場版 銀魂 完結篇 万事屋よ永遠なれ,2013-07-04,3.2261,8.032,154,"[28, 16, 878, 35]",ja,0,15954700,110,"TV Tokyo, Aniplex, SUNRISE, dentsu, Bandai Visual",Youichi Fujita,"Tomokazu Sugita, Daisuke Sakaguchi, Rie Kugimiya, Akira Ishida, Susumu Chiba"
152780,tt2404461,The Past,Le passé,2013-05-17,3.8906,7.249,635,"[18, 9648]",fr,11000000,10631747,130,"Memento Production, France 3 Cinéma, BiM Distribuzione, Alvy Distribution, CN3 Productions",Asghar Farhadi,"Bérénice Bejo, Ali Mosaffa, Tahar Rahim, Pauline Burlet, Elyes Aguis"
170759,tt2194599,Kokowääh 2,Kokowääh 2,2013-01-27,2.6685,5.983,201,[35],de,0,0,120,"Barefoot Films, Béla Jarzyk Production, Warner Bros. Film Productions Germany","Til Schweiger, Torsten Künstler","Til Schweiger, Emma Schweiger, Jasmin Gerat, Samuel Finzi, Nico Liersch"
168676,tt2555426,Company of Heroes,Company of Heroes,2013-02-25,3.291,5.106,175,"[28, 18, 10752]",en,0,0,100,Destination Films,Don Michael Paul,"Tom Sizemore, Chad Michael Collins, Vinnie Jones, Jürgen Prochnow, Dimitri Diatchenko"
251890,tt2828022,ICE Agent,ICE Agent,2013-04-22,2.6428,3.8,9,"[28, 12]",en,150000,0,93,,Ray O'Neill,"Ray O'Neill, Michael Madsen, Joanna Pacula, Ray Goodwin, Tamas Menyhart"
254247,,Keke Millionaire,Keke Millionaire,2013-01-01,2.5546,0.0,0,[],en,0,0,103,,Stan Amadi,"Yul Edochie, Queen Nwokoye, Evelyn Esen, Chinwe Eboh Sele, Cynthia Okereke"
1146723,,"Sex, Medicated, Rock’n’Roll","Секс, лекарственное, рок-н-ролл",2013-11-02,2.6363,0.0,0,"[18, 10402]",uk,0,0,10,,Anatoliy Belov,"Еуґеніа Леонтіева, Dymytro Kokorin, Олександр Ратушняк, Мітя Ятім, Jаи Jаи"
157351,tt1838520,The Truth About Emanuel,The Truth About Emanuel,2013-04-26,3.7911,5.939,305,"[18, 53]",en,1300000,4404,96,"Rooks Nest Entertainment, MRB Productions, Pisces Rising Productions, Producciones a Ciegas, Mott Street Pictures, Votiv Films",Francesca Gregorini,"Kaya Scodelario, Jessica Biel, Alfred Molina, Frances O'Connor, Jimmi Simpson"
159932,tt1540741,A Single Shot,A Single Shot,2013-09-19,3.0796,5.681,274,"[18, 80, 53]",en,0,18642,116,"Unified Pictures, Bron Studios, Demarest Films, Unanimous Pictures",David M. Rosenthal,"Sam Rockwell, William H. Macy, Jeffrey Wright, Kelly Reilly, Ted Levine"
166039,tt2594972,Lonely Bones,Lonely Bones,2013-01-23,2.5556,6.3,7,[16],nl,0,0,10,Autour de Minuit,Rosto,"W. Folley, Rosto"
1658873,tt4540616,In Absentia,In Absentia,2013-12-10,2.5049,0.0,0,[53],mk,0,0,15,"FDU Skopje, Skopje Film Studio",Dina Duma,"Igor Angelov, Nataša Petrović, Kamka Tocinovski, Kristina Lelovac, Gorast Cvetkovski"
352925,,The Plaza,La plaza,2013-01-01,2.9415,0.0,0,[],es,0,0,10,,Laura Gonzáles,
167575,tt1870419,Hatchet III,Hatchet III,2013-06-14,3.1547,5.667,395,"[27, 53, 35, 28]",en,1169935,0,81,"ArieScope Pictures, Dark Sky Films",BJ McDonnell,"Danielle Harris, Kane Hodder, Zach Galligan, Caroline Williams, Derek Mears"
197082,tt2406252,Venus in Fur,La Vénus à la fourrure,2013-05-28,3.2392,7.191,768,[18],fr,0,342183,96,"WY Productions, R.P. Productions, Mars Films, France 2 Cinéma, Monolith Films, Belga Productions",Roman Polanski,"Emmanuelle Seigner, Mathieu Amalric"
874825,,Cromo I,Cromo I,2013-03-15,2.8674,0.0,0,[],en,0,0,4,,Melisa Aller,
859659,tt15268986,Julia’s Coffee,Kopi Julia,2013-05-04,2.6354,5.0,2,[27],ms,0,0,7,13 Little Pictures,Bee Thiam Tan,"Amy Tashiana, Raimi Liandy Safari, Muhammad Ridhwan bin Rahmat, Adeline Setiawan, Ong Szu Jie"
222461,tt2229511,Wer,Wer,2013-11-16,2.6773,6.385,466,"[27, 9648, 53]",en,0,0,89,"FilmDistrict, Incentive Filmed Entertainment, Prototype, Room 101, Sierra/Affinity",William Brent Bell,"A.J. Cook, Sebastian Roché, Simon Quarterman, Vik Sahay, Brian Scott O'Connor"
571509,tt3809056,Homosexual,Homosexual,2013-02-27,2.5939,2.667,3,"[99, 35]",en,0,0,75,Hornbill Films,Toby Ross,"Darryl Sloan, Hunter Conan, Stacy Bridges, Dan Romani, Carl Saloniki"
231474,tt2963232,The Hunters,The Hunters,2013-10-25,3.1216,5.624,358,[12],en,0,0,85,"Content Media Corp., Eh-Okay, Arc Entertainment, Raindance Entertainment",Nisha Ganatra,"Robbie Amell, Keenan Tracey, Michelle Forbes, Victor Garber, Alexa PenaVega"
1504588,tt2837512,'Til Death,'Til Death,2013-02-08,2.2134,0.0,0,"[27, 35]",en,3000,0,20,Hands Off Productions,Jason Tostevin,"Ginny Cipolla, Andy Falter, David S. Foulk, Franklin Grace, Randall Greenland"
1715819,tt2693694,Just Another Live Tape,ありふれたライブテープにFocus,2013-01-26,2.8698,0.0,0,[35],ja,0,0,45,Cinema Impact,Nobuhiro Yamashita,"Yoshitaka Hosokawa, Hiroki Otsu, Kenta Maeno, Yukino Arimoto, Gaku Hosokawa"
152259,tt1922685,Phantom,Phantom,2013-01-03,3.2641,5.843,361,[53],en,10000000,1197759,99,"Trilogy Entertainment Group, RCR Media Group, Solar Filmworks",Todd Robinson,"Ed Harris, David Duchovny, Lance Henriksen, William Fichtner, Johnathon Schaech"
281736,,Heavenly Voices,Heavenly Voices,2013-10-29,2.9133,7.0,1,[99],en,0,0,75,TICO Film Company,Alessandro Scillitani,"Ernesto Tomasini, Philippe Jaroussky, Franco Fagioli, Daniel Behle, Max Emanuel Cenčić"
224008,tt2509270,The Don Juans,Donšajni,2013-09-26,2.6522,4.875,8,[35],cs,0,0,102,"Media Pro Pictures, CET 21",Jiří Menzel,"Jan Hartl, Libuše Šafránková, Martin Huba, Jiřina Jirásková, Ivana Chýlková"
192558,tt2203308,Aashiqui 2,आशिकी २,2013-04-26,2.9513,6.8,202,"[18, 10749]",hi,1300000,16000000,132,"T-Series, Vishesh Films",Mohit Suri,"Aditya Roy Kapur, Shraddha Kapoor, Shaad Randhawa, Mahesh Thakur, Salil Acharya"
1487868,tt3237160,Lifeclass,Lifeclass,2013-04-27,2.5714,0.0,0,"[16, 35, 10749]",en,0,0,3,"12foot6, Lupus Films, Channel 4 Television",Chris Shepherd,"Jason Langley, Tom Davies, Dave Perry, Julie Maisey"
159667,tt2388705,Molly Maxwell,Molly Maxwell,2013-01-06,2.6899,6.6,57,[18],en,0,0,91,Canadian Film Centre,Sara St. Onge,"Lola Tash, Charlie Carrick, Krista Bridges, Rob Stewart, Richard Clarkin"
1750935,,İnam,İnam,2013-05-12,3.0653,0.0,0,"[18, 10749]",az,0,0,103,,Elchin Elkhanli,"Orkhan Rahim, Aysel Vahidova, Saida Guliyeva, Zemfira Narimanova, Vafa Zeynalova"
183662,tt2093977,Crush,Crush,2013-03-13,2.7948,5.972,373,[53],en,0,0,94,Intrepid Pictures,Malik Bader,"Lucas Till, Crystal Reed, Sarah Bolger, Caitríona Balfe, Reid Ewing"
239459,tt3088036,No Half Measures: Creating the Final Season of Breaking Bad,No Half Measures: Creating the Final Season of Breaking Bad,2013-11-26,3.8012,8.444,133,[99],en,0,0,136,Sony Pictures,Stuart Richardson,"Bryan Cranston, Aaron Paul, Anna Gunn, Dean Norris, Betsy Brandt"
202232,tt2281371,Eye Music,Música ocular,2013-06-14,2.7256,5.3,5,[99],es,0,0,80,"Al fondo del callejón, Pepa Films, Fondo para la Producción Cinematográfica de Calidad, Monkey Films",José Antonio Cordero,"Eric Ávila, Dalila Ramos, Elizabeth Ramírez, Jesus Rodriguez, Mauricio Ramírez"
1642314,tt2773632,The Meeting,The Meeting,2013-02-27,2.4978,0.0,0,"[35, 18, 27]",en,3650,0,17,"Opiate Pictures, Union of B.C. Performers",Karen Lam,"Charles Zuckermann, David James Lewis, John Shaw, Linden Banks, Karly Warkentin"
1662045,tt2189292,Sui Caedere,Sui Caedere,2013-06-20,2.5547,0.0,0,[],xx,0,0,7,,Alan Morrison,"Rowan Bettjeman, Jo Flemming"
1284934,,Sunday Drive,Sunday Drive,2013-05-07,2.8917,0.0,0,"[18, 27]",en,300,0,7,,Bryan Pike,"Katarina Thane, Sarah Golding, Eesha Hunjon, Peter Prochacka"
219250,tt3163844,A Certain Magical Index: The Miracle of Endymion,劇場版 とある魔術の禁書目録 -エンデュミオンの奇蹟-,2013-02-23,2.9763,7.013,75,"[16, 28, 35, 14, 878, 10402]",ja,0,4701051,90,"Geneon Universal Entertainment, J.C.STAFF, Square Enix, Warner Bros. Japan, ASCII Media Works, AT-X",Hiroshi Nishikiori,"Atsushi Abe, Rina Sato, Sachika Misawa, Yoko Hikasa, Nobuhiko Okamoto"
204668,tt3146360,Belle and Sebastian,Belle et Sébastien,2013-12-18,3.5315,6.906,687,[12],fr,11300000,35825575,104,"Radar Films, Epithète Films, Gaumont, M6 Films, OCS, M6, W9, CNC, Région Auvergne-Rhône-Alpes, Auvergne-Rhône-Alpes Cinéma",Nicolas Vanier,"Félix Bossuet, Tchéky Karyo, Dimitri Storoge, Mehdi El Glaoui, Andreas Pietschmann"
206408,tt1937118,Chinese Puzzle,Casse-Tête Chinois,2013-12-04,3.2607,6.581,745,"[35, 18, 10749]",fr,0,16968297,117,"Opposite Field Pictures, Belgacom, StudioCanal, Panache Productions, La Compagnie Cinématographique, Ce qui me meut motion pictures",Cédric Klapisch,"Romain Duris, Audrey Tautou, Cécile de France, Kelly Reilly, Sandrine Holt"
589737,tt2861082,Announcements,Annonces,2013-09-25,2.7675,0.0,0,[99],fr,0,0,64,"Laila Films, Esperanza Productions, Les Films d'Ici, Dérives",Nurith Aviv,"Barbara Cassin, Marie Gautheron, Marie José Mondzain, Haviva Pedaya, Ruth Hacohen Pinczower"
928701,tt2420194,Guest House,Guest House,2013-08-13,2.5104,0.0,0,"[18, 35, 14]",en,0,0,25,,Aaron Wolf,"Mark Gessner, Heather Lind, Michael Gross"
199420,tt1741243,Pawn Shop Chronicles,Pawn Shop Chronicles,2013-07-12,3.2817,5.794,267,"[28, 35]",en,5000000,1080000,107,"Laguna Ridge Pictures, 120dB Films, Louisiana Media Productions, Mimran Schur Pictures, Upload Films, Suretone Pictures",Wayne Kramer,"Paul Walker, Elijah Wood, Norman Reedus, Brendan Fraser, Vincent D'Onofrio"
225281,tt2636488,Hello Carter,Hello Carter,2013-10-11,2.7287,5.771,24,"[18, 35]",en,0,0,80,,Anthony Wilcox,"Charlie Cox, Antonia Thomas, Jodie Whittaker, Paul Schneider, Annabelle Wallis"
267544,tt2973692,Così fan tutte,Così fan tutte,2013-06-21,3.2664,6.8,10,"[10402, 10770]",it,0,0,201,Teatro Real de Madrid,Hannes Rossacher,"Sylvain Cambreling, Anett Fritsch, Paola Gardina, Juan Francisco Gatell, Andreas Wolf"
91550,tt1634136,Violet & Daisy,Violet & Daisy,2013-06-06,3.265,6.062,290,"[53, 80, 18, 28, 35]",en,8000000,108139,88,"Magic Violet, GreeneStreet Films",Geoffrey S. Fletcher,"Saoirse Ronan, Alexis Bledel, James Gandolfini, Marianne Jean-Baptiste, Danny Trejo"
1439361,tt3338590,Death Follows,Death Follows,2013-12-07,2.7347,0.0,0,"[18, 27, 53]",en,0,0,25,Potent Media,Carmela Hayslett,"Carmela Hayslett, Dave Shaver, Aimee Cassada, Aimee Theresa, Bryan DeSanto"
345466,tt3644778,Istintobrass,Istintobrass,2013-08-30,2.8331,5.3,10,[99],en,0,0,94,,Massimiliano Zanin,"Tinto Brass, Helen Mirren, Ken Adam, Franco Nero, Gigi Proietti"
238589,tt2395199,Enemies Closer,Enemies Closer,2013-12-04,2.4132,5.438,209,"[53, 28]",en,5000000,0,85,"After Dark Films, Bomar OOD, Payton Productions, Boulston Productions Limited, Signature Entertainment",Peter Hyams,"Jean-Claude Van Damme, Tom Everett Scott, Orlando Jones, Linzey Cocker, Kris Van Damme"
1758947,tt3255460,Dog Show,Dog Show,2013-10-11,2.311,0.0,0,"[10751, 35, 16]",en,0,0,5,,,
270710,tt2507192,Anna,Anna,2013-07-28,2.4457,4.375,4,"[18, 10751]",el,0,0,22,Cinema Advisory Committee of Cyprus,Spyros Haralabous,"Marios Demetriou, Elena Efstathiou, Marinos Konsolou, Imee Lysandriou, Spyros Stavrinidis"
174077,tt2708782,Us,Vi,2013-05-10,2.7471,4.464,28,[18],sv,600000,0,92,"Sonet Film, Cafe Cinema",Mani Maserrat-Agah,"Gustaf Skarsgård, Anna Åström, Rebecca Ferguson, Sten Ljunggren, Kevin Vaz"
1514974,,El Western,El Western,2013-07-31,2.7711,0.0,0,[35],en,0,0,26,Nexus Production Group,Ivan Malekin,"Leoni Leaver, Tom McCathie, Jamie Wilson, Fabian Vicencio, Richard La Velle"
603556,tt2058090,The Apprentice,The Apprentice,2013-10-01,2.5231,0.0,0,[99],en,0,0,5,,"Cho We Jun, Mahen Bala",Kok Kee Low
395356,tt5372028,El púgil,El púgil,2013-04-07,2.5106,0.0,0,[99],es,0,0,16,"La Que Te Hablé, Latitude18 Films",Ángel Manuel Soto,
217919,tt3112900,Salomé,Salomé,2013-08-10,2.9764,6.16,50,[18],en,0,0,81,"Stonelock Pictures, Barry Navidi Productions",Al Pacino,"Jessica Chastain, Kevin Anderson, Al Pacino, Roxanne Hart, Joe Roseto"
666687,tt12546648,Medical History,Historia Clínica,2013-01-01,2.8286,8.0,1,[99],es,0,0,14,,"Luján Montes, Luciana Foglio",
195757,tt1778924,The Ultimate Life,The Ultimate Life,2013-09-06,2.9065,6.964,96,"[18, 10749]",en,0,0,105,,Michael Landon Jr.,"Peter Fonda, Bill Cobbs, Ali Hillis, Lee Meriwether, Logan Bartholomew"
218220,tt2256761,Meddling Mom,Meddling Mom,2013-03-31,2.7394,4.3,11,"[35, 10749, 10770]",en,0,0,84,,Patricia Cardoso,"Sonia Braga, Mercedes López Renard, Ana Ayora, John Nielsen, Saundra Santiago"
271954,tt3142958,Water and Fire,Su ve Ateş,2013-11-15,3.1612,7.916,190,"[18, 10749]",tr,0,0,113,,Özcan Deniz,"Özcan Deniz, Yasemin Kay Allen, Kaan Çakır, Pelin Akil, Yusuf Akgün"
258771,tt2924336,The Gambler,Lošėjas,2013-09-25,2.5959,6.3,12,"[18, 53]",lt,0,0,109,"Studio Uljana Kim, Locomotive Productions",Ignas Jonynas,"Vytautas Kaniušonis, Oona Mekas, Valerijus Jevsejevas, Lukas Keršys, Jonas Vaitkus"
146227,tt2167202,Getaway,Getaway,2013-08-29,2.8662,5.02,680,"[28, 80]",en,18000000,10501938,90,"After Dark Films, Dunulf Productions, Emmitt Productions, Dark Castle Entertainment, Signature Pictures, Silver Reel, The Fyzz, ADF Acquisitions",Courtney Solomon,"Ethan Hawke, Selena Gomez, Jon Voight, Rebecca Budig, Paul Freeman"
184219,tt2776344,Pee Mak,พี่มาก..พระโขนง,2013-03-28,3.2394,7.207,140,"[35, 10749, 27]",th,1800000,33000000,112,"GMM Tai Hub (GTH), Jor Kwang Films",Banjong Pisanthanakun,"Mario Maurer, Davika Hoorne, Nattapong Chatpong, Pongsatorn Jongwilas, Attharut Kongrasri"
174783,tt2622156,Two Mothers,Zwei Mütter,2013-02-14,2.8385,5.074,27,[18],de,0,0,75,"Filmakademie Baden-Württemberg, ZDF",Anne Zohra Berrached,"Karina Plachetka, Sabine Wolf, Florian Weber, Maarten Van Santen, Tilmann A. Müller"
1219903,,ENTRE LONAS,ENTRE LONAS,2013-11-13,2.5965,0.0,0,[35],pt,0,0,0,Heco Produções,"Everton Cardoso, José Edvan, Leonardo Maximiano","Anderson de Gois, Everton Cardoso, Elilde de Souza, Fernando Ananias, Leonardo Maximiano"
254712,tt3069758,D@bbe 4: The Possession,Dabbe: Cin Çarpması,2013-08-02,3.0912,6.3,87,"[27, 53, 14]",tr,0,1810000,134,"J-Plan, Fono Film, TAFF Pictures",Hasan Karacadağ,"Cansu Kurgun, Ali Murat Özgen, Irmak Örnek, Sabriye Günüç, Sultan Köroğlu Kılıç"
972737,tt8597740,Dante,Dante,2013-03-02,2.8944,0.0,0,[],es,0,0,11,Tomatico,Tomás Pichardo-Espaillat,"Juan Alberto Santos, Leo Pichardo, Shirley Hernández"
481672,tt2943360,Runner,Läufer,2013-04-01,2.8889,0.0,0,"[18, 80]",de,0,0,15,,Carolina Hellsgård,"Artem Klevansky, Rebecca Stein"
346057,tt3038296,News of the Queen,Notícias da Rainha,2013-10-01,2.5837,0.0,0,[99],en,0,0,19,,Ana Johann,"Rosana Stavis, Luiz Bertazzo, Luiz Felipe Leprevost"
209251,tt1718747,Cannibal,Caníbal,2013-10-11,2.6753,5.782,119,"[18, 53]",es,0,0,117,"Mod Producciones, Libra Film, CTB Film Company, La Loma Blanca, Luminor, TVE, Canal+ España, Canal Sur",Manuel Martín Cuenca,"Antonio de la Torre, Olimpia Melinte, María Alfonsa Rosso, Manolo Solo, Joaquín Núñez"
358987,tt3035836,Couchmovie,Couchmovie,2013-10-23,2.7046,0.0,0,[35],de,0,0,0,,Isabel Braak,"Maria Dragus, Lore Richter, Hélène Kuhn, Samuel Schneider, Babett Arens"
238811,tt1456660,No Man's Land,无人区,2013-12-03,2.7567,7.0,109,"[80, 18, 53]",zh,2320000,41807000,118,"Beijing Guoli Changsheng Movies & TV Productions Co. 北京国立常升影视文化传播有限公司, Emperor Film and Entertainment, Orange Sky Golden Harvest, China Film Group Corporation, 北京小马奔腾影业有限公司, 英皇（北京）影视文化传媒有限公司",Ning Hao,"Xu Zheng, Yu Nan, Huang Bo, Duobujie, Wang Shuangbao"
986441,,Soñarse muerto,Soñarse muerto,2013-05-13,2.1883,0.0,0,[99],es,0,0,80,,Micaela Rueda,
248644,tt3426416,Porrkungens tårar,Porrkungens tårar,2013-05-17,2.4999,1.5,4,[99],sv,0,0,76,"Strix Television, SVT",Fredrik von Krusenstjerna,"Fredrik von Krusenstjerna, Berth Milton Jr."
270696,tt2634384,Tru Love,Tru Love,2013-10-04,2.2801,5.661,28,"[10749, 18]",en,0,0,88,Tom Girl Films,"Kate Johnston, Shauna MacDonald","Kate Trotter, Shauna MacDonald, Peter MacNeill, Christine Horne, Anna Cyzon"
158916,tt2224004,Sweetwater,Sweetwater,2013-10-09,3.0253,6.103,218,"[37, 53]",en,7000000,0,96,"Kickstart Entertainment, Mythic International Entertainment, Raindance Entertainment",Logan Miller,"January Jones, Jason Isaacs, Ed Harris, Eduardo Noriega, Stephen Root"
187541,tt2536846,Call Me Crazy: A Five Film,Call Me Crazy: A Five Film,2013-04-20,3.2544,7.0,45,[18],en,0,0,90,Sony Pictures Television,"Laura Dern, Sharon Maguire, Bryce Dallas Howard, Bonnie Hunt, Ashley Judd","Jennifer Hudson, Sarah Hyland, Melissa Leo, Mitch Rouse, Octavia Spencer"
257837,tt5068570,Wonder Garden,Wonder Garden,2013-10-18,2.4608,6.821,14,"[10402, 14, 16, 10751]",ja,0,0,4,Studio Colorido,Yojiro Arai,
218425,tt2414766,Frequencies,Frequencies,2013-07-24,2.5756,6.546,454,"[10749, 878, 9648]",en,0,0,109,"DMS Films, Incurably Curious, Britpack Film Company",Darren Paul Fisher,"Daniel Fraser, Eleanor Wyld, Owen Pugh, David Broughton-Davies, Emma Powell"
201876,tt2651054,"Nena, Saludáme al Diego","Nena, Saludáme al Diego",2013-05-17,2.7131,6.1,6,[35],es,0,0,0,,Andrea Herrera Catalá,"Marialejandra Martin, Sofia Bertolotto, Ananda Troconis, Iair Said"
1396467,,Bitter Eyes,Bitter Eyes,2013-01-01,2.8576,0.0,0,[27],en,0,0,1,,Andy Mark Simpson,"Madeleine Clark, Ella Thwaites, Grace Thwaites"
137532,tt2403939,Quarta Divisão,Quarta Divisão,2013-02-28,2.9219,5.6,6,"[53, 18, 9648]",pt,0,0,116,MGN Filmes,Joaquim Leitão,"Carla Chambel, Cristina Câmara, Paulo Pires, Adriano Luz, Martim Barbeiro"
161803,tt2592910,CM101MMXI Fundamentals,CM101MMXI Fundamentals,2013-01-02,2.6557,8.199,151,"[35, 10770, 99]",tr,200000,0,139,CMYLMZ Fikirsanat,Murat Dündar,Cem Yılmaz
276828,tt3293158,Wind,Wind,2013-06-15,3.3764,6.5,19,[16],en,0,0,4,HAW Hamburg Department Design,Robert Löbel,
482251,,DISCUSSÃO,DISCUSSÃO,2013-10-19,2.3798,0.0,0,[],pt,0,0,0,,Angelo Pilla,"Márcio Mariante, Pâmela Côto, Cesar Bournier"
215900,tt3012998,Remember Me,Mémorable moi,2013-09-07,2.674,5.4,5,[35],en,0,0,15,Les productions Jean-François Asselin,Jean-François Asselin,"Eugénie Beaudry, Sylvie De Morais-Nogueira, Émile Proulx-Cloutier"
515772,,Atomfriedhof Arktis,Atomfriedhof Arktis,2013-04-23,2.4739,0.0,0,[99],de,0,0,25,SWR/Arte,,
189680,tt2186766,All Stars,All Stars,2013-05-01,2.9188,5.6,44,"[10751, 35, 10402]",en,0,5749245,106,"Vertigo Films, SquareOne Productions, Universum Film, Protagonist Pictures, Freeway CAM B.V.",Ben Gregor,"Theo Stevenson, Akai Osei-Mansfield, Ashley Jensen, Hugh Dennis, Kimberley Walsh"
346965,tt4162910,Frog Kingdom,Frog Kingdom,2013-12-28,2.5723,4.7,18,"[16, 12, 35]",en,0,3280172,86,"Grindstone Entertainment Group, Jilin Vixo Pictures, Simka Entertainment","Melanie Simka, Nelson Shin","Bella Thorne, Gregg Sulkin, Dallas Lovato, Romeo, Brandon Hudson"
793716,,Bahid Dos,Bahid Dos,2013-12-06,2.2453,0.0,0,[18],tl,0,0,73,GAV Films,G.A. Villafuerte,"Jill Singson Urdaneta, Renee Gozon, Elona Mendoza, James Villezas, Kin Chai"
422124,tt3611322,O Amor Que Não Ousa Dizer Seu Nome,O Amor Que Não Ousa Dizer Seu Nome,2013-10-10,2.5344,0.0,0,[18],pt,0,0,0,,Bárbara Roma,"Glamour Garcia, Micheline Lemos, Ângela Ribeiro, Nara Stevanato"
157360,tt2294677,In a World...,In a World...,2013-08-09,3.5387,6.344,585,[35],en,1000000,2963902,93,"More Films, 3311 Productions, In A World, Team G",Lake Bell,"Lake Bell, Fred Melamed, Michaela Watkins, Ken Marino, Demetri Martin"
297347,tt2745606,Cholera,Cólera,2013-03-09,2.4708,6.923,13,"[80, 36, 14]",es,35000,0,6,Irusoin,Aritz Moreno,"Luis Tosar, Paco Sagarzazu, Ander Pardo, Iñake Irastorza"
468772,tt2401966,Resurrection Slope,Resurrection Slope,2013-01-19,2.2211,6.0,1,[18],en,0,0,0,,Amara Zaragoza,"Elliott James Thomas Moore, John Hawkes, Amara Zaragoza, David Yow"
471072,tt3512386,Cinderoncé,Cinderoncé,2013-08-20,2.4656,8.0,1,"[14, 10402]",en,0,0,8,,Todrick Hall,"Todrick Hall, Tiffany Daniels, Miles Jai, D.J. 'Shangela' Pierce, Vonzell Solomon"
233112,tt2957774,The White Storm,掃毒,2013-11-29,2.9213,6.434,114,"[18, 28, 53]",cn,0,0,140,"Sil-Metropole Organisation, Bona Film Group, Universe Entertainment, Sun Entertainment Culture",Benny Chan,"Nick Cheung Ka-Fai, Lau Ching-Wan, Louis Koo, Yuan Quan, Ben Lam Kwok-Bun"
1121916,tt3091728,Gloom,Perfidia,2013-05-03,2.5648,0.0,0,[],es,0,0,25,,David Figueroa Garcia,"Noé Hernández, Diana Lein, Lakshmi Picazo, Arturo Vences"
118289,tt1758595,Diana,Diana,2013-09-19,3.2303,5.601,514,"[18, 10749]",en,15000000,21766271,113,"Ecosse Films, Le Pacte, SCOPE Pictures, Filmgate Films, Film i Väst, MP Film Production",Oliver Hirschbiegel,"Naomi Watts, Naveen Andrews, Charles Edwards, Douglas Hodge, Cas Anvar"
990056,,Definition,Definition,2013-01-01,2.6844,0.0,0,[],en,0,0,3,,Albert Alcoz,
850706,,Espelho Torcido,Espelho Torcido,2013-06-03,2.6671,0.0,0,[],en,0,0,2,,Luiza Junqueira,
1640193,tt3219408,To the Border,Do granice,2013-07-02,2.6216,0.0,0,[18],sr,0,0,23,Fakultet Dramskih Umetnosti Beograd (FDU),Katarina Mutić,"Marija Bergam, Radovan Vujović, Jelena Gavrilović"
220845,tt2958484,The Smurfs: The Legend of Smurfy Hollow,The Smurfs: The Legend of Smurfy Hollow,2013-09-12,3.4106,6.85,120,"[16, 35, 10751, 14]",en,0,0,22,Sony Pictures Animation,Stephan Franck,"Hank Azaria, Melissa Sturm, Frank Welker, Anton Yelchin, Tom Kane"
389420,tt3713996,Take Off,Take Off,2013-10-24,2.8282,0.0,0,[99],en,0,0,93,Mollfilm Bern,Bruno Moll,
233106,,Queer Artivism,Queer Artivism,2013-01-01,2.5716,0.0,0,[99],en,0,0,96,White Balance,"Maša Zia Lenárdič, Anja Wutej","João Federici, Juanan Martínez, Matthew Mishory, Slavica Parlov, João Ferreira"
194722,tt1483324,At Middleton,At Middleton,2013-10-09,2.8569,6.274,199,"[10749, 35]",en,2500000,0,101,"Look at the Moon Productions, CineSon Entertainment, North by Northwest Entertainment",Adam Rodgers,"Andy Garcia, Vera Farmiga, Taissa Farmiga, Spencer Rocco Lofranco, Nicholas Braun"
152748,tt2388637,Ain't Them Bodies Saints,Ain't Them Bodies Saints,2013-07-03,4.1748,6.099,472,"[80, 18, 10749, 37]",en,4000000,1031243,96,"Sailor Bear, Parts & Labor, Primary Productions, Evolution Independent, Paradox Entertainment, Lagniappe Films, Upload Films",David Lowery,"Rooney Mara, Casey Affleck, Ben Foster, Keith Carradine, Kennadie Smith"
223984,tt3175580,The Green Jacket,Зелена кофта,2013-09-26,2.3894,5.0,1,"[18, 53]",uk,0,0,104,Arthouse Traffic,Volodymyr Tykhyy,"Oleksandra Petko, Lesya Kalynska, Yurii Odynokyi, Taras Tkachenko"
272371,tt3768406,Saanghuro,साँघुरो,2013-05-14,2.3268,8.0,1,[18],ne,0,0,120,Sameer Mainali Production,Joes Pandey,"Shushank Mainali, Deeya Maskey, Aruna Karki, Dayahang Rai, Rabi Giri"
1028334,tt2739032,Red Medusa,Red Medusa,2013-04-13,2.6238,6.0,1,"[18, 878, 53]",en,0,0,94,Severine Pictures,Michael Wellenreiter,"Adam Carrigan, Nikiya Palombi, Michael D. Robinson II, Steven J. Klaszky, Munir Kreidie"
266797,tt2603496,The Arrangement,The Arrangement,2013-01-01,2.8224,4.6,11,[18],en,0,0,90,"UCP, Hypnotic",Kevin Bray,"Amanda Schull, Bryan Greenberg, Stephen Root, Kumail Nanjiani, Toby Huss"
232175,tt1657510,Gimme Shelter,Gimme Shelter,2013-10-17,2.8558,6.573,259,[18],en,7500000,1359910,101,"Day Twenty- Eight Films, Rishon Films",Ron Krauss,"Vanessa Hudgens, Rosario Dawson, Brendan Fraser, Stephanie Szostak, James Earl Jones"
747040,tt3430402,In Vino,In Vino,2013-11-21,2.4559,0.0,0,"[9648, 14]",fr,0,0,20,Insolence Productions,Stéphane Baz,"Fabrice Darzens, Marc Raffray, Greta Risa, Diane Stolojan, Michel Voletti"
623872,,Inteha,Inteha,2013-02-15,2.2085,10.0,1,"[28, 18]",ur,0,0,0,,Arbaaz Khan,"Arbaaz Khan, Sobia Khan, Babrik Shah, Sunbal, Jahangir Jani"
168022,tt2379082,Monster Pies,Monster Pies,2013-04-10,2.5566,5.676,51,"[18, 10749]",en,0,0,85,Indie Melbourne Productions,Lee Galea,"Tristan Barr, Lucas Linehan, Rohana Hayes, Marcel Reluctant, Katrina Maree"
70706,tt1931602,Very Good Girls,Very Good Girls,2013-01-22,3.2734,5.787,463,[18],en,0,0,91,"Herrick Productions, Groundswell Productions",Naomi Foner,"Dakota Fanning, Elizabeth Olsen, Boyd Holbrook, Demi Moore, Richard Dreyfuss"
83869,tt1906329,As Cool as I Am,As Cool as I Am,2013-06-21,3.3281,5.853,136,"[35, 18]",en,0,3234,92,"Identity Films, Wind Dancer Films",Max Mayer,"Sarah Bolger, Thomas Mann, James Marsden, Claire Danes, Seth Adkins"
1212346,tt0800054,The Guardians,The Guardians,2013-03-05,3.521,0.0,0,"[35, 10751]",en,0,0,88,"RuffHouse Productions, Two Door Productions",Chris Hummel,"Ron Palillo, James E. Foley, David Wolf, Keston John, Gina Thomas"
657629,tt3885866,Götterdämmerung,Götterdämmerung,2013-06-22,2.3453,3.5,2,[10402],de,0,0,292,"Arthaus Musik, Teatro alla Scala",Guy Cassiers,"Lance Ryan, Iréne Theorin, Mikhail Petrenko, Johannes Martin Kränzle, Gerd Grochowski"
146304,tt2083355,The Best Man Holiday,The Best Man Holiday,2013-11-15,3.3737,6.502,288,[35],en,17000000,71625195,123,"Universal Pictures, Blackmaled Productions, Sean Daniel Company",Malcolm D. Lee,"Terrence Howard, Harold Perrineau, Morris Chestnut, Sanaa Lathan, Taye Diggs"
129734,tt2371824,Paradise: Faith,Paradies: Glaube,2013-03-21,3.0424,6.526,133,[18],de,0,6508,109,"Ulrich Seidl Filmproduktion, Tatfilm, Coproduction Office",Ulrich Seidl,"Maria Hofstätter, Nabil Saleh, Natalija Baranova, Daniel Hoesl, René Rupnik"
609027,tt2997230,La Commedia,La Commedia,2013-06-16,2.6646,6.0,1,[18],en,0,0,10,,Jan-Willem de Kraaij,"Georges Devdariani, Vincent van Ommen, Nina Simons, Hans Schrumpf"
253279,tt1323973,The Trials of Cate McCall,The Trials of Cate McCall,2013-11-28,3.3397,6.4,315,[18],en,7000000,249601,89,"Pitbull Pictures, Sunrise Pictures, Sierra/Affinity, Lifetime",Karen Moncrieff,"Kate Beckinsale, Nick Nolte, James Cromwell, Anna Schafer, Mark Pellegrino"
287536,tt3457780,Satellites,Satélites,2013-06-06,2.4312,5.0,3,[99],pt,0,0,60,,Léo Bittencourt,
1758883,tt44916589,Embarkation,Embarkation,2013-01-01,2.8549,0.0,0,[],en,0,0,7,,Sini Pelkki,Miia Kanerva Pelkki
212167,tt2981768,Patema Inverted,サカサマのパテマ,2013-11-09,3.4489,7.377,485,"[16, 878, 12, 18]",ja,0,0,98,"Purple Cow Studios Japan, STUDIO RIKKA, Asmik Ace, Good Smile Company, KADOKAWA, Directions",Yasuhiro Yoshiura,"Yukiyo Fujii, Nobuhiko Okamoto, Takaya Hashi, Shintaro Ohata, Shinya Fukumatsu"
266298,tt4164966,Karpotrotter,Karpopotnik,2013-01-01,2.5203,7.4,4,[99],sl,0,0,49,Studio Legen,Matjaž Ivanišin,Nebojša Pop Tasić
259100,tt3397474,Teluki,Teluki,2013-05-15,2.6771,5.0,6,[27],ms,0,0,10,,Abdul Zainidi,"Fadzlie bin Izzul Iman, Abdul Zainidi, Khairunnisa bte Amran"
490766,tt4123886,Chhadke,छड्के,2013-02-22,2.223,7.3,3,"[53, 18, 28]",ne,0,0,138,Music Nepal,Nigam Shrestha,"Robin Tamang, Prateek Raj Neupane, Arpan Thapa, Namrata Shrestha, Dayahang Rai"
887168,tt11601322,Coal,Cục Than,2013-10-01,2.5354,0.0,0,[],vi,0,0,12,,Lê Bảo,
173443,tt2231208,Rio 2096: A Story of Love and Fury,Uma História de Amor e Fúria,2013-03-07,2.322,7.205,95,"[16, 18, 36, 10749, 878, 14]",pt,2000000,0,74,"Gullane Entretenimento, Europa Filmes, Estúdio Luno, Mondo Cane Filmes, Lightstar Studios, TeleImage, Buriti Filmes",Luiz Bolognesi,"Selton Mello, Camila Pitanga, Rodrigo Santoro, Marcos Cesana, Bemvindo Sequeira"
1119620,,Corner Boys,Corner Boys,2013-09-27,2.5655,0.0,0,[],en,0,0,4,Grain Media,Jon Drever,"Brett Goldstein, Scroobius Pip"
1699499,,Ruta 168,Ruta 168,2013-01-01,2.4243,0.0,0,[],es,0,0,14,,José Carlos García,
186971,tt2054790,Age of Uprising: The Legend of Michael Kohlhaas,Michael Kohlhaas,2013-08-14,2.6262,5.878,237,"[18, 36]",fr,0,0,122,"Les Films d'Ici, LOOKSfilm, ARTE France Cinéma, ZDF/Arte, Auvergne-Rhône-Alpes Cinéma, Hérodiade, K'Ien Productions",Arnaud des Pallières,"Mads Mikkelsen, Mélusine Mayance, Delphine Chuillot, Bruno Ganz, Denis Lavant"
212153,tt3198652,Persona3 THE MOVIE #1 Spring of Birth,PERSONA3 THE MOVIE —#1 Spring of Birth—,2013-11-23,3.5314,7.174,72,"[16, 14, 12]",ja,0,1956267,98,"Anime International Company, Atlus, Aniplex, AIC A.S.T.A.","Noriaki Akitaya, Tomohisa Taguchi, Yoshifumi Sasahara","Akira Ishida, Megumi Toyoguchi, Kohsuke Toriumi, Rie Tanaka, Hikaru Midorikawa"
188761,tt1847746,The German Doctor,Wakolda,2013-05-19,3.1781,6.45,171,"[18, 53, 36]",es,2000000,3635718,90,"Pyramide Productions, Cine.Ar, P&P Endemol Argentina, Historias Cinematográficas, Telefe, The Stan Jakubowicz Co., Hummelfilm, Moviecity, Wanda Visión",Lucía Puenzo,"Àlex Brendemühl, Natalia Oreiro, Diego Peretti, Elena Roger, Florencia Bado"
171337,tt1697064,Siberian Education,Educazione siberiana,2013-02-27,2.653,6.799,566,"[18, 80]",en,0,0,110,"Cattleya, MiC, A&G",Gabriele Salvatores,"John Malkovich, Arnas Fedaravičius, Vilius Tumalavicius, Eleanor Tomlinson, Peter Stormare"
864559,,Nuclear Emulsion,Nuclear Emulsion,2013-07-04,2.1342,0.0,0,[],en,0,0,4,Strangloscope,"Rafael Schlicting, Claudia Cardenas",
314584,tt3120448,Blue Desert,Deserto Azul,2013-11-06,2.5232,1.0,2,"[10749, 878]",pt,0,0,94,Trem Chic,Eder Santos,"Odilon Esteves, Ângelo Antônio, Chico Diaz, Maria Luísa Mendonça, Michelle Castro"
458633,tt2399886,Offline,Offline,2013-03-09,2.4131,6.0,1,[],en,0,0,20,,"Benjamin Lenz, Ian Bawa",
158914,tt1951216,The Look of Love,The Look of Love,2013-04-26,2.9778,5.588,131,"[35, 18]",en,0,0,105,"Lipsync Productions, Revolution Films, Baby Cow Productions, Film4 Productions",Michael Winterbottom,"Steve Coogan, Anna Friel, Imogen Poots, Tamsin Egerton, Chris Addison"
618147,tt2959838,Casa,Casa,2013-03-21,2.5734,7.0,1,[],fr,0,0,54,,Daniela de Felice,
536157,tt8857618,Kasym,Касым,2013-01-01,2.4998,6.0,1,"[10752, 18]",ru,0,0,120,,Leonid Belozorovich,"Kuandyk Kystykbaev, Mikhail Evlanov, Alexander Petrov"
100544,tt1925479,Officer Down,Officer Down,2013-01-22,2.9596,5.269,134,"[80, 18]",en,12000000,0,98,Jeff Most Productions,Brian A. Miller,"Stephen Dorff, AnnaLynne McCord, David Boreanaz, Stephen Lang, Dominic Purcell"
1755714,tt3098530,Panda-monium,Panda-monium,2013-08-02,2.4322,0.0,0,"[16, 35, 10751]",en,0,0,5,,,
232599,tt2395343,Muse of Fire,Muse of Fire,2013-09-26,2.899,6.5,2,[99],en,550000,0,83,Canadian Museum of Civilization,"Giles Terera, Dan Poole","Ian McKellen, Judi Dench, Mark Rylance, Ralph Fiennes, John Hurt"
157820,tt2027140,Mood Indigo,L'Écume des jours,2013-01-10,3.1224,6.132,659,"[18, 14]",fr,16040770,10435322,131,"Brio Films, StudioCanal, Anton Capital Entertainment, Hérodiade",Michel Gondry,"Romain Duris, Audrey Tautou, Gad Elmaleh, Omar Sy, Aïssa Maïga"
218381,tt2823574,Extraction,Extraction,2013-09-05,3.4416,4.91,61,[28],en,1100000,0,102,Sony Pictures,Tony Giglio,"Jonathan Patrick Foo, Danny Glover, Sean Astin, Joanne Kelly, Falk Hentschel"
813419,tt3022478,Pulse,Pulse,2013-01-01,2.7037,0.0,0,[18],es,0,0,14,"Dufuga, Malvalanda",Álvaro Giménez Sarmiento,Cristina Feduniv
222230,tt2776074,Angélique,Angélique,2013-12-18,2.7376,6.492,129,"[12, 10749]",fr,0,0,112,"EuropaCorp, MEDIA Programme of the European Union, A.J.O.Z. Films, France 3 Cinéma, Big Bang Production, Climax Films, Mona Film Produktion, Wilma Film",Ariel Zeitoun,"Nora Arnezeder, Gérard Lanvin, Tomer Sisley, Simon Abkarian, Florence Coste"
379747,tt2908394,Harder und die Göre,Harder und die Göre,2013-11-16,2.959,0.0,0,[80],de,0,0,97,,Oliver Clark,"Harry Baer, Paula Hans, Thomas Lehmann, Thomas Kahler, Thomas Kahler"
731883,tt4006378,The Torture,El Suplicio,2013-03-19,2.4703,5.75,2,"[27, 53]",es,0,0,9,ZEPfilms,Nicolás Amelio-Ortiz,"Olivia Tykocki, Facundo R. Salomon"
325664,tt2434164,Mambo Cool,Mambo Cool,2013-07-04,2.5168,4.0,5,[],es,0,0,62,,Chris Gude,"Jorge Gaviria, Hernán Padilla, Nelson María Betancur, Sergio Castrillón, John Mario Restrepo"
240027,tt3972802,Reflection,Réflexion,2013-06-05,2.2422,0.0,0,[16],en,0,0,4,ONF | NFB,Sylvie Trouvé,
199591,tt2055709,Penthouse North,Penthouse North,2013-04-17,2.7319,5.807,199,"[53, 18]",en,0,0,85,"Dimension Films, Demarest Films, TAJJ Media, Bunk 11 Pictures, Kilburn Media",Joseph Ruben,"Michelle Monaghan, Michael Keaton, Barry Sloane, Andrew W. Walker, Kaniehtiio Horn"
181338,tt2798068,Reliance,Förtroligheten,2013-06-14,3.0443,5.1,7,[18],sv,0,0,101,Anagram Film,William Olsson,"Alba August, Helena af Sandeberg, Johan Gry, Ingrid Lundgren, Anton Baggeryd Singfjord"
230691,,Perawan Seberang,Perawan Seberang,2013-08-29,2.5244,10.0,1,"[27, 18]",id,0,0,81,Wasita Film,Chiska Doppert,"Julia Perez, Guntur Triyoga, Jerry Likumahwa, Chand Kelvin, Pangkalima Kumbang Jaya"
259516,tt1975216,Looking Back,Mirar atrás,2013-09-06,2.2938,0.0,0,[],en,0,0,10,,Mafer Galindo Chico,"Sonia Couoh, Veronica Falcón"
270473,tt3388130,Love Sick,ฟัด จัง โตะ,2013-12-25,3.2498,5.5,2,"[35, 10749]",th,0,0,101,"M39, Raruek Production",Rerkchai Paungpetch,"Pakorn Chatborirak, Arikanta Mahapreukpong, Anake Inthajun, Pongjak Phittaphanphon, Wattana Sappakit"
716825,tt6419512,Desde adentro,Desde adentro,2013-08-11,2.1278,6.0,1,[99],es,0,0,87,,Vasco Elola,
226363,tt2608726,Powder Room,Powder Room,2013-11-29,2.6158,4.52,25,[35],en,0,0,86,,MJ Delaney,"Sheridan Smith, Jaime Winstone, Kate Nash, Oona Chaplin, Riann Steele"
204349,tt2281159,Contracted,Contracted,2013-07-07,2.5787,5.3,558,"[27, 53]",en,0,58221,84,"BoulderLight Pictures, Southern Fried Films",Eric England,"Najarra Townsend, Caroline Williams, Katie Stegeman, Alice Macdonald, Matt Mercer"
516317,tt2648292,Deserted,Nivut Golem,2013-08-22,2.6047,6.5,4,[18],he,0,0,25,,Yoav Hornung,"Yaara Pelzig, Moran Rosenblatt, Mussa Zhalka"
801593,,Artist-110,Artist-110,2013-12-20,2.9732,0.0,0,"[16, 878]",en,0,0,16,ChungKang College of Cultural Industries,"Oh Seo-ro, Seoro O",
57210,tt1833888,Angels Sing,Angels Sing,2013-10-19,2.9884,5.526,57,"[35, 10751, 18]",en,0,0,87,When Angels Sing,Tim McCanlies,"Harry Connick Jr., Connie Britton, Chandler Canterbury, Fionnula Flanagan, Lyle Lovett"
186123,tt2062577,Les lendemains,Les lendemains,2013-04-17,2.4363,3.25,4,[18],fr,0,0,115,,Bénédicte Pagnot,"Pauline Parigot, Pauline Acquart, Louise Szpindel, Marc Brunet, Hélène Vauquois"
210769,tt3043386,Scooby-Doo! Adventures: The Mystery Map,Scooby-Doo! Adventures: The Mystery Map,2013-07-21,3.1951,8.1,111,"[10751, 35, 9648, 16]",en,0,0,42,"Hanna-Barbera Cartoons, Warner Bros. Animation, Spiffy Pictures",David Rudman,"Frank Welker, Stephanie D'Abruzzo, Grey DeLisle, Matthew Lillard, John Rhys-Davies"
1659798,tt2229772,Stupid Hype,Stupid Hype,2013-10-26,2.7636,2.0,1,[35],en,0,0,74,,Dugan O'Neal,"Wilson Bethel, Jon Huertas, Rochelle Aytes, Kel Mitchell, Billy Lush"
285524,tt3222534,ECHOES,ECOS,2013-10-13,2.2309,0.0,0,[27],en,300,0,7,Postureo Films,Carlos J. Marín,"José Mellinas, Aitana Giralt, Laura Romeu, Yone Martí"
183139,tt3777096,Demi Ucok,Demi Ucok,2013-01-03,2.3671,0.0,0,"[18, 35]",id,0,0,75,"Kepompong Gendut, Royal Cinema Multimedia",Sammaria Simanjuntak,"Sunny Soon, Saira Jihan, Lina Marpaung, Geraldine Sianturi, Elizabeth Sianipar"
199584,tt2967578,"Secretly, Greatly",은밀하게 위대하게,2013-06-05,2.7137,6.993,219,"[28, 18, 35]",ko,0,0,124,"MCMC, KEYEAST, Michigan Venture Capital, Daemyung Culture Factory, Showbox",Jang Cheol-soo,"Kim Soo-hyun, Park Ki-woong, Lee Hyun-woo, Son Hyun-joo, Park Hye-sook"
385938,tt3209680,Oculus,Oculus,2013-01-18,2.3833,6.556,9,[27],nl,0,0,14,,Gianni Carella,
186991,tt2835548,Grand Central,Grand Central,2013-08-28,2.8885,5.583,144,"[18, 10749]",fr,0,0,94,"Les Films Velvet, France 3 Cinéma, KGP Kranzelbinder Gabriele Production, Auvergne-Rhône-Alpes Cinéma",Rebecca Zlotowski,"Léa Seydoux, Tahar Rahim, Olivier Gourmet, Denis Ménochet, Johan Libéreau"
160364,,Memoria Recuperada,Memoria Recuperada,2013-01-11,2.2407,2.0,1,[99],en,0,0,160,"FONCA, Fundación MacArthur, Sistema Nacional de Creadores Artísticos",Luis Lupone,Johannes Müller
174188,tt1879032,Rapture-Palooza,Rapture-Palooza,2013-06-07,2.9257,5.154,280,"[35, 14, 27]",en,0,0,85,"Mosaic Media Group, Mimran Schur Pictures",Paul Middleditch,"Craig Robinson, Anna Kendrick, John Francis Daley, Ken Jeong, Rob Corddry"
192623,tt1967697,White Frog,White Frog,2013-05-10,2.4048,5.846,52,[18],en,0,0,93,"Wentertainment Productions, Chris Lee Productions, Preferred Content",Quentin Lee,"Booboo Stewart, Harry Shum Jr., Joan Chen, BD Wong, Gregg Sulkin"
262473,tt14512826,Ghost Stories,Ghost Stories,2013-11-03,2.5774,0.0,0,[16],en,0,0,38,Late Night Work Club,"Jake Armstrong, Erin Kilkenny, Dave Prosser, Eamonn O'Neill, Sean Buckelew, Conor Finnegan, Alex Grigg, Charles Huettner, Caleb Wood, Louise Bagnall, Ciarán Duffy",
327937,tt3413534,Özür Dilerim,Özür Dilerim,2013-12-20,2.1647,6.2,3,"[10751, 18]",tr,0,0,0,,Cemil Ağacıkoğlu,"Güven Kıraç, Sema Poyraz, Köksal Engür, Gökhan Kıraç, Deniz Denker"
1365546,,Min SOS,Min SOS,2013-11-23,2.3641,0.0,0,[],da,372,0,0,,Jimmi Holm Andersen,Jimmi Holm Andersen
227859,tt3120944,The Book of Daniel,The Book of Daniel,2013-10-01,2.8712,7.0,71,"[18, 36]",en,0,0,88,"Pure Flix Entertainment, Believer Entertainment",Anna Zielinski,"Robert Miano, Andrew Bongiorno, Lance Henriksen, Kevin McCorkle, Rolf Saxon"
287567,tt3363226,Dust,Poussières,2013-11-16,2.3581,5.0,1,[878],en,0,0,20,Blue Monday Productions,Daniel Metge,"Salomé Stévenin, Serge Riaboukine, Nicolas Giraud"
252531,tt1820518,Cursed Bastards!,Malditos sean!,2013-01-03,2.3228,6.0,3,"[14, 27, 878]",es,0,0,118,"INCAA, Cine Argentino, IDR Films","Demián Rugna, Fabián Forte","Pablo Palavecino, Hugo Halbrich, Demián Salomón, Carlos Larrañaga, Victoria Almeida"
1652215,tt3415274,Natural,Natural,2013-10-25,2.4372,0.0,0,[18],en,0,0,0,Six Degrees Films,Charmaine Kuhn,"Alex de Vos, Lily Jones, Cameron Hall, Eliza Taylor"
1752198,tt3083066,Gasp!,Gasp!,2013-07-26,2.3902,0.0,0,"[10751, 16]",en,0,0,4,,,
384202,tt3244780,It's Us,Ni Sisi,2013-02-15,2.4713,0.0,0,"[80, 18]",en,0,0,89,,Nick Reding,"Ali Mohamed Mlatso, Doreen Mwajuma, Joseph Wairimu, Krysteen Savane, Jacky Vike"
261903,tt2865074,Real Gangsters,Real Gangsters,2013-06-01,2.6556,2.8,8,"[18, 80]",en,0,0,88,,Frank D'Angelo,"Robert Loggia, John Savage, Steven Bauer, Margot Kidder, Nick Mancuso"
1607884,,Les Insoumises,Les Insoumises,2013-11-20,2.9208,0.0,0,[99],fr,0,0,0,Elzévir Films,Eric Guéret,"Ranjana Kumari, Siriporn Skrobanek, Kadidia Sidibé, Khun Nee, Nebahat Akkoç"
242546,tt3306776,Bayonetta: Bloody Fate,ベヨネッタ ブラッディフェイト,2013-11-23,2.7123,6.913,132,"[16, 28, 14]",ja,0,0,91,"GONZO, Graphinica, Avex Entertainment",Fuminori Kizaki,"Atsuko Tanaka, Mie Sonozaki, Wataru Takagi, Tessyo Genda, Daisuke Namikawa"
673087,,Eastern Winds,رياح الشرق,2013-01-25,2.4065,0.0,0,[],en,0,0,9,,"Timo von Gunten, Jay Vest",
72359,tt1699755,Peeples,Peeples,2013-05-09,2.6956,5.5,74,[35],en,15000000,9300000,95,"34th Street Films, Homegrown Pictures",Tina Gordon,"Craig Robinson, Kerry Washington, David Alan Grier, S. Epatha Merkerson, Tyler James Williams"
1195227,tt2316417,Ante’,Ante’,2013-10-15,2.2058,0.0,0,"[28, 18, 9648]",en,0,0,53,"Taino Rosa Productions, Shami Media Group",Emilio Rosa,"Emilio Rosa, Emilio Pantero, Christian Jordan Morales, Ryan Morales, Eddie Rocky Rivera"
693739,tt3009540,Rats,Rats,2013-10-05,2.7704,0.0,0,"[80, 18]",en,0,0,18,Ryerson University,Jonathan Degousée,"Andrew Rotilio, Romaine Waite, Zachary Amzallag, Danijel Mandic, Tony Medici"
199851,tt2801746,Hawaii,Hawaii,2013-04-12,2.5486,7.0,106,[10749],es,0,0,106,"La Noria Cine, Universidad del Cine",Marco Berger,"Manuel Vignau, Mateo Chiarino, Luz Palazón, Manuel Martínez Sobrado, Antonia De Michelis"
239109,tt3342928,Kite Adrift,Volantín cortao,2013-09-30,2.2351,5.8,6,"[53, 18]",es,0,0,77,Universidad del Desarrollo,"Diego Ayala, Anibal Jofré","Loreto Velásquez, René Miranda, Víctor Montero, Alejandro Lafuente, Isaac Arriagada"
290969,tt3797520,The Face Robber,El ladrón de caras,2013-10-01,2.508,6.846,13,"[53, 16, 14]",xx,0,0,12,,Jaime Maestro,"Isabel Requena, Joan Verdú"
325328,tt3092786,The Second Best,El Segundón,2013-09-11,2.0863,0.0,0,[],am,0,0,11,,Miguel Llansó,Wami Biratu
145197,tt2084989,Upstream Color,Upstream Color,2013-04-05,2.8752,6.341,832,"[18, 878]",en,100000,444098,96,erbp,Shane Carruth,"Amy Seimetz, Shane Carruth, Andrew Sensenig, Thiago Martins, Carolyn King"
344656,tt2966728,Enemy Empire,Enemy Empire,2013-12-27,2.2286,4.571,7,"[12, 14, 878, 37]",en,0,0,97,Have another Cherry,Michael Ryan Hahn,"Tristan James Butler, Elisabeth Meurer"
228470,tt2381127,Business as Usual,Звичайна справа,2013-02-07,2.2942,6.0,1,"[18, 35]",uk,800000,0,84,"Garmata Film Production, Ukrainian State Film Agency",Valentyn Vasyanovych,"Taras Denysenko, Lesia Samaieva, Vitalii Linetskyi, Semyon Furman, Yan Vasyanovych"
1542387,,Dear/Dread,Dear/Dread,2013-01-01,2.1852,0.0,0,[],en,0,0,7,,"Richard Tuohy, Dianna Barrie",
166822,tt1830713,Big Ass Spider!,Big Ass Spider!,2013-10-17,2.8991,5.6,283,[878],en,0,0,81,"Epic Pictures Group, Snowfort Pictures",Mike Mendez,"Greg Grunberg, Lombardo Boyar, Clare Kramer, Ray Wise, Lin Shaye"
205346,tt2765806,Rauða Hettan,Rauða Hettan,2013-03-10,2.3323,3.5,1,"[12, 878, 14]",en,0,0,10,,Sam Mardon,"Sesselía Ólafs, Zak Bentley, Ásdís Þorláksdóttir, Bragi Arnason, Siggi Holm"
214418,tt1240899,Amazonia,Amazonia,2013-11-26,2.7854,6.3,48,"[10751, 12]",pt,0,0,83,"Tetra Pak, Gullane Entretenimento, Banco da Amazônia, FINEP/Ministério da Ciência, Tecnologia e Inovacão, France 2 Cinéma, GDF Suez, Procirep-Angoa, Le Pacte, Media Programme of the European Community, Telecine, Globo Filmes, Canal+, CNC, Agência Nacional do Cinema - ANCINE, RioFilme, Biloba Films, Secretaria Municipal de Cultura de São Paulo",Thierry Ragobert,"Martin Sheen, Lúcio Mauro Filho, Isabelle Drummond, Billy Dobson, Ana Sofia Clara"
121831,tt2077747,"Love, Marilyn","Love, Marilyn",2013-05-30,2.7899,6.541,73,[99],en,0,0,105,"StudioCanal, Diamond Girl Productions, Sol's Luncheonette, HBO Documentary Films, Story Syndicate",Liz Garbus,"Marilyn Monroe, Elizabeth Banks, Lindsay Lohan, Evan Rachel Wood, Uma Thurman"
581591,tt3226768,Frequency,Fréquence,2013-01-01,2.5553,5.0,1,"[18, 9648]",en,0,0,9,,David Mboussou,
34684,tt1208711,Montana Amazon,Montana Amazon,2013-03-08,2.5839,6.8,15,"[18, 12, 35]",en,0,0,88,Montana Amazon Productions,D.G. Brock,"Haley Joel Osment, Olympia Dukakis, Alison Brie, Miguel Nájera, James MacDonald"
732745,tt3605316,Love Songs,Milostné písně,2013-01-01,2.3871,0.0,0,[18],cs,0,0,47,Filmová společnost Alfreda Bouriany,Bohdan Karásek,"Miloslav König, Taťjana Medvecká, František Host, Marie Jarošová, Zdeněk Eliáš"
622176,tt2176236,Kultur Shock!,Kultur Shock!,2013-10-20,2.218,6.0,1,"[9648, 878, 53]",en,0,0,85,,Todd Osleger,"Eric Paul Chapman, David Hundertmark, Terry McNavage, Maureen O'Malley, Jerry Pietrala"
381838,,Rockin' Cuba,Rockin' Cuba,2013-01-01,2.7324,10.0,1,"[99, 12]",fr,0,0,28,Baraka Films,Julien Nadiras,"Cédric Lachat, Nina Caprez, Mélissa Le Nevé, Enzo Oddo, Michael Fuselier"
1489222,,Die Klempner,Die Klempner,2013-09-01,2.2346,0.0,0,[35],de,0,0,0,,Dietrich Limpert,"Markus Schoenen, Sebastian Schindegger, Kerstin Poetting, Roald Schramm"
307624,tt2857746,Sukumarudu,సుకుమారుడు,2013-05-10,2.9563,3.667,3,"[18, 10749]",en,0,0,124,Sri Soudhamini Creations,Ashok G.,"Aadi Saikumar, Nisha Agarwal, Bhavna Ruparel, Krishna, Sharada"
159967,tt2215221,The Nun,La Religieuse,2013-03-20,2.6691,6.207,87,[18],fr,0,0,106,"Versus Production, Le Pacte, Les films du Worso, Belle Epoque Films",Guillaume Nicloux,"Pauline Étienne, Isabelle Huppert, Louise Bourgoin, Martina Gedeck, Agathe Bonitzer"
662281,tt3801386,Bakumatsu kitan Shinsen 5: Kengou kourin,幕末奇譚 SHINSEN5 剣豪降臨,2013-02-23,2.3393,0.0,0,[28],ja,0,0,73,,Ryô Nakajima,"Ryoma Baba, Toru Baba, Yusuke Hirose, Keisuke Kaminaga"
203331,tt3261038,What Makes Me Take the Train,Ce qui me fait prendre le train,2013-06-25,2.1541,6.0,2,"[14, 9648]",fr,0,0,15,UniFrance,Pierre Mazingarbe,"Noémie Rosenblatt, Priscilla Bescond, Grégoire Baujat, Priscilla Bescond, Noémie Rosenblatt"
1127855,tt20864636,Earthy Eyes,Earthy Eyes,2013-09-30,2.269,0.0,0,[10402],en,0,0,5,Water Voices Productions,Todd Bogin,"Klara W., Lilly L."
158743,tt2007360,Computer Chess,Computer Chess,2013-07-17,2.36,6.078,115,[35],en,0,0,91,Computer Chess,Andrew Bujalski,"Patrick Riester, Myles Paige, James Curry, Robin Schwartz, Gerald Peary"
866317,tt29685976,Kernel,Kernel,2013-08-14,2.8299,5.0,1,"[16, 878, 18]",en,0,0,6,,Olly Skillman-Wilson,
474778,tt4041420,My Father,Babai im,2013-10-29,2.5051,0.0,0,[18],sq,0,0,84,"Iluminist Pictures, Odeon Scene 7, Films 'N Roses",Shqipe Nuredini Duka,"Sefedin Nuredini, Xhemile Ibrahimi, Njomza Ibraj Fetiu, Mentor Zymberaj, Teuta Ajdini"
685400,tt2224676,Menschen,Menschen 2013,2013-11-11,2.5459,0.0,0,[10752],en,0,0,29,,Sarah R. Lotfi,Connor Long
241790,,Mette Lisby: F#CK! Jeg er i 40'erne,Mette Lisby: F#CK! Jeg er i 40'erne,2013-11-28,2.4067,0.0,0,[35],da,0,0,0,,,Mette Lisby
351050,tt2825312,La playa de México,La playa de México,2013-04-22,2.5238,2.0,1,[18],en,0,0,23,,"Martín Morgenfeld, Gastón Margolin","Rita Pauls, María Soldi, Julieta Zylberberg"
329561,,Les Décaféinés - Dépression musicale,Les Décaféinés - Dépression musicale,2013-09-20,2.3872,7.0,2,[35],fr,0,0,0,,,"Rémi Deval, Clément Parmentier"
207769,tt2011276,Banshee Chapter,Banshee Chapter,2013-11-06,2.8368,5.556,323,"[27, 53]",en,950000,0,87,"Sunchaser Entertainment, Before the Door Pictures, Favorit Film",Blair Erickson,"Ted Levine, Katia Winter, Michael McMillian, Monique Candelaria, Jenny Gabrielle"
987061,tt2865148,Unbitten,Unbitten,2013-10-19,2.2372,0.0,0,"[35, 14, 27]",en,0,0,19,,Dan Magro,"Maggie Marshall-Rousis, Timothy Carmello, Christina Lanni, Alli Kelly, Dan Magro"
1267361,tt15976228,Summer Holidays,Летние каникулы,2013-08-11,2.3882,0.0,0,"[10749, 35]",ru,0,0,78,Salt Film Studio,Pavel Bortnikov,"Alexander Petrov, Vyacheslav Chepurchenko, Antonina Komissarova, Alina Maznenkova, Anton Sokolov"
1763867,tt3322524,Potatoland,Potatoland,2013-11-18,2.7497,0.0,0,"[35, 16, 10751]",en,0,0,7,,,
192911,tt3611432,Monster High: Scaris City of Frights,Monster High: Scaris City of Frights,2013-03-03,2.742,7.9,160,"[16, 14]",en,0,0,61,"Nerd Corps Entertainment, Mattel Studios","Steve Ball, Andrew Duncan","Salli Saffioti, Kate Higgins, Erin Fitzgerald, Cindy Robinson, Debi Derryberry"
1238308,,La Paô,La Paô,2013-01-01,2.5179,7.0,1,[16],fr,0,0,9,,Charlie Belin,
191720,tt1935156,Jodorowsky's Dune,Jodorowsky's Dune,2013-08-30,2.6127,7.824,775,[99],en,0,662736,87,"Snowfort Pictures, Camera One, Endless Picnic, City Film",Frank Pavich,"Alejandro Jodorowsky, Michel Seydoux, Chris Foss, H. R. Giger, Jean-Paul Gibon"
650900,tt3219154,Bloody Monster,Bloody Monster,2013-11-02,2.5799,0.0,0,[27],en,0,0,85,,Markus Wimberger,"Juliane Kammerl, Peter White, Francis Lane, Yazmeen Baker"
462254,,Completo,Completo,2013-08-20,2.3878,0.0,0,"[35, 18]",es,0,0,15,,Iván Gaona,"Daniela Berrio, Bertilde Castillo, Carlos Garzón, Cristian Hernández, Suetonio Hernández"
201749,tt1838603,Mr. Morgan's Last Love,Mr. Morgan's Last Love,2013-08-22,3.1736,6.593,327,"[18, 35]",en,8200000,2967122,111,"Bavaria Pictures, Kaminski.Stiehm.Film, Senator Film, SCOPE Pictures, Elzévir Films, Sidney Kimmel Entertainment",Sandra Nettelbeck,"Michael Caine, Clémence Poésy, Gillian Anderson, Justin Kirk, Jane Alexander"
191077,tt2274042,Beat Girl,Beat Girl,2013-05-09,2.3737,5.7,3,[18],en,0,0,93,,Mairtín de Barra,"Louise Dylan, Percelle Ascott, Michael Higgs, Miles Richardson, Hilary Rose"
170039,tt2299248,Killing Lincoln,Killing Lincoln,2013-02-16,2.8781,6.0,59,"[99, 18]",en,2000000,0,89,"National Geographic, Herzog & Company, Scott Free Productions",Adrian Moat,"Tom Hanks, Geraldine Hughes, Billy Campbell, Brett Dalton, Shane Callahan"
422887,tt3623762,Zombie World,Zombie World,2013-11-06,2.271,7.5,2,[27],es,0,0,97,,Juan José Patón,"J.J. Alba, Juan Antonio Anguita, José Casas, Elena Cruz, Jusepe Cruz"
247620,tt6054618,Arrival,Arrival,2013-12-10,2.5674,8.0,1,"[12, 99]",en,0,0,35,"Anthill Films, The Coastal Crew","Dylan Dunkerton, Curtis Robinson, Kyle Norbraten","Kyle Norbraten, Dylan Dunkerton, Curtis Robinson, Matty Miles, Ryan Howard"
223680,tt2792332,Love Building,Love Building,2013-09-13,2.4785,6.8,10,"[35, 18]",mo,0,0,85,"MediaPro Distribution, Zbang Film, Actorie de Film, Papaya Advertising, DaKINO Production, Digital Cube",Iulia Rugină,"Dragoș Bucur, Dorian Boguță, Alexandru Papadopol, Eugen Matei Lumezianu, Silvia Moroșanu"
262722,tt2854996,Alles für meine Tochter,Alles für meine Tochter,2013-05-10,2.462,4.9,4,"[10770, 18, 10751]",de,0,0,90,ARD,René Heisig,"Ann-Kathrin Kramer, Alicia von Rittberg, Johanna Gastdorf, Elena Uhlig, Hans-Jochen Wagner"
1691647,tt26757460,Sanctuary,Sanctuary,2013-05-01,2.1548,0.0,0,"[27, 53]",nb,0,0,0,,"Gunleik Groven, Tuva Kathinka-Dorothea Owren Hennum","Tuva Kathinka-Dorothea Owren Hennum, Mélanie Dahl, Charles Curran"
268696,,The Deadfather,The Deadfather,2013-05-08,1.9161,0.0,0,[],pt,0,0,0,,"Sofia Viegas, Rafael Pires","Marisa Fernandes, Norberto Pires, Fábio Fernandes"
273404,tt2048770,I'll Follow You Down,I'll Follow You Down,2013-07-28,2.3911,6.03,198,"[878, 18, 9648]",en,0,0,93,"Resolute Films and Entertainment, Téléfilm Canada, Ontario Media Development Corporation, The Harold Greenberg Fund, The Movie Network, Movie Central",Richie Mehta,"Gillian Anderson, Haley Joel Osment, Rufus Sewell, Victor Garber, Susanna Fournier"
849094,tt42074742,Goran's Way,Goranov Wimbledon,2013-10-23,2.259,0.0,0,[99],hr,0,0,56,Hrvatska Radiotelevizija,Leon Rizmaul,"Goran Ivanišević, Srđan Ivanišević, Ivica Ivanišević, John McEnroe, Mićo Dušanović"
937300,tt2894678,In the Fishbowl,În Acvariu,2013-05-23,2.2173,7.0,2,"[18, 10749]",ro,0,0,20,"Universitatea Nationala de Arta Teatrala si Cinematografica ""I.L. Caragiale""",Tudor Cristian Jurgiu,"Maria Mitu, Ionuț Vișan"
115283,tt1311060,A.C.O.D.,A.C.O.D.,2013-10-03,2.9611,5.458,286,[35],en,0,175705,88,Black Bear Pictures,Stuart Zicherman,"Adam Scott, Richard Jenkins, Catherine O'Hara, Amy Poehler, Mary Elizabeth Winstead"
879464,tt2627866,Lisa's Journey,Lisas känsla,2013-01-26,2.3463,0.0,0,[99],sv,0,0,50,Silverosa Film,Saga Gärde,"Lisa Vipola, Yngve Bergqvist"
708127,tt3238414,Gente Cerca,Gente Cerca,2013-10-18,2.0513,0.0,0,"[27, 35, 18]",es,0,0,0,,Sergio Colmenar,"Itziar Castro, Roger Casamajor, Jordi Vilches, Eszter Tompa, Xavier Thió"
255185,tt3044032,SLR,SLR,2013-07-13,2.4745,5.5,9,"[53, 18]",en,0,0,23,,Stephen Fingleton,"Liam Cunningham, Amy Wren, Richard Dormer, Ryan McParland"
252529,tt1816608,Another Me,Another Me,2013-11-15,2.7227,5.4,265,"[53, 9648, 27, 18]",en,0,489884,86,"Rainy Day Films, Tornasol Media",Isabel Coixet,"Sophie Turner, Claire Forlani, Rhys Ifans, Eugenio Pérez, Gregg Sulkin"
388318,tt3103398,Bonne espérance,Bonne espérance,2013-03-18,2.7953,0.0,0,"[10751, 18]",fr,0,0,19,"Box Productions, École Cantonale d'Art de Lausanne, RTS",Kaspar Schiltknecht,"Céline Cesa, Mathieu Loth, Stéphanie Pin, Gio Ventura"
186929,tt1954315,Borgman,Borgman,2013-08-29,2.9979,6.497,364,"[53, 18]",nl,0,0,113,"Graniet Film, Epidemic, Angel Films",Alex van Warmerdam,"Jan Bijvoet, Hadewych Minis, Jeroen Perceval, Alex van Warmerdam, Tom Dewispelaere"
691069,tt2650588,The Temptress,The Temptress,2013-01-18,2.4901,6.0,1,"[99, 18, 16]",en,0,0,36,David Kinsella Productions,David Kinsella,"Ayak Wol, Victoria Wol"
1030946,tt4117964,Table Manners,Table Manners,2013-10-29,2.2101,0.0,0,"[16, 35]",en,0,0,3,"Indy8, Lupus Films, Film4 Productions",Rebecca Manley,"Robin Guiver, Ben Thompson, Henry Maynard, Avye Leventis, Toby Manley"
187862,tt2419342,Die Wüstenärztin,Die Wüstenärztin,2013-01-27,2.3529,3.3,5,"[18, 10749]",en,0,0,89,ARD,Jörg Grünler,"Esther Schweins, Hannes Jaenicke, Mido Hamada, Aslı Bayram, Hans Sigl"
527599,,Weekend Getaway,Weekend Getaway,2013-05-31,2.4094,7.0,1,[18],en,0,0,116,Royal Arts Productions,Desmond Elliot,"Ini Edo, Genevieve Nnaji, Alexx Ekubo, Ini Ikpe, Ramsey Nouah"
156965,tt2296697,Concussion,Concussion,2013-01-17,2.6581,5.156,112,[18],en,0,0,96,Razor Wire Alchemy,Stacie Passon,"Robin Weigert, Maggie Siff, Johnathan Tchaikovsky, Julie Fain Lawrence, Laila Robins"
97006,tt2070862,Temptation: Confessions of a Marriage Counselor,Temptation: Confessions of a Marriage Counselor,2013-03-29,2.9233,6.667,195,[18],en,37000000,53143144,111,"Lionsgate, Tyler Perry Studios",Tyler Perry,"Jurnee Smollett-Bell, Lance Gross, Robbie Jones, Brandy Norwood, Kim Kardashian"
226033,tt2718462,The Reconstruction,La reconstrucción,2013-03-28,2.5532,6.4,16,[18],es,0,0,93,"Cine.Ar, Concreto Films, INCAA",Juan Taratuto,"Diego Peretti, Claudia Fontán, Alfredo Casero, María Casali, Eugenia Aguilar"
1382669,,Sesudah Suboh,Sesudah Suboh,2013-01-01,2.1818,0.0,0,[],en,0,0,9,,Ridhwan Saidi,
809593,,Transit,Transit,2013-04-28,2.6312,10.0,0,"[878, 18]",en,0,0,6,Shredder Productions,Jake Haehnel,"Alan Haehnel, Jake Haehnel, Lydia Gabourel"
179538,tt2404738,Witching & Bitching,Las brujas de Zugarramurdi,2013-09-20,2.9871,6.352,705,"[35, 27]",es,8000000,0,109,"Canal+ España, Enrique Cerezo, La Ferme! Productions, TeleMadrid, ARTE France Cinéma, TVE",Álex de la Iglesia,"Hugo Silva, Gabriel Ángel Delgado, Mario Casas, Carmen Maura, Javier Botet"
264702,tt2252038,Hit & Stay,Hit & Stay,2013-03-06,2.2866,0.0,0,[99],en,0,0,99,,"Skizz Cyzyk, Joe Tropea",
203453,tt2963866,Blackbird,Blackbird,2013-06-25,2.0779,0.0,0,[18],en,0,0,90,,Jamie Chambers,"Andrew Rothney, Scarlett Mack, Patrick Wallace, Sheila Stewart, Norman Maclean"
259777,tt2900668,Héliosols,Héliosols,2013-10-10,2.2001,0.0,0,[],en,0,0,81,,Gabriel Tougas,Janique Freynet-Gagné
483601,tt2876980,Flamingo,Flamingo,2013-11-01,2.2545,0.0,0,"[10402, 16, 14, 12, 27]",es,0,0,5,,Carl Zitelmann,
714104,,Colors,Cores,2013-12-30,2.0501,0.0,0,[99],pt,0,0,100,,Murilo Barbosa Simões,"João Pedro Campos, Juliana Beatriz Toni Ruiz, Ranu, Maria Vera Lúcia Barbosa, Wilson José Simões"
239380,tt1808474,Sinister Visions,Sinister Visions,2013-01-03,2.4488,2.2,5,[27],en,0,0,84,,"Andreas Rylander, Kim Sønderholm, Doug Gehl, Henric Brandt","Kim Sønderholm, Nadia Bond, Miriam Yeager, Lars Bjarke, Lars Egholm Fischmann"
326262,tt2120025,Biology 101,Biology 101,2013-09-07,2.2419,3.3,19,[53],en,0,0,76,Second Feature Productions,Christopher R. Smith,"David Christian Welborn, Noelle DuBois, Deborah O'Brien, Emily Bicks, Gregory MacTavish"
314387,tt3328486,Scooby-Doo! Mecha Mutt Menace,Scooby-Doo! Mecha Mutt Menace,2013-09-24,2.8556,8.3,83,"[10751, 35, 9648, 16]",en,0,0,22,,Michael Goguen,"Frank Welker, Matthew Lillard, Grey DeLisle, Mindy Cohn, Julie Bowen"
287075,tt6571060,Double Mama,Double Mama,2013-02-27,2.4145,6.2,3,[35],en,0,0,67,,Andy Chukwu,"Chiwetalu Agu, Osita Iheme, Ify Dollars, Andy Chukwu, Ugo Doris Igwe"
183836,tt2354181,The Brats,Les Gamins,2013-04-17,2.6477,6.049,559,[35],fr,0,0,95,"Légende Films, Peopleforcinema, Gaumont, Bamago, TF1 Films Production",Anthony Marciano,"Alain Chabat, Max Boublil, Sandrine Kiberlain, Mélanie Bernier, Arié Elmaleh"
772608,tt3072216,Silence Speaks,Silence Speaks,2013-06-18,2.5059,0.0,0,[],en,0,0,0,,Enzo Zelocchi,
385907,tt4254754,Au Pair,Au Pair,2013-11-01,2.0725,6.0,1,[53],de,0,0,0,,Marc Schießer,"Pia Slomczk, Yvonne Yung Hee, Darell Montoya, Janina Grün"
214086,tt1839642,The Face of Love,The Face of Love,2013-10-25,2.4098,6.101,148,"[18, 10749]",en,4000000,350006,92,Mockingbird Pictures,Arie Posin,"Annette Bening, Ed Harris, Robin Williams, Jess Weixler, Amy Brenneman"
204342,tt2708764,HK: Forbidden Super Hero,HK/変態仮面,2013-04-13,2.3821,6.202,196,"[28, 35]",ja,0,779893,105,"T-JOY, Toei Video Company, Showgate, Nippan Group Holdings, L'espace Vision",Yuichi Fukuda,"Ryohei Suzuki, Yoshiko Sengen, Tsuyoshi Muro, Ken Yasuda, Nana Katase"
886848,,Silent Past,Silent Past,2013-01-01,2.332,0.0,0,[18],zh,0,0,0,Inner Mongolia Judian Film Co.,Zhou Yupeng,"Lu Shan, Ding Jianjun"
773952,tt2943432,No Name,No Name,2013-04-18,2.4272,0.0,0,[],de,0,0,0,,Olaf Held,"Jan Kummer, Till Kummer, Lotta Kummer, Günther Kummer"
1710093,tt3873666,Paper Anchor,Paper Anchor,2013-07-04,2.6449,0.0,0,"[18, 9648, 10749]",en,15,0,71,,Matt Byrne,"Bridey Elliott, Chris Elliott, Marielle Heller, Dave Hill"
944132,,Hotel Fortuna,Hotel Fortuna,2013-12-15,2.0357,0.0,0,"[18, 9648]",en,0,0,8,,Henry Chaisson,"Ben Chase, Elise LeBreton, Kevin Cahill, Jami Tennille, Jesse Gumbiner"
198210,tt1828970,Evidence,Evidence,2013-07-19,2.7449,5.612,276,"[27, 53, 9648]",en,0,0,93,"Marc Platt Productions, Bold Films, FilmEngine",Olatunde Osunsanmi,"Torrey DeVitto, Caitlin Stasey, Harry Lennix, Stephen Moyer, Nolan Gerard Funk"
215752,tt2820486,The Trainer,The Trainer,2013-06-21,2.4819,4.8,9,"[18, 9648, 53]",en,0,0,85,Lighthouse Pictures,Ron Oliver,"Sunny Mabrey, Chelsea Hobbs, Britt Irvin, Lane Edwards, Mackenzie Gray"
925498,,Masal Müfettişi,Masal Müfettişi,2013-05-10,2.1902,0.0,0,[],tr,0,0,0,,,"Ferhan Şensoy, Elif Durdu, Müjgân Ferhan Şensoy"
323883,tt3345716,Age 17,17 anni,2013-11-01,2.0566,5.556,9,[18],it,0,0,22,"École Cantonale d'Art de Lausanne, Cinédokké",Filippo Demarchi,"Fabio Foiada, Ignazio Oliva, Laura Minazzi, Kevin Martinetti"
263770,,Kata Hati,Kata Hati,2013-02-14,2.3839,5.5,2,"[18, 10749]",id,0,0,86,Rapi Films,Iqbal Rais,"Boy Hamzah, Joanna Alexandra, Kimberly Ryder, Arnhezy Arczhanka, Anjani Dina"
158426,tt1680123,Collision,Collision,2013-01-30,2.4156,5.7,108,"[28, 53, 10749]",en,7700000,467282,101,"Grive Productions, EuropaCorp, Canal+",David Marconi,"Roschdy Zem, Jaimie Alexander, Frank Grillo, Marie-Josée Croze, Moussa Maaskri"
164331,tt1659216,Spiders,Spiders,2013-02-08,3.0374,4.386,185,"[878, 53]",en,7000000,257019,89,"Millennium Media, Nu Image",Tibor Takács,"Patrick Muldoon, Christa Campbell, William Hope, Sydney Sweeney, Pete Lee-Wilson"
242565,tt3067504,Zyuden Sentai Kyoryuger the Movie:  Gaburincho of Music,劇場版 獣電戦隊キョウリュウジャー ガブリンチョ・オブ・ミュージック,2013-08-03,2.5273,6.273,11,"[28, 12, 878, 10402, 14]",ja,0,0,30,Toei Company,Koichi Sakamoto,"Ryo Ryusei, Shizuka Nakamura, Syuusuke Saito, Yamato Kinjo, Akihisa Shiono"
832092,,Gizli Oturum,Gizli Oturum,2013-03-26,2.335,0.0,0,[53],tr,0,0,0,,Merve Hüriyet,"Hande Soral, Can Yılmaz, Nur Tüzün, Dicle Alkan, Meral Asiltürk"
268092,tt2788526,Transformers Prime: Beast Hunters - Predacons Rising,Transformers Prime: Beast Hunters - Predacons Rising,2013-10-04,2.806,7.972,142,"[28, 16, 878, 10770]",en,0,0,66,Hasbro Studios,"Vinton Heuck, Todd Waterman, Scooter Tidwell","Peter Cullen, Frank Welker, Steve Blum, Jeffrey Combs, Will Friedle"
230129,tt2445698,Between Us,Entre Nós,2013-10-03,2.369,6.356,59,[18],pt,0,0,100,"O2 Filmes, Globo Filmes","Paulo Morelli, Pedro Morelli","Júlio Andrade, Caio Blat, Carolina Dieckmmann, Martha Nowill, Maria Ribeiro"
267752,tt2607968,#chicagoGirl,#chicagoGirl,2013-11-21,2.4021,6.25,8,[99],en,0,0,74,"Roco Films, GoDigital Media Group, Amplify Releasing",Joe Piscatella,"Ala'a Basatneh, Aous Al-Mubarak, Bassel Shehadeh, Mazhar 'Omar' Tayara, David Gorodyansky"
722194,tt2999342,Poramon,পোড়ামন,2013-06-14,2.3562,0.0,0,"[10749, 18]",bn,0,0,141,Jaaz Multimedia,Zakir Hossain,"Saimon Sadik, Mahiya Mahi, Anisur Rahman Milon, Misha Sawdagor, Bipasha Hayat"
335624,tt2176350,Yeah Kowalski!,Yeah Kowalski!,2013-06-21,2.2223,5.357,14,"[35, 10749]",en,0,0,10,Evan Roberts Productions,Evan Roberts,"Cameron Wofford, Conor Donnelly, Kaitlyn Knippers, Annamarie Kasper, Chris Doubek"
296362,tt3267450,Landfill Harvest,Landfill Harvest,2013-01-01,2.2098,0.0,0,"[18, 99]",en,0,0,5,,Steve Ramsden,
1022167,tt8804388,Luz Roja,Luz Roja,2013-11-13,2.1043,6.0,1,[18],en,1000,0,10,,Lucas Estrella,Victor Arcturus Estrella
256051,tt3124292,Curious George: A Halloween Boo Fest,Curious George: A Halloween Boo Fest,2013-09-01,2.9684,7.173,78,"[10751, 16]",en,0,0,57,Universal Pictures,"Scott Heming, Andrei Svislotski, Jeff McGrath","Frank Welker, Jeff Bennett, Rino Romano, Carlos Alazraqui, Jim Cummings"
238010,tt3264494,Friend: The Great Legacy,친구 2,2013-11-14,2.8677,6.629,35,"[18, 28, 80]",ko,0,0,124,"Lotte Entertainment, Trinity Pictures, Michigan Venture Capital, JCONCOMPANY",Kwak Kyung-taek,"Yu Oh-seong, Ju Jin-mo, Kim Woo-bin, Jang Young-nam, Jung Ho-bin"
159128,tt2309021,We Are What We Are,We Are What We Are,2013-09-27,2.8507,5.75,602,"[18, 27, 53]",en,0,81381,105,"Belladonna Productions, Memento Films International, Paradise City, The Zoo, Uncorked Productions, Venture Forth, We Are What We Are",Jim Mickle,"Bill Sage, Ambyr Childers, Julia Garner, Michael Parks, Wyatt Russell"
848075,,PULL/DRIFT,PULL/DRIFT,2013-01-01,2.4105,8.0,2,[],en,0,0,9,,Margaret Rorison,
174343,tt2421416,Trust Me,Trust Me,2013-04-20,2.5043,5.8,79,"[35, 18]",en,0,0,90,"Unified Pictures, Amberdale Productions, Bron Studios",Clark Gregg,"Clark Gregg, Amanda Peet, Saxon Sharbino, Felicity Huffman, Allison Janney"
1092166,tt2106666,TV Utopía,TV Utopía,2013-05-30,2.35,0.0,0,[99],es,0,0,92,DOCA Documentalistas argentinos,Sebastián Deus,
1245495,tt3575834,Sant’Anna,Sant’Anna,2013-11-24,2.0906,0.0,0,[99],pt,0,0,17,"Sobretudo Produção, Cinema Contágio",Angelo Defanti,"Sérgio Sant'Anna, André Sant'Anna"
1541062,,Dusk,Dusk,2013-01-31,2.3085,0.0,0,[18],en,0,0,12,Nexus Production Group,Sarah Jayne,"Genya Mik, Cory Corbett, Katrina Liparota"
585919,tt2972454,Árboles,Árboles,2013-02-01,2.1892,0.0,0,[],en,0,0,61,,"Luis López Carrasco, Natalia Marín, Colectivo Los Hijos, Javier Fernández Vázquez",
817841,tt3746522,Homenaje,Homenaje,2013-12-01,2.1944,0.0,0,[99],es,0,0,22,,Damián Sainz Edwards,"Flora Catá, Luz Guzmán"
327749,tt2463302,Wish You Well,Wish You Well,2013-10-19,2.6548,6.3,34,"[10751, 18]",en,0,0,100,"Life Out Loud Films (LOL), Baldacci Entertainment, Copper Beech Productions",Darnell Martin,"Ellen Burstyn, Mackenzie Foy, Josh Lucas, Ned Bellamy, JP Vanderloo"
738148,tt3723826,Vida nueva,Vida nueva,2013-09-26,2.5784,6.0,1,"[18, 10749]",es,0,0,13,INCAA,Lucas Santa Ana,"Amanda Busnelli, Nestor Ducó, Ana Pauls, Fernando Dente, Carlos Donigian"
256742,tt3398788,Hotel Inferno,Hotel Inferno,2013-12-26,2.5314,4.861,61,"[28, 27]",en,0,0,77,Necrostorm,Giulio De Santi,"Michael Howe, Rayner Bourton, Jessica Carroll, Wilmar Zimosa, Santiago Ortaez"
461729,,Thank God It's Friday,Mémoires anachroniques ou le couscous du vendredi midi,2013-06-13,2.1849,0.0,0,[99],ar,0,0,15,,Asmae El Moudir,
220820,tt2510268,Blood of Redemption,Blood of Redemption,2013-09-23,2.657,4.483,58,"[18, 28, 53, 80]",en,0,0,85,"VMI Worldwide, High Five Films",Giorgio Serafini,"Dolph Lundgren, Billy Zane, Gianni Capaldi, Vinnie Jones, Robert Davi"
235606,tt0460528,One Step Beyond,One Step Beyond,2013-03-08,2.1786,8.5,2,[99],en,0,0,57,,Sèbastien Montaz-Rosset,Géraldine Fasnacht
214096,tt1885299,Lucky Them,Lucky Them,2013-09-06,2.7143,6.005,91,[18],en,0,0,96,"Mymy productions, Tangerine Entertainment",Megan Griffiths,"Toni Collette, Thomas Haden Church, Oliver Platt, Ryan Eggold, Nina Arianda"
173473,tt2387132,Mr. Angel,Mr. Angel,2013-03-09,2.4244,4.429,14,[99],en,0,0,68,,Dan Hunt,"Buck Angel, Elayne Angel, Lux Alptraum, Sasha Grey, Dan Savage"
855547,tt2660228,Act Three,Act Three,2013-04-13,2.2918,0.0,0,[18],en,0,0,10,,Vince Pham,"Beckie Joon, Roy Werner, Megan Le"
251749,tt3341084,The Four 2,四大名捕2,2013-11-21,2.9966,6.8,64,"[28, 14]",zh,0,0,117,Beijing Enlight Pictures,"Gordon Chan, Janet Chun Siu-Chun","Deng Chao, Liu Yifei, Anthony Wong Chau-Sang, Collin Chou, Ronald Cheng Chung-Kei"
213308,,2013 NBA Champions: Miami Heat,2013 NBA Champions: Miami Heat,2013-07-30,2.7506,6.8,2,[99],en,0,0,67,NBA Entertainment,Sean Kelly,"LeBron James, Dwyane Wade, Chris Bosh, Erik Spoelstra, Ray Allen"
238299,tt2871482,Haytarma,Хайтарма,2013-05-18,2.0101,7.6,18,"[18, 36, 10752]",uk,0,0,90,Qartbaba Production,Akhtem Seitablaiev,"Akhtem Seitablaiev, Oleksiy Horbunov, Andrii Mostrenko, Usnie Khalilova, Andrii Saminin"
1098801,tt2662494,Onnorokom Bhalobasha,Onnorokom Bhalobasha,2013-02-15,2.2222,0.0,0,[10749],bn,0,0,157,Jaaz Multimedia,Shaheen Shumon,"Bappy Chowdhury, Mahiya Mahi, Amit Hasan, Bipasha Kabir Khan, Abdur Razzak"
1619285,tt3175200,Fallout: Lanius,Fallout: Lanius,2013-08-27,2.3887,0.0,0,"[28, 10752]",en,19000,0,16,,Wade K. Savage,"johnny domino, caris eves, Korum Ellis, Adam Howell, Mitch Lewis"
254895,tt2892282,Haus Tugendhat,Haus Tugendhat,2013-05-22,1.9135,5.5,4,[99],de,0,0,117,,Dieter Reifarth,"Daniela Hammer-Tugendhat, Ruth Guggenheim-Tugendhat, Ernst Tugendhat, Ivo Hammer, Lukas Hammer"
381696,tt3070936,Shrek the Musical,Shrek the Musical,2013-09-17,2.4228,7.114,145,"[35, 14, 10751, 10749, 12]",en,0,0,130,"DreamWorks Theatricals, RadicalMedia, Neal Street Productions",Michael John Warren,"Brian d'Arcy James, Sutton Foster, Daniel Breaker, Christopher Sieber, John Tartaglia"
300883,tt3053782,Arena,Arena,2013-09-09,2.2712,0.0,0,"[12, 18]",en,0,0,23,NUR,Martin Rath,"Mikołaj Chroboczek, Piotr Dmyszewicz, Marcin Kowalczyk"
988427,,Talking & Listening,Talking & Listening,2013-03-03,2.329,0.0,0,[],en,0,0,15,,Juan David González Monroy,
1757475,tt2166494,Miss Marple: Endless Night,Endless Night,2013-12-26,2.1001,0.0,0,"[9648, 18, 53, 80]",en,0,0,89,"Agatha Christie, ITV Studios",David Moore,"Tom Hughes, Julia McKenzie, Joanna Vanderham, Aneurin Barnard, Birgitte Hjort Sørensen"
1283560,tt3715166,El olvido,El olvido,2013-01-01,2.0126,0.0,0,[18],es,0,0,13,INCAA,Fermín Rivera,"Nicolás Scarpino, Romina Suárez"
233211,tt3297186,Goldfish,Goldfish,2013-11-03,2.1757,0.0,0,[28],el,0,0,93,,Thanos Tsavlis,"Thanos Tsavlis, Dimitris Makalias, Argiris Thanasoulas, Vasso Kavalieratou, Vasileios Kalamakis"
291628,tt2302743,Natural Rejection,Natural Rejection,2013-10-17,2.0476,2.3,3,"[18, 10749, 53]",en,0,0,81,,Justin Viggiano,"Ginger Bedlam, Stewart Brodian, Brandon Tyler Jones, Josh Pafchek, Amy Aeschliman"
394251,,My Husband's Son,El Hijo de mi Marido,2013-11-15,2.1492,10.0,1,[18],es,0,0,90,Épica,José Simón Escalona,"Claudia la Gatta, Javier Vidal, Daniel Elbittar, Juan Carlos Pabón, Nacarid Escalona"
260107,tt2715556,Everywhen,Everywhen,2013-01-28,2.5788,3.5,20,"[53, 878]",en,9092,0,70,Jarandandjens,Jarand Herdal,"Harald Evjan Furuholmen, Hugo Herrmann, Elin Synnøve, Graeme Whittington, Hauk Phillip Bugge"
201765,tt2418440,Three Many Weddings,Tres bodas de más,2013-12-05,2.4407,5.995,196,[35],es,0,0,94,"Apaches Films, Think Studio, Ciudadano Ciskul, Atresmedia Cine",Javier Ruiz Caldera,"Inma Cuesta, Martiño Rivas, Quim Gutiérrez, Paco León, Rossy de Palma"
191820,tt2401715,The Devil's Violinist,The Devil's Violinist,2013-01-30,2.8016,6.589,185,[18],en,0,766892,122,"ORF, Dor Film, Construction Film, Bahr Productions Inc., Film House Germany, ARTE, ARD",Bernard Rose,"David Garrett, Joely Richardson, Jared Harris, Andrea Deck, Christian McKay"
280587,tt2794660,Neva,Neva,2013-09-13,2.1577,2.7,3,"[10749, 18]",tr,0,0,0,Arca Media,"Can Arca, Birkan Uz","Başak Parlak, Şükrü Özyıldız, Levent Özdilek, Bedia Ener, Ahmet Uz"
1685314,,Selfie,Selfie,2013-02-03,2.344,0.0,0,[35],bn,0,0,39,CD Choice,masud sezan,"Mosharraf Karim, Nipun, Tarik Shapon, Shamima Nazneen, Milon Bhatto"
228355,tt2571140,Boss,Boss,2013-10-16,2.6436,5.6,93,"[28, 35, 18]",hi,0,0,143,,Anthony D'Souza,"Akshay Kumar, Shiv Panditt, Mithun Chakraborty, Ronit Roy, Aditi Rao Hydari"
1269057,tt3005448,ReTrato,ReTrato,2013-01-23,2.6022,7.0,1,[18],pt,0,0,17,"Chá Cinematográfico, Plano 9 Produções Audiovisuais, REC Produtores Associados",Adelina Pontual,"Nilza Lisboa, Sílvio Pinto, Maria de Jesus Bacarelli, Henrique Pontual, Daniela Câmara"
655710,tt2076875,On the Line,La Llamada,2013-01-24,2.1747,6.9,9,"[35, 18]",es,0,0,76,"INCAA, Utópica Cine, Xanadu Films",David Nieto Wenzell,"Nicolás Andrade, Anahí Hoeneisen, Noelia Noto, León Felipe Troya, Regina Ricco"
699934,,Britten: Gloriana,Britten: Gloriana,2013-06-01,2.2889,0.0,0,[10402],en,0,0,163,"Royal Opera House, Opus Arte",Richard Jones,"Susan Bullock, Toby Spence, Mark Stone, Clive Bayley, Jeremy Carpenter"
296767,tt3018064,Ada 2: Zetsubô hen,讐 〜ADA〜 絶望篇,2013-07-13,2.6437,6.0,3,[27],ja,0,0,78,VAP,Koji Shiraishi,"Maki Itō, Itsuki Sagara, Saki Mori, Shigeo Ôsako, Konatsu Furukawa"
464026,tt28089272,Let's Go To Rose Motel,가자! 장미여관으로,2013-08-14,2.4494,7.0,4,"[18, 10749]",ko,0,0,87,,Jeong-gyun Shin,"Sung Eun-chae, Jang Sung-won, Woo Do-hwan, Yeo Min-jeong, Bae Seong-ho"
471989,tt3291124,Strip Mahjong: Academy Z,脱衣麻雀学園Z,2013-09-04,2.5865,8.5,2,"[53, 27]",ja,0,0,73,nexeed,Mac P. Forever,"Rika Hoshimi, Ayumi Kuroki, Mirei Yokoyama, Iona, Aiko Eguchi"
178862,tt2403815,Aroused,Aroused,2013-02-20,2.4096,5.9,40,[99],en,0,0,73,Cherry On Top,Deborah Anderson,"Lisa Ann, Kayden Kross, Belladonna, Céline Tran, Teagan Presley"
693924,tt3368880,Betrayed Cargo,Betrayed Cargo,2013-01-01,2.2024,2.75,4,[],en,0,0,90,,Daniela Kay,"Tess Lyndon, Alexandra Lee, Barra Brass, Paulina Zrnova"
209118,tt2916440,Simone,Simone,2013-12-13,2.0596,2.9,6,[18],pt,0,0,70,Zapata Filmes,Juan Zapata,"Simone Telecchi, Roberto Birindelli, Natalia Mikeliunas, Ohana Homem, Luis Fernando Verissimo"
159770,tt2334896,The Dirties,The Dirties,2013-10-04,2.5698,6.4,156,"[35, 18, 80]",en,10000,0,83,"Zapruder Films, Phase 4 Films, SModcast Pictures",Matt Johnson,"Matt Johnson, Owen Williams, Krista Madison, Shailene Garnett, Jay McCarrol"
184440,tt1894616,Awaken,Awaken,2013-04-09,2.3926,5.3,15,"[18, 10749, 878]",en,0,0,95,"Cold Arrow Productions, Petri Entertainment",Daric Loo,"Corey Sevier, Jordan Ladd, Kim Poirier, James Gleason, Ryan Alosio"
793664,,Entonces Ruth,Entonces Ruth,2013-05-12,2.373,0.0,0,[],es,0,0,0,,Fernando Montenegro,"Katherina Sanchez, Alexander Pachecho, Paul Beretta, Mayella Lloclla"
210047,tt2511428,Cold Comes the Night,Cold Comes the Night,2013-09-20,2.5714,5.435,270,"[80, 18, 53]",en,0,16971,90,"Sasquatch Films, Syncopated Films, TPC, Venture Forth, Whitewater Films",Tze Chun,"Alice Eve, Bryan Cranston, Logan Marshall-Green, Ursula Parker, Leo Fitzpatrick"
111479,tt1786751,CBGB,CBGB,2013-10-11,2.7173,6.395,210,"[18, 10402]",en,5000000,40400,101,"Rampart Films, Unclaimed Freight Productions",Randall Miller,"Alan Rickman, Rupert Grint, Malin Akerman, Johnny Galecki, Stana Katic"
190824,tt2644800,Hôtel Normandy,Hôtel Normandy,2013-05-06,2.5089,4.737,38,"[35, 10749]",fr,0,0,97,StudioCanal,Charles Nemes,"Éric Elmosnino, Héléna Noguerra, Ary Abittan, Frédérique Bel, Anne Girouard"
279440,tt9140444,Photooxidation,Fotooxidación,2013-10-04,2.5864,0.0,0,[99],es,0,0,13,,Pablo Mazzolo,
186729,tt2474438,Attila Marcel,Attila Marcel,2013-11-06,2.5022,6.859,71,"[35, 18]",fr,0,0,106,"Eurowide Film Production, Pathé",Sylvain Chomet,"Guillaume Gouix, Anne Le Ny, Bernadette Lafont, Hélène Vincent, Luis Rego"
352221,tt3285342,Frustrated,Frustré,2013-10-23,2.2777,2.667,3,"[18, 80]",fr,0,0,82,Jacques Vendôme Production,Jacques Vendôme,"Christophe Cerdan, Marianna Voronkova, Camille Bardery, Aurélie Le Dain, Céline Costa"
753223,,Sunday Sunday,Domingo Domingo,2013-11-22,2.3052,0.0,0,[],tl,0,0,85,,"Chloe Veloso, Nicolo Manreal, Grace Marie Lopez, Steven Atenta, Jvi James Luib, Aldo Nelbert Banaynal, Archie B. Manayon","Julius Ambrad, Jessa Mae Lozano, Yshie Rave Manayon, Ernie B. Manayon, Ritche Bulawan"
174733,tt2649128,Metro,Метро,2013-02-21,3.0099,6.657,381,"[28, 53]",ru,13000000,4463059,130,"Profit, CGF Films, Algous studio, Mosfilm, Cinema Foundation of Russia",Anton Megerdichev,"Sergey Puskepalis, Anatoliy Belyy, Svetlana Khodchenkova, Katerina Shpitsa, Stanislav Duzhnikov"
1242499,tt3122042,Beauty / Truth,Beauty / Truth,2013-01-01,2.3017,0.0,0,[],en,0,0,9,"IndiePix Studios, •IndiePix Studios",Dermot Daly,"Leah Francis, Kuselo Kamau"
1568643,tt3313414,Perhe,Perhe,2013-11-13,2.1943,0.0,0,[16],fi,0,0,4,,"Tatu Pohjavirta, Aki Viikilä","Iika Hartikainen, Baby Beef, Pekka Veikkolainen, Tatu Pohjavirta, Hannes Vartiainen"
1092197,tt2176810,Dixit,Dixit,2013-10-31,2.1483,0.0,0,[99],es,0,0,134,"INCAA, Agora Films","Alcides Chiesa, Carlos Eduardo Martínez",
315339,tt3345670,Femrat,Femrat,2013-11-15,2.1997,0.0,0,[35],sq,0,0,90,Rucksack Productions,Rudina Vojvoda,"Ermal Mamaqi, Enxhi Cuku, Zamira Kita, Robert Aliaj, Salsano Rrapi"
380233,tt2180497,Promise Land,Promise Land,2013-04-20,2.104,0.0,0,[18],en,0,0,0,,Kevin Dalvi,"Kamal Hans, Brenda Barrie, Rahsaan Noor, Mouzam Makkar, Joyce Porter"
300387,tt4241710,Habitat [Piavoli],Habitat [Piavoli],2013-11-07,2.0895,0.0,0,[99],it,0,0,60,,"Claudio Casazza, Luca Ferri","Franco Piavoli, Flora Piavoli, Agata Piavoli"
110381,tt2178935,Today,Aujourd'hui,2013-01-09,2.2535,7.3,8,[18],fr,0,0,86,Cinekap,Alain Gomis,"Saul Williams, Aïssa Maïga, Anisia Uzeyman, Djolof Mbengue, Thierno Ndiaye Doss"
167581,tt2617828,Free Fall,Freier Fall,2013-05-27,3.6169,7.654,853,"[18, 10749]",de,0,599721,97,"kurhaus production, ARD, SWR",Stephan Lacant,"Hanno Koffler, Max Riemelt, Katharina Schüttler, Maren Kroymann, Luis Lamprecht"
343775,tt2794596,The Jinn,El-Cin,2013-04-05,1.9738,4.8,13,[27],tr,0,0,96,,Hasan Karacadağ,"Fulya Zenginer, Serdal Genç, Oğuzhan Yıldız, Hande Kaptan, Alper Kadayıfçı"
292115,tt2871776,Jungle Master,绿林大冒险,2013-12-01,2.1325,5.0,6,"[12, 16]",zh,0,0,90,"Grindstone Entertainment Group, Gorilla Pictures",Xu Ke,"Xiao Gu, Yuling Jiang, Victoria Justice"
258546,tt3344542,El grillo,El grillo,2013-11-19,1.9697,0.0,0,[18],es,0,0,82,,Matías Herrera Córdoba,"Martín Rena, Galia Kohan, María Pessacq"
169020,tt2293138,Vive la France,Vive la France,2013-02-20,2.3377,5.176,393,[35],fr,0,0,97,"Légende Films, Gaumont, Makayel, France 2 Cinéma",Michaël Youn,"Michaël Youn, José Garcia, Isabelle Funaro, Ary Abittan, Jérôme Commandeur"
242454,tt3404158,The Suspect,용의자,2013-12-24,2.5263,6.9,215,"[28, 53]",ko,0,0,137,"Green Fish Pictures, Musa Productions, Showbox, CJ Entertainment, Union Investment Partners, OCN, Michigan Venture Capital, Woori Investment Co.",Won Shin-yun,"Gong Yoo, Park Hee-soon, Cho Seong-ha, Yoo Da-in, Kim Sung-kyun"
724956,,Am Lietzensee,Am Lietzensee,2013-07-15,2.1833,0.0,0,[99],de,0,0,13,,Renate Sami,
416742,tt2973698,Jules Verne. A Life Long Journey,Жюль Верн. Путешествие длиною в жизнь,2013-04-09,2.1849,7.2,5,"[18, 36, 12, 10770]",ru,0,0,52,Signal Red,Mikhail Kostrov,"Roman Skorbnikov, Svyatoslav Fehtel, Halyna Yanishevska, Dimitriy Maevskiy, Sergey Homenko"
1717261,tt13485886,Der Erlöser,Der Erlöser,2013-11-19,2.2395,0.0,0,[],de,0,0,7,Realillusion Kheirabadi and Sepahnia,"Atefeh Kheirabadi, Mehrad Sepahnia",Mehrad Sepahnia
440389,tt5987208,An Evening,Wieczór,2013-11-08,1.9663,4.5,2,[99],pl,0,0,19,,Sofia Bohdanowicz,
205080,tt2947456,Épicentres,Épicentres,2013-07-03,1.8775,7.5,1,"[35, 18]",en,0,0,15,,Raphaëlle Bilodeau,
228199,tt3009444,Shame,Стыд,2013-07-04,2.2365,6.8,4,[18],ru,0,0,90,Cultura Initiatives,Yusup Razykov,"Mariya Semyonova, Khelga Filippova, Larisa Marshalova, Elena Korobeynikova, Ivan Ryzhikov"
1134369,,Border Tales,Border Tales,2013-11-28,2.3722,0.0,0,[],en,0,0,0,,Luca Silvestrini,"Salah El Brogy, Jodie Honeybourne, Simi Oyewole, Stuart Waters, Eryck Brahmania"
1584072,tt33347698,Vocation,Vocation,2013-01-01,2.1924,0.0,0,[99],en,0,0,46,Media Connections Film,Rhonda Buckley,"Marie Brassard, Andy Jones, Deepa Mehta, Bif Naked, Brad Peyton"
1760513,,Impotent Rage,Impotent Rage,2013-09-13,2.1344,7.0,1,"[16, 28, 878, 35]",en,0,0,15,Rockstar Games,Dan Houser,"Frank Simms, Lloyd Floyd, Linda Larkin"
1022874,tt3296912,Luna Agonia,Luna Agonia,2013-07-18,1.8862,0.0,0,[878],de,0,0,0,,Andreas Z Simon,"Kristina Malyseva, Yûho Yamashita, Saskia Joseph, Stefan Woelk, Agnes Thi-Mai"
442151,tt4133108,Naked,Desnudos,2013-11-08,2.6377,5.0,8,[18],es,0,0,11,Producciones Gardyn,José A. Cortés Amunárriz,"Carlos Guerrero, Rocío Mostaza, Nacho Marraco, Víctor Ramos"
466154,tt3176804,Mr. Right,Mr. Right,2013-07-12,2.2242,6.0,1,"[35, 80, 18]",en,0,0,11,,Carl Weber,"George Angus, David Elliott, Karen Gilbert-Neild, Lauren Habel, Jessie Hafer"
166660,tt2303110,Jurassic Attack,Jurassic Attack,2013-02-22,2.1616,4.5,65,"[28, 878]",en,0,0,84,,Anthony Fankhauser,"Corin Nemec, Vernon Wells, Gary Stretch, Michael Worth, Natascha Berg"
1094223,,Rumku Jhumana,Rumku Jhumana,2013-04-19,2.0202,0.0,0,[],or,0,0,168,,Tapas Sargharia,"Harihara Mohapatra, Priya Choudhury, Mihir Das, Bhoomika Dash, Akash Dasnayak"
578171,tt2773822,Cipularang's Mystery,Misteri Cipularang,2013-02-28,2.441,10.0,1,[27],id,0,0,84,Studio Sembilan Production,Dede Ferdinand,"Amel Alvi, Baby Margaretha, Fajar Rezky, Jero Lakhwani, Kris Firdaus"
205048,tt3032300,Oggy and the Cockroaches: The Movie,Oggy et les Cafards,2013-08-07,2.7097,7.164,70,"[16, 35, 10751]",fr,0,0,81,"France 3 Cinéma, Studio Xilam",Olivier Jean-Marie,"Don Michael Paul, Tony Sampson"
282848,tt2986512,Doctor Who: The Time of the Doctor,Doctor Who: The Time of the Doctor,2013-12-25,2.9192,8.076,324,"[18, 878, 10770]",en,0,0,60,BBC Cymru Wales,Jamie Payne,"Matt Smith, Jenna Coleman, Peter Capaldi, Karen Gillan, Orla Brady"
151933,tt2268419,Dead in Tombstone,Dead in Tombstone,2013-10-01,2.6884,5.0,214,"[37, 28, 14, 27, 18]",en,5200000,0,100,"Rebel Entertainment, CC Capital Arts Entertainment SRL, Universal 1440 Entertainment",Roel Reiné,"Danny Trejo, Mickey Rourke, Anthony Michael Hall, Dina Meyer, Richard Dillane"
200481,tt2616880,The Blue Umbrella,The Blue Umbrella,2013-02-12,2.6369,7.5,597,"[16, 10749]",en,0,0,7,Pixar,Saschka Unseld,Sarah Jaffe
1712327,tt2837556,Guilt,Guilt,2013-04-14,2.3663,0.0,0,"[53, 27]",xx,0,0,6,Dubai Men's College,Abdulrahman Al Madani,Abdulrahman Al Emadi
348292,tt3131536,Efeito Casimiro,Efeito Casimiro,2013-08-05,2.1581,0.0,0,[99],pt,0,0,17,,Clarice Saliby,
246524,tt3347976,Wedding Association,Düğün Dernek,2013-12-04,2.2723,6.252,155,[35],tr,0,0,106,BKM,Selçuk Aydemir,"Ahmet Kural, Murat Cemcir, Rasim Öztekin, Devrim Yakut, Barış Yıldız"
252990,tt2531362,Chariot,Chariot,2013-07-15,2.3067,5.385,74,"[53, 18]",en,0,0,94,Mad Dimension,Brad Osborne,"Anthony Montgomery, Ian Sinclair, Michelle Sherrill, Frederic Doss, Brina Palencia"
222834,,Pastoral,Pastoral,2013-03-01,2.3348,0.0,0,[],en,0,0,10,,Dan Browne,
164366,tt2248805,Frits and Franky,Frits & Franky,2013-02-04,2.3378,5.5,12,[35],nl,0,0,94,Independent Productions,Mark Punt,"Georgina Verbaan, Jack Wouterse, Peter Paul Muller, Axel Daeseleire, Sven de Ridder"
975349,tt3100404,Elmers Lov,Elmers Lov,2013-05-09,2.2858,0.0,0,"[28, 12, 18]",no,0,0,54,,Thomas Gunnari Røtting,"Ola Grutle Larsen, Anders Polden, Bente Edvardsen, Raymond Grøvdal Hansen, Frank Spoon Botten"
580152,tt3003280,Wanted: Houseboy,Wanted: Houseboy,2013-06-19,2.3006,4.667,3,[18],tl,0,0,70,Digimar Films,Toni Te,"Kenzuki Laxa, Miggy Villafuerte, Allen Lopez, RJ Saycon, Francis Cariaso"
1697038,tt2622500,Sonic,Sonic,2013-01-09,2.3882,8.0,2,"[28, 12, 16, 878]",en,0,0,19,Blue Core Studios,Eddie Lebron,Jaleel White
96599,tt1734433,Eden,Eden,2013-03-20,2.83,6.5,235,"[53, 18, 80]",en,0,0,98,"Centripetal Films, EDEN Productions",Megan Griffiths,"Jamie Chung, Matt O'Leary, Beau Bridges, Jeanine Monterroza, Naama Kates"
184784,tt2535084,The Jogger,The Jogger,2013-10-05,2.157,1.5,2,[53],en,0,0,72,,"Jeff Robison, Casey Twenter","Derek Phillips, Jason Wiles, Cameron Richardson, Steven Walters, Stephanie Jackson"
335671,tt3030452,F 63.9 Love Sickness,F 63.9 Хвороба кохання,2013-07-01,2.2476,4.7,3,"[35, 18]",uk,0,0,82,Gagarin Media Film Company,"Olena Demianenko, Dmytro Tomashpolskyi","Nina Seul, Alexey Zubkov, Svetlana Kryuchkova, Natalya Shamina, Denis Yasik"
195269,tt2317524,12 Rounds 2: Reloaded,12 Rounds 2: Reloaded,2013-06-01,2.9481,5.628,308,"[28, 12, 53]",en,4000000,0,95,"WWE Studios, 20th Century Fox Home Entertainment",Roel Reiné,"Randy Orton, Brian Markinson, Cindy Busby, Sean Rogerson, Tom Stevens"
1662460,tt2401776,Hotel Pennsylvania,Hotel Pennsylvania,2013-05-28,2.236,0.0,0,"[99, 18]",fr,0,0,0,,Marc Raymond Wilkins,"Darri Ingolfsson, Tiffany Rachelle Stewart, Lorena Martinez, Ratnesh Dubey"
589146,tt3390600,Being Poirot,Being Poirot,2013-11-13,2.1485,7.818,11,[99],en,0,0,45,"Shiver, Acorn Productions",Chris Malone,David Suchet
1110686,tt4781266,Dog Days,Šuns dienos,2013-06-01,1.9928,1.0,1,[18],lt,0,0,24,,Ieva Veiverytė,"Vesta Grabštaitė, Laimutė Štrimaitytė, Gintaras Liutkevičius, Marius Draksas, Goncar Zana"
257527,tt2440362,Sadako 3D 2,貞子3D2,2013-08-30,2.62,4.758,62,[27],ja,0,8385405,96,"KADOKAWA, TFC",Tsutomu Hanabusa,"Miori Takimoto, Koji Seto, Kokoro Hirasawa, Itsumi Ohsawa, Takeshi Onishi"
214081,tt2191082,A Promise,A Promise,2013-09-04,2.8962,5.67,141,"[18, 10749]",en,0,0,94,"Wild Bunch, Fidélité Films, SCOPE Pictures, OCS, Cofinova 6",Patrice Leconte,"Rebecca Hall, Alan Rickman, Richard Madden, Toby Murray, Maggie Steed"
181009,tt2072220,Saving General Yang,忠烈楊家將,2013-04-03,2.753,6.349,109,"[28, 12, 36]",zh,20000000,0,102,Pegasus Motion Pictures,Ronny Yu,"Adam Cheng Siu-Chow, Ekin Cheng Yee-Kin, Wu Chun, Vic Chou, Xu Fan"
1080316,,Terminal,Terminal,2013-06-01,1.7462,6.0,1,"[18, 10749]",mn,0,0,32,,Battulga Ganbat,
185008,tt2178470,Yeh Jawaani Hai Deewani,ये जवानी है दीवानी,2013-05-31,2.5779,7.304,314,"[10749, 35]",hi,7700000,46000000,160,Dharma Productions,Ayan Mukerji,"Ranbir Kapoor, Deepika Padukone, Aditya Roy Kapur, Kalki Koechlin, Kunaal Roy Kapur"
216622,tt2941222,The Angel,O Anjo,2013-07-24,2.1155,0.0,0,"[18, 53]",pt,0,0,11,,André Marques,"Ruben Pereira, Ana Abreu, Rita Jardim"
1723958,tt4007374,Walking Stories,Walking Stories,2013-10-29,2.0048,0.0,0,[10749],en,0,0,21,,Luca Guadagnino,"Kaya Scodelario, Tom Ellis, Billy Magnussen, Nathalie Buscombe, Lee Roy Kunz"
1686365,tt39206726,Pantomime Crimes,Pantomime Crimes,2013-12-20,2.5089,0.0,0,[],en,0,0,0,,Ivan Daniel Luna,"Ivan Daniel Luna, Brenda Jaime"
212846,tt3091380,Mission Congo,Mission Congo,2013-09-09,2.201,7.0,3,[99],en,0,0,68,,"David Turner, Lara Zizic",
111473,tt1700845,The Invisible Woman,The Invisible Woman,2013-12-25,2.7147,5.908,218,"[18, 36, 10749]",en,12000000,3184853,111,"BBC Film, Headline Pictures, Magnolia Mae Films",Ralph Fiennes,"Ralph Fiennes, Felicity Jones, Joanna Scanlan, Kristin Scott Thomas, Tom Hollander"
209504,tt2369396,Bounty Killer,Bounty Killer,2013-09-05,2.4481,5.648,229,"[28, 878]",en,0,0,93,"Just Chorizo Productions, Kickstart Entertainment",Henry Saine,"Christian Pitre, Matthew Marsden, Kristanna Loken, Barak Hardley, Abraham Benrubi"
212721,tt1815717,Gerontophilia,Gerontophilia,2013-08-28,1.9905,6.0,90,"[10749, 35]",en,0,4793,90,"1976 Productions, New Real Films",Bruce LaBruce,"Pier-Gabriel Lajoie, Walter Borden, Katie Boland, Yardly Kavanagh, Marie-Hélène Thibault"
258512,tt1756873,Worms,Minhocas,2013-12-20,2.0734,4.8,9,"[16, 10751, 12]",pt,0,0,92,Glaz Entretenimento,"Paolo Conti, Arthur Nunes","Daniel Boaventura, Juliana Vasconcelos Póvoas, Cadu Paschoal, Yago Machado, Rita Lee"
1758057,,The Wall,The Wall,2013-10-07,2.3593,0.0,0,[],en,0,0,59,"Triplevision Productions Ltd, BBC Northern Ireland","Eamonn Devlin, Gerard Stratton",
244867,tt3296742,Illusion,Illusion,2013-10-24,2.1633,5.958,12,[18],de,0,0,93,WTP International,Roland Reber,"Antje Mönning, Marina Anna Eich, Carolina Hoffmann, Andreas Pegler, Mira Gittner"
421274,tt7327350,Luka,Излечить страх,2013-10-11,2.3429,5.7,3,"[18, 36]",ru,96000,0,0,"PATRIOT-FILM, The Ministry of Culture of the Republic of Belarus, Ukrainian State Film Agency",Aleksandr Parkhomenko,"Vitaliy Bezrukov, Andrii Saminin, Ekaterina Guseva, Victoria Malektorovych, Aleksei Shevchenkov"
1395235,,Cine Éden,Cine Éden,2013-01-01,2.31,0.0,0,[99],pt,0,0,0,,"Edson Bastos, Henrique Filho",
259300,tt3008816,009-1: The End of the Beginning,009ノ1（ゼロゼロクノイチ） THE END OF THE BEGINNING,2013-09-07,2.8874,5.9,53,"[28, 878, 80, 18]",ja,0,0,85,"Ishimori Production, Toei Company",Koichi Sakamoto,"Mayuko Iwasa, Minehiro Kinomoto, Nao Nagasawa, Mao Ichimichi, Aya Sugimoto"
296828,tt3106806,Hello World :),Hello World :),2013-10-10,1.9503,6.3,10,"[53, 878]",en,0,0,22,La Fémis,"Rafaël Mathé, Etienne Larragueta","Maya Peillon, Jean-Paul Bezzina, Philippe Polet, Mickaël Chirinian, Chloé Simoneau"
617735,tt3213370,Camille,Camille,2013-10-01,2.1015,1.0,2,[18],de,0,0,72,"Hunde in der Sonne Films, Kunsthochschule für Medien Köln",Martin Hawie,"Fritzi Malve Voss, Miguel Dagger, Florian Anderer, Gisela Berk, Isabella Archan"
1242267,tt3748090,China Reverse,China Reverse,2013-01-01,2.0997,0.0,0,[99],de,0,0,0,,Judith Benedikt,
159151,tt2492916,Muscle Shoals,Muscle Shoals,2013-08-16,2.366,7.183,71,"[99, 36, 10402]",en,0,0,111,,Greg 'Freddy' Camalier,"Gregg Allman, Bono, Clarence Carter, Jimmy Cliff, Aretha Franklin"
935214,tt2986682,Dark Romance,Dark Romance,2013-06-03,2.015,0.0,0,[],en,500,0,8,,Matthew Mahler,"Timothy J. Cox, Tiffany Browne-Tavarez, Cameron Rankin"
227267,tt2547290,Dry Bones,Dry Bones,2013-10-18,2.2348,7.0,1,[27],en,0,0,90,,Gregory Lamberson,"Debbie Rochon, Michael O'Hear, John Renna, Paul McGinnis, Kathy Murphy"
246790,tt2826774,Pinocchio,Pinocchio,2013-12-24,2.3974,4.8,18,"[18, 14]",de,0,0,79,FFP New Media,Anna Justice,"Mario Adorf, Ulrich Tukur, Inka Friedrich, Benjamin Sadler, Sandra Hüller"
212762,tt2235348,Second Chances,Second Chances,2013-05-20,2.1888,6.2,46,"[18, 10770, 10749]",en,0,0,90,Larry Levinson Productions,Ernie Barbarash,"Alison Sweeney, Greg Vaughan, Ed Asner, Benjamin Stockham, Dawnn Lewis"
245950,tt2182163,Indomitable: The Dragonphoenix Chronicles,Τα Χρονικά Του Δρακοφοίνικα: Αδάμαστος,2013-11-14,2.2374,5.25,10,"[12, 28, 14]",el,14000,0,120,Avalon Productions,Thanos Kermitsis,"Thanos Kermitsis, Yannis Rubus Rubulias, Constantina Georganta, Georgia Giannakoudi, Meletis Georgiadis"
172767,tt2518848,500 MPH Storm,500 MPH Storm,2013-02-28,2.9736,5.234,107,"[28, 878, 10770, 12, 18, 53]",en,300000,0,90,"Indy Entertainment, The Asylum",Daniel Lusko,"Casper Van Dien, Sarah Lieving, Michael Beach, Keith Meriweather, Alex Knight"
238921,tt3613176,Partly Cloudy,Partly Cloudy,2013-10-31,2.3065,9.0,1,"[28, 99]",en,0,0,76,Level 1 Productions,"Josh Berman, Freedle Coty","Chris Logan, Will Wesson, Ahmet Dadali, Parker White, Adam Delorme"
200713,tt2853614,9 Month Stretch,9 Mois ferme,2013-09-07,2.1818,6.4,600,[35],fr,0,0,82,"Stadenn Prod, ADCB Films, Wild Bunch, Manchester Films, France 2 Cinéma, Cinéfrance 1888",Albert Dupontel,"Sandrine Kiberlain, Albert Dupontel, Nicolas Marié, Philippe Uchan, Philippe Duquesne"
653357,tt29872739,Friendly People,Vennlige mennesker,2013-05-14,2.0631,0.0,0,[53],no,0,0,95,Showbizz,Marius Sørvik,"Thomas Stene-Johansen, Per Vidar Anfinnsen, Linda Margrethe Hverven, Kim Jøran Olsen, Jakob Ramberg"
124461,tt2044729,A Glimpse Inside the Mind of Charles Swan III,A Glimpse Inside the Mind of Charles Swan III,2013-02-08,2.2526,4.146,106,"[35, 18]",en,12000000,210565,86,"American Zoetrope, The Directors Bureau",Roman Coppola,"Charlie Sheen, Jason Schwartzman, Bill Murray, Katheryn Winnick, Patricia Arquette"
285097,tt3249040,Extra Bloody,Mal Passado,2013-10-25,2.2525,10.0,2,[],en,0,0,20,,Júlio Wong,"José Mojica Marins, Marcelo Marrom, Liz Vamp, Rubens Mello, Marieli Sbardelotto"
163814,tt2193456,Nearlyweds,Nearlyweds,2013-01-12,2.2523,6.29,69,"[10749, 10770, 35]",en,0,0,90,"Pitchblack Pictures, Wonderfly Films, Lighthouse Pictures",Mark Griffiths,"Danielle Panabaker, Jessica Parker Kennedy, Britt Irvin, Ryan Kennedy, Travis Milne"
238928,tt3897880,Tracing Skylines,Tracing Skylines,2013-10-31,2.2514,5.0,1,[99],en,0,0,56,"Poor Boyz Productions, Red Bull Media House",,"Bobby Brown, Sean Pettit, Pep Fujas"
207782,tt2362036,Daylight,Daylight,2013-08-24,2.2514,3.607,14,"[53, 27, 9648]",en,0,0,97,,"David McCracken, Joel Townsend, Kaidan Tremain","Jennifer Bacon, David McCracken, Josh Riedford, Sydney Morris, Jeanine Cameron"
171796,tt2047789,My Universe in Lowercase,Mi universo en minúsculas,2013-11-08,2.2514,6.6,5,[],es,0,0,90,"Fondo para la Producción Cinematográfica de Calidad, Centro de Capacitación Cinematográfica (CCC)",Hatuey Viveros Lavielle,"Aida Folch, Harold Torres, Diana Bracho, Tara Parra, Sonia Couoh"
178172,tt2606110,"Hello, My Dolly Girlfriend",フィギュアなあなた,2013-06-15,2.2507,5.5,49,"[18, 10749]",ja,0,0,112,"KADOKAWA Shoten, Femme Fatale Pictures, KADOKAWA, Hello MyDolly Girlfriend Production Committee",Takashi Ishii,"Tasuku Emoto, Kokone Sasaki, Naoto Takenaka, Yozaburo Ito, Yuki Mamiya"
177699,tt0469021,Alan Partridge: Alpha Papa,Alan Partridge: Alpha Papa,2013-07-24,2.2507,6.616,514,[35],en,4000000,9800000,90,"BFI, BBC Film, StudioCanal, Baby Cow Productions",Declan Lowney,"Steve Coogan, Colm Meaney, Felicity Montagu, Simon Greenall, Anna Maxwell Martin"
235316,tt2896066,Dead End,Dead End,2013-09-18,2.2506,7.0,1,[18],el,0,0,15,Cyprus Film Advisory Board,Tonia Mishiali,"Foivos Georgiades, Elli Kiriakidou, Alexia Charalambidou, Nikandros Savvides"
614143,tt3332166,Braconnière,Braconnière,2013-11-09,2.2502,0.0,0,[],fr,0,0,40,,Martin Tronquart,
420420,tt3497534,Riding Shotgun,Riding Shotgun,2013-08-02,2.2502,7.429,14,"[16, 28, 35]",en,0,0,6,"TOKYOPOP, Copernicus Studios",Michael Davis,"Yuri Lowenthal, Jessy Schram"
211052,tt3078242,Miss Violence,Miss Violence,2013-09-09,2.2501,6.921,624,[18],el,0,0,99,"Greek Film Centre, Faliro House Productions, Plays2place Productions",Alexandros Avranas,"Themis Panou, Reni Pittaki, Eleni Roussinou, Sissy Toumasi, Kostas Antalopoulos"
244610,tt2503154,The Den,The Den,2013-12-12,2.25,6.073,395,"[27, 53, 9648]",en,500000,410129,77,"Onset Films, Cliffbrook Films",Zachary Donohue,"Melanie Papalia, Matt Riedy, David Schlachtenhaufen, Adam Shapiro, Matt Lasky"
333614,tt3326068,Padre,Padre,2013-10-31,2.2498,5.833,6,"[18, 16]",es,0,0,12,"Les Films de l'Arlequin, ARTE, opusBou, Ojo Raro",Santiago Bou Grasso,
218993,tt2231630,Before the Winter Chill,Avant l'hiver,2013-11-26,2.2497,5.934,83,[18],fr,0,0,103,"Les Films du 24, Samsa Film, TF1 Droits Audiovisuels, Canal+, France 3 Cinéma",Philippe Claudel,"Daniel Auteuil, Kristin Scott Thomas, Leïla Bekhti, Richard Berry, Vicky Krieps"
1164910,tt2693516,Les profondeurs,Les profondeurs,2013-02-02,2.2495,0.0,0,[],fr,0,0,0,"Elefanto Films, Paprika Films",Youssef Chebbi,"Kamel Laaridhi, Nidhal Chemingui, Ghalya-Meriem Karrou, Zakaria Troudi"
153795,tt2024506,Straight A's,Straight A's,2013-01-16,2.8381,5.182,143,"[35, 18]",en,2000000,61669,89,"Nu Image, The Group Films, Millennium Media",James Cox,"Ryan Phillippe, Anna Paquin, Luke Wilson, Riley Thomas Stewart, Ursula Parker"
259506,tt3741450,The Watchmaker,El relojero,2013-01-01,2.2481,0.0,0,[],es,0,0,2,,Alfonso Coronel,"José Rovirosa, Roger Oropeza"
93394,tt1728975,Elevator,Elevator,2013-02-18,2.2461,4.927,130,"[53, 27]",en,500000,0,84,Quite Nice Pictures,Stig Svendsen,"Christopher Backus, Anita Briem, John Getz, Shirley Knight, Michael Mercurio"
254672,tt3259968,The Wrath of Vajra,金刚王,2013-09-24,2.2456,5.467,60,"[14, 28, 27]",cn,13898500,1872903,115,"宁夏电影制片厂, China Movie Channel, Kylin Pictures, Media Asia Films, China Film Co-Production, China Film Group Corporation",Law Wing-Cheong,"Xing Yu, Steve Yoo, Poppin Hyun-Joon, Jiang Baocheng, Zhang Yamei"
